warning: unused import: `CudaSlice`
  --> crates/backend-cuda/src/gemm_mma.rs:17:19
   |
17 |     CudaFunction, CudaSlice, CudaStream, CudaView, CudaViewMut, LaunchConfig, PushKernelArg,
   |                   ^^^^^^^^^
   |
   = note: `#[warn(unused_imports)]` (part of `#[warn(unused)]`) on by default

warning: unused import: `CudaSlice`
  --> crates/backend-cuda/src/gemm_mma_tf32x3.rs:30:36
   |
30 | use cudarc::driver::{CudaFunction, CudaSlice, CudaStream};
   |                                    ^^^^^^^^^

warning: field `tiled_pipeline_128x64_error` is never read
   --> crates/backend-cuda/src/gemm.rs:390:5
    |
237 | pub struct CudaGemm {
    |            -------- field in this struct
...
390 |     tiled_pipeline_128x64_error: Option<String>,
    |     ^^^^^^^^^^^^^^^^^^^^^^^^^^^
    |
    = note: `#[warn(dead_code)]` (part of `#[warn(unused)]`) on by default

warning: field `1` is never read
   --> crates/backend-cuda/src/gemm.rs:879:48
    |
879 | pub struct TiledPipelineFunction(CudaFunction, usize, TiledPipelineTile);
    |            ---------------------               ^^^^^
    |            |
    |            field in this struct
    |
help: consider changing the field to be of unit type to suppress this warning while preserving the field numbering, or remove the field
    |
879 - pub struct TiledPipelineFunction(CudaFunction, usize, TiledPipelineTile);
879 + pub struct TiledPipelineFunction(CudaFunction, (), TiledPipelineTile);
    |

warning: method `context_ptr` is never used
   --> crates/backend-cuda/src/gemm.rs:892:8
    |
881 | impl TiledPipelineFunction {
    | -------------------------- method in this implementation
...
892 |     fn context_ptr(&self) -> usize {
    |        ^^^^^^^^^^^

warning: function `persistent_grid_blocks` is never used
    --> crates/backend-cuda/src/gemm.rs:1055:15
     |
1055 | pub(crate) fn persistent_grid_blocks(num_tiles: u32, num_sms: u32, blocks_per_sm: u32) -> u32 {
     |               ^^^^^^^^^^^^^^^^^^^^^^

warning: function `persistent_tile_count` is never used
    --> crates/backend-cuda/src/gemm.rs:1075:15
     |
1075 | pub(crate) fn persistent_tile_count(
     |               ^^^^^^^^^^^^^^^^^^^^^

warning: struct `PersistentTiledPipelineFunction` is never constructed
    --> crates/backend-cuda/src/gemm.rs:1142:12
     |
1142 | pub struct PersistentTiledPipelineFunction {
     |            ^^^^^^^^^^^^^^^^^^^^^^^^^^^^^^^

warning: function `persistent_block_threads` is never used
    --> crates/backend-cuda/src/gemm.rs:1385:4
     |
1385 | fn persistent_block_threads(tile: TiledPipelineTile) -> u32 {
     |    ^^^^^^^^^^^^^^^^^^^^^^^^

warning: struct `StreamKPlan` is never constructed
    --> crates/backend-cuda/src/gemm.rs:1418:12
     |
1418 | pub struct StreamKPlan {
     |            ^^^^^^^^^^^

warning: method `is_active` is never used
    --> crates/backend-cuda/src/gemm.rs:1449:12
     |
1444 | impl StreamKPlan {
     | ---------------- method in this implementation
...
1449 |     pub fn is_active(&self) -> bool {
     |            ^^^^^^^^^

warning: function `streamk_plan` is never used
    --> crates/backend-cuda/src/gemm.rs:1479:15
     |
1479 | pub(crate) fn streamk_plan(
     |               ^^^^^^^^^^^^

warning: function `u32_from_u64_bounded` is never used
    --> crates/backend-cuda/src/gemm.rs:1582:4
     |
1582 | fn u32_from_u64_bounded(value: u64, context: &str) -> Result<u32, CudaError> {
     |    ^^^^^^^^^^^^^^^^^^^^

warning: struct `StreamKTiledPipelineFunction` is never constructed
    --> crates/backend-cuda/src/gemm.rs:1617:12
     |
1617 | pub struct StreamKTiledPipelineFunction {
     |            ^^^^^^^^^^^^^^^^^^^^^^^^^^^^

warning: enum `GemmVariantKind` is never used
  --> crates/backend-cuda/src/gemm_variant.rs:89:10
   |
89 | pub enum GemmVariantKind {
   |          ^^^^^^^^^^^^^^^

warning: constant `SPLITK_MIN_K` is never used
   --> crates/backend-cuda/src/gemm_variant.rs:113:11
    |
113 | pub const SPLITK_MIN_K: u32 = 1024;
    |           ^^^^^^^^^^^^

warning: constant `SPLITK_MIN_K_PER_SPLIT` is never used
   --> crates/backend-cuda/src/gemm_variant.rs:118:11
    |
118 | pub const SPLITK_MIN_K_PER_SPLIT: u32 = 32;
    |           ^^^^^^^^^^^^^^^^^^^^^^

warning: constant `SPLITK_MAX_SPLITS` is never used
   --> crates/backend-cuda/src/gemm_variant.rs:124:11
    |
124 | pub const SPLITK_MAX_SPLITS: u32 = 32;
    |           ^^^^^^^^^^^^^^^^^

warning: constant `SPLITK_PARTIAL_MAX_BYTES` is never used
   --> crates/backend-cuda/src/gemm_variant.rs:130:11
    |
130 | pub const SPLITK_PARTIAL_MAX_BYTES: u64 = 256 * 1024 * 1024;
    |           ^^^^^^^^^^^^^^^^^^^^^^^^

warning: constant `DOUBLE_BUFFER_MIN_K` is never used
   --> crates/backend-cuda/src/gemm_variant.rs:134:11
    |
134 | pub const DOUBLE_BUFFER_MIN_K: u32 = 2 * 32;
    |           ^^^^^^^^^^^^^^^^^^^

warning: constant `VARIANT_TILE` is never used
   --> crates/backend-cuda/src/gemm_variant.rs:141:7
    |
141 | const VARIANT_TILE: u32 = 32;
    |       ^^^^^^^^^^^^

warning: function `num_blocks` is never used
   --> crates/backend-cuda/src/gemm_variant.rs:147:4
    |
147 | fn num_blocks(m: u32, n: u32) -> u64 {
    |    ^^^^^^^^^^

warning: function `derive_split_count` is never used
   --> crates/backend-cuda/src/gemm_variant.rs:159:4
    |
159 | fn derive_split_count(num_blocks: u64, num_sms: u32, k: u32) -> u32 {
    |    ^^^^^^^^^^^^^^^^^^

warning: function `recommend_split_count` is never used
   --> crates/backend-cuda/src/gemm_variant.rs:206:15
    |
206 | pub(crate) fn recommend_split_count(m: u32, n: u32, k: u32, num_sms: u32) -> Option<u32> {
    |               ^^^^^^^^^^^^^^^^^^^^^

warning: function `split_k_partial_bytes` is never used
   --> crates/backend-cuda/src/gemm_variant.rs:221:4
    |
221 | fn split_k_partial_bytes(num_splits: u32, m: u32, n: u32) -> Option<u64> {
    |    ^^^^^^^^^^^^^^^^^^^^^

warning: function `select_f32_gemm_variant` is never used
   --> crates/backend-cuda/src/gemm_variant.rs:264:8
    |
264 | pub fn select_f32_gemm_variant(
    |        ^^^^^^^^^^^^^^^^^^^^^^^

warning: function `validate_split_k_launch` is never used
   --> crates/backend-cuda/src/gemm_variant.rs:301:8
    |
301 | pub fn validate_split_k_launch(m: u32, n: u32, num_splits: u32) -> Result<(), CudaError> {
    |        ^^^^^^^^^^^^^^^^^^^^^^^

warning: constant `TILED_DB_TILE` is never used
  --> crates/backend-cuda/src/kernels_gemm_variants.rs:26:11
   |
26 | pub const TILED_DB_TILE: u32 = 32;
   |           ^^^^^^^^^^^^^

warning: constant `TILED_DB_F32` is never used
  --> crates/backend-cuda/src/kernels_gemm_variants.rs:55:11
   |
55 | pub const TILED_DB_F32: &str = r#"
   |           ^^^^^^^^^^^^

warning: constant `SPLITK_PARTIAL_F32` is never used
   --> crates/backend-cuda/src/kernels_gemm_variants.rs:144:11
    |
144 | pub const SPLITK_PARTIAL_F32: &str = r#"
    |           ^^^^^^^^^^^^^^^^^^

warning: constant `SPLITK_REDUCE_BLOCK_DIM` is never used
   --> crates/backend-cuda/src/kernels_gemm_variants.rs:212:11
    |
212 | pub const SPLITK_REDUCE_BLOCK_DIM: u32 = 256;
    |           ^^^^^^^^^^^^^^^^^^^^^^^

warning: constant `SPLITK_REDUCE_F32` is never used
   --> crates/backend-cuda/src/kernels_gemm_variants.rs:228:11
    |
228 | pub const SPLITK_REDUCE_F32: &str = r#"
    |           ^^^^^^^^^^^^^^^^^

warning: function `tiled_f32_source_with_swizzle` is never used
   --> crates/backend-cuda/src/kernels.rs:731:8
    |
731 | pub fn tiled_f32_source_with_swizzle(group_width: u32) -> Result<String, crate::error::CudaError> {
    |        ^^^^^^^^^^^^^^^^^^^^^^^^^^^^^

warning: function `tiled_pipeline_f32_source_with_stages` is never used
   --> crates/backend-cuda/src/kernels_tiled_pipeline.rs:240:8
    |
240 | pub fn tiled_pipeline_f32_source_with_stages(stages: u32) -> Result<String, CudaError> {
    |        ^^^^^^^^^^^^^^^^^^^^^^^^^^^^^^^^^^^^^

warning: function `render_persistent_source` is never used
   --> crates/backend-cuda/src/kernels_tiled_pipeline.rs:302:4
    |
302 | fn render_persistent_source(stages: u32) -> String {
    |    ^^^^^^^^^^^^^^^^^^^^^^^^

warning: function `tiled_pipeline_persistent_f32_source` is never used
   --> crates/backend-cuda/src/kernels_tiled_pipeline.rs:320:8
    |
320 | pub fn tiled_pipeline_persistent_f32_source() -> &'static str {
    |        ^^^^^^^^^^^^^^^^^^^^^^^^^^^^^^^^^^^^

warning: static `TILED_PIPELINE_PERSISTENT_F32_SOURCE` is never used
   --> crates/backend-cuda/src/kernels_tiled_pipeline.rs:324:8
    |
324 | static TILED_PIPELINE_PERSISTENT_F32_SOURCE: LazyLock<String> =
    |        ^^^^^^^^^^^^^^^^^^^^^^^^^^^^^^^^^^^^

warning: function `tiled_pipeline_persistent_f32_source_with_stages` is never used
   --> crates/backend-cuda/src/kernels_tiled_pipeline.rs:331:8
    |
331 | pub fn tiled_pipeline_persistent_f32_source_with_stages(stages: u32) -> Result<String, CudaError> {
    |        ^^^^^^^^^^^^^^^^^^^^^^^^^^^^^^^^^^^^^^^^^^^^^^^^

warning: constant `TP_KERNEL_PERSISTENT_PREFIX` is never used
   --> crates/backend-cuda/src/kernels_tiled_pipeline.rs:596:7
    |
596 | const TP_KERNEL_PERSISTENT_PREFIX: &str = r#"extern "C" __global__ void gemm_tiled_pipeline_persistent_f32(
    |       ^^^^^^^^^^^^^^^^^^^^^^^^^^^

warning: constant `TP_KERNEL_PERSISTENT_SUFFIX` is never used
   --> crates/backend-cuda/src/kernels_tiled_pipeline.rs:661:7
    |
661 | const TP_KERNEL_PERSISTENT_SUFFIX: &str = "    }\n}\n";
    |       ^^^^^^^^^^^^^^^^^^^^^^^^^^^

warning: constant `TP_SK_KERNEL_PREFIX` is never used
   --> crates/backend-cuda/src/kernels_tiled_pipeline.rs:711:7
    |
711 | const TP_SK_KERNEL_PREFIX: &str = r#"extern "C" __global__ void gemm_tiled_pipeline_streamk_f32(
    |       ^^^^^^^^^^^^^^^^^^^

warning: constant `TP_SK_TILE_CORE` is never used
   --> crates/backend-cuda/src/kernels_tiled_pipeline.rs:827:7
    |
827 | const TP_SK_TILE_CORE: &str = r#"            int tid = threadIdx.x;
    |       ^^^^^^^^^^^^^^^

warning: constant `TP_SK_KERNEL_SUFFIX` is never used
   --> crates/backend-cuda/src/kernels_tiled_pipeline.rs:965:7
    |
965 | const TP_SK_KERNEL_SUFFIX: &str = "        }\n    }\n}\n";
    |       ^^^^^^^^^^^^^^^^^^^

warning: constant `TP_SK_FIXUP_BLOCK_THREADS` is never used
   --> crates/backend-cuda/src/kernels_tiled_pipeline.rs:979:11
    |
979 | pub const TP_SK_FIXUP_BLOCK_THREADS: u32 = 256;
    |           ^^^^^^^^^^^^^^^^^^^^^^^^^

warning: constant `TP_SK_FIXUP_KERNEL` is never used
    --> crates/backend-cuda/src/kernels_tiled_pipeline.rs:1036:7
     |
1036 | const TP_SK_FIXUP_KERNEL: &str = r#"
     |       ^^^^^^^^^^^^^^^^^^

warning: function `render_streamk_source` is never used
    --> crates/backend-cuda/src/kernels_tiled_pipeline.rs:1105:4
     |
1105 | fn render_streamk_source(stages: u32) -> String {
     |    ^^^^^^^^^^^^^^^^^^^^^

warning: function `tiled_pipeline_streamk_f32_source` is never used
    --> crates/backend-cuda/src/kernels_tiled_pipeline.rs:1120:8
     |
1120 | pub fn tiled_pipeline_streamk_f32_source() -> &'static str {
     |        ^^^^^^^^^^^^^^^^^^^^^^^^^^^^^^^^^

warning: static `TILED_PIPELINE_STREAMK_F32_SOURCE` is never used
    --> crates/backend-cuda/src/kernels_tiled_pipeline.rs:1124:8
     |
1124 | static TILED_PIPELINE_STREAMK_F32_SOURCE: LazyLock<String> =
     |        ^^^^^^^^^^^^^^^^^^^^^^^^^^^^^^^^^

warning: function `tiled_pipeline_streamk_f32_source_with_stages` is never used
    --> crates/backend-cuda/src/kernels_tiled_pipeline.rs:1130:8
     |
1130 | pub fn tiled_pipeline_streamk_f32_source_with_stages(stages: u32) -> Result<String, CudaError> {
     |        ^^^^^^^^^^^^^^^^^^^^^^^^^^^^^^^^^^^^^^^^^^^^^

warning: function `tiled_pipeline_128x64_f32_source_with_stages` is never used
   --> crates/backend-cuda/src/kernels_tiled_pipeline_128x64.rs:320:8
    |
320 | pub fn tiled_pipeline_128x64_f32_source_with_stages(stages: u32) -> Result<String, CudaError> {
    |        ^^^^^^^^^^^^^^^^^^^^^^^^^^^^^^^^^^^^^^^^^^^^

warning: function `render_persistent_source` is never used
   --> crates/backend-cuda/src/kernels_tiled_pipeline_128x64.rs:380:4
    |
380 | fn render_persistent_source(stages: u32) -> String {
    |    ^^^^^^^^^^^^^^^^^^^^^^^^

warning: function `tiled_pipeline_128x64_persistent_f32_source` is never used
   --> crates/backend-cuda/src/kernels_tiled_pipeline_128x64.rs:399:8
    |
399 | pub fn tiled_pipeline_128x64_persistent_f32_source() -> &'static str {
    |        ^^^^^^^^^^^^^^^^^^^^^^^^^^^^^^^^^^^^^^^^^^^

warning: static `TILED_PIPELINE_128X64_PERSISTENT_F32_SOURCE` is never used
   --> crates/backend-cuda/src/kernels_tiled_pipeline_128x64.rs:403:8
    |
403 | static TILED_PIPELINE_128X64_PERSISTENT_F32_SOURCE: LazyLock<String> =
    |        ^^^^^^^^^^^^^^^^^^^^^^^^^^^^^^^^^^^^^^^^^^^

warning: function `tiled_pipeline_128x64_persistent_f32_source_with_stages` is never used
   --> crates/backend-cuda/src/kernels_tiled_pipeline_128x64.rs:411:8
    |
411 | pub fn tiled_pipeline_128x64_persistent_f32_source_with_stages(
    |        ^^^^^^^^^^^^^^^^^^^^^^^^^^^^^^^^^^^^^^^^^^^^^^^^^^^^^^^

warning: constant `TP128_KERNEL_PERSISTENT_PREFIX` is never used
   --> crates/backend-cuda/src/kernels_tiled_pipeline_128x64.rs:695:7
    |
695 | const TP128_KERNEL_PERSISTENT_PREFIX: &str = r#"extern "C" __global__ void gemm_tiled_pipeline_128x64_persistent_f32(
    |       ^^^^^^^^^^^^^^^^^^^^^^^^^^^^^^

warning: constant `TP128_KERNEL_PERSISTENT_SUFFIX` is never used
   --> crates/backend-cuda/src/kernels_tiled_pipeline_128x64.rs:763:7
    |
763 | const TP128_KERNEL_PERSISTENT_SUFFIX: &str = "    }\n}\n";
    |       ^^^^^^^^^^^^^^^^^^^^^^^^^^^^^^

warning: variant `Pinned` is never constructed
   --> crates/backend-cuda/src/host_staging.rs:104:5
    |
 88 | pub enum HostStagingKind {
    |          --------------- variant in this enum
...
104 |     Pinned,
    |     ^^^^^^
    |
    = note: `HostStagingKind` has derived impls for the traits `Clone` and `Debug`, but these are intentionally ignored during dead code analysis

warning: method `stats` is never used
   --> crates/backend-cuda/src/host_staging.rs:250:19
    |
223 | impl HostStagingCache {
    | --------------------- method in this implementation
...
250 |     pub(crate) fn stats(&self) -> HostStagingStats {
    |                   ^^^^^

warning: variant `Fresh` is never constructed
   --> crates/backend-cuda/src/memory.rs:554:5
    |
550 | pub(crate) enum ReadbackDest {
    |                 ------------ variant in this enum
...
554 |     Fresh,
    |     ^^^^^
    |
    = note: `ReadbackDest` has derived impls for the traits `Clone` and `Debug`, but these are intentionally ignored during dead code analysis

warning: method `context` is never used
   --> crates/backend-cuda/src/pool.rs:319:19
    |
299 | impl<T: PoolDtype> PooledCudaHandle<T> {
    | -------------------------------------- method in this implementation
...
319 |     pub(crate) fn context(&self) -> &Arc<CudaContext> {
    |                   ^^^^^^^

warning: methods `alloc_uninit_f16` and `upload_f16` are never used
   --> crates/backend-cuda/src/pool.rs:715:19
    |
517 | impl CudaAllocator {
    | ------------------ methods in this implementation
...
715 |     pub(crate) fn alloc_uninit_f16(
    |                   ^^^^^^^^^^^^^^^^
...
730 |     pub(crate) fn upload_f16(&self, src: &[f16]) -> Result<PooledCudaHandle<f16>, CudaError> {
    |                   ^^^^^^^^^^

warning: `fandhe-ai-backend-cuda` (lib) generated 61 warnings (run `cargo fix --lib -p fandhe-ai-backend-cuda` to apply 2 suggestions)
    Finished `release` profile [optimized] target(s) in 0.02s
     Running tests/cuda_graph_step_bit_identity.rs (/home/fandhe/work/target-fandhe-ai-1480/release/deps/cuda_graph_step_bit_identity-f547974828cd9b3a)

running 1 test
=== cuda_graph_step_bit_identity: graph capture (opt-in ON) ===
step[0].loss.bits = 0x3f0613ca
step[1].loss.bits = 0x3f010487
step[2].loss.bits = 0x3ef8c1b2
step[3].loss.bits = 0x3ef037dc
step[4].loss.bits = 0x3ee855a2
step[5].loss.bits = 0x3ee10829
step[6].loss.bits = 0x3eda3f21
step[7].loss.bits = 0x3ed3ec5b
step[8].loss.bits = 0x3ece0374
step[9].loss.bits = 0x3ec87990
step[0].dinput[0].bits = 0xbb67bc69
step[0].dinput[1].bits = 0xbbf01bac
step[0].dinput[2].bits = 0xbc4b102e
step[0].dinput[3].bits = 0xbc2ecbe9
step[0].dinput[4].bits = 0x3cd38a18
step[0].dinput[5].bits = 0xbba588d9
step[0].dinput[6].bits = 0x3b5e0d2a
step[0].dinput[7].bits = 0xbc974005
step[0].dinput[8].bits = 0xbc0682bd
step[0].dinput[9].bits = 0x3c3e7701
step[0].dinput[10].bits = 0xbbe3dbfa
step[0].dinput[11].bits = 0x3bf227ed
step[0].dinput[12].bits = 0xbc33263c
step[0].dinput[13].bits = 0x3caefeab
step[0].dinput[14].bits = 0xbbb6b177
step[0].dinput[15].bits = 0x3b985786
step[0].dinput[16].bits = 0x3c3af5fa
step[0].dinput[17].bits = 0x3b23a9f1
step[0].dinput[18].bits = 0xbc56874c
step[0].dinput[19].bits = 0x3cd7fe5b
step[0].dinput[20].bits = 0x3b6084d7
step[0].dinput[21].bits = 0x3ca5273c
step[0].dinput[22].bits = 0xbae6c85d
step[0].dinput[23].bits = 0xbd394460
step[0].dinput[24].bits = 0x3bac6481
step[0].dinput[25].bits = 0xba7bb180
step[0].dinput[26].bits = 0x3a175399
step[0].dinput[27].bits = 0xbae8ac69
step[0].dinput[28].bits = 0xbbbdaa76
step[0].dinput[29].bits = 0x3bd679d0
step[0].dinput[30].bits = 0xbbb54007
step[0].dinput[31].bits = 0x3c293464
step[1].dinput[0].bits = 0xbb2ed80a
step[1].dinput[1].bits = 0xbbf682ea
step[1].dinput[2].bits = 0xbc40ecc4
step[1].dinput[3].bits = 0xbc2ea0aa
step[1].dinput[4].bits = 0x3cc73943
step[1].dinput[5].bits = 0xbba59893
step[1].dinput[6].bits = 0x3b5628b7
step[1].dinput[7].bits = 0xbc894254
step[1].dinput[8].bits = 0xbc15d286
step[1].dinput[9].bits = 0x3c403444
step[1].dinput[10].bits = 0xbbfac14b
step[1].dinput[11].bits = 0x3bfe91eb
step[1].dinput[12].bits = 0xbc26a421
step[1].dinput[13].bits = 0x3caae447
step[1].dinput[14].bits = 0xbbbb3c4b
step[1].dinput[15].bits = 0x3b835b18
step[1].dinput[16].bits = 0x3c4ba64b
step[1].dinput[17].bits = 0x3ad30d48
step[1].dinput[18].bits = 0xbc418b36
step[1].dinput[19].bits = 0x3cd73c41
step[1].dinput[20].bits = 0x3b56d0fd
step[1].dinput[21].bits = 0x3c9b3497
step[1].dinput[22].bits = 0xbb18f410
step[1].dinput[23].bits = 0xbd325e6a
step[1].dinput[24].bits = 0x3b9ea988
step[1].dinput[25].bits = 0xbab1d4ce
step[1].dinput[26].bits = 0xb8b378f1
step[1].dinput[27].bits = 0xbaed15e6
step[1].dinput[28].bits = 0xbbae6111
step[1].dinput[29].bits = 0x3bac1eec
step[1].dinput[30].bits = 0xbbac4e50
step[1].dinput[31].bits = 0x3c2004f1
step[2].dinput[0].bits = 0xbaf77a29
step[2].dinput[1].bits = 0xbbfb54b8
step[2].dinput[2].bits = 0xbc379c23
step[2].dinput[3].bits = 0xbc2ea2be
step[2].dinput[4].bits = 0x3cbbabda
step[2].dinput[5].bits = 0xbba46655
step[2].dinput[6].bits = 0x3b50d16e
step[2].dinput[7].bits = 0xbc78c286
step[2].dinput[8].bits = 0xbc24684f
step[2].dinput[9].bits = 0x3c425bbd
step[2].dinput[10].bits = 0xbc081dc9
step[2].dinput[11].bits = 0x3c052820
step[2].dinput[12].bits = 0xbc1afdf0
step[2].dinput[13].bits = 0x3ca77d8b
step[2].dinput[14].bits = 0xbbbfbbf3
step[2].dinput[15].bits = 0x3b5e0d77
step[2].dinput[16].bits = 0x3c5aa95b
step[2].dinput[17].bits = 0x3a5485a8
step[2].dinput[18].bits = 0xbc2deb94
step[2].dinput[19].bits = 0x3cd6660b
step[2].dinput[20].bits = 0x3b4d7197
step[2].dinput[21].bits = 0x3c9223e2
step[2].dinput[22].bits = 0xbb3a6651
step[2].dinput[23].bits = 0xbd2c0581
step[2].dinput[24].bits = 0x3b9208ea
step[2].dinput[25].bits = 0xbade1ef1
step[2].dinput[26].bits = 0xba2ea123
step[2].dinput[27].bits = 0xbaf37617
step[2].dinput[28].bits = 0xbba14303
step[2].dinput[29].bits = 0x3b85efd0
step[2].dinput[30].bits = 0xbba342a0
step[2].dinput[31].bits = 0x3c179a6c
step[3].dinput[0].bits = 0xba9b519a
step[3].dinput[1].bits = 0xbbfed51b
step[3].dinput[2].bits = 0xbc2f04d2
step[3].dinput[3].bits = 0xbc2ecc75
step[3].dinput[4].bits = 0x3cb0cf5a
step[3].dinput[5].bits = 0xbba2303e
step[3].dinput[6].bits = 0x3b4da1dd
step[3].dinput[7].bits = 0xbc60f477
step[3].dinput[8].bits = 0xbc325321
step[3].dinput[9].bits = 0x3c44d8aa
step[3].dinput[10].bits = 0xbc123bd1
step[3].dinput[11].bits = 0x3c0abe85
step[3].dinput[12].bits = 0xbc101770
step[3].dinput[13].bits = 0x3ca4b2cb
step[3].dinput[14].bits = 0xbbc43fd3
step[3].dinput[15].bits = 0x3b369e93
step[3].dinput[16].bits = 0x3c683760
step[3].dinput[17].bits = 0x38b6276f
step[3].dinput[18].bits = 0xbc1b812f
step[3].dinput[19].bits = 0x3cd58009
step[3].dinput[20].bits = 0x3b446774
step[3].dinput[21].bits = 0x3c89d7f6
step[3].dinput[22].bits = 0xbb584626
step[3].dinput[23].bits = 0xbd262955
step[3].dinput[24].bits = 0x3b866a10
step[3].dinput[25].bits = 0xbb01f137
step[3].dinput[26].bits = 0xba99e55b
step[3].dinput[27].bits = 0xbafb7fca
step[3].dinput[28].bits = 0xbb96032f
step[3].dinput[29].bits = 0x3b46c502
step[3].dinput[30].bits = 0xbb9a2d1f
step[3].dinput[31].bits = 0x3c0fe375
step[4].dinput[0].bits = 0xba0fdb91
step[4].dinput[1].bits = 0xbc009dfb
step[4].dinput[2].bits = 0xbc271150
step[4].dinput[3].bits = 0xbc2f1922
step[4].dinput[4].bits = 0x3ca6936f
step[4].dinput[5].bits = 0xbb9f28ab
step[4].dinput[6].bits = 0x3b4c4639
step[4].dinput[7].bits = 0xbc4adfb5
step[4].dinput[8].bits = 0xbc3fa04f
step[4].dinput[9].bits = 0x3c479a01
step[4].dinput[10].bits = 0xbc1bce0d
step[4].dinput[11].bits = 0x3c101732
step[4].dinput[12].bits = 0xbc05d8d7
step[4].dinput[13].bits = 0x3ca27014
step[4].dinput[14].bits = 0xbbc8d3eb
step[4].dinput[15].bits = 0x3b10534d
step[4].dinput[16].bits = 0x3c748007
step[4].dinput[17].bits = 0xba15c8f3
step[4].dinput[18].bits = 0xbc0a2a95
step[4].dinput[19].bits = 0x3cd48dcf
step[4].dinput[20].bits = 0x3b3bb119
step[4].dinput[21].bits = 0x3c823867
step[4].dinput[22].bits = 0xbb730896
step[4].dinput[23].bits = 0xbd20bc02
step[4].dinput[24].bits = 0x3b776d0f
step[4].dinput[25].bits = 0xbb120bfb
step[4].dinput[26].bits = 0xbad40dc6
step[4].dinput[27].bits = 0xbb0279ca
step[4].dinput[28].bits = 0xbb8c60dc
step[4].dinput[29].bits = 0x3b080579
step[4].dinput[30].bits = 0xbb911a01
step[4].dinput[31].bits = 0x3c08d037
step[5].dinput[0].bits = 0x37f207e9
step[5].dinput[1].bits = 0xbc015ba7
step[5].dinput[2].bits = 0xbc1faf4a
step[5].dinput[3].bits = 0xbc2f84d8
step[5].dinput[4].bits = 0x3c9ce9a0
step[5].dinput[5].bits = 0xbb9b788c
step[5].dinput[6].bits = 0x3b4c78bf
step[5].dinput[7].bits = 0xbc3651f8
step[5].dinput[8].bits = 0xbc4c5bad
step[5].dinput[9].bits = 0x3c4a91bc
step[5].dinput[10].bits = 0xbc24e525
step[5].dinput[11].bits = 0x3c153ba9
step[5].dinput[12].bits = 0xbbf85bf0
step[5].dinput[13].bits = 0x3ca0a482
step[5].dinput[14].bits = 0xbbcd8172
step[5].dinput[15].bits = 0x3ad62bfd
step[5].dinput[16].bits = 0x3c7fabff
step[5].dinput[17].bits = 0xba99ad90
step[5].dinput[18].bits = 0xbbf39632
step[5].dinput[19].bits = 0x3cd39261
step[5].dinput[20].bits = 0x3b334b8c
step[5].dinput[21].bits = 0x3c76613b
step[5].dinput[22].bits = 0xbb858857
step[5].dinput[23].bits = 0xbd1bb1ac
step[5].dinput[24].bits = 0x3b63b3a5
step[5].dinput[25].bits = 0xbb1fc7be
step[5].dinput[26].bits = 0xbb035e71
step[5].dinput[27].bits = 0xbb07ce71
step[5].dinput[28].bits = 0xbb842554
step[5].dinput[29].bits = 0x3a9db7d4
step[5].dinput[30].bits = 0xbb881272
step[5].dinput[31].bits = 0x3c025249
step[6].dinput[0].bits = 0x3a117b88
step[6].dinput[1].bits = 0xbc01b6bc
step[6].dinput[2].bits = 0xbc18cf20
step[6].dinput[3].bits = 0xbc300c50
step[6].dinput[4].bits = 0x3c93c515
step[6].dinput[5].bits = 0xbb974173
step[6].dinput[6].bits = 0x3b4dff0c
step[6].dinput[7].bits = 0xbc23200b
step[6].dinput[8].bits = 0xbc588fb2
step[6].dinput[9].bits = 0x3c4db439
step[6].dinput[10].bits = 0xbc2d8f82
step[6].dinput[11].bits = 0x3c1a3405
step[6].dinput[12].bits = 0xbbe60b3c
step[6].dinput[13].bits = 0x3c9f41ae
step[6].dinput[14].bits = 0xbbd24f76
step[6].dinput[15].bits = 0x3a8da434
step[6].dinput[16].bits = 0x3c84ef0d
step[6].dinput[17].bits = 0xbae1e93a
step[6].dinput[18].bits = 0xbbd49413
step[6].dinput[19].bits = 0x3cd2903f
step[6].dinput[20].bits = 0x3b2b32e4
step[6].dinput[21].bits = 0x3c695e42
step[6].dinput[22].bits = 0xbb90594f
step[6].dinput[23].bits = 0xbd17001a
step[6].dinput[24].bits = 0x3b5182a3
step[6].dinput[25].bits = 0xbb2b7bf5
step[6].dinput[26].bits = 0xbb19636b
step[6].dinput[27].bits = 0xbb0da7ec
step[6].dinput[28].bits = 0xbb7a4441
step[6].dinput[29].bits = 0x39d500fb
step[6].dinput[30].bits = 0xbb7e3a9c
step[6].dinput[31].bits = 0x3bf8b935
step[7].dinput[0].bits = 0x3a87bedf
step[7].dinput[1].bits = 0xbc01bf2e
step[7].dinput[2].bits = 0xbc126366
step[7].dinput[3].bits = 0xbc30acc2
step[7].dinput[4].bits = 0x3c8b1a65
step[7].dinput[5].bits = 0xbb929ef5
step[7].dinput[6].bits = 0x3b50a7f1
step[7].dinput[7].bits = 0xbc1124a6
step[7].dinput[8].bits = 0xbc6445b6
step[7].dinput[9].bits = 0x3c50f7c1
step[7].dinput[10].bits = 0xbc35d9ad
step[7].dinput[11].bits = 0x3c1f074d
step[7].dinput[12].bits = 0xbbd4a210
step[7].dinput[13].bits = 0x3c9e3b38
step[7].dinput[14].bits = 0xbbd7436e
step[7].dinput[15].bits = 0x3a0dd082
step[7].dinput[16].bits = 0x3c899a2f
step[7].dinput[17].bits = 0xbb123237
step[7].dinput[18].bits = 0xbbb72408
step[7].dinput[19].bits = 0x3cd1898e
step[7].dinput[20].bits = 0x3b2362a7
step[7].dinput[21].bits = 0x3c5d4a11
step[7].dinput[22].bits = 0xbb9a1b46
step[7].dinput[23].bits = 0xbd129e76
step[7].dinput[24].bits = 0x3b40b803
step[7].dinput[25].bits = 0xbb3572a5
step[7].dinput[26].bits = 0xbb2c72bd
step[7].dinput[27].bits = 0xbb13f3ec
step[7].dinput[28].bits = 0xbb6e5f18
step[7].dinput[29].bits = 0xb9a9f14c
step[7].dinput[30].bits = 0xbb6c7f4c
step[7].dinput[31].bits = 0x3bedc683
step[8].dinput[0].bits = 0x3ac17a90
step[8].dinput[1].bits = 0xbc018257
step[8].dinput[2].bits = 0xbc0c6091
step[8].dinput[3].bits = 0xbc3163c9
step[8].dinput[4].bits = 0x3c82df53
step[8].dinput[5].bits = 0xbb8da7cd
step[8].dinput[6].bits = 0x3b5449c2
step[8].dinput[7].bits = 0xbc003f5b
step[8].dinput[8].bits = 0xbc6f85f8
step[8].dinput[9].bits = 0x3c545426
step[8].dinput[10].bits = 0xbc3dce86
step[8].dinput[11].bits = 0x3c23bb80
step[8].dinput[12].bits = 0xbbc406f2
step[8].dinput[13].bits = 0x3c9d866e
step[8].dinput[14].bits = 0xbbdc615f
step[8].dinput[15].bits = 0x3769c8b2
step[8].dinput[16].bits = 0x3c8de45d
step[8].dinput[17].bits = 0xbb30e764
step[8].dinput[18].bits = 0xbb9b20ea
step[8].dinput[19].bits = 0x3cd08016
step[8].dinput[20].bits = 0x3b1bd60b
step[8].dinput[21].bits = 0x3c520b0a
step[8].dinput[22].bits = 0xbba2ed33
step[8].dinput[23].bits = 0xbd0e850f
step[8].dinput[24].bits = 0x3b3134de
step[8].dinput[25].bits = 0xbb3deaad
step[8].dinput[26].bits = 0xbb3cde27
step[8].dinput[27].bits = 0xbb1aa2ea
step[8].dinput[28].bits = 0xbb6456ee
step[8].dinput[29].bits = 0xba8276e6
step[8].dinput[30].bits = 0xbb5afa44
step[8].dinput[31].bits = 0x3be3b6e5
step[9].dinput[0].bits = 0x3af68805
step[9].dinput[1].bits = 0xbc010b7d
step[9].dinput[2].bits = 0xbc06bcac
step[9].dinput[3].bits = 0xbc322f5b
step[9].dinput[4].bits = 0x3c761578
step[9].dinput[5].bits = 0xbb886ee1
step[9].dinput[6].bits = 0x3b58c10f
step[9].dinput[7].bits = 0xbbe0a7fd
step[9].dinput[8].bits = 0xbc7a57db
step[9].dinput[9].bits = 0x3c57c292
step[9].dinput[10].bits = 0xbc457773
step[9].dinput[11].bits = 0x3c2855d3
step[9].dinput[12].bits = 0xbbb423f7
step[9].dinput[13].bits = 0x3c9d1a05
step[9].dinput[14].bits = 0xbbe1ac27
step[9].dinput[15].bits = 0xba037516
step[9].dinput[16].bits = 0x3c91d8d5
step[9].dinput[17].bits = 0xbb4d5fcf
step[9].dinput[18].bits = 0xbb806a57
step[9].dinput[19].bits = 0x3ccf755a
step[9].dinput[20].bits = 0x3b148830
step[9].dinput[21].bits = 0x3c478b16
step[9].dinput[22].bits = 0xbbaae9e0
step[9].dinput[23].bits = 0xbd0aad31
step[9].dinput[24].bits = 0x3b22dd1a
step[9].dinput[25].bits = 0xbb4519c9
step[9].dinput[26].bits = 0xbb4aedcc
step[9].dinput[27].bits = 0xbb21a7db
step[9].dinput[28].bits = 0xbb5bf0fa
step[9].dinput[29].bits = 0xbad3875a
step[9].dinput[30].bits = 0xbb49b0a5
step[9].dinput[31].bits = 0x3bda76be
step[0].grad[0][0].bits = 0xbcb16f43
step[0].grad[0][1].bits = 0xbb50f5f8
step[0].grad[0][2].bits = 0x3d0ff9e5
step[0].grad[0][3].bits = 0xbb84e3b1
step[0].grad[0][4].bits = 0x00000000
step[0].grad[0][5].bits = 0xbc6c88f2
step[0].grad[0][6].bits = 0xbce758b0
step[0].grad[0][7].bits = 0xbcf04b53
step[0].grad[0][8].bits = 0xbc371e1c
step[0].grad[0][9].bits = 0xba8ee012
step[0].grad[0][10].bits = 0x3c405092
step[0].grad[0][11].bits = 0x3b814e58
step[0].grad[0][12].bits = 0x3bc62497
step[0].grad[0][13].bits = 0xbbb91673
step[0].grad[0][14].bits = 0x3d0f3f97
step[0].grad[0][15].bits = 0x3bd813c8
step[0].grad[0][16].bits = 0x3cc3371c
step[0].grad[0][17].bits = 0x3a01965b
step[0].grad[0][18].bits = 0xbd3ae6db
step[0].grad[0][19].bits = 0x3a0cc7e9
step[0].grad[0][20].bits = 0x00000000
step[0].grad[0][21].bits = 0x3be950de
step[0].grad[0][22].bits = 0x3ce91137
step[0].grad[0][23].bits = 0x3cf92e87
step[0].grad[0][24].bits = 0x3bde5790
step[0].grad[0][25].bits = 0x3a2d7acb
step[0].grad[0][26].bits = 0x3c0e1ede
step[0].grad[0][27].bits = 0x3b825352
step[0].grad[0][28].bits = 0x3bc6a3a2
step[0].grad[0][29].bits = 0x3c04266f
step[0].grad[0][30].bits = 0xbd1ee3ef
step[0].grad[0][31].bits = 0x3a5c9cc0
step[0].grad[0][32].bits = 0xbca6d722
step[0].grad[0][33].bits = 0xbbbf039b
step[0].grad[0][34].bits = 0x3d0466d4
step[0].grad[0][35].bits = 0xbbf2b314
step[0].grad[0][36].bits = 0x00000000
step[0].grad[0][37].bits = 0xbc83101f
step[0].grad[0][38].bits = 0xbce66bd6
step[0].grad[0][39].bits = 0xbce02250
step[0].grad[0][40].bits = 0xbc2168f0
step[0].grad[0][41].bits = 0xba7be050
step[0].grad[0][42].bits = 0x3cbd936f
step[0].grad[0][43].bits = 0x3bdfc161
step[0].grad[0][44].bits = 0x3c2b7b38
step[0].grad[0][45].bits = 0xbbcf18f7
step[0].grad[0][46].bits = 0x3d18c90f
step[0].grad[0][47].bits = 0x3c42f383
step[0].grad[0][48].bits = 0x39c71a29
step[0].grad[0][49].bits = 0x3c21c578
step[0].grad[0][50].bits = 0x3ca2b07c
step[0].grad[0][51].bits = 0x3c49b7dd
step[0].grad[0][52].bits = 0x00000000
step[0].grad[0][53].bits = 0x3cd807a5
step[0].grad[0][54].bits = 0x3b54e1c8
step[0].grad[0][55].bits = 0x3bc0bf4f
step[0].grad[0][56].bits = 0x3c844947
step[0].grad[0][57].bits = 0x3ace6df1
step[0].grad[0][58].bits = 0xbbc4cefc
step[0].grad[0][59].bits = 0x38f7dd29
step[0].grad[0][60].bits = 0x38c46849
step[0].grad[0][61].bits = 0x3cbfab0e
step[0].grad[0][62].bits = 0xba2b2a31
step[0].grad[0][63].bits = 0xbc7c74ba
step[0].grad[0][64].bits = 0x3bcddba0
step[0].grad[0][65].bits = 0x3c1e2fbe
step[0].grad[0][66].bits = 0x3b10b9d2
step[0].grad[0][67].bits = 0x3c485a4d
step[0].grad[0][68].bits = 0x00000000
step[0].grad[0][69].bits = 0x3cb2075e
step[0].grad[0][70].bits = 0x3c4d86cd
step[0].grad[0][71].bits = 0x3c38e618
step[0].grad[0][72].bits = 0x3c3c5862
step[0].grad[0][73].bits = 0x3a92f43e
step[0].grad[0][74].bits = 0xbd02a168
step[0].grad[0][75].bits = 0xbc197336
step[0].grad[0][76].bits = 0xbc6b70af
step[0].grad[0][77].bits = 0x3c2d9fb7
step[0].grad[0][78].bits = 0xbc79e2e0
step[0].grad[0][79].bits = 0xbc9afa85
step[0].grad[0][80].bits = 0x3c9a3c27
step[0].grad[0][81].bits = 0x3a2867a4
step[0].grad[0][82].bits = 0xbcd18059
step[0].grad[0][83].bits = 0x3a203cad
step[0].grad[0][84].bits = 0x00000000
step[0].grad[0][85].bits = 0x3c83fae9
step[0].grad[0][86].bits = 0x3cabfe5e
step[0].grad[0][87].bits = 0x3ce1dd83
step[0].grad[0][88].bits = 0x3c8213be
step[0].grad[0][89].bits = 0x3acafb6e
step[0].grad[0][90].bits = 0x3ce050c0
step[0].grad[0][91].bits = 0x3c1bb750
step[0].grad[0][92].bits = 0x3c6d6a9a
step[0].grad[0][93].bits = 0x3c955d8c
step[0].grad[0][94].bits = 0xbcb5a7da
step[0].grad[0][95].bits = 0x3b3b14c5
step[0].grad[0][96].bits = 0x3c230515
step[0].grad[0][97].bits = 0xbc45603b
step[0].grad[0][98].bits = 0xbc9dc5f9
step[0].grad[0][99].bits = 0xbc75f689
step[0].grad[0][100].bits = 0x00000000
step[0].grad[0][101].bits = 0xbb91df25
step[0].grad[0][102].bits = 0x3c093fe3
step[0].grad[0][103].bits = 0x3c6f7c03
step[0].grad[0][104].bits = 0x3c0bba54
step[0].grad[0][105].bits = 0x3a5a0ab8
step[0].grad[0][106].bits = 0x3ca0dfcf
step[0].grad[0][107].bits = 0xba1f3d71
step[0].grad[0][108].bits = 0xba572e04
step[0].grad[0][109].bits = 0xbc8d293b
step[0].grad[0][110].bits = 0x3ba17a89
step[0].grad[0][111].bits = 0x3c9877e5
step[0].grad[0][112].bits = 0xbc775c7c
step[0].grad[0][113].bits = 0xbb467b37
step[0].grad[0][114].bits = 0x3a980e08
step[0].grad[0][115].bits = 0xbb76982d
step[0].grad[0][116].bits = 0x00000000
step[0].grad[0][117].bits = 0xbd09e7a5
step[0].grad[0][118].bits = 0xbc999020
step[0].grad[0][119].bits = 0xbce787ea
step[0].grad[0][120].bits = 0xbcfe1df9
step[0].grad[0][121].bits = 0xbb464591
step[0].grad[0][122].bits = 0xbc3a0685
step[0].grad[0][123].bits = 0xba3d5dbf
step[0].grad[0][124].bits = 0xba8cef4a
step[0].grad[0][125].bits = 0xbc9a7754
step[0].grad[0][126].bits = 0x3bcc08b5
step[0].grad[0][127].bits = 0x3b91bd8d
step[0].grad[1][0].bits = 0x3d168a1c
step[0].grad[1][1].bits = 0xbc6cc717
step[0].grad[1][2].bits = 0xbd69106f
step[0].grad[1][3].bits = 0xbc955526
step[0].grad[1][4].bits = 0x00000000
step[0].grad[1][5].bits = 0x3c7b0d0c
step[0].grad[1][6].bits = 0x3d1abadf
step[0].grad[1][7].bits = 0x3d5d1b1c
step[0].grad[1][8].bits = 0x3d00e631
step[0].grad[1][9].bits = 0x3b4924df
step[0].grad[1][10].bits = 0x3d6b282c
step[0].grad[1][11].bits = 0x3c283e27
step[0].grad[1][12].bits = 0x3c8158a4
step[0].grad[1][13].bits = 0x39c995c0
step[0].grad[1][14].bits = 0xbcb3dd99
step[0].grad[1][15].bits = 0x3cdb7f5a
step[0].grad[2][0].bits = 0xbd77628a
step[0].grad[2][1].bits = 0x3d33719c
step[0].grad[2][2].bits = 0x3c1a50ac
step[0].grad[2][3].bits = 0x3cf6a096
step[0].grad[2][4].bits = 0x3dcc3723
step[0].grad[2][5].bits = 0xbcf34025
step[0].grad[2][6].bits = 0x3daf95d3
step[0].grad[2][7].bits = 0x3d7aab59
step[0].grad[2][8].bits = 0x3ce8aa0f
step[0].grad[2][9].bits = 0xbbefd994
step[0].grad[2][10].bits = 0x3d5cf02a
step[0].grad[2][11].bits = 0x3c8db44a
step[0].grad[2][12].bits = 0x3cebb1d5
step[0].grad[2][13].bits = 0xbc71018f
step[0].grad[2][14].bits = 0x3cd3c422
step[0].grad[2][15].bits = 0x3c775623
step[0].grad[2][16].bits = 0x00000000
step[0].grad[2][17].bits = 0x00000000
step[0].grad[2][18].bits = 0x00000000
step[0].grad[2][19].bits = 0x00000000
step[0].grad[2][20].bits = 0xbcf1de1a
step[0].grad[2][21].bits = 0x3c968d20
step[0].grad[2][22].bits = 0xbb207896
step[0].grad[2][23].bits = 0x3d141c32
step[0].grad[2][24].bits = 0xbd42a8cd
step[0].grad[2][25].bits = 0x3e18a35e
step[0].grad[2][26].bits = 0x3dcab8d8
step[0].grad[2][27].bits = 0x3de9bf1b
step[0].grad[2][28].bits = 0xbdc11fc9
step[0].grad[2][29].bits = 0x3d9b2d99
step[0].grad[2][30].bits = 0x3d1ed8f5
step[0].grad[2][31].bits = 0x3cda83f3
step[0].grad[2][32].bits = 0xbbfeeaac
step[0].grad[2][33].bits = 0x3b989379
step[0].grad[2][34].bits = 0xbb03bbfb
step[0].grad[2][35].bits = 0x3bd84298
step[0].grad[2][36].bits = 0xbd5f84e1
step[0].grad[2][37].bits = 0x3d05c897
step[0].grad[2][38].bits = 0xbc670485
step[0].grad[2][39].bits = 0x3d3d9faf
step[0].grad[2][40].bits = 0xbd6ec062
step[0].grad[2][41].bits = 0x3dd2d339
step[0].grad[2][42].bits = 0x3df24f61
step[0].grad[2][43].bits = 0x3d298f02
step[0].grad[2][44].bits = 0x3c8e214c
step[0].grad[2][45].bits = 0x3d17de6f
step[0].grad[2][46].bits = 0x3bee0e82
step[0].grad[2][47].bits = 0x3ce791e0
step[0].grad[2][48].bits = 0x3d88150d
step[0].grad[2][49].bits = 0x3d5e0421
step[0].grad[2][50].bits = 0x3d331b8f
step[0].grad[2][51].bits = 0x3d92b89d
step[0].grad[2][52].bits = 0x3d67c814
step[0].grad[2][53].bits = 0xbb0734df
step[0].grad[2][54].bits = 0x3d4525db
step[0].grad[2][55].bits = 0x3d3984d4
step[0].grad[2][56].bits = 0x3b94a386
step[0].grad[2][57].bits = 0x3c7e690d
step[0].grad[2][58].bits = 0x3d989c21
step[0].grad[2][59].bits = 0x3c084705
step[0].grad[2][60].bits = 0x3dd4e422
step[0].grad[2][61].bits = 0x3da1ca43
step[0].grad[2][62].bits = 0x3d8e4074
step[0].grad[2][63].bits = 0x3de09515
step[0].grad[3][0].bits = 0xbd6c4daa
step[0].grad[3][1].bits = 0x3e6cc965
step[0].grad[3][2].bits = 0x3e6a8113
step[0].grad[3][3].bits = 0x3e5672c3
step[1].grad[0][0].bits = 0xbca80400
step[1].grad[0][1].bits = 0xbb51137d
step[1].grad[0][2].bits = 0x3d0d1c0a
step[1].grad[0][3].bits = 0xbb88bbe0
step[1].grad[0][4].bits = 0x00000000
step[1].grad[0][5].bits = 0xbc663297
step[1].grad[0][6].bits = 0xbcdb25dc
step[1].grad[0][7].bits = 0xbcdf2eea
step[1].grad[0][8].bits = 0xbc31ac3d
step[1].grad[0][9].bits = 0xba1780b2
step[1].grad[0][10].bits = 0x3c54acda
step[1].grad[0][11].bits = 0x3b6faba5
step[1].grad[0][12].bits = 0x3badb43b
step[1].grad[0][13].bits = 0xbbc5c72e
step[1].grad[0][14].bits = 0x3d0d94ed
step[1].grad[0][15].bits = 0x3bc7bb40
step[1].grad[0][16].bits = 0x3cb97b41
step[1].grad[0][17].bits = 0x3a29a2ec
step[1].grad[0][18].bits = 0xbd36d3d9
step[1].grad[0][19].bits = 0x3a10da8a
step[1].grad[0][20].bits = 0x00000000
step[1].grad[0][21].bits = 0x3be10893
step[1].grad[0][22].bits = 0x3cd1a66c
step[1].grad[0][23].bits = 0x3ce70c69
step[1].grad[0][24].bits = 0x3bd7bb1e
step[1].grad[0][25].bits = 0x39b7f484
step[1].grad[0][26].bits = 0x3bbed30e
step[1].grad[0][27].bits = 0x3b718f60
step[1].grad[0][28].bits = 0x3bb73e8b
step[1].grad[0][29].bits = 0x3bf8fd36
step[1].grad[0][30].bits = 0xbd1cac2f
step[1].grad[0][31].bits = 0x3a0fa2a0
step[1].grad[0][32].bits = 0xbc9e0f0e
step[1].grad[0][33].bits = 0xbbbf8a2d
step[1].grad[0][34].bits = 0x3d020a3f
step[1].grad[0][35].bits = 0xbbf9b886
step[1].grad[0][36].bits = 0x00000000
step[1].grad[0][37].bits = 0xbc808ff6
step[1].grad[0][38].bits = 0xbcdf6502
step[1].grad[0][39].bits = 0xbcd02098
step[1].grad[0][40].bits = 0xbc1c9c4d
step[1].grad[0][41].bits = 0xba058af6
step[1].grad[0][42].bits = 0x3cc1cbab
step[1].grad[0][43].bits = 0x3bcf5de9
step[1].grad[0][44].bits = 0x3c15f2b0
step[1].grad[0][45].bits = 0xbbec421c
step[1].grad[0][46].bits = 0x3d174b7d
step[1].grad[0][47].bits = 0x3c34853a
step[1].grad[0][48].bits = 0x3910017e
step[1].grad[0][49].bits = 0x3c289410
step[1].grad[0][50].bits = 0x3c9d450c
step[1].grad[0][51].bits = 0x3c4f8dcc
step[1].grad[0][52].bits = 0x00000000
step[1].grad[0][53].bits = 0x3cd3f1b0
step[1].grad[0][54].bits = 0x3b5292c2
step[1].grad[0][55].bits = 0x3bb787d2
step[1].grad[0][56].bits = 0x3c805a54
step[1].grad[0][57].bits = 0x3a5ae503
step[1].grad[0][58].bits = 0xbbb1f683
step[1].grad[0][59].bits = 0x38e5b5a6
step[1].grad[0][60].bits = 0x3a595d94
step[1].grad[0][61].bits = 0x3cc3464c
step[1].grad[0][62].bits = 0xba7225a4
step[1].grad[0][63].bits = 0xbc737d25
step[1].grad[0][64].bits = 0x3bbf2964
step[1].grad[0][65].bits = 0x3c1fae26
step[1].grad[0][66].bits = 0x3afddd9c
step[1].grad[0][67].bits = 0x3c4e2620
step[1].grad[0][68].bits = 0x00000000
step[1].grad[0][69].bits = 0x3caf626f
step[1].grad[0][70].bits = 0x3c5bfbbc
step[1].grad[0][71].bits = 0x3c2ce619
step[1].grad[0][72].bits = 0x3c36beb8
step[1].grad[0][73].bits = 0x3a1bd3ec
step[1].grad[0][74].bits = 0xbcf94e9e
step[1].grad[0][75].bits = 0xbc0e35fc
step[1].grad[0][76].bits = 0xbc4bd69c
step[1].grad[0][77].bits = 0x3c447524
step[1].grad[0][78].bits = 0xbc7ae0ae
step[1].grad[0][79].bits = 0xbc9050b7
step[1].grad[0][80].bits = 0x3c915813
step[1].grad[0][81].bits = 0x3a811c31
step[1].grad[0][82].bits = 0xbcccfb16
step[1].grad[0][83].bits = 0x3a24df66
step[1].grad[0][84].bits = 0x00000000
step[1].grad[0][85].bits = 0x3c7e2bba
step[1].grad[0][86].bits = 0x3c909827
step[1].grad[0][87].bits = 0x3cd2379c
step[1].grad[0][88].bits = 0x3c7c6b36
step[1].grad[0][89].bits = 0x3a573d36
step[1].grad[0][90].bits = 0x3cc614aa
step[1].grad[0][91].bits = 0x3c104f99
step[1].grad[0][92].bits = 0x3c5a59de
step[1].grad[0][93].bits = 0x3c8becc2
step[1].grad[0][94].bits = 0xbcb32d46
step[1].grad[0][95].bits = 0x3b0b1a32
step[1].grad[0][96].bits = 0x3c19975e
step[1].grad[0][97].bits = 0xbc4deeed
step[1].grad[0][98].bits = 0xbc980f04
step[1].grad[0][99].bits = 0xbc7d1427
step[1].grad[0][100].bits = 0x00000000
step[1].grad[0][101].bits = 0xbba111e9
step[1].grad[0][102].bits = 0x3be90d8a
step[1].grad[0][103].bits = 0x3c5ee925
step[1].grad[0][104].bits = 0x3c0792bb
step[1].grad[0][105].bits = 0x39e7354d
step[1].grad[0][106].bits = 0x3c940806
step[1].grad[0][107].bits = 0xba1393a7
step[1].grad[0][108].bits = 0xbad9782b
step[1].grad[0][109].bits = 0xbc95f6dd
step[1].grad[0][110].bits = 0x3baa5d7e
step[1].grad[0][111].bits = 0x3c934e05
step[1].grad[0][112].bits = 0xbc64ed6e
step[1].grad[0][113].bits = 0xbb5053ca
step[1].grad[0][114].bits = 0x3a9db263
step[1].grad[0][115].bits = 0xbb7dba77
step[1].grad[0][116].bits = 0x00000000
step[1].grad[0][117].bits = 0xbd0538c4
step[1].grad[0][118].bits = 0xbc8a356c
step[1].grad[0][119].bits = 0xbcd8af6d
step[1].grad[0][120].bits = 0xbcf68fa9
step[1].grad[0][121].bits = 0xbad23e89
step[1].grad[0][122].bits = 0xbc249494
step[1].grad[0][123].bits = 0xba2f7f15
step[1].grad[0][124].bits = 0xba9f0868
step[1].grad[0][125].bits = 0xbc96aa29
step[1].grad[0][126].bits = 0x3bcbed49
step[1].grad[0][127].bits = 0x3b8e0e96
step[1].grad[1][0].bits = 0x3d0dd5a6
step[1].grad[1][1].bits = 0xbc710e3a
step[1].grad[1][2].bits = 0xbd62929f
step[1].grad[1][3].bits = 0xbc99a71d
step[1].grad[1][4].bits = 0x00000000
step[1].grad[1][5].bits = 0x3c64aeb2
step[1].grad[1][6].bits = 0x3d034518
step[1].grad[1][7].bits = 0x3d4dcd94
step[1].grad[1][8].bits = 0x3cfa220c
step[1].grad[1][9].bits = 0x3ad54a3d
step[1].grad[1][10].bits = 0x3d52edae
step[1].grad[1][11].bits = 0x3c1beb8f
step[1].grad[1][12].bits = 0x3c5b3a9b
step[1].grad[1][13].bits = 0xbb1a66a8
step[1].grad[1][14].bits = 0xbcade6af
step[1].grad[1][15].bits = 0x3cce051f
step[1].grad[2][0].bits = 0xbd6f76a9
step[1].grad[2][1].bits = 0x3d2a2849
step[1].grad[2][2].bits = 0x3bf7b9ff
step[1].grad[2][3].bits = 0x3ceb0718
step[1].grad[2][4].bits = 0x3dcb742c
step[1].grad[2][5].bits = 0xbd01f270
step[1].grad[2][6].bits = 0x3daa9eef
step[1].grad[2][7].bits = 0x3d70f871
step[1].grad[2][8].bits = 0x3ce38384
step[1].grad[2][9].bits = 0xbbfa51f3
step[1].grad[2][10].bits = 0x3d5d06c7
step[1].grad[2][11].bits = 0x3c823b72
step[1].grad[2][12].bits = 0x3cecc2fd
step[1].grad[2][13].bits = 0xbc7bc5a6
step[1].grad[2][14].bits = 0x3cd05b53
step[1].grad[2][15].bits = 0x3c6f39c4
step[1].grad[2][16].bits = 0x00000000
step[1].grad[2][17].bits = 0x00000000
step[1].grad[2][18].bits = 0x00000000
step[1].grad[2][19].bits = 0x00000000
step[1].grad[2][20].bits = 0xbce796d1
step[1].grad[2][21].bits = 0x3c8b0f7b
step[1].grad[2][22].bits = 0xbb4833c3
step[1].grad[2][23].bits = 0x3d0f03cc
step[1].grad[2][24].bits = 0xbd39c0e8
step[1].grad[2][25].bits = 0x3e11b8c7
step[1].grad[2][26].bits = 0x3dbd6854
step[1].grad[2][27].bits = 0x3ddd849f
step[1].grad[2][28].bits = 0xbdbb30c5
step[1].grad[2][29].bits = 0x3d9407ff
step[1].grad[2][30].bits = 0x3d12e811
step[1].grad[2][31].bits = 0x3cc7fe8e
step[1].grad[2][32].bits = 0xbbe917c4
step[1].grad[2][33].bits = 0x3b8855af
step[1].grad[2][34].bits = 0xbb03d9cb
step[1].grad[2][35].bits = 0x3bc40cee
step[1].grad[2][36].bits = 0xbd5c06c6
step[1].grad[2][37].bits = 0x3d00b138
step[1].grad[2][38].bits = 0xbc78eb59
step[1].grad[2][39].bits = 0x3d390f84
step[1].grad[2][40].bits = 0xbd6b42a6
step[1].grad[2][41].bits = 0x3dc8b7eb
step[1].grad[2][42].bits = 0x3de75c1d
step[1].grad[2][43].bits = 0x3d158afb
step[1].grad[2][44].bits = 0x3c8baee8
step[1].grad[2][45].bits = 0x3d12e210
step[1].grad[2][46].bits = 0x3bcca612
step[1].grad[2][47].bits = 0x3cdd5933
step[1].grad[2][48].bits = 0x3d862c3c
step[1].grad[2][49].bits = 0x3d52d2b1
step[1].grad[2][50].bits = 0x3d2738f0
step[1].grad[2][51].bits = 0x3d8c328d
step[1].grad[2][52].bits = 0x3d685042
step[1].grad[2][53].bits = 0xbb8071e1
step[1].grad[2][54].bits = 0x3d3ee312
step[1].grad[2][55].bits = 0x3d3185f7
step[1].grad[2][56].bits = 0x3b828e99
step[1].grad[2][57].bits = 0x3c715346
step[1].grad[2][58].bits = 0x3d96171a
step[1].grad[2][59].bits = 0x3bd289fe
step[1].grad[2][60].bits = 0x3dd1bf4f
step[1].grad[2][61].bits = 0x3d99b52d
step[1].grad[2][62].bits = 0x3d84ddcb
step[1].grad[2][63].bits = 0x3dd6a07a
step[1].grad[3][0].bits = 0xbd64991e
step[1].grad[3][1].bits = 0x3e61f35d
step[1].grad[3][2].bits = 0x3e5ee214
step[1].grad[3][3].bits = 0x3e4b8bee
step[2].grad[0][0].bits = 0xbc9f5770
step[2].grad[0][1].bits = 0xbb50b663
step[2].grad[0][2].bits = 0x3d0a5f14
step[2].grad[0][3].bits = 0xbb8c5b5f
step[2].grad[0][4].bits = 0x00000000
step[2].grad[0][5].bits = 0xbc60303e
step[2].grad[0][6].bits = 0xbccfec00
step[2].grad[0][7].bits = 0xbccf5929
step[2].grad[0][8].bits = 0xbc2c91b6
step[2].grad[0][9].bits = 0xb8c6692e
step[2].grad[0][10].bits = 0x3c679606
step[2].grad[0][11].bits = 0x3b5ded36
step[2].grad[0][12].bits = 0x3b9768aa
step[2].grad[0][13].bits = 0xbbd1a083
step[2].grad[0][14].bits = 0x3d0bfedc
step[2].grad[0][15].bits = 0x3bb91bc7
step[2].grad[0][16].bits = 0x3cb087bf
step[2].grad[0][17].bits = 0x3a52a497
step[2].grad[0][18].bits = 0xbd32f311
step[2].grad[0][19].bits = 0x3a14b11d
step[2].grad[0][20].bits = 0x00000000
step[2].grad[0][21].bits = 0x3bd943a1
step[2].grad[0][22].bits = 0x3cbca630
step[2].grad[0][23].bits = 0x3cd64291
step[2].grad[0][24].bits = 0x3bd188bb
step[2].grad[0][25].bits = 0x3870e941
step[2].grad[0][26].bits = 0x3b5323f7
step[2].grad[0][27].bits = 0x3b5fad20
step[2].grad[0][28].bits = 0x3ba93723
step[2].grad[0][29].bits = 0x3beb437e
step[2].grad[0][30].bits = 0xbd1a8f7c
step[2].grad[0][31].bits = 0x399714e8
step[2].grad[0][32].bits = 0xbc95f92a
step[2].grad[0][33].bits = 0xbbbfa408
step[2].grad[0][34].bits = 0x3cff8c22
step[2].grad[0][35].bits = 0xbc002b38
step[2].grad[0][36].bits = 0x00000000
step[2].grad[0][37].bits = 0xbc7c4c72
step[2].grad[0][38].bits = 0xbcd8a0b4
step[2].grad[0][39].bits = 0xbcc1503a
step[2].grad[0][40].bits = 0xbc181ca9
step[2].grad[0][41].bits = 0xb8aee3e5
step[2].grad[0][42].bits = 0x3cc5f06d
step[2].grad[0][43].bits = 0x3bc003b9
step[2].grad[0][44].bits = 0x3c024d8a
step[2].grad[0][45].bits = 0xbc03986f
step[2].grad[0][46].bits = 0x3d15e09d
step[2].grad[0][47].bits = 0x3c279b4a
step[2].grad[0][48].bits = 0xb8bda7f6
step[2].grad[0][49].bits = 0x3c2f39b1
step[2].grad[0][50].bits = 0x3c982d3b
step[2].grad[0][51].bits = 0x3c550daf
step[2].grad[0][52].bits = 0x00000000
step[2].grad[0][53].bits = 0x3ccfffd4
step[2].grad[0][54].bits = 0x3b4cf79c
step[2].grad[0][55].bits = 0x3baf1660
step[2].grad[0][56].bits = 0x3c7954f6
step[2].grad[0][57].bits = 0x390f5592
step[2].grad[0][58].bits = 0xbba0ff61
step[2].grad[0][59].bits = 0x38d4b401
step[2].grad[0][60].bits = 0x3ac4ccf3
step[2].grad[0][61].bits = 0x3cc6c6a9
step[2].grad[0][62].bits = 0xba9afcfe
step[2].grad[0][63].bits = 0xbc6b566f
step[2].grad[0][64].bits = 0x3bb18d16
step[2].grad[0][65].bits = 0x3c20db09
step[2].grad[0][66].bits = 0x3add04fb
step[2].grad[0][67].bits = 0x3c539c7b
step[2].grad[0][68].bits = 0x00000000
step[2].grad[0][69].bits = 0x3cacc9ff
step[2].grad[0][70].bits = 0x3c67a3b6
step[2].grad[0][71].bits = 0x3c21d0e7
step[2].grad[0][72].bits = 0x3c317ee5
step[2].grad[0][73].bits = 0x38cc1338
step[2].grad[0][74].bits = 0xbceebaf2
step[2].grad[0][75].bits = 0xbc03aeaf
step[2].grad[0][76].bits = 0xbc2f010f
step[2].grad[0][77].bits = 0x3c598bbe
step[2].grad[0][78].bits = 0xbc7bd5fa
step[2].grad[0][79].bits = 0xbc86c32c
step[2].grad[0][80].bits = 0x3c892458
step[2].grad[0][81].bits = 0x3aaf3b85
step[2].grad[0][82].bits = 0xbcc8ad21
step[2].grad[0][83].bits = 0x3a293dc5
step[2].grad[0][84].bits = 0x00000000
step[2].grad[0][85].bits = 0x3c75003b
step[2].grad[0][86].bits = 0x3c704d7b
step[2].grad[0][87].bits = 0x3cc3be93
step[2].grad[0][88].bits = 0x3c752b0a
step[2].grad[0][89].bits = 0x390cf0cd
step[2].grad[0][90].bits = 0x3cae6050
step[2].grad[0][91].bits = 0x3c05a07f
step[2].grad[0][92].bits = 0x3c48f9ba
step[2].grad[0][93].bits = 0x3c8372b6
step[2].grad[0][94].bits = 0xbcb0d0fa
step[2].grad[0][95].bits = 0x3ac13968
step[2].grad[0][96].bits = 0x3c10e483
step[2].grad[0][97].bits = 0xbc564dab
step[2].grad[0][98].bits = 0xbc92b2ec
step[2].grad[0][99].bits = 0xbc81e46c
step[2].grad[0][100].bits = 0x00000000
step[2].grad[0][101].bits = 0xbbaeb076
step[2].grad[0][102].bits = 0x3bc5eb6a
step[2].grad[0][103].bits = 0x3c4f9507
step[2].grad[0][104].bits = 0x3c03adca
step[2].grad[0][105].bits = 0x389765b8
step[2].grad[0][106].bits = 0x3c889dbd
step[2].grad[0][107].bits = 0xba08a6a7
step[2].grad[0][108].bits = 0xbb1ef5db
step[2].grad[0][109].bits = 0xbc9e2367
step[2].grad[0][110].bits = 0x3bb2dcf3
step[2].grad[0][111].bits = 0x3c8e9aac
step[2].grad[0][112].bits = 0xbc53d7fc
step[2].grad[0][113].bits = 0xbb5a061c
step[2].grad[0][114].bits = 0x3aa2c0cf
step[2].grad[0][115].bits = 0xbb8239c8
step[2].grad[0][116].bits = 0x00000000
step[2].grad[0][117].bits = 0xbd00d273
step[2].grad[0][118].bits = 0xbc7891b9
step[2].grad[0][119].bits = 0xbccafa63
step[2].grad[0][120].bits = 0xbcef7a90
step[2].grad[0][121].bits = 0xb989ab82
step[2].grad[0][122].bits = 0xbc116317
step[2].grad[0][123].bits = 0xba2280ed
step[2].grad[0][124].bits = 0xbaaf9a9f
step[2].grad[0][125].bits = 0xbc935fee
step[2].grad[0][126].bits = 0x3bcbd55b
step[2].grad[0][127].bits = 0x3b8aab0a
step[2].grad[1][0].bits = 0x3d05cdb8
step[2].grad[1][1].bits = 0xbc74ebbd
step[2].grad[1][2].bits = 0xbd5c717e
step[2].grad[1][3].bits = 0xbc9db960
step[2].grad[1][4].bits = 0x00000000
step[2].grad[1][5].bits = 0x3c501ed8
step[2].grad[1][6].bits = 0x3cdd3f54
step[2].grad[1][7].bits = 0x3d3fa65b
step[2].grad[1][8].bits = 0x3cf2f2af
step[2].grad[1][9].bits = 0x398baa11
step[2].grad[1][10].bits = 0x3d3d2732
step[2].grad[1][11].bits = 0x3c10606e
step[2].grad[1][12].bits = 0x3c3736cf
step[2].grad[1][13].bits = 0xbb9f2d04
step[2].grad[1][14].bits = 0xbca835c3
step[2].grad[1][15].bits = 0x3cc1ec58
step[2].grad[2][0].bits = 0xbd6814d8
step[2].grad[2][1].bits = 0x3d21956a
step[2].grad[2][2].bits = 0x3bbff5a4
step[2].grad[2][3].bits = 0x3ce07d2d
step[2].grad[2][4].bits = 0x3dcaabb0
step[2].grad[2][5].bits = 0xbd09c34f
step[2].grad[2][6].bits = 0x3da5ea89
step[2].grad[2][7].bits = 0x3d67bd79
step[2].grad[2][8].bits = 0x3cde78aa
step[2].grad[2][9].bits = 0xbc026b2b
step[2].grad[2][10].bits = 0x3d5cf8aa
step[2].grad[2][11].bits = 0x3c6dc565
step[2].grad[2][12].bits = 0x3cedd728
step[2].grad[2][13].bits = 0xbc83187c
step[2].grad[2][14].bits = 0x3ccd2d9d
step[2].grad[2][15].bits = 0x3c677ea9
step[2].grad[2][16].bits = 0x00000000
step[2].grad[2][17].bits = 0x00000000
step[2].grad[2][18].bits = 0x00000000
step[2].grad[2][19].bits = 0x00000000
step[2].grad[2][20].bits = 0xbcddd1b8
step[2].grad[2][21].bits = 0x3c803ddc
step[2].grad[2][22].bits = 0xbb6b8326
step[2].grad[2][23].bits = 0x3d0a421b
step[2].grad[2][24].bits = 0xbd31a318
step[2].grad[2][25].bits = 0x3e0b57e6
step[2].grad[2][26].bits = 0x3db11f97
step[2].grad[2][27].bits = 0x3dd23990
step[2].grad[2][28].bits = 0xbdb5b1fe
step[2].grad[2][29].bits = 0x3d8d7401
step[2].grad[2][30].bits = 0x3d07f9ed
step[2].grad[2][31].bits = 0x3cb722ad
step[2].grad[2][32].bits = 0xbbd47de5
step[2].grad[2][33].bits = 0x3b72f948
step[2].grad[2][34].bits = 0xbb023617
step[2].grad[2][35].bits = 0x3bb142ce
step[2].grad[2][36].bits = 0xbd58cd0a
step[2].grad[2][37].bits = 0x3cf7e6ac
step[2].grad[2][38].bits = 0xbc84da14
step[2].grad[2][39].bits = 0x3d34db0d
step[2].grad[2][40].bits = 0xbd684f02
step[2].grad[2][41].bits = 0x3dbf8792
step[2].grad[2][42].bits = 0x3ddd5152
step[2].grad[2][43].bits = 0x3d03323e
step[2].grad[2][44].bits = 0x3c894a18
step[2].grad[2][45].bits = 0x3d0e3c81
step[2].grad[2][46].bits = 0x3bada49b
step[2].grad[2][47].bits = 0x3cd3c519
step[2].grad[2][48].bits = 0x3d845c53
step[2].grad[2][49].bits = 0x3d486a50
step[2].grad[2][50].bits = 0x3d1c389b
step[2].grad[2][51].bits = 0x3d861cb2
step[2].grad[2][52].bits = 0x3d68e0d3
step[2].grad[2][53].bits = 0xbbb90e4f
step[2].grad[2][54].bits = 0x3d3924b3
step[2].grad[2][55].bits = 0x3d2a2082
step[2].grad[2][56].bits = 0x3b60c679
step[2].grad[2][57].bits = 0x3c652d60
step[2].grad[2][58].bits = 0x3d93ab14
step[2].grad[2][59].bits = 0x3b96e9cc
step[2].grad[2][60].bits = 0x3dceaab5
step[2].grad[2][61].bits = 0x3d92321f
step[2].grad[2][62].bits = 0x3d783343
step[2].grad[2][63].bits = 0x3dcd44d5
step[2].grad[3][0].bits = 0xbd5da144
step[2].grad[3][1].bits = 0x3e57c192
step[2].grad[3][2].bits = 0x3e53ecb2
step[2].grad[3][3].bits = 0x3e414390
step[3].grad[0][0].bits = 0xbc975450
step[3].grad[0][1].bits = 0xbb4ff379
step[3].grad[0][2].bits = 0x3d07c053
step[3].grad[0][3].bits = 0xbb8fc72a
step[3].grad[0][4].bits = 0x00000000
step[3].grad[0][5].bits = 0xbc5a7a83
step[3].grad[0][6].bits = 0xbcc58f21
step[3].grad[0][7].bits = 0xbcc0a6e9
step[3].grad[0][8].bits = 0xbc27c631
step[3].grad[0][9].bits = 0x39be39d7
step[3].grad[0][10].bits = 0x3c79359d
step[3].grad[0][11].bits = 0x3b4d4308
step[3].grad[0][12].bits = 0x3b8307db
step[3].grad[0][13].bits = 0xbbdcb579
step[3].grad[0][14].bits = 0x3d0a7be6
step[3].grad[0][15].bits = 0x3bac0016
step[3].grad[0][16].bits = 0x3ca8463e
step[3].grad[0][17].bits = 0x3a7c621b
step[3].grad[0][18].bits = 0xbd2f405f
step[3].grad[0][19].bits = 0x3a1850ea
step[3].grad[0][20].bits = 0x00000000
step[3].grad[0][21].bits = 0x3bd1f54c
step[3].grad[0][22].bits = 0x3ca9c68e
step[3].grad[0][23].bits = 0x3cc6ac16
step[3].grad[0][24].bits = 0x3bcbb645
step[3].grad[0][25].bits = 0xb966f916
step[3].grad[0][26].bits = 0x3a5c258e
step[3].grad[0][27].bits = 0x3b4ee151
step[3].grad[0][28].bits = 0x3b9c6814
step[3].grad[0][29].bits = 0x3bdef431
step[3].grad[0][30].bits = 0xbd188c0b
step[3].grad[0][31].bits = 0x3873fdcd
step[3].grad[0][32].bits = 0xbc8e8197
step[3].grad[0][33].bits = 0xbbbf6373
step[3].grad[0][34].bits = 0x3cfb30a5
step[3].grad[0][35].bits = 0xbc034af6
step[3].grad[0][36].bits = 0x00000000
step[3].grad[0][37].bits = 0xbc77a30a
step[3].grad[0][38].bits = 0xbcd21a12
step[3].grad[0][39].bits = 0xbcb3905e
step[3].grad[0][40].bits = 0xbc13e2a7
step[3].grad[0][41].bits = 0x39a7acf2
step[3].grad[0][42].bits = 0x3cca0222
step[3].grad[0][43].bits = 0x3bb1988e
step[3].grad[0][44].bits = 0x3be0b154
step[3].grad[0][45].bits = 0xbc100e35
step[3].grad[0][46].bits = 0x3d1486f8
step[3].grad[0][47].bits = 0x3c1c06ce
step[3].grad[0][48].bits = 0xb9a0008c
step[3].grad[0][49].bits = 0x3c35baad
step[3].grad[0][50].bits = 0x3c936204
step[3].grad[0][51].bits = 0x3c5a3f16
step[3].grad[0][52].bits = 0x00000000
step[3].grad[0][53].bits = 0x3ccc2fe1
step[3].grad[0][54].bits = 0x3b44869a
step[3].grad[0][55].bits = 0x3ba753f0
step[3].grad[0][56].bits = 0x3c726769
step[3].grad[0][57].bits = 0xba096bdf
step[3].grad[0][58].bits = 0xbb91b16d
step[3].grad[0][59].bits = 0x38c4bb22
step[3].grad[0][60].bits = 0x3b0abed1
step[3].grad[0][61].bits = 0x3cca2d4f
step[3].grad[0][62].bits = 0xbabb6197
step[3].grad[0][63].bits = 0xbc63e7a8
step[3].grad[0][64].bits = 0x3ba4e7bf
step[3].grad[0][65].bits = 0x3c21c3ab
step[3].grad[0][66].bits = 0x3abeadf3
step[3].grad[0][67].bits = 0x3c58c4e2
step[3].grad[0][68].bits = 0x00000000
step[3].grad[0][69].bits = 0x3caa3e31
step[3].grad[0][70].bits = 0x3c70dca6
step[3].grad[0][71].bits = 0x3c178ccc
step[3].grad[0][72].bits = 0x3c2c9054
step[3].grad[0][73].bits = 0xb9c3a810
step[3].grad[0][74].bits = 0xbce55c66
step[3].grad[0][75].bits = 0xbbf3969d
step[3].grad[0][76].bits = 0xbc14a534
step[3].grad[0][77].bits = 0x3c6d0f0a
step[3].grad[0][78].bits = 0xbc7cc1c4
step[3].grad[0][79].bits = 0xbc7c5f2d
step[3].grad[0][80].bits = 0x3c818d4d
step[3].grad[0][81].bits = 0x3ade4b7a
step[3].grad[0][82].bits = 0xbcc491ef
step[3].grad[0][83].bits = 0x3a2d5dcb
step[3].grad[0][84].bits = 0x00000000
step[3].grad[0][85].bits = 0x3c6c63d0
step[3].grad[0][86].bits = 0x3c449c3c
step[3].grad[0][87].bits = 0x3cb651db
step[3].grad[0][88].bits = 0x3c6e5b1b
step[3].grad[0][89].bits = 0xba072061
step[3].grad[0][90].bits = 0x3c98e5be
step[3].grad[0][91].bits = 0x3bf72f79
step[3].grad[0][92].bits = 0x3c391c08
step[3].grad[0][93].bits = 0x3c77aa0f
step[3].grad[0][94].bits = 0xbcae90ee
step[3].grad[0][95].bits = 0x3a6bc674
step[3].grad[0][96].bits = 0x3c08d7b0
step[3].grad[0][97].bits = 0xbc5e8147
step[3].grad[0][98].bits = 0xbc8daa0e
step[3].grad[0][99].bits = 0xbc850eeb
step[3].grad[0][100].bits = 0x00000000
step[3].grad[0][101].bits = 0xbbbae96d
step[3].grad[0][102].bits = 0x3ba84934
step[3].grad[0][103].bits = 0x3c415d2d
step[3].grad[0][104].bits = 0x3c000521
step[3].grad[0][105].bits = 0xb99126df
step[3].grad[0][106].bits = 0x3c7ce8d0
step[3].grad[0][107].bits = 0xb9fcc785
step[3].grad[0][108].bits = 0xbb4cf610
step[3].grad[0][109].bits = 0xbca5bef0
step[3].grad[0][110].bits = 0x3bbafbab
step[3].grad[0][111].bits = 0x3c8a4fb6
step[3].grad[0][112].bits = 0xbc43f5a8
step[3].grad[0][113].bits = 0xbb6394d7
step[3].grad[0][114].bits = 0x3aa74648
step[3].grad[0][115].bits = 0xbb85665c
step[3].grad[0][116].bits = 0x00000000
step[3].grad[0][117].bits = 0xbcf95b7f
step[3].grad[0][118].bits = 0xbc5f3ca6
step[3].grad[0][119].bits = 0xbcbe48d1
step[3].grad[0][120].bits = 0xbce8d319
step[3].grad[0][121].bits = 0x3a83fda1
step[3].grad[0][122].bits = 0xbc002b30
step[3].grad[0][123].bits = 0xba164d0f
step[3].grad[0][124].bits = 0xbabecde7
step[3].grad[0][125].bits = 0xbc90894b
step[3].grad[0][126].bits = 0x3bcbbfbc
step[3].grad[0][127].bits = 0x3b878a00
step[3].grad[1][0].bits = 0x3cfcbe2b
step[3].grad[1][1].bits = 0xbc786fea
step[3].grad[1][2].bits = 0xbd56a551
step[3].grad[1][3].bits = 0xbca19189
step[3].grad[1][4].bits = 0x00000000
step[3].grad[1][5].bits = 0x3c3d2bc0
step[3].grad[1][6].bits = 0x3cb8e265
step[3].grad[1][7].bits = 0x3d328598
step[3].grad[1][8].bits = 0x3cec328b
step[3].grad[1][9].bits = 0xba85e720
step[3].grad[1][10].bits = 0x3d2988d2
step[3].grad[1][11].bits = 0x3c058906
step[3].grad[1][12].bits = 0x3c1648d2
step[3].grad[1][13].bits = 0xbbea2478
step[3].grad[1][14].bits = 0xbca2c763
step[3].grad[1][15].bits = 0x3cb70a68
step[3].grad[2][0].bits = 0xbd612f08
step[3].grad[2][1].bits = 0x3d19a5bb
step[3].grad[2][2].bits = 0x3b8cc4f5
step[3].grad[2][3].bits = 0x3cd6e4a2
step[3].grad[2][4].bits = 0x3dc9de02
step[3].grad[2][5].bits = 0xbd111d30
step[3].grad[2][6].bits = 0x3da17329
step[3].grad[2][7].bits = 0x3d5ef058
step[3].grad[2][8].bits = 0x3cd98749
step[3].grad[2][9].bits = 0xbc07ab57
step[3].grad[2][10].bits = 0x3d5cc9dc
step[3].grad[2][11].bits = 0x3c575b32
step[3].grad[2][12].bits = 0x3ceeed64
step[3].grad[2][13].bits = 0xbc882573
step[3].grad[2][14].bits = 0x3cca3542
step[3].grad[2][15].bits = 0x3c601afc
step[3].grad[2][16].bits = 0x00000000
step[3].grad[2][17].bits = 0x00000000
step[3].grad[2][18].bits = 0x00000000
step[3].grad[2][19].bits = 0x00000000
step[3].grad[2][20].bits = 0xbcd483e4
step[3].grad[2][21].bits = 0x3c6c0f74
step[3].grad[2][22].bits = 0xbb85751f
step[3].grad[2][23].bits = 0x3d05ce60
step[3].grad[2][24].bits = 0xbd2a3904
step[3].grad[2][25].bits = 0x3e0570bd
step[3].grad[2][26].bits = 0x3da5bf1c
step[3].grad[2][27].bits = 0x3dc7c195
step[3].grad[2][28].bits = 0xbdb097fa
step[3].grad[2][29].bits = 0x3d876206
step[3].grad[2][30].bits = 0x3cfbe34f
step[3].grad[2][31].bits = 0x3ca7bffb
step[3].grad[2][32].bits = 0xbbc10170
step[3].grad[2][33].bits = 0x3b57c7a5
step[3].grad[2][34].bits = 0xbafe183b
step[3].grad[2][35].bits = 0x3b9fc024
step[3].grad[2][36].bits = 0xbd55d0f3
step[3].grad[2][37].bits = 0x3cef0bcb
step[3].grad[2][38].bits = 0xbc8cbefd
step[3].grad[2][39].bits = 0x3d30f9b8
step[3].grad[2][40].bits = 0xbd65d398
step[3].grad[2][41].bits = 0x3db725f5
step[3].grad[2][42].bits = 0x3dd412cf
step[3].grad[2][43].bits = 0x3ce4a3de
step[3].grad[2][44].bits = 0x3c86f29c
step[3].grad[2][45].bits = 0x3d09e5a8
step[3].grad[2][46].bits = 0x3b90cef3
step[3].grad[2][47].bits = 0x3ccac665
step[3].grad[2][48].bits = 0x3d82a323
step[3].grad[2][49].bits = 0x3d3eb5fa
step[3].grad[2][50].bits = 0x3d120304
step[3].grad[2][51].bits = 0x3d806b6e
step[3].grad[2][52].bits = 0x3d697902
step[3].grad[2][53].bits = 0xbbedefb7
step[3].grad[2][54].bits = 0x3d33da95
step[3].grad[2][55].bits = 0x3d234200
step[3].grad[2][56].bits = 0x3b3c57a3
step[3].grad[2][57].bits = 0x3c59e506
step[3].grad[2][58].bits = 0x3d91560f
step[3].grad[2][59].bits = 0x3b3b144f
step[3].grad[2][60].bits = 0x3dcba543
step[3].grad[2][61].bits = 0x3d8b3351
step[3].grad[2][62].bits = 0x3d67ca65
step[3].grad[2][63].bits = 0x3dc473f4
step[3].grad[3][0].bits = 0xbd575165
step[3].grad[3][1].bits = 0x3e4e260e
step[3].grad[3][2].bits = 0x3e4992ad
step[3].grad[3][3].bits = 0x3e378cc4
step[4].grad[0][0].bits = 0xbc8fe84d
step[4].grad[0][1].bits = 0xbb4edcb0
step[4].grad[0][2].bits = 0x3d053d74
step[4].grad[0][3].bits = 0xbb930390
step[4].grad[0][4].bits = 0x00000000
step[4].grad[0][5].bits = 0xbc550aed
step[4].grad[0][6].bits = 0xbcbbf737
step[4].grad[0][7].bits = 0xbcb2f9e3
step[4].grad[0][8].bits = 0xbc234268
step[4].grad[0][9].bits = 0x3a50e663
step[4].grad[0][10].bits = 0x3c84d772
step[4].grad[0][11].bits = 0x3b3d92b3
step[4].grad[0][12].bits = 0x3b60bf0d
step[4].grad[0][13].bits = 0xbbe7166f
step[4].grad[0][14].bits = 0x3d090ab7
step[4].grad[0][15].bits = 0x3ba039ee
step[4].grad[0][16].bits = 0x3ca0a37b
step[4].grad[0][17].bits = 0x3a9354d8
step[4].grad[0][18].bits = 0xbd2bb832
step[4].grad[0][19].bits = 0x3a1bbe81
step[4].grad[0][20].bits = 0x00000000
step[4].grad[0][21].bits = 0x3bcb1282
step[4].grad[0][22].bits = 0x3c98c81a
step[4].grad[0][23].bits = 0x3cb8292c
step[4].grad[0][24].bits = 0x3bc63aea
step[4].grad[0][25].bits = 0xb9fda5a4
step[4].grad[0][26].bits = 0xbab09a15
step[4].grad[0][27].bits = 0x3b3f1151
step[4].grad[0][28].bits = 0x3b90b10a
step[4].grad[0][29].bits = 0x3bd3e9c0
step[4].grad[0][30].bits = 0xbd16a03d
step[4].grad[0][31].bits = 0xb918b286
step[4].grad[0][32].bits = 0xbc879735
step[4].grad[0][33].bits = 0xbbbed833
step[4].grad[0][34].bits = 0x3cf6fe97
step[4].grad[0][35].bits = 0xbc063f6c
step[4].grad[0][36].bits = 0x00000000
step[4].grad[0][37].bits = 0xbc732133
step[4].grad[0][38].bits = 0xbccbccdd
step[4].grad[0][39].bits = 0xbca6c4b9
step[4].grad[0][40].bits = 0xbc0fe7e2
step[4].grad[0][41].bits = 0x3a3822c8
step[4].grad[0][42].bits = 0x3cce010f
step[4].grad[0][43].bits = 0x3ba4058f
step[4].grad[0][44].bits = 0x3bbfcf94
step[4].grad[0][45].bits = 0xbc1b9a20
step[4].grad[0][46].bits = 0x3d133d38
step[4].grad[0][47].bits = 0x3c119f0d
step[4].grad[0][48].bits = 0xba053e7f
step[4].grad[0][49].bits = 0x3c3c1aab
step[4].grad[0][50].bits = 0x3c8edd63
step[4].grad[0][51].bits = 0x3c5f288a
step[4].grad[0][52].bits = 0x00000000
step[4].grad[0][53].bits = 0x3cc87fdc
step[4].grad[0][54].bits = 0x3b39a50c
step[4].grad[0][55].bits = 0x3ba02cd7
step[4].grad[0][56].bits = 0x3c6be182
step[4].grad[0][57].bits = 0xba96e965
step[4].grad[0][58].bits = 0xbb83dc71
step[4].grad[0][59].bits = 0x38b5b1b9
step[4].grad[0][60].bits = 0x3b2fc00c
step[4].grad[0][61].bits = 0x3ccd7b3b
step[4].grad[0][62].bits = 0xbada4c62
step[4].grad[0][63].bits = 0xbc5d1b14
step[4].grad[0][64].bits = 0x3b991ec1
step[4].grad[0][65].bits = 0x3c22737f
step[4].grad[0][66].bits = 0x3aa2a585
step[4].grad[0][67].bits = 0x3c5da5d3
step[4].grad[0][68].bits = 0x00000000
step[4].grad[0][69].bits = 0x3ca7bf0d
step[4].grad[0][70].bits = 0x3c77f6e1
step[4].grad[0][71].bits = 0x3c0e03ad
step[4].grad[0][72].bits = 0x3c27eb8d
step[4].grad[0][73].bits = 0xba56dd15
step[4].grad[0][74].bits = 0xbcdd0dd5
step[4].grad[0][75].bits = 0xbbe0f85a
step[4].grad[0][76].bits = 0xbbf9046b
step[4].grad[0][77].bits = 0x3c7f2482
step[4].grad[0][78].bits = 0xbc7da30b
step[4].grad[0][79].bits = 0xbc6cf057
step[4].grad[0][80].bits = 0x3c750409
step[4].grad[0][81].bits = 0x3b070777
step[4].grad[0][82].bits = 0xbcc0a592
step[4].grad[0][83].bits = 0x3a3144ab
step[4].grad[0][84].bits = 0x00000000
step[4].grad[0][85].bits = 0x3c6448fb
step[4].grad[0][86].bits = 0x3c1d7eed
step[4].grad[0][87].bits = 0x3ca9d572
step[4].grad[0][88].bits = 0x3c67f117
step[4].grad[0][89].bits = 0xba94643b
step[4].grad[0][90].bits = 0x3c856268
step[4].grad[0][91].bits = 0x3be44ad3
step[4].grad[0][92].bits = 0x3c2a98d3
step[4].grad[0][93].bits = 0x3c69f9eb
step[4].grad[0][94].bits = 0xbcac6b4e
step[4].grad[0][95].bits = 0x39cc2816
step[4].grad[0][96].bits = 0x3c015ef6
step[4].grad[0][97].bits = 0xbc668dd6
step[4].grad[0][98].bits = 0xbc88eddd
step[4].grad[0][99].bits = 0xbc880d8d
step[4].grad[0][100].bits = 0x00000000
step[4].grad[0][101].bits = 0xbbc5e4eb
step[4].grad[0][102].bits = 0x3b8f74d6
step[4].grad[0][103].bits = 0x3c3423e7
step[4].grad[0][104].bits = 0x3bf9266a
step[4].grad[0][105].bits = 0xba1f66aa
step[4].grad[0][106].bits = 0x3c6acbf9
step[4].grad[0][107].bits = 0xb9e9756b
step[4].grad[0][108].bits = 0xbb772947
step[4].grad[0][109].bits = 0xbcacd75d
step[4].grad[0][110].bits = 0x3bc2bbcb
step[4].grad[0][111].bits = 0x3c8660d0
step[4].grad[0][112].bits = 0xbc35255c
step[4].grad[0][113].bits = 0xbb6d0234
step[4].grad[0][114].bits = 0x3aab4dcd
step[4].grad[0][115].bits = 0xbb8866f5
step[4].grad[0][116].bits = 0x00000000
step[4].grad[0][117].bits = 0xbcf18933
step[4].grad[0][118].bits = 0xbc482028
step[4].grad[0][119].bits = 0xbcb27f36
step[4].grad[0][120].bits = 0xbce28f2f
step[4].grad[0][121].bits = 0x3b10f2ac
step[4].grad[0][122].bits = 0xbbe16119
step[4].grad[0][123].bits = 0xba0ad024
step[4].grad[0][124].bits = 0xbaccc4ea
step[4].grad[0][125].bits = 0xbc8e1902
step[4].grad[0][126].bits = 0x3bcbab4c
step[4].grad[0][127].bits = 0x3b84a3b2
step[4].grad[1][0].bits = 0x3ceef25e
step[4].grad[1][1].bits = 0xbc7ba8c7
step[4].grad[1][2].bits = 0xbd512773
step[4].grad[1][3].bits = 0xbca5346f
step[4].grad[1][4].bits = 0x00000000
step[4].grad[1][5].bits = 0x3c2baa6e
step[4].grad[1][6].bits = 0x3c98da51
step[4].grad[1][7].bits = 0x3d264fe3
step[4].grad[1][8].bits = 0x3ce5d765
step[4].grad[1][9].bits = 0xbb130c39
step[4].grad[1][10].bits = 0x3d17d1bc
step[4].grad[1][11].bits = 0x3bf6a850
step[4].grad[1][12].bits = 0x3bf03ffe
step[4].grad[1][13].bits = 0xbc1766e3
step[4].grad[1][14].bits = 0xbc9d988b
step[4].grad[1][15].bits = 0x3cad3a4f
step[4].grad[2][0].bits = 0xbd5ab90d
step[4].grad[2][1].bits = 0x3d12489e
step[4].grad[2][2].bits = 0x3b3b5956
step[4].grad[2][3].bits = 0x3cce2382
step[4].grad[2][4].bits = 0x3dc90b68
step[4].grad[2][5].bits = 0xbd180920
step[4].grad[2][6].bits = 0x3d9d3410
step[4].grad[2][7].bits = 0x3d56884e
step[4].grad[2][8].bits = 0x3cd4ad89
step[4].grad[2][9].bits = 0xbc0ce27b
step[4].grad[2][10].bits = 0x3d5c7df2
step[4].grad[2][11].bits = 0x3c413e67
step[4].grad[2][12].bits = 0x3cf004c9
step[4].grad[2][13].bits = 0xbc8d0cca
step[4].grad[2][14].bits = 0x3cc76d4e
step[4].grad[2][15].bits = 0x3c590641
step[4].grad[2][16].bits = 0x00000000
step[4].grad[2][17].bits = 0x00000000
step[4].grad[2][18].bits = 0x00000000
step[4].grad[2][19].bits = 0x00000000
step[4].grad[2][20].bits = 0xbccba3c7
step[4].grad[2][21].bits = 0x3c58bdab
step[4].grad[2][22].bits = 0xbb936cd9
step[4].grad[2][23].bits = 0x3d01a107
step[4].grad[2][24].bits = 0xbd236f8f
step[4].grad[2][25].bits = 0x3dffeb72
step[4].grad[2][26].bits = 0x3d9b2c3d
step[4].grad[2][27].bits = 0x3dbe04b0
step[4].grad[2][28].bits = 0xbdabd8bb
step[4].grad[2][29].bits = 0x3d81c495
step[4].grad[2][30].bits = 0x3ce96cc9
step[4].grad[2][31].bits = 0x3c99ad04
step[4].grad[2][32].bits = 0xbbae8a33
step[4].grad[2][33].bits = 0x3b3ed6d9
step[4].grad[2][34].bits = 0xbaf51dc6
step[4].grad[2][35].bits = 0x3b8f655c
step[4].grad[2][36].bits = 0xbd530c94
step[4].grad[2][37].bits = 0x3ce6c20a
step[4].grad[2][38].bits = 0xbc9431b7
step[4].grad[2][39].bits = 0x3d2d6406
step[4].grad[2][40].bits = 0xbd63c12d
step[4].grad[2][41].bits = 0x3daf7b14
step[4].grad[2][42].bits = 0x3dcb88a6
step[4].grad[2][43].bits = 0x3cc57de9
step[4].grad[2][44].bits = 0x3c84a824
step[4].grad[2][45].bits = 0x3d05d679
step[4].grad[2][46].bits = 0x3b6be37c
step[4].grad[2][47].bits = 0x3cc24fd5
step[4].grad[2][48].bits = 0x3d80feb0
step[4].grad[2][49].bits = 0x3d35a3b1
step[4].grad[2][50].bits = 0x3d0883ea
step[4].grad[2][51].bits = 0x3d762975
step[4].grad[2][52].bits = 0x3d6a17ee
step[4].grad[2][53].bits = 0xbc0fc128
step[4].grad[2][54].bits = 0x3d2ef709
step[4].grad[2][55].bits = 0x3d1cdaa6
step[4].grad[2][56].bits = 0x3b17e34e
step[4].grad[2][57].bits = 0x3c4f6a2d
step[4].grad[2][58].bits = 0x3d8f164f
step[4].grad[2][59].bits = 0x3a993047
step[4].grad[2][60].bits = 0x3dc8adfd
step[4].grad[2][61].bits = 0x3d84acd9
step[4].grad[2][62].bits = 0x3d586764
step[4].grad[2][63].bits = 0x3dbc2189
step[4].grad[3][0].bits = 0xbd519770
step[4].grad[3][1].bits = 0x3e451499
step[4].grad[3][2].bits = 0x3e3fc788
step[4].grad[3][3].bits = 0x3e2e5c3c
step[5].grad[0][0].bits = 0xbc890388
step[5].grad[0][1].bits = 0xbb4d81b7
step[5].grad[0][2].bits = 0x3d02d470
step[5].grad[0][3].bits = 0xbb961454
step[5].grad[0][4].bits = 0x00000000
step[5].grad[0][5].bits = 0xbc4fdbbe
step[5].grad[0][6].bits = 0xbcb30f83
step[5].grad[0][7].bits = 0xbca637e3
step[5].grad[0][8].bits = 0xbc1efffa
step[5].grad[0][9].bits = 0x3a9e9146
step[5].grad[0][10].bits = 0x3c8c8ffa
step[5].grad[0][11].bits = 0x3b2ec507
step[5].grad[0][12].bits = 0x3b3e87a7
step[5].grad[0][13].bits = 0xbbf0d197
step[5].grad[0][14].bits = 0x3d07aa1f
step[5].grad[0][15].bits = 0x3b95a114
step[5].grad[0][16].bits = 0x3c998ec5
step[5].grad[0][17].bits = 0x3aa8a7b1
step[5].grad[0][18].bits = 0xbd285770
step[5].grad[0][19].bits = 0x3a1efde0
step[5].grad[0][20].bits = 0x00000000
step[5].grad[0][21].bits = 0x3bc49186
step[5].grad[0][22].bits = 0x3c897433
step[5].grad[0][23].bits = 0x3caa9e50
step[5].grad[0][24].bits = 0x3bc10ee9
step[5].grad[0][25].bits = 0xba40887f
step[5].grad[0][26].bits = 0xbb5c472d
step[5].grad[0][27].bits = 0x3b3025c4
step[5].grad[0][28].bits = 0x3b85f5d9
step[5].grad[0][29].bits = 0x3bca038c
step[5].grad[0][30].bits = 0xbd14caab
step[5].grad[0][31].bits = 0xb9ab1717
step[5].grad[0][32].bits = 0xbc812b31
step[5].grad[0][33].bits = 0xbbbe100e
step[5].grad[0][34].bits = 0x3cf2f2fd
step[5].grad[0][35].bits = 0xbc090c0b
step[5].grad[0][36].bits = 0x00000000
step[5].grad[0][37].bits = 0xbc6ec498
step[5].grad[0][38].bits = 0xbcc5b55b
step[5].grad[0][39].bits = 0xbc9ad4d1
step[5].grad[0][40].bits = 0xbc0c26b8
step[5].grad[0][41].bits = 0x3a8bc523
step[5].grad[0][42].bits = 0x3cd1ed4e
step[5].grad[0][43].bits = 0x3b9736ab
step[5].grad[0][44].bits = 0x3ba1a89d
step[5].grad[0][45].bits = 0xbc2650d6
step[5].grad[0][46].bits = 0x3d120231
step[5].grad[0][47].bits = 0x3c08409f
step[5].grad[0][48].bits = 0xba37c054
step[5].grad[0][49].bits = 0x3c425ccb
step[5].grad[0][50].bits = 0x3c8a9a21
step[5].grad[0][51].bits = 0x3c63cfc5
step[5].grad[0][52].bits = 0x00000000
step[5].grad[0][53].bits = 0x3cc4edeb
step[5].grad[0][54].bits = 0x3b2caa11
step[5].grad[0][55].bits = 0x3b999013
step[5].grad[0][56].bits = 0x3c65ba08
step[5].grad[0][57].bits = 0xbae51a16
step[5].grad[0][58].bits = 0xbb6ead60
step[5].grad[0][59].bits = 0x38a7818d
step[5].grad[0][60].bits = 0x3b51bdb5
step[5].grad[0][61].bits = 0x3cd0b148
step[5].grad[0][62].bits = 0xbaf7c6e8
step[5].grad[0][63].bits = 0xbc56ddd9
step[5].grad[0][64].bits = 0x3b8e1b11
step[5].grad[0][65].bits = 0x3c22f483
step[5].grad[0][66].bits = 0x3a88bf7d
step[5].grad[0][67].bits = 0x3c6244fe
step[5].grad[0][68].bits = 0x00000000
step[5].grad[0][69].bits = 0x3ca54c80
step[5].grad[0][70].bits = 0x3c7d3776
step[5].grad[0][71].bits = 0x3c052269
step[5].grad[0][72].bits = 0x3c2389fe
step[5].grad[0][73].bits = 0xbaa31821
step[5].grad[0][74].bits = 0xbcd5af30
step[5].grad[0][75].bits = 0xbbcf6712
step[5].grad[0][76].bits = 0xbbccbf12
step[5].grad[0][77].bits = 0x3c87f65d
step[5].grad[0][78].bits = 0xbc7e78de
step[5].grad[0][79].bits = 0xbc5f0608
step[5].grad[0][80].bits = 0x3c67e7ac
step[5].grad[0][81].bits = 0x3b1f27fc
step[5].grad[0][82].bits = 0xbcbce49f
step[5].grad[0][83].bits = 0x3a34f6ef
step[5].grad[0][84].bits = 0x00000000
step[5].grad[0][85].bits = 0x3c5ca3e0
step[5].grad[0][86].bits = 0x3bf4dbbb
step[5].grad[0][87].bits = 0x3c9e3119
step[5].grad[0][88].bits = 0x3c61e3ed
step[5].grad[0][89].bits = 0xbae146a6
step[5].grad[0][90].bits = 0x3c673a63
step[5].grad[0][91].bits = 0x3bd27722
step[5].grad[0][92].bits = 0x3c1d4d48
step[5].grad[0][93].bits = 0x3c5dad71
step[5].grad[0][94].bits = 0xbcaa5e83
step[5].grad[0][95].bits = 0xb8853c6b
step[5].grad[0][96].bits = 0x3bf4d596
step[5].grad[0][97].bits = 0xbc6e76d1
step[5].grad[0][98].bits = 0xbc8478ac
step[5].grad[0][99].bits = 0xbc8ae3cf
step[5].grad[0][100].bits = 0x00000000
step[5].grad[0][101].bits = 0xbbcfc59e
step[5].grad[0][102].bits = 0x3b75aa60
step[5].grad[0][103].bits = 0x3c27cf86
step[5].grad[0][104].bits = 0x3bf2a650
step[5].grad[0][105].bits = 0xba71fd5f
step[5].grad[0][106].bits = 0x3c5aa394
step[5].grad[0][107].bits = 0xb9d73a72
step[5].grad[0][108].bits = 0xbb8ef72f
step[5].grad[0][109].bits = 0xbcb378b7
step[5].grad[0][110].bits = 0x3bca1f0b
step[5].grad[0][111].bits = 0x3c82c34d
step[5].grad[0][112].bits = 0xbc274a72
step[5].grad[0][113].bits = 0xbb765006
step[5].grad[0][114].bits = 0x3aaee0e7
step[5].grad[0][115].bits = 0xbb8b3f14
step[5].grad[0][116].bits = 0x00000000
step[5].grad[0][117].bits = 0xbcea235c
step[5].grad[0][118].bits = 0xbc32fb45
step[5].grad[0][119].bits = 0xbca785ca
step[5].grad[0][120].bits = 0xbcdca5f8
step[5].grad[0][121].bits = 0x3b5c0c58
step[5].grad[0][122].bits = 0xbbc57f37
step[5].grad[0][123].bits = 0xb9fff260
step[5].grad[0][124].bits = 0xbad99dfd
step[5].grad[0][125].bits = 0xbc8c038e
step[5].grad[0][126].bits = 0x3bcb9701
step[5].grad[0][127].bits = 0x3b81f162
step[5].grad[1][0].bits = 0x3ce21b5a
step[5].grad[1][1].bits = 0xbc7ea286
step[5].grad[1][2].bits = 0xbd4bf220
step[5].grad[1][3].bits = 0xbca8a64e
step[5].grad[1][4].bits = 0x00000000
step[5].grad[1][5].bits = 0x3c1b757e
step[5].grad[1][6].bits = 0x3c7946c0
step[5].grad[1][7].bits = 0x3d1aed85
step[5].grad[1][8].bits = 0x3cdfd842
step[5].grad[1][9].bits = 0xbb5f3c68
step[5].grad[1][10].bits = 0x3d07ca4d
step[5].grad[1][11].bits = 0x3be3657d
step[5].grad[1][12].bits = 0x3bb8ebf8
step[5].grad[1][13].bits = 0xbc36e2a6
step[5].grad[1][14].bits = 0xbc98a6ab
step[5].grad[1][15].bits = 0x3ca45bdd
step[5].grad[2][0].bits = 0xbd54a83e
step[5].grad[2][1].bits = 0x3d0b6f9e
step[5].grad[2][2].bits = 0x3ac90845
step[5].grad[2][3].bits = 0x3cc62358
step[5].grad[2][4].bits = 0x3dc83417
step[5].grad[2][5].bits = 0xbd1e8f08
step[5].grad[2][6].bits = 0x3d99290e
step[5].grad[2][7].bits = 0x3d4e7db2
step[5].grad[2][8].bits = 0x3ccfe9e1
step[5].grad[2][9].bits = 0xbc120a9e
step[5].grad[2][10].bits = 0x3d5c1814
step[5].grad[2][11].bits = 0x3c2b7447
step[5].grad[2][12].bits = 0x3cf11c71
step[5].grad[2][13].bits = 0xbc91d113
step[5].grad[2][14].bits = 0x3cc4d167
step[5].grad[2][15].bits = 0x3c523923
step[5].grad[2][16].bits = 0x00000000
step[5].grad[2][17].bits = 0x00000000
step[5].grad[2][18].bits = 0x00000000
step[5].grad[2][19].bits = 0x00000000
step[5].grad[2][20].bits = 0xbcc328f8
step[5].grad[2][21].bits = 0x3c466da2
step[5].grad[2][22].bits = 0xbb9fd95d
step[5].grad[2][23].bits = 0x3cfb66f4
step[5].grad[2][24].bits = 0xbd1d363b
step[5].grad[2][25].bits = 0x3df5b69b
step[5].grad[2][26].bits = 0x3d915057
step[5].grad[2][27].bits = 0x3db4ee93
step[5].grad[2][28].bits = 0xbda76b8d
step[5].grad[2][29].bits = 0x3d791ffe
step[5].grad[2][30].bits = 0x3cd86560
step[5].grad[2][31].bits = 0x3c8cc60b
step[5].grad[2][32].bits = 0xbb9d02f9
step[5].grad[2][33].bits = 0x3b27ef50
step[5].grad[2][34].bits = 0xbae9d551
step[5].grad[2][35].bits = 0x3b8016c6
step[5].grad[2][36].bits = 0xbd507ab6
step[5].grad[2][37].bits = 0x3cdefbad
step[5].grad[2][38].bits = 0xbc9b3dcc
step[5].grad[2][39].bits = 0x3d2a1372
step[5].grad[2][40].bits = 0xbd620ac5
step[5].grad[2][41].bits = 0x3da8726f
step[5].grad[2][42].bits = 0x3dc39e6d
step[5].grad[2][43].bits = 0x3ca8a915
step[5].grad[2][44].bits = 0x3c826a57
step[5].grad[2][45].bits = 0x3d0208c4
step[5].grad[2][46].bits = 0x3b39c032
step[5].grad[2][47].bits = 0x3cba55cd
step[5].grad[2][48].bits = 0x3d7eda4a
step[5].grad[2][49].bits = 0x3d2d23f0
step[5].grad[2][50].bits = 0x3cff5378
step[5].grad[2][51].bits = 0x3d6c1fcc
step[5].grad[2][52].bits = 0x3d6abc9e
step[5].grad[2][53].bits = 0xbc2710e4
step[5].grad[2][54].bits = 0x3d2a6e5e
step[5].grad[2][55].bits = 0x3d16dcde
step[5].grad[2][56].bits = 0x3ae6f424
step[5].grad[2][57].bits = 0x3c45ae9e
step[5].grad[2][58].bits = 0x3d8cea53
step[5].grad[2][59].bits = 0xb9eebc6f
step[5].grad[2][60].bits = 0x3dc5c3f6
step[5].grad[2][61].bits = 0x3d7d28b2
step[5].grad[2][62].bits = 0x3d49f3e9
step[5].grad[2][63].bits = 0x3db442d9
step[5].grad[3][0].bits = 0xbd4c638e
step[5].grad[3][1].bits = 0x3e3c8275
step[5].grad[3][2].bits = 0x3e36804a
step[5].grad[3][3].bits = 0x3e25a805
step[6].grad[0][0].bits = 0xbc829837
step[6].grad[0][1].bits = 0xbb4bf019
step[6].grad[0][2].bits = 0x3d00837e
step[6].grad[0][3].bits = 0xbb98fcc0
step[6].grad[0][4].bits = 0x00000000
step[6].grad[0][5].bits = 0xbc4ae7e0
step[6].grad[0][6].bits = 0xbcaac600
step[6].grad[0][7].bits = 0xbc9a4a22
step[6].grad[0][8].bits = 0xbc1af94b
step[6].grad[0][9].bits = 0x3ad22935
step[6].grad[0][10].bits = 0x3c93d14d
step[6].grad[0][11].bits = 0x3b20c5ae
step[6].grad[0][12].bits = 0x3b1f1cba
step[6].grad[0][13].bits = 0xbbf9f360
step[6].grad[0][14].bits = 0x3d065909
step[6].grad[0][15].bits = 0x3b8c1269
step[6].grad[0][16].bits = 0x3c92f99b
step[6].grad[0][17].bits = 0x3abe166c
step[6].grad[0][18].bits = 0xbd251b5e
step[6].grad[0][19].bits = 0x3a221280
step[6].grad[0][20].bits = 0x00000000
step[6].grad[0][21].bits = 0x3bbe69cf
step[6].grad[0][22].bits = 0x3c7736e2
step[6].grad[0][23].bits = 0x3c9df393
step[6].grad[0][24].bits = 0x3bbc2b73
step[6].grad[0][25].bits = 0xba7f2d9d
step[6].grad[0][26].bits = 0xbbab0d9c
step[6].grad[0][27].bits = 0x3b220a2b
step[6].grad[0][28].bits = 0x3b783bb1
step[6].grad[0][29].bits = 0x3bc1250b
step[6].grad[0][30].bits = 0xbd130a07
step[6].grad[0][31].bits = 0xb9ff25bd
step[6].grad[0][32].bits = 0xbc76614e
step[6].grad[0][33].bits = 0xbbbd16e8
step[6].grad[0][34].bits = 0x3cef0b32
step[6].grad[0][35].bits = 0xbc0bb3d2
step[6].grad[0][36].bits = 0x00000000
step[6].grad[0][37].bits = 0xbc6a8b21
step[6].grad[0][38].bits = 0xbcbfd041
step[6].grad[0][39].bits = 0xbc8fab5b
step[6].grad[0][40].bits = 0xbc089a38
step[6].grad[0][41].bits = 0x3ab93f56
step[6].grad[0][42].bits = 0x3cd5c6de
step[6].grad[0][43].bits = 0x3b8b1a4d
step[6].grad[0][44].bits = 0x3b85f8d0
step[6].grad[0][45].bits = 0xbc304458
step[6].grad[0][46].bits = 0x3d10d4cd
step[6].grad[0][47].bits = 0x3bff992a
step[6].grad[0][48].bits = 0xba67caca
step[6].grad[0][49].bits = 0x3c4883ae
step[6].grad[0][50].bits = 0x3c8693ad
step[6].grad[0][51].bits = 0x3c6839c1
step[6].grad[0][52].bits = 0x00000000
step[6].grad[0][53].bits = 0x3cc17864
step[6].grad[0][54].bits = 0x3b1de140
step[6].grad[0][55].bits = 0x3b936ee8
step[6].grad[0][56].bits = 0x3c5fe8e0
step[6].grad[0][57].bits = 0xbb17d29a
step[6].grad[0][58].bits = 0xbb57f7d0
step[6].grad[0][59].bits = 0x389a1721
step[6].grad[0][60].bits = 0x3b7100f3
step[6].grad[0][61].bits = 0x3cd3d02b
step[6].grad[0][62].bits = 0xbb09ecfe
step[6].grad[0][63].bits = 0xbc511f77
step[6].grad[0][64].bits = 0x3b83c8b7
step[6].grad[0][65].bits = 0x3c234f50
step[6].grad[0][66].bits = 0x3a61ab15
step[6].grad[0][67].bits = 0x3c66a754
step[6].grad[0][68].bits = 0x00000000
step[6].grad[0][69].bits = 0x3ca2e66c
step[6].grad[0][70].bits = 0x3c806d14
step[6].grad[0][71].bits = 0x3bf9b0c9
step[6].grad[0][72].bits = 0x3c1f65e2
step[6].grad[0][73].bits = 0xbad8291f
step[6].grad[0][74].bits = 0xbccf24bc
step[6].grad[0][75].bits = 0xbbbecaa4
step[6].grad[0][76].bits = 0xbba41757
step[6].grad[0][77].bits = 0x3c8fc20d
step[6].grad[0][78].bits = 0xbc7f4256
step[6].grad[0][79].bits = 0xbc5272fe
step[6].grad[0][80].bits = 0x3c5bac0f
step[6].grad[0][81].bits = 0x3b376fcd
step[6].grad[0][82].bits = 0xbcb94c15
step[6].grad[0][83].bits = 0x3a38788c
step[6].grad[0][84].bits = 0x00000000
step[6].grad[0][85].bits = 0x3c556a1c
step[6].grad[0][86].bits = 0x3bb5e6ec
step[6].grad[0][87].bits = 0x3c934fbe
step[6].grad[0][88].bits = 0x3c5c2ba3
step[6].grad[0][89].bits = 0xbb15498b
step[6].grad[0][90].bits = 0x3c46c9b5
step[6].grad[0][91].bits = 0x3bc19be8
step[6].grad[0][92].bits = 0x3c111ae9
step[6].grad[0][93].bits = 0x3c52a20c
step[6].grad[0][94].bits = 0xbca86913
step[6].grad[0][95].bits = 0xb9f45bd9
step[6].grad[0][96].bits = 0x3be7db68
step[6].grad[0][97].bits = 0xbc763f21
step[6].grad[0][98].bits = 0xbc804585
step[6].grad[0][99].bits = 0xbc8d94b9
step[6].grad[0][100].bits = 0x00000000
step[6].grad[0][101].bits = 0xbbd8a9a3
step[6].grad[0][102].bits = 0x3b53cb9b
step[6].grad[0][103].bits = 0x3c1c49b5
step[6].grad[0][104].bits = 0x3bec8163
step[6].grad[0][105].bits = 0xbaa05cfe
step[6].grad[0][106].bits = 0x3c4c3739
step[6].grad[0][107].bits = 0xb9c5fd91
step[6].grad[0][108].bits = 0xbba0cc33
step[6].grad[0][109].bits = 0xbcb9ad7c
step[6].grad[0][110].bits = 0x3bd12702
step[6].grad[0][111].bits = 0x3c7edba0
step[6].grad[0][112].bits = 0xbc1a4c1d
step[6].grad[0][113].bits = 0xbb7f7fc6
step[6].grad[0][114].bits = 0x3ab207cd
step[6].grad[0][115].bits = 0xbb8df1c4
step[6].grad[0][116].bits = 0x00000000
step[6].grad[0][117].bits = 0xbce3209f
step[6].grad[0][118].bits = 0xbc1f95d0
step[6].grad[0][119].bits = 0xbc9d47e4
step[6].grad[0][120].bits = 0xbcd70fa9
step[6].grad[0][121].bits = 0x3b91d2ab
step[6].grad[0][122].bits = 0xbbac5812
step[6].grad[0][123].bits = 0xb9eb72a2
step[6].grad[0][124].bits = 0xbae573b3
step[6].grad[0][125].bits = 0xbc8a3ede
step[6].grad[0][126].bits = 0x3bcb81e3
step[6].grad[0][127].bits = 0x3b7eda50
step[6].grad[1][0].bits = 0x3cd6203a
step[6].grad[1][1].bits = 0xbc80b3d4
step[6].grad[1][2].bits = 0xbd47004d
step[6].grad[1][3].bits = 0xbcabead6
step[6].grad[1][4].bits = 0x00000000
step[6].grad[1][5].bits = 0x3c0c6c56
step[6].grad[1][6].bits = 0x3c479707
step[6].grad[1][7].bits = 0x3d1049e0
step[6].grad[1][8].bits = 0x3cda2d3b
step[6].grad[1][9].bits = 0xbb93ef76
step[6].grad[1][10].bits = 0x3cf2850e
step[6].grad[1][11].bits = 0x3bd12f1f
step[6].grad[1][12].bits = 0x3b861a61
step[6].grad[1][13].bits = 0xbc53c9c8
step[6].grad[1][14].bits = 0xbc93ef62
step[6].grad[1][15].bits = 0x3c9c52fa
step[6].grad[2][0].bits = 0xbd4ef349
step[6].grad[2][1].bits = 0x3d050e1b
step[6].grad[2][2].bits = 0x39a28474
step[6].grad[2][3].bits = 0x3cbed0a3
step[6].grad[2][4].bits = 0x3dc75846
step[6].grad[2][5].bits = 0xbd24b5dd
step[6].grad[2][6].bits = 0x3d954e7a
step[6].grad[2][7].bits = 0x3d46c9cf
step[6].grad[2][8].bits = 0x3ccb3b10
step[6].grad[2][9].bits = 0xbc171e8a
step[6].grad[2][10].bits = 0x3d5b9b1f
step[6].grad[2][11].bits = 0x3c160153
step[6].grad[2][12].bits = 0x3cf23382
step[6].grad[2][13].bits = 0xbc967477
step[6].grad[2][14].bits = 0x3cc25dc4
step[6].grad[2][15].bits = 0x3c4bad3a
step[6].grad[2][16].bits = 0x00000000
step[6].grad[2][17].bits = 0x00000000
step[6].grad[2][18].bits = 0x00000000
step[6].grad[2][19].bits = 0x00000000
step[6].grad[2][20].bits = 0xbcbb0c09
step[6].grad[2][21].bits = 0x3c3509cb
step[6].grad[2][22].bits = 0xbbaae4bd
step[6].grad[2][23].bits = 0x3cf3ffe9
step[6].grad[2][24].bits = 0xbd177ebb
step[6].grad[2][25].bits = 0x3dec2f1e
step[6].grad[2][26].bits = 0x3d881812
step[6].grad[2][27].bits = 0x3dac6de5
step[6].grad[2][28].bits = 0xbda348c2
step[6].grad[2][29].bits = 0x3d6f7419
step[6].grad[2][30].bits = 0x3cc8a7b7
step[6].grad[2][31].bits = 0x3c80ec13
step[6].grad[2][32].bits = 0xbb8c58f0
step[6].grad[2][33].bits = 0x3b12e00d
step[6].grad[2][34].bits = 0xbadc8bb7
step[6].grad[2][35].bits = 0x3b6377ab
step[6].grad[2][36].bits = 0xbd4e16b5
step[6].grad[2][37].bits = 0x3cd7ac9a
step[6].grad[2][38].bits = 0xbca1ed3d
step[6].grad[2][39].bits = 0x3d270239
step[6].grad[2][40].bits = 0xbd60a515
step[6].grad[2][41].bits = 0x3da1fa5b
step[6].grad[2][42].bits = 0x3dbc429b
step[6].grad[2][43].bits = 0x3c8de674
step[6].grad[2][44].bits = 0x3c8038d4
step[6].grad[2][45].bits = 0x3cfcee2c
step[6].grad[2][46].bits = 0x3b0ae532
step[6].grad[2][47].bits = 0x3cb2ce11
step[6].grad[2][48].bits = 0x3d7bd9b0
step[6].grad[2][49].bits = 0x3d252943
step[6].grad[2][50].bits = 0x3ceeca65
step[6].grad[2][51].bits = 0x3d62aabd
step[6].grad[2][52].bits = 0x3d6b6613
step[6].grad[2][53].bits = 0xbc3d0e30
step[6].grad[2][54].bits = 0x3d26369e
step[6].grad[2][55].bits = 0x3d113cf0
step[6].grad[2][56].bits = 0x3a9e5668
step[6].grad[2][57].bits = 0x3c3ca5a3
step[6].grad[2][58].bits = 0x3d8ad0c8
step[6].grad[2][59].bits = 0xbb046b90
step[6].grad[2][60].bits = 0x3dc2e65b
step[6].grad[2][61].bits = 0x3d71c170
step[6].grad[2][62].bits = 0x3d3c5c61
step[6].grad[2][63].bits = 0x3dacce7d
step[6].grad[3][0].bits = 0xbd47a7bd
step[6].grad[3][1].bits = 0x3e346618
step[6].grad[3][2].bits = 0x3e2db338
step[6].grad[3][3].bits = 0x3e1d674e
step[7].grad[0][0].bits = 0xbc79349f
step[7].grad[0][1].bits = 0xbb4a33a3
step[7].grad[0][2].bits = 0x3cfc921f
step[7].grad[0][3].bits = 0xbb9bbfbe
step[7].grad[0][4].bits = 0x00000000
step[7].grad[0][5].bits = 0xbc462ad0
step[7].grad[0][6].bits = 0xbca30af7
step[7].grad[0][7].bits = 0xbc8f1cb8
step[7].grad[0][8].bits = 0xbc172965
step[7].grad[0][9].bits = 0x3b01b9d6
step[7].grad[0][10].bits = 0x3c9aa68a
step[7].grad[0][11].bits = 0x3b1382a0
step[7].grad[0][12].bits = 0x3b023ace
step[7].grad[0][13].bits = 0xbc014354
step[7].grad[0][14].bits = 0x3d05167b
step[7].grad[0][15].bits = 0x3b836f10
step[7].grad[0][16].bits = 0x3c8cd74f
step[7].grad[0][17].bits = 0x3ad3900f
step[7].grad[0][18].bits = 0xbd22019a
step[7].grad[0][19].bits = 0x3a24ff7b
step[7].grad[0][20].bits = 0x00000000
step[7].grad[0][21].bits = 0x3bb893d0
step[7].grad[0][22].bits = 0x3c5e2935
step[7].grad[0][23].bits = 0x3c92140c
step[7].grad[0][24].bits = 0x3bb78a83
step[7].grad[0][25].bits = 0xba9d8380
step[7].grad[0][26].bits = 0xbbe36b0f
step[7].grad[0][27].bits = 0x3b14ac59
step[7].grad[0][28].bits = 0x3b6626c0
step[7].grad[0][29].bits = 0x3bb93537
step[7].grad[0][30].bits = 0xbd115d28
step[7].grad[0][31].bits = 0xba24e27c
step[7].grad[0][32].bits = 0xbc6b38a9
step[7].grad[0][33].bits = 0xbbbbf718
step[7].grad[0][34].bits = 0x3ceb44e8
step[7].grad[0][35].bits = 0xbc0e396c
step[7].grad[0][36].bits = 0x00000000
step[7].grad[0][37].bits = 0xbc6672dc
step[7].grad[0][38].bits = 0xbcba1aa0
step[7].grad[0][39].bits = 0xbc8535c1
step[7].grad[0][40].bits = 0xbc053e02
step[7].grad[0][41].bits = 0x3ae4b1f1
step[7].grad[0][42].bits = 0x3cd98da6
step[7].grad[0][43].bits = 0x3b7f41b0
step[7].grad[0][44].bits = 0x3b590983
step[7].grad[0][45].bits = 0xbc398475
step[7].grad[0][46].bits = 0x3d0fb412
step[7].grad[0][47].bits = 0x3bf04f8d
step[7].grad[0][48].bits = 0xba8acd0a
step[7].grad[0][49].bits = 0x3c4e9187
step[7].grad[0][50].bits = 0x3c82c60b
step[7].grad[0][51].bits = 0x3c6c6aef
step[7].grad[0][52].bits = 0x00000000
step[7].grad[0][53].bits = 0x3cbe1dbc
step[7].grad[0][54].bits = 0x3b0d8c5a
step[7].grad[0][55].bits = 0x3b8dbc8f
step[7].grad[0][56].bits = 0x3c5a66e0
step[7].grad[0][57].bits = 0xbb3b6e54
step[7].grad[0][58].bits = 0xbb4358d8
step[7].grad[0][59].bits = 0x388d612e
step[7].grad[0][60].bits = 0x3b86e515
step[7].grad[0][61].bits = 0x3cd6d884
step[7].grad[0][62].bits = 0xbb17466d
step[7].grad[0][63].bits = 0xbc4bd175
step[7].grad[0][64].bits = 0x3b742c8a
step[7].grad[0][65].bits = 0x3c238b61
step[7].grad[0][66].bits = 0x3a358c2b
step[7].grad[0][67].bits = 0x3c6ad13d
step[7].grad[0][68].bits = 0x00000000
step[7].grad[0][69].bits = 0x3ca08ca5
step[7].grad[0][70].bits = 0x3c81896e
step[7].grad[0][71].bits = 0x3bea2e43
step[7].grad[0][72].bits = 0x3c1b7a20
step[7].grad[0][73].bits = 0xbb056de9
step[7].grad[0][74].bits = 0xbcc9564d
step[7].grad[0][75].bits = 0xbbaf0daa
step[7].grad[0][76].bits = 0xbb7d6c65
step[7].grad[0][77].bits = 0x3c9701c9
step[7].grad[0][78].bits = 0xbc7ffe97
step[7].grad[0][79].bits = 0xbc470f7b
step[7].grad[0][80].bits = 0x3c503af6
step[7].grad[0][81].bits = 0x3b4fca21
step[7].grad[0][82].bits = 0xbcb5d953
step[7].grad[0][83].bits = 0x3a3bcd0a
step[7].grad[0][84].bits = 0x00000000
step[7].grad[0][85].bits = 0x3c4e9280
step[7].grad[0][86].bits = 0x3b7aa607
step[7].grad[0][87].bits = 0x3c891efb
step[7].grad[0][88].bits = 0x3c56c12f
step[7].grad[0][89].bits = 0xbb384d0a
step[7].grad[0][90].bits = 0x3c291d4b
step[7].grad[0][91].bits = 0x3bb1a36f
step[7].grad[0][92].bits = 0x3c05e6f3
step[7].grad[0][93].bits = 0x3c48b96a
step[7].grad[0][94].bits = 0xbca689ad
step[7].grad[0][95].bits = 0xba580a11
step[7].grad[0][96].bits = 0x3bdbb7d3
step[7].grad[0][97].bits = 0xbc7de932
step[7].grad[0][98].bits = 0xbc78a025
step[7].grad[0][99].bits = 0xbc902302
step[7].grad[0][100].bits = 0x00000000
step[7].grad[0][101].bits = 0xbbe0ab4b
step[7].grad[0][102].bits = 0x3b38675a
step[7].grad[0][103].bits = 0x3c117ef7
step[7].grad[0][104].bits = 0x3be6b012
step[7].grad[0][105].bits = 0xbac5f982
step[7].grad[0][106].bits = 0x3c3f55eb
step[7].grad[0][107].bits = 0xb9b5a891
step[7].grad[0][108].bits = 0xbbb13843
step[7].grad[0][109].bits = 0xbcbf7ee2
step[7].grad[0][110].bits = 0x3bd7d4d8
step[7].grad[0][111].bits = 0x3c78b04d
step[7].grad[0][112].bits = 0xbc0e14b3
step[7].grad[0][113].bits = 0xbb84494e
step[7].grad[0][114].bits = 0x3ab4c9b1
step[7].grad[0][115].bits = 0xbb9081bb
step[7].grad[0][116].bits = 0x00000000
step[7].grad[0][117].bits = 0xbcdc78b1
step[7].grad[0][118].bits = 0xbc0dbf03
step[7].grad[0][119].bits = 0xbc93b37d
step[7].grad[0][120].bits = 0xbcd1c562
step[7].grad[0][121].bits = 0x3bb40627
step[7].grad[0][122].bits = 0xbb959ef9
step[7].grad[0][123].bits = 0xb9d806a4
step[7].grad[0][124].bits = 0xbaf05d77
step[7].grad[0][125].bits = 0xbc88c21d
step[7].grad[0][126].bits = 0x3bcb6b0b
step[7].grad[0][127].bits = 0x3b7a23af
step[7].grad[1][0].bits = 0x3ccaeb3c
step[7].grad[1][1].bits = 0xbc8200a0
step[7].grad[1][2].bits = 0xbd424d8e
step[7].grad[1][3].bits = 0xbcaf0550
step[7].grad[1][4].bits = 0x00000000
step[7].grad[1][5].bits = 0x3bfce4ac
step[7].grad[1][6].bits = 0x3c1bdf41
step[7].grad[1][7].bits = 0x3d0652f5
step[7].grad[1][8].bits = 0x3cd4cf55
step[7].grad[1][9].bits = 0xbbb6a1c9
step[7].grad[1][10].bits = 0x3cd82187
step[7].grad[1][11].bits = 0x3bbfedbf
step[7].grad[1][12].bits = 0x3b2ebdda
step[7].grad[1][13].bits = 0xbc6e582d
step[7].grad[1][14].bits = 0xbc8f70a5
step[7].grad[1][15].bits = 0x3c9506f3
step[7].grad[2][0].bits = 0xbd4991f9
step[7].grad[2][1].bits = 0x3cfe3209
step[7].grad[2][2].bits = 0xba578ea6
step[7].grad[2][3].bits = 0x3cb81a51
step[7].grad[2][4].bits = 0x3dc6781c
step[7].grad[2][5].bits = 0xbd2a83c1
step[7].grad[2][6].bits = 0x3d91a10c
step[7].grad[2][7].bits = 0x3d3f66b2
step[7].grad[2][8].bits = 0x3cc6a00a
step[7].grad[2][9].bits = 0xbc1c19c0
step[7].grad[2][10].bits = 0x3d5b0998
step[7].grad[2][11].bits = 0x3c00e967
step[7].grad[2][12].bits = 0x3cf34925
step[7].grad[2][13].bits = 0xbc9af8bb
step[7].grad[2][14].bits = 0x3cc00f05
step[7].grad[2][15].bits = 0x3c455cef
step[7].grad[2][16].bits = 0x00000000
step[7].grad[2][17].bits = 0x00000000
step[7].grad[2][18].bits = 0x00000000
step[7].grad[2][19].bits = 0x00000000
step[7].grad[2][20].bits = 0xbcb3465a
step[7].grad[2][21].bits = 0x3c247f45
step[7].grad[2][22].bits = 0xbbb4b38e
step[7].grad[2][23].bits = 0x3ced02c9
step[7].grad[2][24].bits = 0xbd123c9b
step[7].grad[2][25].bits = 0x3de343ef
step[7].grad[2][26].bits = 0x3d7ee5ae
step[7].grad[2][27].bits = 0x3da473c7
step[7].grad[2][28].bits = 0xbd9f6997
step[7].grad[2][29].bits = 0x3d66738e
step[7].grad[2][30].bits = 0x3cba1333
step[7].grad[2][31].bits = 0x3c6c0838
step[7].grad[2][32].bits = 0xbb78f71d
step[7].grad[2][33].bits = 0x3afefbfd
step[7].grad[2][34].bits = 0xbacd845b
step[7].grad[2][35].bits = 0x3b487dca
step[7].grad[2][36].bits = 0xbd4bdc76
step[7].grad[2][37].bits = 0x3cd0ca2f
step[7].grad[2][38].bits = 0xbca848c6
step[7].grad[2][39].bits = 0x3d242b49
step[7].grad[2][40].bits = 0xbd5f8655
step[7].grad[2][41].bits = 0x3d9c039c
step[7].grad[2][42].bits = 0x3db56617
step[7].grad[2][43].bits = 0x3c69ffad
step[7].grad[2][44].bits = 0x3c7c266d
step[7].grad[2][45].bits = 0x3cf6393b
step[7].grad[2][46].bits = 0x3abe19ed
step[7].grad[2][47].bits = 0x3cabaf90
step[7].grad[2][48].bits = 0x3d78f87b
step[7].grad[2][49].bits = 0x3d1da7fc
step[7].grad[2][50].bits = 0x3cdf51df
step[7].grad[2][51].bits = 0x3d59bcfd
step[7].grad[2][52].bits = 0x3d6c1346
step[7].grad[2][53].bits = 0xbc51da61
step[7].grad[2][54].bits = 0x3d22472f
step[7].grad[2][55].bits = 0x3d0bf0b3
step[7].grad[2][56].bits = 0x3a2c1208
step[7].grad[2][57].bits = 0x3c3443e3
step[7].grad[2][58].bits = 0x3d88c884
step[7].grad[2][59].bits = 0xbb674f81
step[7].grad[2][60].bits = 0x3dc0146c
step[7].grad[2][61].bits = 0x3d6713ed
step[7].grad[2][62].bits = 0x3d2f8f8d
step[7].grad[2][63].bits = 0x3da5bc2d
step[7].grad[3][0].bits = 0xbd4357aa
step[7].grad[3][1].bits = 0x3e2cb70c
step[7].grad[3][2].bits = 0x3e2557a8
step[7].grad[3][3].bits = 0x3e159237
step[8].grad[0][0].bits = 0xbc6dfe7e
step[8].grad[0][1].bits = 0xbb485683
step[8].grad[0][2].bits = 0x3cf84778
step[8].grad[0][3].bits = 0xbb9e5fd5
step[8].grad[0][4].bits = 0x00000000
step[8].grad[0][5].bits = 0xbc41a077
step[8].grad[0][6].bits = 0xbc9bd0a0
step[8].grad[0][7].bits = 0xbc849e2e
step[8].grad[0][8].bits = 0xbc138bdc
step[8].grad[0][9].bits = 0x3b19515f
step[8].grad[0][10].bits = 0x3ca11949
step[8].grad[0][11].bits = 0x3b06ebef
step[8].grad[0][12].bits = 0x3acf4c67
step[8].grad[0][13].bits = 0xbc054a77
step[8].grad[0][14].bits = 0x3d03e18d
step[8].grad[0][15].bits = 0x3b7737d1
step[8].grad[0][16].bits = 0x3c871cc1
step[8].grad[0][17].bits = 0x3ae905c1
step[8].grad[0][18].bits = 0xbd1f07ff
step[8].grad[0][19].bits = 0x3a27c77b
step[8].grad[0][20].bits = 0x00000000
step[8].grad[0][21].bits = 0x3bb308ca
step[8].grad[0][22].bits = 0x3c477726
step[8].grad[0][23].bits = 0x3c86ed60
step[8].grad[0][24].bits = 0x3bb326b9
step[8].grad[0][25].bits = 0xbaba28ba
step[8].grad[0][26].bits = 0xbc0bd86c
step[8].grad[0][27].bits = 0x3b07fc3f
step[8].grad[0][28].bits = 0x3b558689
step[8].grad[0][29].bits = 0x3bb21dec
step[8].grad[0][30].bits = 0xbd0fc2f9
step[8].grad[0][31].bits = 0xba4606d5
step[8].grad[0][32].bits = 0xbc60c8b4
step[8].grad[0][33].bits = 0xbbbab98d
step[8].grad[0][34].bits = 0x3ce79e05
step[8].grad[0][35].bits = 0xbc109f26
step[8].grad[0][36].bits = 0x00000000
step[8].grad[0][37].bits = 0xbc6279f6
step[8].grad[0][38].bits = 0xbcb491dc
step[8].grad[0][39].bits = 0xbc76c75f
step[8].grad[0][40].bits = 0xbc020e30
step[8].grad[0][41].bits = 0x3b07248d
step[8].grad[0][42].bits = 0x3cdd4175
step[8].grad[0][43].bits = 0x3b697909
step[8].grad[0][44].bits = 0x3b2a2fca
step[8].grad[0][45].bits = 0xbc421f0b
step[8].grad[0][46].bits = 0x3d0e9f17
step[8].grad[0][47].bits = 0x3be274a3
step[8].grad[0][48].bits = 0xbaa0b147
step[8].grad[0][49].bits = 0x3c54882b
step[8].grad[0][50].bits = 0x3c7e5b65
step[8].grad[0][51].bits = 0x3c70671f
step[8].grad[0][52].bits = 0x00000000
step[8].grad[0][53].bits = 0x3cbadc7d
step[8].grad[0][54].bits = 0x3af7c97c
step[8].grad[0][55].bits = 0x3b886dd1
step[8].grad[0][56].bits = 0x3c552da4
step[8].grad[0][57].bits = 0xbb5d8463
step[8].grad[0][58].bits = 0xbb3098c2
step[8].grad[0][59].bits = 0x3881506c
step[8].grad[0][60].bits = 0x3b942918
step[8].grad[0][61].bits = 0x3cd9cacd
step[8].grad[0][62].bits = 0xbb23f30f
step[8].grad[0][63].bits = 0xbc46e714
step[8].grad[0][64].bits = 0x3b61e8f1
step[8].grad[0][65].bits = 0x3c23af27
step[8].grad[0][66].bits = 0x3a0ce762
step[8].grad[0][67].bits = 0x3c6ec686
step[8].grad[0][68].bits = 0x00000000
step[8].grad[0][69].bits = 0x3c9e3eee
step[8].grad[0][70].bits = 0x3c82076b
step[8].grad[0][71].bits = 0x3bdba3d4
step[8].grad[0][72].bits = 0x3c17c22b
step[8].grad[0][73].bits = 0xbb1db1dc
step[8].grad[0][74].bits = 0xbcc42eb8
step[8].grad[0][75].bits = 0xbba01d3b
step[8].grad[0][76].bits = 0xbb389d5e
step[8].grad[0][77].bits = 0x3c9dc080
step[8].grad[0][78].bits = 0xbc805668
step[8].grad[0][79].bits = 0xbc3cb88e
step[8].grad[0][80].bits = 0x3c4580e4
step[8].grad[0][81].bits = 0x3b6824d2
step[8].grad[0][82].bits = 0xbcb289ff
step[8].grad[0][83].bits = 0x3a3ef770
step[8].grad[0][84].bits = 0x00000000
step[8].grad[0][85].bits = 0x3c4814de
step[8].grad[0][86].bits = 0x3b14da7f
step[8].grad[0][87].bits = 0x3c7f1d57
step[8].grad[0][88].bits = 0x3c519e48
step[8].grad[0][89].bits = 0xbb59d160
step[8].grad[0][90].bits = 0x3c0deaca
step[8].grad[0][91].bits = 0x3ba27a86
step[8].grad[0][92].bits = 0x3bf73365
step[8].grad[0][93].bits = 0x3c3fd8b6
step[8].grad[0][94].bits = 0xbca4bf19
step[8].grad[0][95].bits = 0xba95cb7a
step[8].grad[0][96].bits = 0x3bd05630
step[8].grad[0][97].bits = 0xbc82bb83
step[8].grad[0][98].bits = 0xbc7128ff
step[8].grad[0][99].bits = 0xbc9290fd
step[8].grad[0][100].bits = 0x00000000
step[8].grad[0][101].bits = 0xbbe7e185
step[8].grad[0][102].bits = 0x3b22b4f7
step[8].grad[0][103].bits = 0x3c075e2f
step[8].grad[0][104].bits = 0x3be12b9c
step[8].grad[0][105].bits = 0xbae9fa71
step[8].grad[0][106].bits = 0x3c33d4f4
step[8].grad[0][107].bits = 0xb9a627d4
step[8].grad[0][108].bits = 0xbbc05ba2
step[8].grad[0][109].bits = 0xbcc4f4f1
step[8].grad[0][110].bits = 0x3bde29b0
step[8].grad[0][111].bits = 0x3c72f62a
step[8].grad[0][112].bits = 0xbc029142
step[8].grad[0][113].bits = 0xbb88c4b7
step[8].grad[0][114].bits = 0x3ab72cd3
step[8].grad[0][115].bits = 0xbb92f14e
step[8].grad[0][116].bits = 0x00000000
step[8].grad[0][117].bits = 0xbcd62430
step[8].grad[0][118].bits = 0xbbfa9877
step[8].grad[0][119].bits = 0xbc8ab8ca
step[8].grad[0][120].bits = 0xbcccc0fe
step[8].grad[0][121].bits = 0x3bd4c360
step[8].grad[0][122].bits = 0xbb811181
step[8].grad[0][123].bits = 0xb9c59712
step[8].grad[0][124].bits = 0xbafa6fed
step[8].grad[0][125].bits = 0xbc878577
step[8].grad[0][126].bits = 0x3bcb51a2
step[8].grad[0][127].bits = 0x3b75b5bf
step[8].grad[1][0].bits = 0x3cc06950
step[8].grad[1][1].bits = 0xbc833b90
step[8].grad[1][2].bits = 0xbd3dd5f8
step[8].grad[1][3].bits = 0xbcb1f890
step[8].grad[1][4].bits = 0x00000000
step[8].grad[1][5].bits = 0x3be2dca0
step[8].grad[1][6].bits = 0x3beae482
step[8].grad[1][7].bits = 0x3cf9f1ef
step[8].grad[1][8].bits = 0x3ccfb856
step[8].grad[1][9].bits = 0xbbd7d86c
step[8].grad[1][10].bits = 0x3cc0217f
step[8].grad[1][11].bits = 0x3baf8ca2
step[8].grad[1][12].bits = 0x3ab16778
step[8].grad[1][13].bits = 0xbc836144
step[8].grad[1][14].bits = 0xbc8b288d
step[8].grad[1][15].bits = 0x3c8e6216
step[8].grad[2][0].bits = 0xbd447d05
step[8].grad[2][1].bits = 0x3cf30d2c
step[8].grad[2][2].bits = 0xbaf54e6d
step[8].grad[2][3].bits = 0x3cb1f16b
step[8].grad[2][4].bits = 0x3dc593c0
step[8].grad[2][5].bits = 0xbd2ffe24
step[8].grad[2][6].bits = 0x3d8e1de0
step[8].grad[2][7].bits = 0x3d384f16
step[8].grad[2][8].bits = 0x3cc217eb
step[8].grad[2][9].bits = 0xbc20f85a
step[8].grad[2][10].bits = 0x3d5a65d1
step[8].grad[2][11].bits = 0x3bd85f94
step[8].grad[2][12].bits = 0x3cf45c8b
step[8].grad[2][13].bits = 0xbc9f5f61
step[8].grad[2][14].bits = 0x3cbde23b
step[8].grad[2][15].bits = 0x3c3f4359
step[8].grad[2][16].bits = 0x00000000
step[8].grad[2][17].bits = 0x00000000
step[8].grad[2][18].bits = 0x00000000
step[8].grad[2][19].bits = 0x00000000
step[8].grad[2][20].bits = 0xbcabd20a
step[8].grad[2][21].bits = 0x3c14bd7b
step[8].grad[2][22].bits = 0xbbbd65d1
step[8].grad[2][23].bits = 0x3ce666a5
step[8].grad[2][24].bits = 0xbd0d64ee
step[8].grad[2][25].bits = 0x3ddae645
step[8].grad[2][26].bits = 0x3d6ea4ae
step[8].grad[2][27].bits = 0x3d9cf36f
step[8].grad[2][28].bits = 0xbd9bc80b
step[8].grad[2][29].bits = 0x3d5e0e93
step[8].grad[2][30].bits = 0x3cac8b41
step[8].grad[2][31].bits = 0x3c57ed0e
step[8].grad[2][32].bits = 0xbb5ab821
step[8].grad[2][33].bits = 0x3adb45cb
step[8].grad[2][34].bits = 0xbabcfa51
step[8].grad[2][35].bits = 0x3b2f1941
step[8].grad[2][36].bits = 0xbd49c846
step[8].grad[2][37].bits = 0x3cca4af7
step[8].grad[2][38].bits = 0xbcae580c
step[8].grad[2][39].bits = 0x3d218a20
step[8].grad[2][40].bits = 0xbd5ea60c
step[8].grad[2][41].bits = 0x3d9680fa
step[8].grad[2][42].bits = 0x3daefbc9
step[8].grad[2][43].bits = 0x3c3b8cc9
step[8].grad[2][44].bits = 0x3c77f238
step[8].grad[2][45].bits = 0x3cefea24
step[8].grad[2][46].bits = 0x3a57e712
step[8].grad[2][47].bits = 0x3ca4f23e
step[8].grad[2][48].bits = 0x3d7633db
step[8].grad[2][49].bits = 0x3d1695e0
step[8].grad[2][50].bits = 0x3cd0d269
step[8].grad[2][51].bits = 0x3d514ae7
step[8].grad[2][52].bits = 0x3d6cc32b
step[8].grad[2][53].bits = 0xbc659214
step[8].grad[2][54].bits = 0x3d1e98b3
step[8].grad[2][55].bits = 0x3d06ef52
step[8].grad[2][56].bits = 0x38e249d2
step[8].grad[2][57].bits = 0x3c2c7f26
step[8].grad[2][58].bits = 0x3d86d080
step[8].grad[2][59].bits = 0xbba3557f
step[8].grad[2][60].bits = 0x3dbd4d78
step[8].grad[2][61].bits = 0x3d5d1204
step[8].grad[2][62].bits = 0x3d237e20
step[8].grad[2][63].bits = 0x3d9f0496
step[8].grad[3][0].bits = 0xbd3f6857
step[8].grad[3][1].bits = 0x3e256dbb
step[8].grad[3][2].bits = 0x3e1d65dd
step[8].grad[3][3].bits = 0x3e0e21b9
step[9].grad[0][0].bits = 0xbc637b84
step[9].grad[0][1].bits = 0xbb46616c
step[9].grad[0][2].bits = 0x3cf4248b
step[9].grad[0][3].bits = 0xbba0df4c
step[9].grad[0][4].bits = 0x00000000
step[9].grad[0][5].bits = 0xbc3d4532
step[9].grad[0][6].bits = 0xbc950add
step[9].grad[0][7].bits = 0xbc757e50
step[9].grad[0][8].bits = 0xbc101cc0
step[9].grad[0][9].bits = 0x3b2ff164
step[9].grad[0][10].bits = 0x3ca731e2
step[9].grad[0][11].bits = 0x3af5e6c3
step[9].grad[0][12].bits = 0x3a9e542b
step[9].grad[0][13].bits = 0xbc091356
step[9].grad[0][14].bits = 0x3d02b96e
step[9].grad[0][15].bits = 0x3b69022d
step[9].grad[0][16].bits = 0x3c81c030
step[9].grad[0][17].bits = 0x3afe6a78
step[9].grad[0][18].bits = 0xbd1c2ca9
step[9].grad[0][19].bits = 0x3a2a6ceb
step[9].grad[0][20].bits = 0x00000000
step[9].grad[0][21].bits = 0x3badc2c4
step[9].grad[0][22].bits = 0x3c32e155
step[9].grad[0][23].bits = 0x3c78ded1
step[9].grad[0][24].bits = 0x3baefb4e
step[9].grad[0][25].bits = 0xbad5a169
step[9].grad[0][26].bits = 0xbc242291
step[9].grad[0][27].bits = 0x3af7d711
step[9].grad[0][28].bits = 0x3b463921
step[9].grad[0][29].bits = 0x3babcb92
step[9].grad[0][30].bits = 0xbd0e3a83
step[9].grad[0][31].bits = 0xba637bea
step[9].grad[0][32].bits = 0xbc57001d
step[9].grad[0][33].bits = 0xbbb965ea
step[9].grad[0][34].bits = 0x3ce414b3
step[9].grad[0][35].bits = 0xbc12e716
step[9].grad[0][36].bits = 0x00000000
step[9].grad[0][37].bits = 0xbc5e9ec8
step[9].grad[0][38].bits = 0xbcaf33a2
step[9].grad[0][39].bits = 0xbc644d97
step[9].grad[0][40].bits = 0xbbfe0e96
step[9].grad[0][41].bits = 0x3b1b15f4
step[9].grad[0][42].bits = 0x3ce0e20e
step[9].grad[0][43].bits = 0x3b54c208
step[9].grad[0][44].bits = 0x3afe0ec9
step[9].grad[0][45].bits = 0xbc4a2069
step[9].grad[0][46].bits = 0x3d0d950b
step[9].grad[0][47].bits = 0x3bd5de65
step[9].grad[0][48].bits = 0xbab5a8d9
step[9].grad[0][49].bits = 0x3c5a690d
step[9].grad[0][50].bits = 0x3c778ef3
step[9].grad[0][51].bits = 0x3c7431cb
step[9].grad[0][52].bits = 0x00000000
step[9].grad[0][53].bits = 0x3cb7b356
step[9].grad[0][54].bits = 0x3ad239dd
step[9].grad[0][55].bits = 0x3b8378ea
step[9].grad[0][56].bits = 0x3c50377c
step[9].grad[0][57].bits = 0xbb7e34d3
step[9].grad[0][58].bits = 0xbb1f8678
step[9].grad[0][59].bits = 0x386bae79
step[9].grad[0][60].bits = 0x3ba065b9
step[9].grad[0][61].bits = 0x3cdca77a
step[9].grad[0][62].bits = 0xbb2ff61f
step[9].grad[0][63].bits = 0xbc42552d
step[9].grad[0][64].bits = 0x3b50abea
step[9].grad[0][65].bits = 0x3c23c01f
step[9].grad[0][66].bits = 0x39cf0f0d
step[9].grad[0][67].bits = 0x3c728aa0
step[9].grad[0][68].bits = 0x00000000
step[9].grad[0][69].bits = 0x3c9bfd0b
step[9].grad[0][70].bits = 0x3c81fae6
step[9].grad[0][71].bits = 0x3bcdfb26
step[9].grad[0][72].bits = 0x3c1439f6
step[9].grad[0][73].bits = 0xbb34f73a
step[9].grad[0][74].bits = 0xbcbf9b6d
step[9].grad[0][75].bits = 0xbb91e876
step[9].grad[0][76].bits = 0xbaf2729d
step[9].grad[0][77].bits = 0x3ca407e8
step[9].grad[0][78].bits = 0xbc80a62a
step[9].grad[0][79].bits = 0xbc334f7b
step[9].grad[0][80].bits = 0x3c3b6cc4
step[9].grad[0][81].bits = 0x3b8037fb
step[9].grad[0][82].bits = 0xbcaf5c02
step[9].grad[0][83].bits = 0x3a41fa80
step[9].grad[0][84].bits = 0x00000000
step[9].grad[0][85].bits = 0x3c41e9f3
step[9].grad[0][86].bits = 0x3a64c6f3
step[9].grad[0][87].bits = 0x3c6d2138
step[9].grad[0][88].bits = 0x3c4cbd55
step[9].grad[0][89].bits = 0xbb79f610
step[9].grad[0][90].bits = 0x3be9e254
step[9].grad[0][91].bits = 0x3b94100d
step[9].grad[0][92].bits = 0x3be43c60
step[9].grad[0][93].bits = 0x3c37e835
step[9].grad[0][94].bits = 0xbca3083d
step[9].grad[0][95].bits = 0xbabb036c
step[9].grad[0][96].bits = 0x3bc5a467
step[9].grad[0][97].bits = 0xbc867518
step[9].grad[0][98].bits = 0xbc6a1eb5
step[9].grad[0][99].bits = 0xbc94e0c7
step[9].grad[0][100].bits = 0x00000000
step[9].grad[0][101].bits = 0xbbee6097
step[9].grad[0][102].bits = 0x3b1204a5
step[9].grad[0][103].bits = 0x3bfbb0a4
step[9].grad[0][104].bits = 0x3bdbee00
step[9].grad[0][105].bits = 0xbb0640d1
step[9].grad[0][106].bits = 0x3c298ef4
step[9].grad[0][107].bits = 0xb99769d7
step[9].grad[0][108].bits = 0xbbce52f3
step[9].grad[0][109].bits = 0xbcca16d0
step[9].grad[0][110].bits = 0x3be426ab
step[9].grad[0][111].bits = 0x3c6da097
step[9].grad[0][112].bits = 0xbbef6263
step[9].grad[0][113].bits = 0xbb8d326c
step[9].grad[0][114].bits = 0x3ab936e8
step[9].grad[0][115].bits = 0xbb95429d
step[9].grad[0][116].bits = 0x00000000
step[9].grad[0][117].bits = 0xbcd01c87
step[9].grad[0][118].bits = 0xbbdc3069
step[9].grad[0][119].bits = 0xbc8249e7
step[9].grad[0][120].bits = 0xbcc7fd07
step[9].grad[0][121].bits = 0x3bf4291c
step[9].grad[0][122].bits = 0xbb5ceb8a
step[9].grad[0][123].bits = 0xb9b40f17
step[9].grad[0][124].bits = 0xbb01deb5
step[9].grad[0][125].bits = 0xbc8681ff
step[9].grad[0][126].bits = 0x3bcb34ee
step[9].grad[0][127].bits = 0x3b718890
step[9].grad[1][0].bits = 0x3cb689c1
step[9].grad[1][1].bits = 0xbc8467ef
step[9].grad[1][2].bits = 0xbd399608
step[9].grad[1][3].bits = 0xbcb4c727
step[9].grad[1][4].bits = 0x00000000
step[9].grad[1][5].bits = 0x3bca93f4
step[9].grad[1][6].bits = 0x3ba77070
step[9].grad[1][7].bits = 0x3ce85c08
step[9].grad[1][8].bits = 0x3ccae2b3
step[9].grad[1][9].bits = 0xbbf7b298
step[9].grad[1][10].bits = 0x3caa4585
step[9].grad[1][11].bits = 0x3b9ff947
step[9].grad[1][12].bits = 0x3916ccc0
step[9].grad[1][13].bits = 0xbc8e9bc8
step[9].grad[1][14].bits = 0xbc871557
step[9].grad[1][15].bits = 0x3c88514e
step[9].grad[2][0].bits = 0xbd3fadfd
step[9].grad[2][1].bits = 0x3ce89c59
step[9].grad[2][2].bits = 0xbb3a7791
step[9].grad[2][3].bits = 0x3cac48be
step[9].grad[2][4].bits = 0x3dc4ab51
step[9].grad[2][5].bits = 0xbd3529e1
step[9].grad[2][6].bits = 0x3d8ac251
step[9].grad[2][7].bits = 0x3d317e3d
step[9].grad[2][8].bits = 0x3cbda20e
step[9].grad[2][9].bits = 0xbc25b71e
step[9].grad[2][10].bits = 0x3d59b1ce
step[9].grad[2][11].bits = 0x3bafae95
step[9].grad[2][12].bits = 0x3cf56cf2
step[9].grad[2][13].bits = 0xbca3a9aa
step[9].grad[2][14].bits = 0x3cbbd4bc
step[9].grad[2][15].bits = 0x3c395c24
step[9].grad[2][16].bits = 0x00000000
step[9].grad[2][17].bits = 0x00000000
step[9].grad[2][18].bits = 0x00000000
step[9].grad[2][19].bits = 0x00000000
step[9].grad[2][20].bits = 0xbca4a9d6
step[9].grad[2][21].bits = 0x3c05b5bc
step[9].grad[2][22].bits = 0xbbc51796
step[9].grad[2][23].bits = 0x3ce02388
step[9].grad[2][24].bits = 0xbd08ee13
step[9].grad[2][25].bits = 0x3dd3094d
step[9].grad[2][26].bits = 0x3d5f5468
step[9].grad[2][27].bits = 0x3d95e1d0
step[9].grad[2][28].bits = 0xbd985ecd
step[9].grad[2][29].bits = 0x3d563730
step[9].grad[2][30].bits = 0x3c9ff6b5
step[9].grad[2][31].bits = 0x3c455d42
step[9].grad[2][32].bits = 0xbb3ddaab
step[9].grad[2][33].bits = 0x3aba598d
step[9].grad[2][34].bits = 0xbaab21ad
step[9].grad[2][35].bits = 0x3b172796
step[9].grad[2][36].bits = 0xbd47d6d8
step[9].grad[2][37].bits = 0x3cc4268c
step[9].grad[2][38].bits = 0xbcb421c6
step[9].grad[2][39].bits = 0x3d1f1ab7
step[9].grad[2][40].bits = 0xbd5dfcb3
step[9].grad[2][41].bits = 0x3d9166e8
step[9].grad[2][42].bits = 0x3da8f858
step[9].grad[2][43].bits = 0x3c102301
step[9].grad[2][44].bits = 0x3c73d43c
step[9].grad[2][45].bits = 0x3ce9f93c
step[9].grad[2][46].bits = 0x39774b45
step[9].grad[2][47].bits = 0x3c9e8ee7
step[9].grad[2][48].bits = 0x3d73893d
step[9].grad[2][49].bits = 0x3d0fe9f8
step[9].grad[2][50].bits = 0x3cc33747
step[9].grad[2][51].bits = 0x3d494a2e
step[9].grad[2][52].bits = 0x3d6d74bb
step[9].grad[2][53].bits = 0xbc784dca
step[9].grad[2][54].bits = 0x3d1b24bc
step[9].grad[2][55].bits = 0x3d023118
step[9].grad[2][56].bits = 0xb9e4faca
step[9].grad[2][57].bits = 0x3c254df6
step[9].grad[2][58].bits = 0x3d84e7d0
step[9].grad[2][59].bits = 0xbbd150e4
step[9].grad[2][60].bits = 0x3dba90e6
step[9].grad[2][61].bits = 0x3d53af16
step[9].grad[2][62].bits = 0x3d181a7b
step[9].grad[2][63].bits = 0x3d98a133
step[9].grad[3][0].bits = 0xbd3bcffc
step[9].grad[3][1].bits = 0x3e1e8354
step[9].grad[3][2].bits = 0x3e15d6e1
step[9].grad[3][3].bits = 0x3e070f7b
step[0].param[0][0].bits = 0xbe8cedf6
step[0].param[0][1].bits = 0x3e410800
step[0].param[0][2].bits = 0xbeb0b50a
step[0].param[0][3].bits = 0x3e3fbc59
step[0].param[0][4].bits = 0x3cc16fed
step[0].param[0][5].bits = 0x3e4848b2
step[0].param[0][6].bits = 0xbdd4e0c6
step[0].param[0][7].bits = 0xbe3bd4b7
step[0].param[0][8].bits = 0x3db3e82a
step[0].param[0][9].bits = 0xbd921acf
step[0].param[0][10].bits = 0xbe319478
step[0].param[0][11].bits = 0x3eb0eb00
step[0].param[0][12].bits = 0x3e5bbdc3
step[0].param[0][13].bits = 0x3db1514b
step[0].param[0][14].bits = 0xbe413e43
step[0].param[0][15].bits = 0x3eab1de7
step[0].param[0][16].bits = 0xbe4f5bca
step[0].param[0][17].bits = 0xbba26b73
step[0].param[0][18].bits = 0xbbb3fec7
step[0].param[0][19].bits = 0xbe2e0e3c
step[0].param[0][20].bits = 0xbc16a89c
step[0].param[0][21].bits = 0xbe112413
step[0].param[0][22].bits = 0x3e6a3205
step[0].param[0][23].bits = 0x3dd5c307
step[0].param[0][24].bits = 0xbe83b9b7
step[0].param[0][25].bits = 0x3cb52233
step[0].param[0][26].bits = 0x3d863e2b
step[0].param[0][27].bits = 0x3dd040f3
step[0].param[0][28].bits = 0xbe88d3f0
step[0].param[0][29].bits = 0x3c75088e
step[0].param[0][30].bits = 0x3d6d04a3
step[0].param[0][31].bits = 0x3e653428
step[0].param[0][32].bits = 0xbe8b2b50
step[0].param[0][33].bits = 0x3ea63b97
step[0].param[0][34].bits = 0x3dbd1b9c
step[0].param[0][35].bits = 0xbd53cb75
step[0].param[0][36].bits = 0xbea894d8
step[0].param[0][37].bits = 0xbe24feed
step[0].param[0][38].bits = 0x3e882466
step[0].param[0][39].bits = 0xbe8d3268
step[0].param[0][40].bits = 0xbc151772
step[0].param[0][41].bits = 0x3defbf1e
step[0].param[0][42].bits = 0xbe8bf45d
step[0].param[0][43].bits = 0x3e60ac87
step[0].param[0][44].bits = 0x3d988d35
step[0].param[0][45].bits = 0x3e880217
step[0].param[0][46].bits = 0x3d9746f2
step[0].param[0][47].bits = 0x3e9ff709
step[0].param[0][48].bits = 0xbcf3a27d
step[0].param[0][49].bits = 0xbe87bf90
step[0].param[0][50].bits = 0xbe8d379a
step[0].param[0][51].bits = 0xbe830b92
step[0].param[0][52].bits = 0x3e25ef0d
step[0].param[0][53].bits = 0xbda66e28
step[0].param[0][54].bits = 0xbcd8ec81
step[0].param[0][55].bits = 0xbcbdd241
step[0].param[0][56].bits = 0xbe4461d8
step[0].param[0][57].bits = 0x3e9d945d
step[0].param[0][58].bits = 0xbdea2543
step[0].param[0][59].bits = 0x3e9ecca4
step[0].param[0][60].bits = 0xbe45d8b6
step[0].param[0][61].bits = 0x39a2b07c
step[0].param[0][62].bits = 0xbeaf64ce
step[0].param[0][63].bits = 0x3e5bd396
step[0].param[0][64].bits = 0xbd12269a
step[0].param[0][65].bits = 0xbe3fd6d5
step[0].param[0][66].bits = 0x3c075a36
step[0].param[0][67].bits = 0xbdd96a73
step[0].param[0][68].bits = 0xbeab9157
step[0].param[0][69].bits = 0x3eb264c0
step[0].param[0][70].bits = 0x3cb52d1a
step[0].param[0][71].bits = 0x3e87f597
step[0].param[0][72].bits = 0x3e7b22af
step[0].param[0][73].bits = 0x3ea9f797
step[0].param[0][74].bits = 0xbe3dd801
step[0].param[0][75].bits = 0x3e9e611f
step[0].param[0][76].bits = 0xbeaad8a9
step[0].param[0][77].bits = 0x3e0fcb55
step[0].param[0][78].bits = 0x3dbb0324
step[0].param[0][79].bits = 0xbe398100
step[0].param[0][80].bits = 0xbe8eddff
step[0].param[0][81].bits = 0xbeac4e4a
step[0].param[0][82].bits = 0xbea23eca
step[0].param[0][83].bits = 0xbd389b93
step[0].param[0][84].bits = 0x3e351c87
step[0].param[0][85].bits = 0xbe97e903
step[0].param[0][86].bits = 0x3e81d90d
step[0].param[0][87].bits = 0x3e677dc8
step[0].param[0][88].bits = 0xbd4fddf2
step[0].param[0][89].bits = 0xbe41282d
step[0].param[0][90].bits = 0x3c21530a
step[0].param[0][91].bits = 0x3e16955c
step[0].param[0][92].bits = 0x3e91343b
step[0].param[0][93].bits = 0xbd11a0e5
step[0].param[0][94].bits = 0x3d7ef732
step[0].param[0][95].bits = 0x3eaad20b
step[0].param[0][96].bits = 0xbd270ccc
step[0].param[0][97].bits = 0x3e51bd41
step[0].param[0][98].bits = 0x3e13dcb2
step[0].param[0][99].bits = 0xbd475e96
step[0].param[0][100].bits = 0x3d53b153
step[0].param[0][101].bits = 0x3d79a363
step[0].param[0][102].bits = 0x3dbf6db5
step[0].param[0][103].bits = 0x3e9dfe7d
step[0].param[0][104].bits = 0xbe9ab722
step[0].param[0][105].bits = 0xbeab8cf3
step[0].param[0][106].bits = 0xbcb87236
step[0].param[0][107].bits = 0xbe907058
step[0].param[0][108].bits = 0xbea223a3
step[0].param[0][109].bits = 0x3e63685f
step[0].param[0][110].bits = 0x3de405d3
step[0].param[0][111].bits = 0x3de82c2d
step[0].param[0][112].bits = 0xbea3fcb9
step[0].param[0][113].bits = 0x3e5f5df2
step[0].param[0][114].bits = 0x3ea9e693
step[0].param[0][115].bits = 0x3e362e7c
step[0].param[0][116].bits = 0x3e35a941
step[0].param[0][117].bits = 0xbe2d5f21
step[0].param[0][118].bits = 0xbe389bd5
step[0].param[0][119].bits = 0xbe5ec7c8
step[0].param[0][120].bits = 0xbce88d2b
step[0].param[0][121].bits = 0xbe8351fa
step[0].param[0][122].bits = 0x3cfabfeb
step[0].param[0][123].bits = 0x3eadc6f1
step[0].param[0][124].bits = 0x3e42bc02
step[0].param[0][125].bits = 0x3e00c6c1
step[0].param[0][126].bits = 0x3e7fa985
step[0].param[0][127].bits = 0x3ea43fac
step[0].param[1][0].bits = 0x3d9e781c
step[0].param[1][1].bits = 0x3d3a8521
step[0].param[1][2].bits = 0x3bf439e3
step[0].param[1][3].bits = 0xbcfc4171
step[0].param[1][4].bits = 0xbeae52c0
step[0].param[1][5].bits = 0x3e750b60
step[0].param[1][6].bits = 0x3e65bad3
step[0].param[1][7].bits = 0xbe867561
step[0].param[1][8].bits = 0x3e6de1f2
step[0].param[1][9].bits = 0x3deaf089
step[0].param[1][10].bits = 0x3e8b7639
step[0].param[1][11].bits = 0x3e324b0e
step[0].param[1][12].bits = 0x3d73fe87
step[0].param[1][13].bits = 0x3e2a1326
step[0].param[1][14].bits = 0x3c8c1bab
step[0].param[1][15].bits = 0x3df04269
step[0].param[2][0].bits = 0xbe7acd90
step[0].param[2][1].bits = 0xbe71fa9a
step[0].param[2][2].bits = 0x3e43f6f4
step[0].param[2][3].bits = 0x3d8c49db
step[0].param[2][4].bits = 0x3e4bc81c
step[0].param[2][5].bits = 0x3dd3dc3f
step[0].param[2][6].bits = 0xbe3aff9b
step[0].param[2][7].bits = 0xbe5b4e92
step[0].param[2][8].bits = 0xbc0deeb5
step[0].param[2][9].bits = 0xbe69cdd3
step[0].param[2][10].bits = 0xbe4439c3
step[0].param[2][11].bits = 0x3ba5a27e
step[0].param[2][12].bits = 0xbe437d83
step[0].param[2][13].bits = 0x3d555ce0
step[0].param[2][14].bits = 0x3dd8f72d
step[0].param[2][15].bits = 0xbd6702da
step[0].param[2][16].bits = 0x3e6afb78
step[0].param[2][17].bits = 0x3deaae94
step[0].param[2][18].bits = 0xbdbff640
step[0].param[2][19].bits = 0x3dfacf44
step[0].param[2][20].bits = 0xbe462f9f
step[0].param[2][21].bits = 0x3d3be8b9
step[0].param[2][22].bits = 0x3d892c70
step[0].param[2][23].bits = 0x3d720659
step[0].param[2][24].bits = 0xbe0c20f3
step[0].param[2][25].bits = 0xbb2105ad
step[0].param[2][26].bits = 0x3dc2b0e0
step[0].param[2][27].bits = 0x3cafa16e
step[0].param[2][28].bits = 0xbdeb699b
step[0].param[2][29].bits = 0x3d57ab19
step[0].param[2][30].bits = 0x3db21274
step[0].param[2][31].bits = 0x3de68ff0
step[0].param[2][32].bits = 0xbe42e10b
step[0].param[2][33].bits = 0x3dc8f584
step[0].param[2][34].bits = 0x3d8592b6
step[0].param[2][35].bits = 0x3d0cdbe4
step[0].param[2][36].bits = 0xbd885eba
step[0].param[2][37].bits = 0x3e718a31
step[0].param[2][38].bits = 0x3e27523e
step[0].param[2][39].bits = 0xbe300508
step[0].param[2][40].bits = 0x3d7a7a85
step[0].param[2][41].bits = 0x3d167619
step[0].param[2][42].bits = 0x3d1cc26d
step[0].param[2][43].bits = 0x3e463284
step[0].param[2][44].bits = 0x3e6d1678
step[0].param[2][45].bits = 0xbdd1801a
step[0].param[2][46].bits = 0x3dbbfbfe
step[0].param[2][47].bits = 0x3db67016
step[0].param[2][48].bits = 0x3d554fdb
step[0].param[2][49].bits = 0x3e33678e
step[0].param[2][50].bits = 0x3dc97de2
step[0].param[2][51].bits = 0xbdd928a4
step[0].param[2][52].bits = 0xbdf54e57
step[0].param[2][53].bits = 0x3e7aeca9
step[0].param[2][54].bits = 0x3e03364e
step[0].param[2][55].bits = 0xbe1322af
step[0].param[2][56].bits = 0x3e725263
step[0].param[2][57].bits = 0xbdbfd0c6
step[0].param[2][58].bits = 0xbd99ea3c
step[0].param[2][59].bits = 0xbdeb040b
step[0].param[2][60].bits = 0x3e5a7163
step[0].param[2][61].bits = 0xbdfe819e
step[0].param[2][62].bits = 0xbe333517
step[0].param[2][63].bits = 0x3de133f9
step[0].param[3][0].bits = 0xbe2a7a9a
step[0].param[3][1].bits = 0x3df51463
step[0].param[3][2].bits = 0x3e446f53
step[0].param[3][3].bits = 0x3e052eae
step[1].param[0][0].bits = 0xbe8c678c
step[1].param[0][1].bits = 0x3e4131d1
step[1].param[0][2].bits = 0xbeb196d0
step[1].param[0][3].bits = 0x3e3ff30b
step[1].param[0][4].bits = 0x3cc16fed
step[1].param[0][5].bits = 0x3e4900da
step[1].param[0][6].bits = 0xbdd22380
step[1].param[0][7].bits = 0xbe3a6f9f
step[1].param[0][8].bits = 0x3db50471
step[1].param[0][9].bits = 0xbd920ba9
step[1].param[0][10].bits = 0xbe323e9c
step[1].param[0][11].bits = 0x3eb0d308
step[1].param[0][12].bits = 0x3e5b7848
step[1].param[0][13].bits = 0x3db1ef84
step[1].param[0][14].bits = 0xbe430353
step[1].param[0][15].bits = 0x3eaaf5f5
step[1].param[0][16].bits = 0xbe50848f
step[1].param[0][17].bits = 0xbba37ade
step[1].param[0][18].bits = 0xbb55ba7a
step[1].param[0][19].bits = 0xbe2e157a
step[1].param[0][20].bits = 0xbc16a89c
step[1].param[0][21].bits = 0xbe117e16
step[1].param[0][22].bits = 0x3e68e294
step[1].param[0][23].bits = 0x3dd2dfac
step[1].param[0][24].bits = 0xbe83e4dc
step[1].param[0][25].bits = 0x3cb4fd68
step[1].param[0][26].bits = 0x3d85a582
step[1].param[0][27].bits = 0x3dcfe053
step[1].param[0][28].bits = 0xbe88f896
step[1].param[0][29].bits = 0x3c6ecf06
step[1].param[0][30].bits = 0x3d74da0c
step[1].param[0][31].bits = 0x3e652cf9
step[1].param[0][32].bits = 0xbe8aacde
step[1].param[0][33].bits = 0x3ea661e6
step[1].param[0][34].bits = 0x3db9db5a
step[1].param[0][35].bits = 0xbd523be7
step[1].param[0][36].bits = 0xbea894d8
step[1].param[0][37].bits = 0xbe24313a
step[1].param[0][38].bits = 0x3e88d71d
step[1].param[0][39].bits = 0xbe8c8be8
step[1].param[0][40].bits = 0xbc0d42d5
step[1].param[0][41].bits = 0x3defcc79
step[1].param[0][42].bits = 0xbe8c8f66
step[1].param[0][43].bits = 0x3e605995
step[1].param[0][44].bits = 0x3d979d4a
step[1].param[0][45].bits = 0x3e883157
step[1].param[0][46].bits = 0x3d937ea8
step[1].param[0][47].bits = 0x3e9faed4
step[1].param[0][48].bits = 0xbcf3b0e4
step[1].param[0][49].bits = 0xbe8802fe
step[1].param[0][50].bits = 0xbe8db56b
step[1].param[0][51].bits = 0xbe835e98
step[1].param[0][52].bits = 0x3e25ef0d
step[1].param[0][53].bits = 0xbda91461
step[1].param[0][54].bits = 0xbcda3d6c
step[1].param[0][55].bits = 0xbcc01d8d
step[1].param[0][56].bits = 0xbe452f35
step[1].param[0][57].bits = 0x3e9d8ee4
step[1].param[0][58].bits = 0xbde996e4
step[1].param[0][59].bits = 0x3e9ecbec
step[1].param[0][60].bits = 0xbe45e394
step[1].param[0][61].bits = 0xba67183c
step[1].param[0][62].bits = 0xbeaf5ec0
step[1].param[0][63].bits = 0x3e5c9661
step[1].param[0][64].bits = 0xbd135876
step[1].param[0][65].bits = 0xbe405694
step[1].param[0][66].bits = 0x3c05c407
step[1].param[0][67].bits = 0xbddab44a
step[1].param[0][68].bits = 0xbeab9157
step[1].param[0][69].bits = 0x3eb1d871
step[1].param[0][70].bits = 0x3cafad35
step[1].param[0][71].bits = 0x3e87b06e
step[1].param[0][72].bits = 0x3e7a907d
step[1].param[0][73].bits = 0x3ea9f3b2
step[1].param[0][74].bits = 0xbe3c491d
step[1].param[0][75].bits = 0x3e9e9a01
step[1].param[0][76].bits = 0xbeaa8720
step[1].param[0][77].bits = 0x3e0f2e2a
step[1].param[0][78].bits = 0x3dbc948b
step[1].param[0][79].bits = 0xbe389a18
step[1].param[0][80].bits = 0xbe8f5245
step[1].param[0][81].bits = 0xbeac54bf
step[1].param[0][82].bits = 0xbea19ace
step[1].param[0][83].bits = 0xbd38bc8c
step[1].param[0][84].bits = 0x3e351c87
step[1].param[0][85].bits = 0xbe984eae
step[1].param[0][86].bits = 0x3e816560
step[1].param[0][87].bits = 0x3e662d6f
step[1].param[0][88].bits = 0xbd5305af
step[1].param[0][89].bits = 0xbe4132f0
step[1].param[0][90].bits = 0x3c0d842c
step[1].param[0][91].bits = 0x3e1621e9
step[1].param[0][92].bits = 0x3e90dce4
step[1].param[0][93].bits = 0xbd15206a
step[1].param[0][94].bits = 0x3d81b8f7
step[1].param[0][95].bits = 0x3eaac422
step[1].param[0][96].bits = 0xbd28f84a
step[1].param[0][97].bits = 0x3e526200
step[1].param[0][98].bits = 0x3e14cffd
step[1].param[0][99].bits = 0xbd4434bc
step[1].param[0][100].bits = 0x3d53b153
step[1].param[0][101].bits = 0x3d7aa519
step[1].param[0][102].bits = 0x3dbeb344
step[1].param[0][103].bits = 0x3e9da553
step[1].param[0][104].bits = 0xbe9aed5d
step[1].param[0][105].bits = 0xbeab8fd7
step[1].param[0][106].bits = 0xbcbfd903
step[1].param[0][107].bits = 0xbe906ca8
step[1].param[0][108].bits = 0xbea218c3
step[1].param[0][109].bits = 0x3e645850
step[1].param[0][110].bits = 0x3de37d88
step[1].param[0][111].bits = 0x3de654cd
step[1].param[0][112].bits = 0xbea3a127
step[1].param[0][113].bits = 0x3e5f879c
step[1].param[0][114].bits = 0x3ea9deb0
step[1].param[0][115].bits = 0x3e36613b
step[1].param[0][116].bits = 0x3e35a941
step[1].param[0][117].bits = 0xbe2bb4d2
step[1].param[0][118].bits = 0xbe37beb3
step[1].param[0][119].bits = 0xbe5d6d16
step[1].param[0][120].bits = 0xbcdc392f
step[1].param[0][121].bits = 0xbe834777
step[1].param[0][122].bits = 0x3cfedd3c
step[1].param[0][123].bits = 0x3eadcb54
step[1].param[0][124].bits = 0x3e42cbe9
step[1].param[0][125].bits = 0x3e01b7d1
step[1].param[0][126].bits = 0x3e7f57f3
step[1].param[0][127].bits = 0x3ea42343
step[1].param[1][0].bits = 0x3d9aec5e
step[1].param[1][1].bits = 0x3d3d8882
step[1].param[1][2].bits = 0x3c276d78
step[1].param[1][3].bits = 0xbcf492b0
step[1].param[1][4].bits = 0xbeae52c0
step[1].param[1][5].bits = 0x3e74546e
step[1].param[1][6].bits = 0x3e6416c3
step[1].param[1][7].bits = 0xbe87beaa
step[1].param[1][8].bits = 0x3e6c51bc
step[1].param[1][9].bits = 0x3deac5e1
step[1].param[1][10].bits = 0x3e8a24bd
step[1].param[1][11].bits = 0x3e31ce52
step[1].param[1][12].bits = 0x3d7140ff
step[1].param[1][13].bits = 0x3e2a3207
step[1].param[1][14].bits = 0x3c94cd9a
step[1].param[1][15].bits = 0x3dedaf25
step[1].param[2][0].bits = 0xbe77cf47
step[1].param[2][1].bits = 0xbe741b1b
step[1].param[2][2].bits = 0x3e4393dd
step[1].param[2][3].bits = 0x3d8959c4
step[1].param[2][4].bits = 0x3e46b201
step[1].param[2][5].bits = 0x3dd71be8
step[1].param[2][6].bits = 0xbe3f4394
step[1].param[2][7].bits = 0xbe5e51ad
step[1].param[2][8].bits = 0xbc24af0f
step[1].param[2][9].bits = 0xbe6969b2
step[1].param[2][10].bits = 0xbe46fd0c
step[1].param[2][11].bits = 0x3b8b969a
step[1].param[2][12].bits = 0xbe44f855
step[1].param[2][13].bits = 0x3d58828c
step[1].param[2][14].bits = 0x3dd65c6f
step[1].param[2][15].bits = 0xbd6a0060
step[1].param[2][16].bits = 0x3e6afb78
step[1].param[2][17].bits = 0x3deaae94
step[1].param[2][18].bits = 0xbdbff640
step[1].param[2][19].bits = 0x3dfacf44
step[1].param[2][20].bits = 0xbe44bd14
step[1].param[2][21].bits = 0x3d386ebc
step[1].param[2][22].bits = 0x3d897c85
step[1].param[2][23].bits = 0x3d6adfc2
step[1].param[2][24].bits = 0xbe09ce8a
step[1].param[2][25].bits = 0xbc1cd53e
step[1].param[2][26].bits = 0x3db93875
step[1].param[2][27].bits = 0x3c8353b5
step[1].param[2][28].bits = 0xbde20d91
step[1].param[2][29].bits = 0x3d48dd7f
step[1].param[2][30].bits = 0x3dae6640
step[1].param[2][31].bits = 0x3de40ff5
step[1].param[2][32].bits = 0xbe4283ce
step[1].param[2][33].bits = 0x3dc88873
step[1].param[2][34].bits = 0x3d85c774
step[1].param[2][35].bits = 0x3d0ba236
step[1].param[2][36].bits = 0xbd82de8f
step[1].param[2][37].bits = 0x3e6fee60
step[1].param[2][38].bits = 0x3e281961
step[1].param[2][39].bits = 0xbe32553a
step[1].param[2][40].bits = 0x3d831eed
step[1].param[2][41].bits = 0x3d0263b5
step[1].param[2][42].bits = 0x3d059f9d
step[1].param[2][43].bits = 0x3e4453fa
step[1].param[2][44].bits = 0x3e6c36fa
step[1].param[2][45].bits = 0xbdd52c27
step[1].param[2][46].bits = 0x3dbb5846
step[1].param[2][47].bits = 0x3db3abc5
step[1].param[2][48].bits = 0x3d47e508
step[1].param[2][49].bits = 0x3e30c4ec
step[1].param[2][50].bits = 0x3dc54fa9
step[1].param[2][51].bits = 0xbde02b2b
step[1].param[2][52].bits = 0xbdfb1d25
step[1].param[2][53].bits = 0x3e7b200a
step[1].param[2][54].bits = 0x3e00d377
step[1].param[2][55].bits = 0xbe155ac2
step[1].param[2][56].bits = 0x3e721e2a
step[1].param[2][57].bits = 0xbdc152e5
step[1].param[2][58].bits = 0xbda16b64
step[1].param[2][59].bits = 0xbdebac79
step[1].param[2][60].bits = 0x3e553301
step[1].param[2][61].bits = 0xbe03188a
step[1].param[2][62].bits = 0xbe36876f
step[1].param[2][63].bits = 0x3dd678c0
step[1].param[3][0].bits = 0xbe279f16
step[1].param[3][1].bits = 0x3dde7c0d
step[1].param[3][2].bits = 0x3e394a6c
step[1].param[3][3].bits = 0x3df60291
step[2].param[0][0].bits = 0xbe8be813
step[2].param[0][1].bits = 0x3e415b8f
step[2].param[0][2].bits = 0xbeb27435
step[2].param[0][3].bits = 0x3e402b30
step[2].param[0][4].bits = 0x3cc16fed
step[2].param[0][5].bits = 0x3e49b434
step[2].param[0][6].bits = 0xbdcf8a26
step[2].param[0][7].bits = 0xbe3923dd
step[2].param[0][8].bits = 0x3db6188d
step[2].param[0][9].bits = 0xbd92092e
step[2].param[0][10].bits = 0xbe32f7e1
step[2].param[0][11].bits = 0x3eb0bcd7
step[2].param[0][12].bits = 0x3e5b3bb8
step[2].param[0][13].bits = 0x3db29738
step[2].param[0][14].bits = 0xbe44c34f
step[2].param[0][15].bits = 0x3eaad0ef
step[2].param[0][16].bits = 0xbe519f02
step[2].param[0][17].bits = 0xbba4cbe5
step[2].param[0][18].bits = 0xba8d233f
step[2].param[0][19].bits = 0xbe2e1ce9
step[2].param[0][20].bits = 0xbc16a89c
step[2].param[0][21].bits = 0xbe11d4fe
step[2].param[0][22].bits = 0x3e67b4bd
step[2].param[0][23].bits = 0x3dd0320a
step[2].param[0][24].bits = 0xbe840ec4
step[2].param[0][25].bits = 0x3cb4f762
step[2].param[0][26].bits = 0x3d85510d
step[2].param[0][27].bits = 0x3dcf86db
step[2].param[0][28].bits = 0xbe891a6e
step[2].param[0][29].bits = 0x3c68ed56
step[2].param[0][30].bits = 0x3d7c946c
step[2].param[0][31].bits = 0x3e652932
step[2].param[0][32].bits = 0xbe8a34e3
step[2].param[0][33].bits = 0x3ea6883a
step[2].param[0][34].bits = 0x3db6a99a
step[2].param[0][35].bits = 0xbd50a1c3
step[2].param[0][36].bits = 0xbea894d8
step[2].param[0][37].bits = 0xbe236763
step[2].param[0][38].bits = 0x3e89846a
step[2].param[0][39].bits = 0xbe8bf141
step[2].param[0][40].bits = 0xbc05a7cd
step[2].param[0][41].bits = 0x3defcea9
step[2].param[0][42].bits = 0xbe8d2dc0
step[2].param[0][43].bits = 0x3e600cc7
step[2].param[0][44].bits = 0x3d96ccce
step[2].param[0][45].bits = 0x3e8865fa
step[2].param[0][46].bits = 0x3d8fbf71
step[2].param[0][47].bits = 0x3e9f6bc9
step[2].param[0][48].bits = 0xbcf3a768
step[2].param[0][49].bits = 0xbe884915
step[2].param[0][50].bits = 0xbe8e2f29
step[2].param[0][51].bits = 0xbe83b3d1
step[2].param[0][52].bits = 0x3e25ef0d
step[2].param[0][53].bits = 0xbdabadfa
step[2].param[0][54].bits = 0xbcdb855f
step[2].param[0][55].bits = 0xbcc24dd5
step[2].param[0][56].bits = 0xbe45f6ac
step[2].param[0][57].bits = 0x3e9d8dff
step[2].param[0][58].bits = 0xbde91618
step[2].param[0][59].bits = 0x3e9ecb42
step[2].param[0][60].bits = 0xbe45f742
step[2].param[0][61].bits = 0xbb0948b9
step[2].param[0][62].bits = 0xbeaf5700
step[2].param[0][63].bits = 0x3e5d52a6
step[2].param[0][64].bits = 0xbd14748b
step[2].param[0][65].bits = 0xbe40d743
step[2].param[0][66].bits = 0x3c046265
step[2].param[0][67].bits = 0xbddc06de
step[2].param[0][68].bits = 0xbeab9157
step[2].param[0][69].bits = 0x3eb14e36
step[2].param[0][70].bits = 0x3ca9e2b7
step[2].param[0][71].bits = 0x3e876fb4
step[2].param[0][72].bits = 0x3e7a027e
step[2].param[0][73].bits = 0x3ea9f30f
step[2].param[0][74].bits = 0xbe3acb25
step[2].param[0][75].bits = 0x3e9ecead
step[2].param[0][76].bits = 0xbeaa4120
step[2].param[0][77].bits = 0x3e0e8021
step[2].param[0][78].bits = 0x3dbe277b
step[2].param[0][79].bits = 0xbe37c279
step[2].param[0][80].bits = 0xbe8fbffc
step[2].param[0][81].bits = 0xbeac5d82
step[2].param[0][82].bits = 0xbea0fa43
step[2].param[0][83].bits = 0xbd38de65
step[2].param[0][84].bits = 0x3e351c87
step[2].param[0][85].bits = 0xbe98b0ae
step[2].param[0][86].bits = 0x3e810541
step[2].param[0][87].bits = 0x3e64f43e
step[2].param[0][88].bits = 0xbd561639
step[2].param[0][89].bits = 0xbe4134b3
step[2].param[0][90].bits = 0x3bf82848
step[2].param[0][91].bits = 0x3e15b702
step[2].param[0][92].bits = 0x3e908c80
step[2].param[0][93].bits = 0xbd1869af
step[2].param[0][94].bits = 0x3d83eec7
step[2].param[0][95].bits = 0x3eaaba79
step[2].param[0][96].bits = 0xbd2ac7f2
step[2].param[0][97].bits = 0x3e530d71
step[2].param[0][98].bits = 0x3e15bab5
step[2].param[0][99].bits = 0xbd40f56c
step[2].param[0][100].bits = 0x3d53b153
step[2].param[0][101].bits = 0x3d7bbc9a
step[2].param[0][102].bits = 0x3dbe14ee
step[2].param[0][103].bits = 0x3e9d524b
step[2].param[0][104].bits = 0xbe9b2209
step[2].param[0][105].bits = 0xbeab9050
step[2].param[0][106].bits = 0xbcc6adb3
step[2].param[0][107].bits = 0xbe90693d
step[2].param[0][108].bits = 0xbea208de
step[2].param[0][109].bits = 0x3e655555
step[2].param[0][110].bits = 0x3de2ee71
step[2].param[0][111].bits = 0x3de48c78
step[2].param[0][112].bits = 0xbea34c6a
step[2].param[0][113].bits = 0x3e5fb337
step[2].param[0][114].bits = 0x3ea9d68d
step[2].param[0][115].bits = 0x3e369552
step[2].param[0][116].bits = 0x3e35a941
step[2].param[0][117].bits = 0xbe2a1897
step[2].param[0][118].bits = 0xbe36f7d8
step[2].param[0][119].bits = 0xbe5c2852
step[2].param[0][120].bits = 0xbcd03fdb
step[2].param[0][121].bits = 0xbe8345be
step[2].param[0][122].bits = 0x3d013fdb
step[2].param[0][123].bits = 0x3eadcf64
step[2].param[0][124].bits = 0x3e42dd78
step[2].param[0][125].bits = 0x3e02a39e
step[2].param[0][126].bits = 0x3e7f066a
step[2].param[0][127].bits = 0x3ea40787
step[2].param[1][0].bits = 0x3d979406
step[2].param[1][1].bits = 0x3d409841
step[2].param[1][2].bits = 0x3c53842b
step[2].param[1][3].bits = 0xbcecafd2
step[2].param[1][4].bits = 0xbeae52c0
step[2].param[1][5].bits = 0x3e73adef
step[2].param[1][6].bits = 0x3e62b4c4
step[2].param[1][7].bits = 0xbe88f14e
step[2].param[1][8].bits = 0x3e6acd05
step[2].param[1][9].bits = 0x3deabee5
step[2].param[1][10].bits = 0x3e88f618
step[2].param[1][11].bits = 0x3e315ad2
step[2].param[1][12].bits = 0x3d6ef6b6
step[2].param[1][13].bits = 0x3e2a71b3
step[2].param[1][14].bits = 0x3c9d36b1
step[2].param[1][15].bits = 0x3deb4297
step[2].param[2][0].bits = 0xbe74e89e
step[2].param[2][1].bits = 0xbe76202c
step[2].param[2][2].bits = 0x3e434714
step[2].param[2][3].bits = 0x3d868b67
step[2].param[2][4].bits = 0x3e41a0e9
step[2].param[2][5].bits = 0x3dda8d97
step[2].param[2][6].bits = 0xbe436971
step[2].param[2][7].bits = 0xbe61373f
step[2].param[2][8].bits = 0xbc3aee53
step[2].param[2][9].bits = 0xbe69015c
step[2].param[2][10].bits = 0xbe49c028
step[2].param[2][11].bits = 0x3b679f53
step[2].param[2][12].bits = 0xbe4674e0
step[2].param[2][13].bits = 0x3d5bc98f
step[2].param[2][14].bits = 0x3dd3cbdd
step[2].param[2][15].bits = 0xbd6ce529
step[2].param[2][16].bits = 0x3e6afb78
step[2].param[2][17].bits = 0x3deaae94
step[2].param[2][18].bits = 0xbdbff640
step[2].param[2][19].bits = 0x3dfacf44
step[2].param[2][20].bits = 0xbe435a2b
step[2].param[2][21].bits = 0x3d3539fd
step[2].param[2][22].bits = 0x3d89dab9
step[2].param[2][23].bits = 0x3d63f60d
step[2].param[2][24].bits = 0xbe07961a
step[2].param[2][25].bits = 0xbc862761
step[2].param[2][26].bits = 0x3db05d47
step[2].param[2][27].bits = 0x3c329064
step[2].param[2][28].bits = 0xbdd8f7de
step[2].param[2][29].bits = 0x3d3ab84c
step[2].param[2][30].bits = 0x3dab0000
step[2].param[2][31].bits = 0x3de1c5ec
step[2].param[2][32].bits = 0xbe422ecf
step[2].param[2][33].bits = 0x3dc82742
step[2].param[2][34].bits = 0x3d85fb8a
step[2].param[2][35].bits = 0x3d0a8698
step[2].param[2][36].bits = 0xbd7ae611
step[2].param[2][37].bits = 0x3e6e61bc
step[2].param[2][38].bits = 0x3e28edf1
step[2].param[2][39].bits = 0xbe3497f7
step[2].param[2][40].bits = 0x3d88edb3
step[2].param[2][41].bits = 0x3cde791a
step[2].param[2][42].bits = 0x3cdefbc3
step[2].param[2][43].bits = 0x3e42b026
step[2].param[2][44].bits = 0x3e6b5b50
step[2].param[2][45].bits = 0xbdd8ba77
step[2].param[2][46].bits = 0x3dbacd5c
step[2].param[2][47].bits = 0x3db1061b
step[2].param[2][48].bits = 0x3d3aa899
step[2].param[2][49].bits = 0x3e2e4398
step[2].param[2][50].bits = 0x3dc167d8
step[2].param[2][51].bits = 0xbde6dfce
step[2].param[2][52].bits = 0xbe0077c8
step[2].param[2][53].bits = 0x3e7b6a10
step[2].param[2][54].bits = 0x3dfd0603
step[2].param[2][55].bits = 0xbe177b2a
step[2].param[2][56].bits = 0x3e71f136
step[2].param[2][57].bits = 0xbdc2c194
step[2].param[2][58].bits = 0xbda8cd8b
step[2].param[2][59].bits = 0xbdec2534
step[2].param[2][60].bits = 0x3e500856
step[2].param[2][61].bits = 0xbe06c031
step[2].param[2][62].bits = 0xbe39a1ad
step[2].param[2][63].bits = 0x3dcc354f
step[2].param[3][0].bits = 0xbe24d9df
step[2].param[3][1].bits = 0x3dc8e8b2
step[2].param[3][2].bits = 0x3e2eb1c9
step[2].param[3][3].bits = 0x3de2af03
step[3].param[0][0].bits = 0xbe8b6f03
step[3].param[0][1].bits = 0x3e418526
step[3].param[0][2].bits = 0xbeb34d69
step[3].param[0][3].bits = 0x3e4064b3
step[3].param[0][4].bits = 0x3cc16fed
step[3].param[0][5].bits = 0x3e4a62fc
step[3].param[0][6].bits = 0xbdcd11f6
step[3].param[0][7].bits = 0xbe37ef9f
step[3].param[0][8].bits = 0x3db724fd
step[3].param[0][9].bits = 0xbd9212b1
step[3].param[0][10].bits = 0xbe33bf3f
step[3].param[0][11].bits = 0x3eb0a850
step[3].param[0][12].bits = 0x3e5b074e
step[3].param[0][13].bits = 0x3db347c9
step[3].param[0][14].bits = 0xbe467e75
step[3].param[0][15].bits = 0x3eaaae89
step[3].param[0][16].bits = 0xbe52ac3f
step[3].param[0][17].bits = 0xbba65fb5
step[3].param[0][18].bits = 0x3a8b43c0
step[3].param[0][19].bits = 0xbe2e2487
step[3].param[0][20].bits = 0xbc16a89c
step[3].param[0][21].bits = 0xbe1228fa
step[3].param[0][22].bits = 0x3e66a519
step[3].param[0][23].bits = 0x3dcdb64a
step[3].param[0][24].bits = 0xbe843782
step[3].param[0][25].bits = 0x3cb50e7b
step[3].param[0][26].bits = 0x3d853b09
step[3].param[0][27].bits = 0x3dcf341a
step[3].param[0][28].bits = 0xbe8939b6
step[3].param[0][29].bits = 0x3c635a6e
step[3].param[0][30].bits = 0x3d821a83
step[3].param[0][31].bits = 0x3e65286f
step[3].param[0][32].bits = 0xbe89c2e2
step[3].param[0][33].bits = 0x3ea6ae81
step[3].param[0][34].bits = 0x3db385cb
step[3].param[0][35].bits = 0xbd4efda0
step[3].param[0][36].bits = 0xbea894d8
step[3].param[0][37].bits = 0xbe22a147
step[3].param[0][38].bits = 0x3e8a2c7f
step[3].param[0][39].bits = 0xbe8b619a
step[3].param[0][40].bits = 0xbbfc85bc
step[3].param[0][41].bits = 0x3defc647
step[3].param[0][42].bits = 0xbe8dcf5b
step[3].param[0][43].bits = 0x3e5fc5bd
step[3].param[0][44].bits = 0x3d96190d
step[3].param[0][45].bits = 0x3e889f99
step[3].param[0][46].bits = 0x3d8c08de
step[3].param[0][47].bits = 0x3e9f2d60
step[3].param[0][48].bits = 0xbcf38768
step[3].param[0][49].bits = 0xbe8891c6
step[3].param[0][50].bits = 0xbe8ea511
step[3].param[0][51].bits = 0xbe840b1d
step[3].param[0][52].bits = 0x3e25ef0d
step[3].param[0][53].bits = 0xbdae3b60
step[3].param[0][54].bits = 0xbcdcbfd0
step[3].param[0][55].bits = 0xbcc46548
step[3].param[0][56].bits = 0xbe46b898
step[3].param[0][57].bits = 0x3e9d916e
step[3].param[0][58].bits = 0xbde8a18a
step[3].param[0][59].bits = 0x3e9ecaa5
step[3].param[0][60].bits = 0xbe461302
step[3].param[0][61].bits = 0xbb5a27a5
step[3].param[0][62].bits = 0xbeaf4da2
step[3].param[0][63].bits = 0x3e5e08f9
step[3].param[0][64].bits = 0xbd157c64
step[3].param[0][65].bits = 0xbe4158ac
step[3].param[0][66].bits = 0x3c03314f
step[3].param[0][67].bits = 0xbddd61b3
step[3].param[0][68].bits = 0xbeab9157
step[3].param[0][69].bits = 0x3eb0c604
step[3].param[0][70].bits = 0x3ca3dd33
step[3].param[0][71].bits = 0x3e873315
step[3].param[0][72].bits = 0x3e797871
step[3].param[0][73].bits = 0x3ea9f581
step[3].param[0][74].bits = 0xbe395c2b
step[3].param[0][75].bits = 0x3e9eff65
step[3].param[0][76].bits = 0xbeaa05ab
step[3].param[0][77].bits = 0x3e0dc27b
step[3].param[0][78].bits = 0x3dbfbbe4
step[3].param[0][79].bits = 0xbe36f893
step[3].param[0][80].bits = 0xbe9027a0
step[3].param[0][81].bits = 0xbeac689f
step[3].param[0][82].bits = 0xbea05d01
step[3].param[0][83].bits = 0xbd390111
step[3].param[0][84].bits = 0x3e351c87
step[3].param[0][85].bits = 0xbe990f3c
step[3].param[0][86].bits = 0x3e80b69c
step[3].param[0][87].bits = 0x3e63d088
step[3].param[0][88].bits = 0xbd5910f6
step[3].param[0][89].bits = 0xbe412df1
step[3].param[0][90].bits = 0x3bd993ef
step[3].param[0][91].bits = 0x3e155422
step[3].param[0][92].bits = 0x3e904275
step[3].param[0][93].bits = 0xbd1b8236
step[3].param[0][94].bits = 0x3d861d64
step[3].param[0][95].bits = 0x3eaab494
step[3].param[0][96].bits = 0xbd2c7dd7
step[3].param[0][97].bits = 0x3e53bf72
step[3].param[0][98].bits = 0x3e169d5f
step[3].param[0][99].bits = 0xbd3da1d9
step[3].param[0][100].bits = 0x3d53b153
step[3].param[0][101].bits = 0x3d7ce7a9
step[3].param[0][102].bits = 0x3dbd8e4d
step[3].param[0][103].bits = 0x3e9d04f3
step[3].param[0][104].bits = 0xbe9b553e
step[3].param[0][105].bits = 0xbeab8e80
step[3].param[0][106].bits = 0xbccd0052
step[3].param[0][107].bits = 0xbe906614
step[3].param[0][108].bits = 0xbea1f45f
step[3].param[0][109].bits = 0x3e665e87
step[3].param[0][110].bits = 0x3de258db
step[3].param[0][111].bits = 0x3de2d1df
step[3].param[0][112].bits = 0xbea2fe08
step[3].param[0][113].bits = 0x3e5fe0bb
step[3].param[0][114].bits = 0x3ea9ce30
step[3].param[0][115].bits = 0x3e36caae
step[3].param[0][116].bits = 0x3e35a941
step[3].param[0][117].bits = 0xbe28899e
step[3].param[0][118].bits = 0xbe364541
step[3].param[0][119].bits = 0xbe5af7dd
step[3].param[0][120].bits = 0xbcc49bb3
step[3].param[0][121].bits = 0xbe834c57
step[3].param[0][122].bits = 0x3d02d9ff
step[3].param[0][123].bits = 0x3eadd326
step[3].param[0][124].bits = 0x3e42f08d
step[3].param[0][125].bits = 0x3e038ae0
step[3].param[0][126].bits = 0x3e7eb4ea
step[3].param[0][127].bits = 0x3ea3ec6b
step[3].param[1][0].bits = 0x3d946b3f
step[3].param[1][1].bits = 0x3d43b341
step[3].param[1][2].bits = 0x3c7e7208
step[3].param[1][3].bits = 0xbce49bbe
step[3].param[1][4].bits = 0xbeae52c0
step[3].param[1][5].bits = 0x3e731699
step[3].param[1][6].bits = 0x3e618cf3
step[3].param[1][7].bits = 0xbe8a0ef1
step[3].param[1][8].bits = 0x3e69531b
step[3].param[1][9].bits = 0x3dead9ad
step[3].param[1][10].bits = 0x3e87e6d7
step[3].param[1][11].bits = 0x3e30effe
step[3].param[1][12].bits = 0x3d6d15cd
step[3].param[1][13].bits = 0x3e2acf5b
step[3].param[1][14].bits = 0x3ca55a43
step[3].param[1][15].bits = 0x3de8f8dc
step[3].param[2][0].bits = 0xbe721807
step[3].param[2][1].bits = 0xbe780bd8
step[3].param[2][2].bits = 0x3e430ec5
step[3].param[2][3].bits = 0x3d83dbbf
step[3].param[2][4].bits = 0x3e3c94f6
step[3].param[2][5].bits = 0x3dde2e52
step[3].param[2][6].bits = 0xbe4772b8
step[3].param[2][7].bits = 0xbe6400a7
step[3].param[2][8].bits = 0xbc50af0e
step[3].param[2][9].bits = 0xbe6894d3
step[3].param[2][10].bits = 0xbe4c82ae
step[3].param[2][11].bits = 0x3b3c8d16
step[3].param[2][12].bits = 0xbe47f329
step[3].param[2][13].bits = 0x3d5f30e5
step[3].param[2][14].bits = 0x3dd144cc
step[3].param[2][15].bits = 0xbd6fb24c
step[3].param[2][16].bits = 0x3e6afb78
step[3].param[2][17].bits = 0x3deaae94
step[3].param[2][18].bits = 0xbdbff640
step[3].param[2][19].bits = 0x3dfacf44
step[3].param[2][20].bits = 0xbe420625
step[3].param[2][21].bits = 0x3d324698
step[3].param[2][22].bits = 0x3d8a457d
step[3].param[2][23].bits = 0x3d5d4555
step[3].param[2][24].bits = 0xbe057564
step[3].param[2][25].bits = 0xbcbb87ad
step[3].param[2][26].bits = 0x3da813b9
step[3].param[2][27].bits = 0x3bc552b7
step[3].param[2][28].bits = 0xbdd02378
step[3].param[2][29].bits = 0x3d2d2e7f
step[3].param[2][30].bits = 0x3da7d9f5
step[3].param[2][31].bits = 0x3ddfad1f
step[3].param[2][32].bits = 0xbe41e19b
step[3].param[2][33].bits = 0x3dc7d0f2
step[3].param[2][34].bits = 0x3d862e5c
step[3].param[2][35].bits = 0x3d0986fe
step[3].param[2][36].bits = 0xbd703538
step[3].param[2][37].bits = 0x3e6ce343
step[3].param[2][38].bits = 0x3e29cf23
step[3].param[2][39].bits = 0xbe36ce49
step[3].param[2][40].bits = 0x3d8eac97
step[3].param[2][41].bits = 0x3cb9d7e9
step[3].param[2][42].bits = 0x3cb4919a
step[3].param[2][43].bits = 0x3e414253
step[3].param[2][44].bits = 0x3e6a8365
step[3].param[2][45].bits = 0xbddc2d02
step[3].param[2][46].bits = 0x3dba5983
step[3].param[2][47].bits = 0x3dae7d3a
step[3].param[2][48].bits = 0x3d2d9849
step[3].param[2][49].bits = 0x3e2be152
step[3].param[2][50].bits = 0x3dbdc15e
step[3].param[2][51].bits = 0xbded4b94
step[3].param[2][52].bits = 0xbe0362e5
step[3].param[2][53].bits = 0x3e7bc93d
step[3].param[2][54].bits = 0x3df886f2
step[3].param[2][55].bits = 0xbe198597
step[3].param[2][56].bits = 0x3e71cb8b
step[3].param[2][57].bits = 0xbdc41e36
step[3].param[2][58].bits = 0xbdb011d9
step[3].param[2][59].bits = 0xbdec7009
step[3].param[2][60].bits = 0x3e4af101
step[3].param[2][61].bits = 0xbe0a3b13
step[3].param[2][62].bits = 0xbe3c8768
step[3].param[2][63].bits = 0x3dc262b6
step[3].param[3][0].bits = 0xbe2228db
step[3].param[3][1].bits = 0x3db44b4a
step[3].param[3][2].bits = 0x3e249da7
step[3].param[3][3].bits = 0x3dd05423
step[4].param[0][0].bits = 0xbe8afbe3
step[4].param[0][1].bits = 0x3e41ae85
step[4].param[0][2].bits = 0xbeb42298
step[4].param[0][3].bits = 0x3e409f81
step[4].param[0][4].bits = 0x3cc16fed
step[4].param[0][5].bits = 0x3e4b0d6b
step[4].param[0][6].bits = 0xbdcab879
step[4].param[0][7].bits = 0xbe36d142
step[4].param[0][8].bits = 0x3db82a34
step[4].param[0][9].bits = 0xbd922795
step[4].param[0][10].bits = 0xbe3493cb
step[4].param[0][11].bits = 0x3eb0955b
step[4].param[0][12].bits = 0x3e5ada5b
step[4].param[0][13].bits = 0x3db400a8
step[4].param[0][14].bits = 0xbe4834fe
step[4].param[0][15].bits = 0x3eaa8e7d
step[4].param[0][16].bits = 0xbe53ad45
step[4].param[0][17].bits = 0xbba8372b
step[4].param[0][18].bits = 0x3b4f0208
step[4].param[0][19].bits = 0xbe2e2c51
step[4].param[0][20].bits = 0xbc16a89c
step[4].param[0][21].bits = 0xbe127a35
step[4].param[0][22].bits = 0x3e65b0a6
step[4].param[0][23].bits = 0x3dcb68f9
step[4].param[0][24].bits = 0xbe845f27
step[4].param[0][25].bits = 0x3cb54136
step[4].param[0][26].bits = 0x3d855e5b
step[4].param[0][27].bits = 0x3dcee7ad
step[4].param[0][28].bits = 0xbe8956a6
step[4].param[0][29].bits = 0x3c5e0e30
step[4].param[0][30].bits = 0x3d85de85
step[4].param[0][31].bits = 0x3e652a58
step[4].param[0][32].bits = 0xbe895669
step[4].param[0][33].bits = 0x3ea6d4ac
step[4].param[0][34].bits = 0x3db06f69
step[4].param[0][35].bits = 0xbd4d5008
step[4].param[0][36].bits = 0xbea894d8
step[4].param[0][37].bits = 0xbe21dec6
step[4].param[0][38].bits = 0x3e8acf89
step[4].param[0][39].bits = 0xbe8adc30
step[4].param[0][40].bits = 0xbbee21bf
step[4].param[0][41].bits = 0x3defb3dd
step[4].param[0][42].bits = 0xbe8e7429
step[4].param[0][43].bits = 0x3e5f8421
step[4].param[0][44].bits = 0x3d957f9a
step[4].param[0][45].bits = 0x3e88ddd7
step[4].param[0][46].bits = 0x3d885a89
step[4].param[0][47].bits = 0x3e9ef320
step[4].param[0][48].bits = 0xbcf3521c
step[4].param[0][49].bits = 0xbe88dd04
step[4].param[0][50].bits = 0xbe8f175c
step[4].param[0][51].bits = 0xbe846460
step[4].param[0][52].bits = 0x3e25ef0d
step[4].param[0][53].bits = 0xbdb0bcf9
step[4].param[0][54].bits = 0xbcdde8d8
step[4].param[0][55].bits = 0xbcc665d7
step[4].param[0][56].bits = 0xbe47754c
step[4].param[0][57].bits = 0x3e9d98fa
step[4].param[0][58].bits = 0xbde8380d
step[4].param[0][59].bits = 0x3e9eca14
step[4].param[0][60].bits = 0xbe463628
step[4].param[0][61].bits = 0xbb962c78
step[4].param[0][62].bits = 0xbeaf42b8
step[4].param[0][63].bits = 0x3e5eb9db
step[4].param[0][64].bits = 0xbd167162
step[4].param[0][65].bits = 0xbe41daa2
step[4].param[0][66].bits = 0x3c022d13
step[4].param[0][67].bits = 0xbddec456
step[4].param[0][68].bits = 0xbeab9157
step[4].param[0][69].bits = 0x3eb03fd2
step[4].param[0][70].bits = 0x3c9daa3a
step[4].param[0][71].bits = 0x3e86fa47
step[4].param[0][72].bits = 0x3e78f21b
step[4].param[0][73].bits = 0x3ea9fae0
step[4].param[0][74].bits = 0xbe37fa7b
step[4].param[0][75].bits = 0x3e9f2c63
step[4].param[0][76].bits = 0xbea9d3dd
step[4].param[0][77].bits = 0x3e0cf65e
step[4].param[0][78].bits = 0x3dc151b6
step[4].param[0][79].bits = 0xbe363b06
step[4].param[0][80].bits = 0xbe9089a2
step[4].param[0][81].bits = 0xbeac7620
step[4].param[0][82].bits = 0xbe9fc2e3
step[4].param[0][83].bits = 0xbd392485
step[4].param[0][84].bits = 0x3e351c87
step[4].param[0][85].bits = 0xbe996a8c
step[4].param[0][86].bits = 0x3e80779c
step[4].param[0][87].bits = 0x3e62c0cc
step[4].param[0][88].bits = 0xbd5bf72d
step[4].param[0][89].bits = 0xbe411f1a
step[4].param[0][90].bits = 0x3bbee6a7
step[4].param[0][91].bits = 0x3e14f8d1
step[4].param[0][92].bits = 0x3e8ffe38
step[4].param[0][93].bits = 0xbd1e6eef
step[4].param[0][94].bits = 0x3d884522
step[4].param[0][95].bits = 0x3eaab207
step[4].param[0][96].bits = 0xbd2e1bd4
step[4].param[0][97].bits = 0x3e5477e3
step[4].param[0][98].bits = 0x3e177875
step[4].param[0][99].bits = 0xbd3a3b1c
step[4].param[0][100].bits = 0x3d53b153
step[4].param[0][101].bits = 0x3d7e244a
step[4].param[0][102].bits = 0x3dbd1b89
step[4].param[0][103].bits = 0x3e9cbce5
step[4].param[0][104].bits = 0xbe9b8712
step[4].param[0][105].bits = 0xbeab8a84
step[4].param[0][106].bits = 0xbcd2df05
step[4].param[0][107].bits = 0xbe906329
step[4].param[0][108].bits = 0xbea1dba8
step[4].param[0][109].bits = 0x3e677313
step[4].param[0][110].bits = 0x3de1bd12
step[4].param[0][111].bits = 0x3de123dc
step[4].param[0][112].bits = 0xbea2b593
step[4].param[0][113].bits = 0x3e601022
step[4].param[0][114].bits = 0x3ea9c59f
step[4].param[0][115].bits = 0x3e37013e
step[4].param[0][116].bits = 0x3e35a941
step[4].param[0][117].bits = 0xbe270729
step[4].param[0][118].bits = 0xbe35a527
step[4].param[0][119].bits = 0xbe59da45
step[4].param[0][120].bits = 0xbcb947bd
step[4].param[0][121].bits = 0xbe835ad6
step[4].param[0][122].bits = 0x3d04429a
step[4].param[0][123].bits = 0x3eadd69e
step[4].param[0][124].bits = 0x3e430507
step[4].param[0][125].bits = 0x3e046e3b
step[4].param[0][126].bits = 0x3e7e6372
step[4].param[0][127].bits = 0x3ea3d1e4
step[4].param[1][0].bits = 0x3d916e9e
step[4].param[1][1].bits = 0x3d46d890
step[4].param[1][2].bits = 0x3c94235c
step[4].param[1][3].bits = 0xbcdc591f
step[4].param[1][4].bits = 0xbeae52c0
step[4].param[1][5].bits = 0x3e728d44
step[4].param[1][6].bits = 0x3e609862
step[4].param[1][7].bits = 0xbe8b190a
step[4].param[1][8].bits = 0x3e67e35c
step[4].param[1][9].bits = 0x3deb147f
step[4].param[1][10].bits = 0x3e86f3ee
step[4].param[1][11].bits = 0x3e308d54
step[4].param[1][12].bits = 0x3d6b9567
step[4].param[1][13].bits = 0x3e2b487a
step[4].param[1][14].bits = 0x3cad3b7d
step[4].param[1][15].bits = 0x3de6ce88
step[4].param[2][0].bits = 0xbe6f5c1d
step[4].param[2][1].bits = 0xbe79dff4
step[4].param[2][2].bits = 0x3e42e94d
step[4].param[2][3].bits = 0x3d81481a
step[4].param[2][4].bits = 0x3e378e47
step[4].param[2][5].bits = 0x3de1fb59
step[4].param[2][6].bits = 0xbe4b60d2
step[4].param[2][7].bits = 0xbe66af28
step[4].param[2][8].bits = 0xbc65f39c
step[4].param[2][9].bits = 0xbe68241e
step[4].param[2][10].bits = 0xbe4f4441
step[4].param[2][11].bits = 0x3b15e701
step[4].param[2][12].bits = 0xbe497331
step[4].param[2][13].bits = 0x3d62b79d
step[4].param[2][14].bits = 0x3dcec6a1
step[4].param[2][15].bits = 0xbd7268c6
step[4].param[2][16].bits = 0x3e6afb78
step[4].param[2][17].bits = 0x3deaae94
step[4].param[2][18].bits = 0xbdbff640
step[4].param[2][19].bits = 0x3dfacf44
step[4].param[2][20].bits = 0xbe40c052
step[4].param[2][21].bits = 0x3d2f9106
step[4].param[2][22].bits = 0x3d8abb6e
step[4].param[2][23].bits = 0x3d56ca15
step[4].param[2][24].bits = 0xbe036a65
step[4].param[2][25].bits = 0xbceeb6c4
step[4].param[2][26].bits = 0x3da05183
step[4].param[2][27].bits = 0x3ab53bdb
step[4].param[2][28].bits = 0xbdc78bd5
step[4].param[2][29].bits = 0x3d203470
step[4].param[2][30].bits = 0x3da4eeff
step[4].param[2][31].bits = 0x3dddc15c
step[4].param[2][32].bits = 0xbe419bca
step[4].param[2][33].bits = 0x3dc7849c
step[4].param[2][34].bits = 0x3d865f62
step[4].param[2][35].bits = 0x3d08a18f
step[4].param[2][36].bits = 0xbd65a7ca
step[4].param[2][37].bits = 0x3e6b720d
step[4].param[2][38].bits = 0x3e2abc3f
step[4].param[2][39].bits = 0xbe38f923
step[4].param[2][40].bits = 0x3d945e38
step[4].param[2][41].bits = 0x3c96bf4b
step[4].param[2][42].bits = 0x3c8bdcac
step[4].param[2][43].bits = 0x3e400656
step[4].param[2][44].bits = 0x3e69af25
step[4].param[2][45].bits = 0xbddf8592
step[4].param[2][46].bits = 0x3db9fb28
step[4].param[2][47].bits = 0x3dac0f6e
step[4].param[2][48].bits = 0x3d20b204
step[4].param[2][49].bits = 0x3e299c13
step[4].param[2][50].bits = 0x3dba57ab
step[4].param[2][51].bits = 0xbdf37304
step[4].param[2][52].bits = 0xbe064ffe
step[4].param[2][53].bits = 0x3e7c3c3e
step[4].param[2][54].bits = 0x3df4272b
step[4].param[2][55].bits = 0xbe1b7b86
step[4].param[2][56].bits = 0x3e71ad2a
step[4].param[2][57].bits = 0xbdc56a13
step[4].param[2][58].bits = 0xbdb7395d
step[4].param[2][59].bits = 0xbdec8eac
step[4].param[2][60].bits = 0x3e45eca7
step[4].param[2][61].bits = 0xbe0d8c32
step[4].param[2][62].bits = 0xbe3f3be6
step[4].param[2][63].bits = 0x3db8faa2
step[4].param[3][0].bits = 0xbe1f8a2a
step[4].param[3][1].bits = 0x3da09607
step[4].param[3][2].bits = 0x3e1b06e0
step[4].param[3][3].bits = 0x3dbee483
step[5].param[0][0].bits = 0xbe8a8e47
step[5].param[0][1].bits = 0x3e41d79f
step[5].param[0][2].bits = 0xbeb4f3ec
step[5].param[0][3].bits = 0x3e40db89
step[5].param[0][4].bits = 0x3cc16fed
step[5].param[0][5].bits = 0x3e4bb3b4
step[5].param[0][6].bits = 0xbdc87b7b
step[5].param[0][7].bits = 0xbe35c74f
step[5].param[0][8].bits = 0x3db9289a
step[5].param[0][9].bits = 0xbd92474c
step[5].param[0][10].bits = 0xbe3574b1
step[5].param[0][11].bits = 0x3eb083e1
step[5].param[0][12].bits = 0x3e5ab440
step[5].param[0][13].bits = 0x3db4c150
step[5].param[0][14].bits = 0xbe49e71e
step[5].param[0][15].bits = 0x3eaa7090
step[5].param[0][16].bits = 0xbe54a2f6
step[5].param[0][17].bits = 0xbbaa52dd
step[5].param[0][18].bits = 0x3baad731
step[5].param[0][19].bits = 0xbe2e3444
step[5].param[0][20].bits = 0xbc16a89c
step[5].param[0][21].bits = 0xbe12c8d6
step[5].param[0][22].bits = 0x3e64d4b9
step[5].param[0][23].bits = 0x3dc946fe
step[5].param[0][24].bits = 0xbe8485c4
step[5].param[0][25].bits = 0x3cb58e39
step[5].param[0][26].bits = 0x3d85b677
step[5].param[0][27].bits = 0x3dcea137
step[5].param[0][28].bits = 0xbe897171
step[5].param[0][29].bits = 0x3c59014c
step[5].param[0][30].bits = 0x3d8996c9
step[5].param[0][31].bits = 0x3e652e9f
step[5].param[0][32].bits = 0xbe88ef13
step[5].param[0][33].bits = 0x3ea6faaf
step[5].param[0][34].bits = 0x3dad65f9
step[5].param[0][35].bits = 0xbd4b997b
step[5].param[0][36].bits = 0xbea894d8
step[5].param[0][37].bits = 0xbe211fc2
step[5].param[0][38].bits = 0x3e8b6db4
step[5].param[0][39].bits = 0xbe8a6053
step[5].param[0][40].bits = 0xbbe01de0
step[5].param[0][41].bits = 0x3def97e9
step[5].param[0][42].bits = 0xbe8f1c1a
step[5].param[0][43].bits = 0x3e5f47a5
step[5].param[0][44].bits = 0x3d94fe46
step[5].param[0][45].bits = 0x3e89205e
step[5].param[0][46].bits = 0x3d84b415
step[5].param[0][47].bits = 0x3e9ebca0
step[5].param[0][48].bits = 0xbcf3089c
step[5].param[0][49].bits = 0xbe892ac3
step[5].param[0][50].bits = 0xbe8f863e
step[5].param[0][51].bits = 0xbe84bf80
step[5].param[0][52].bits = 0x3e25ef0d
step[5].param[0][53].bits = 0xbdb33326
step[5].param[0][54].bits = 0xbcdefd1b
step[5].param[0][55].bits = 0xbcc8513e
step[5].param[0][56].bits = 0xbe482d14
step[5].param[0][57].bits = 0x3e9da46f
step[5].param[0][58].bits = 0xbde7d894
step[5].param[0][59].bits = 0x3e9ec98e
step[5].param[0][60].bits = 0xbe46601b
step[5].param[0][61].bits = 0xbbbfe986
step[5].param[0][62].bits = 0xbeaf3654
step[5].param[0][63].bits = 0x3e5f65c0
step[5].param[0][64].bits = 0xbd1754c1
step[5].param[0][65].bits = 0xbe425cff
step[5].param[0][66].bits = 0x3c015247
step[5].param[0][67].bits = 0xbde02e5e
step[5].param[0][68].bits = 0xbeab9157
step[5].param[0][69].bits = 0x3eafbb95
step[5].param[0][70].bits = 0x3c9755a4
step[5].param[0][71].bits = 0x3e86c506
step[5].param[0][72].bits = 0x3e786f46
step[5].param[0][73].bits = 0x3eaa0308
step[5].param[0][74].bits = 0xbe36a496
step[5].param[0][75].bits = 0x3e9f55de
step[5].param[0][76].bits = 0xbea9aaea
step[5].param[0][77].bits = 0x3e0c1cd4
step[5].param[0][78].bits = 0x3dc2e8de
step[5].param[0][79].bits = 0xbe35889b
step[5].param[0][80].bits = 0xbe90e665
step[5].param[0][81].bits = 0xbeac860a
step[5].param[0][82].bits = 0xbe9f2bc6
step[5].param[0][83].bits = 0xbd3948b6
step[5].param[0][84].bits = 0x3e351c87
step[5].param[0][85].bits = 0xbe99c2ce
step[5].param[0][86].bits = 0x3e8046a3
step[5].param[0][87].bits = 0x3e61c3b1
step[5].param[0][88].bits = 0xbd5eca06
step[5].param[0][89].bits = 0xbe410893
step[5].param[0][90].bits = 0x3ba7c737
step[5].param[0][91].bits = 0x3e14a4a1
step[5].param[0][92].bits = 0x3e8fbf4c
step[5].param[0][93].bits = 0xbd21344d
step[5].param[0][94].bits = 0x3d8a6650
step[5].param[0][95].bits = 0x3eaab272
step[5].param[0][96].bits = 0xbd2fa390
step[5].param[0][97].bits = 0x3e5536a8
step[5].param[0][98].bits = 0x3e184c69
step[5].param[0][99].bits = 0xbd36c237
step[5].param[0][100].bits = 0x3d53b153
step[5].param[0][101].bits = 0x3d7f70b9
step[5].param[0][102].bits = 0x3dbcb945
step[5].param[0][103].bits = 0x3e9c79c5
step[5].param[0][104].bits = 0xbe9bb79a
step[5].param[0][105].bits = 0xbeab8477
step[5].param[0][106].bits = 0xbcd8564f
step[5].param[0][107].bits = 0xbe906078
step[5].param[0][108].bits = 0xbea1bf10
step[5].param[0][109].bits = 0x3e68923b
step[5].param[0][110].bits = 0x3de11b60
step[5].param[0][111].bits = 0x3ddf816b
step[5].param[0][112].bits = 0xbea272a8
step[5].param[0][113].bits = 0x3e604165
step[5].param[0][114].bits = 0x3ea9bce1
step[5].param[0][115].bits = 0x3e3738f1
step[5].param[0][116].bits = 0x3e35a941
step[5].param[0][117].bits = 0xbe25908a
step[5].param[0][118].bits = 0xbe3515f8
step[5].param[0][119].bits = 0xbe58ce3c
step[5].param[0][120].bits = 0xbcae3f71
step[5].param[0][121].bits = 0xbe8370d7
step[5].param[0][122].bits = 0x3d057e99
step[5].param[0][123].bits = 0x3eadd9d1
step[5].param[0][124].bits = 0x3e431aca
step[5].param[0][125].bits = 0x3e054e41
step[5].param[0][126].bits = 0x3e7e1202
step[5].param[0][127].bits = 0x3ea3b7e7
step[5].param[1][0].bits = 0x3d8e9b13
step[5].param[1][1].bits = 0x3d4a0765
step[5].param[1][2].bits = 0x3ca8885f
step[5].param[1][3].bits = 0xbcd3ea68
step[5].param[1][4].bits = 0xbeae52c0
step[5].param[1][5].bits = 0x3e7210e6
step[5].param[1][6].bits = 0x3e5fd0f6
step[5].param[1][7].bits = 0xbe8c10ec
step[5].param[1][8].bits = 0x3e667d35
step[5].param[1][9].bits = 0x3deb6dca
step[5].param[1][10].bits = 0x3e861aaa
step[5].param[1][11].bits = 0x3e30325f
step[5].param[1][12].bits = 0x3d6a6d87
step[5].param[1][13].bits = 0x3e2bdac9
step[5].param[1][14].bits = 0x3cb4dd6c
step[5].param[1][15].bits = 0x3de4c095
step[5].param[2][0].bits = 0xbe6cb39c
step[5].param[2][1].bits = 0xbe7b9e26
step[5].param[2][2].bits = 0x3e42d533
step[5].param[2][3].bits = 0x3d7d9c1f
step[5].param[2][4].bits = 0x3e328cfa
step[5].param[2][5].bits = 0x3de5f220
step[5].param[2][6].bits = 0xbe4f350c
step[5].param[2][7].bits = 0xbe6943ed
step[5].param[2][8].bits = 0xbc7abe33
step[5].param[2][9].bits = 0xbe67af49
step[5].param[2][10].bits = 0xbe52048e
step[5].param[2][11].bits = 0x3ae73919
step[5].param[2][12].bits = 0xbe4af4f8
step[5].param[2][13].bits = 0x3d665cd7
step[5].param[2][14].bits = 0x3dcc50d0
step[5].param[2][15].bits = 0xbd75097d
step[5].param[2][16].bits = 0x3e6afb78
step[5].param[2][17].bits = 0x3deaae94
step[5].param[2][18].bits = 0xbdbff640
step[5].param[2][19].bits = 0x3dfacf44
step[5].param[2][20].bits = 0xbe3f8810
step[5].param[2][21].bits = 0x3d2d160e
step[5].param[2][22].bits = 0x3d8b3b4f
step[5].param[2][23].bits = 0x3d50811c
step[5].param[2][24].bits = 0xbe017351
step[5].param[2][25].bits = 0xbd0feda5
step[5].param[2][26].bits = 0x3d990d7f
step[5].param[2][27].bits = 0xbb46dfcb
step[5].param[2][28].bits = 0xbdbf2cdb
step[5].param[2][29].bits = 0x3d13bfa3
step[5].param[2][30].bits = 0x3da23a87
step[5].param[2][31].bits = 0x3ddbfee2
step[5].param[2][32].bits = 0xbe415cfc
step[5].param[2][33].bits = 0x3dc7416f
step[5].param[2][34].bits = 0x3d868e26
step[5].param[2][35].bits = 0x3d07d49e
step[5].param[2][36].bits = 0xbd5b3b41
step[5].param[2][37].bits = 0x3e6a0d47
step[5].param[2][38].bits = 0x3e2bb4a2
step[5].param[2][39].bits = 0xbe3b1961
step[5].param[2][40].bits = 0x3d9a04e3
step[5].param[2][41].bits = 0x3c6a1d9d
step[5].param[2][42].bits = 0x3c4979f9
step[5].param[2][43].bits = 0x3e3ef87b
step[5].param[2][44].bits = 0x3e68de7b
step[5].param[2][45].bits = 0xbde2c5ca
step[5].param[2][46].bits = 0x3db9b0db
step[5].param[2][47].bits = 0x3da9bb28
step[5].param[2][48].bits = 0x3d13f3e7
step[5].param[2][49].bits = 0x3e277206
step[5].param[2][50].bits = 0x3db726a0
step[5].param[2][51].bits = 0xbdf95a36
step[5].param[2][52].bits = 0xbe093f26
step[5].param[2][53].bits = 0x3e7cc1e5
step[5].param[2][54].bits = 0x3defe469
step[5].param[2][55].bits = 0xbe1d5e49
step[5].param[2][56].bits = 0x3e719612
step[5].param[2][57].bits = 0xbdc6a65e
step[5].param[2][58].bits = 0xbdbe4514
step[5].param[2][59].bits = 0xbdec82bc
step[5].param[2][60].bits = 0x3e40faf4
step[5].param[2][61].bits = 0xbe10b64e
step[5].param[2][62].bits = 0xbe41c226
step[5].param[2][63].bits = 0x3daff74a
step[5].param[3][0].bits = 0xbe1cfc1f
step[5].param[3][1].bits = 0x3d8dbc2e
step[5].param[3][2].bits = 0x3e11e6dc
step[5].param[3][3].bits = 0x3dae53b6
step[6].param[0][0].bits = 0xbe8a25cd
step[6].param[0][1].bits = 0x3e420069
step[6].param[0][2].bits = 0xbeb5c18b
step[6].param[0][3].bits = 0x3e4118bb
step[6].param[0][4].bits = 0x3cc16fed
step[6].param[0][5].bits = 0x3e4c5607
step[6].param[0][6].bits = 0xbdc65901
step[6].param[0][7].bits = 0xbe34d072
step[6].param[0][8].bits = 0x3dba208f
step[6].param[0][9].bits = 0xbd927154
step[6].param[0][10].bits = 0xbe366133
step[6].param[0][11].bits = 0x3eb073cd
step[6].param[0][12].bits = 0x3e5a946d
step[6].param[0][13].bits = 0x3db58946
step[6].param[0][14].bits = 0xbe4b9508
step[6].param[0][15].bits = 0x3eaa548c
step[6].param[0][16].bits = 0xbe558e1f
step[6].param[0][17].bits = 0xbbacb325
step[6].param[0][18].bits = 0x3bece223
step[6].param[0][19].bits = 0xbe2e3c5f
step[6].param[0][20].bits = 0xbc16a89c
step[6].param[0][21].bits = 0xbe131500
step[6].param[0][22].bits = 0x3e640ef3
step[6].param[0][23].bits = 0x3dc74d8c
step[6].param[0][24].bits = 0xbe84ab66
step[6].param[0][25].bits = 0x3cb5f44b
step[6].param[0][26].bits = 0x3d863f4f
step[6].param[0][27].bits = 0x3dce6066
step[6].param[0][28].bits = 0xbe898a44
step[6].param[0][29].bits = 0x3c542d2c
step[6].param[0][30].bits = 0x3d8d43d6
step[6].param[0][31].bits = 0x3e653500
step[6].param[0][32].bits = 0xbe888c86
step[6].param[0][33].bits = 0x3ea72080
step[6].param[0][34].bits = 0x3daa6908
step[6].param[0][35].bits = 0xbd49da6f
step[6].param[0][36].bits = 0xbea894d8
step[6].param[0][37].bits = 0xbe20641f
step[6].param[0][38].bits = 0x3e8c0727
step[6].param[0][39].bits = 0xbe89ed64
step[6].param[0][40].bits = 0xbbd274da
step[6].param[0][41].bits = 0x3def72dc
step[6].param[0][42].bits = 0xbe8fc71f
step[6].param[0][43].bits = 0x3e5f1001
step[6].param[0][44].bits = 0x3d949319
step[6].param[0][45].bits = 0x3e8966e0
step[6].param[0][46].bits = 0x3d811529
step[6].param[0][47].bits = 0x3e9e8981
step[6].param[0][48].bits = 0xbcf2abe4
step[6].param[0][49].bits = 0xbe897af8
step[6].param[0][50].bits = 0xbe8ff1e7
step[6].param[0][51].bits = 0xbe851c64
step[6].param[0][52].bits = 0x3e25ef0d
step[6].param[0][53].bits = 0xbdb59e41
step[6].param[0][54].bits = 0xbcdff9b7
step[6].param[0][55].bits = 0xbcca2907
step[6].param[0][56].bits = 0xbe48e035
step[6].param[0][57].bits = 0x3e9db39e
step[6].param[0][58].bits = 0xbde78231
step[6].param[0][59].bits = 0x3e9ec913
step[6].param[0][60].bits = 0xbe46904e
step[6].param[0][61].bits = 0xbbea465b
step[6].param[0][62].bits = 0xbeaf2889
step[6].param[0][63].bits = 0x3e600d0c
step[6].param[0][64].bits = 0xbd18279c
step[6].param[0][65].bits = 0xbe42dfa5
step[6].param[0][66].bits = 0x3c009dbe
step[6].param[0][67].bits = 0xbde19f6a
step[6].param[0][68].bits = 0xbeab9157
step[6].param[0][69].bits = 0x3eaf3943
step[6].param[0][70].bits = 0x3c90e9c9
step[6].param[0][71].bits = 0x3e869316
step[6].param[0][72].bits = 0x3e77efc1
step[6].param[0][73].bits = 0x3eaa0dd7
step[6].param[0][74].bits = 0xbe355928
step[6].param[0][75].bits = 0x3e9f7c07
step[6].param[0][76].bits = 0xbea98a19
step[6].param[0][77].bits = 0x3e0b36d1
step[6].param[0][78].bits = 0x3dc48148
step[6].param[0][79].bits = 0xbe34e03f
step[6].param[0][80].bits = 0xbe913e43
step[6].param[0][81].bits = 0xbeac9862
step[6].param[0][82].bits = 0xbe9e9789
step[6].param[0][83].bits = 0xbd396d9b
step[6].param[0][84].bits = 0x3e351c87
step[6].param[0][85].bits = 0xbe9a182c
step[6].param[0][86].bits = 0x3e802242
step[6].param[0][87].bits = 0x3e60d7fe
step[6].param[0][88].bits = 0xbd618a92
step[6].param[0][89].bits = 0xbe40eab7
step[6].param[0][90].bits = 0x3b93e63e
step[6].param[0][91].bits = 0x3e14572f
step[6].param[0][92].bits = 0x3e8f8541
step[6].param[0][93].bits = 0xbd23d654
step[6].param[0][94].bits = 0x3d8c813a
step[6].param[0][95].bits = 0x3eaab580
step[6].param[0][96].bits = 0xbd311689
step[6].param[0][97].bits = 0x3e55fba7
step[6].param[0][98].bits = 0x3e1919a5
step[6].param[0][99].bits = 0xbd333819
step[6].param[0][100].bits = 0x3d53b153
step[6].param[0][101].bits = 0x3d8065b1
step[6].param[0][102].bits = 0x3dbc648d
step[6].param[0][103].bits = 0x3e9c3b41
step[6].param[0][104].bits = 0xbe9be6e7
step[6].param[0][105].bits = 0xbeab7c72
step[6].param[0][106].bits = 0xbcdd714a
step[6].param[0][107].bits = 0xbe905dfe
step[6].param[0][108].bits = 0xbea19ee7
step[6].param[0][109].bits = 0x3e69bb51
step[6].param[0][110].bits = 0x3de0740e
step[6].param[0][111].bits = 0x3ddde9a5
step[6].param[0][112].bits = 0xbea234f0
step[6].param[0][113].bits = 0x3e60747f
step[6].param[0][114].bits = 0x3ea9b3fa
step[6].param[0][115].bits = 0x3e3771b8
step[6].param[0][116].bits = 0x3e35a941
step[6].param[0][117].bits = 0xbe242523
step[6].param[0][118].bits = 0xbe34964d
step[6].param[0][119].bits = 0xbe57d296
step[6].param[0][120].bits = 0xbca37ea9
step[6].param[0][121].bits = 0xbe838e01
step[6].param[0][122].bits = 0x3d069259
step[6].param[0][123].bits = 0x3eaddcc2
step[6].param[0][124].bits = 0x3e4331bc
step[6].param[0][125].bits = 0x3e062b72
step[6].param[0][126].bits = 0x3e7dc09b
step[6].param[0][127].bits = 0x3ea39e6b
step[6].param[1][0].bits = 0x3d8beddf
step[6].param[1][1].bits = 0x3d4d3f17
step[6].param[1][2].bits = 0x3cbc6ecd
step[6].param[1][3].bits = 0xbccb51dd
step[6].param[1][4].bits = 0xbeae52c0
step[6].param[1][5].bits = 0x3e71a08f
step[6].param[1][6].bits = 0x3e5f314a
step[6].param[1][7].bits = 0xbe8cf7c9
step[6].param[1][8].bits = 0x3e652020
step[6].param[1][9].bits = 0x3debe423
step[6].param[1][10].bits = 0x3e8558a6
step[6].param[1][11].bits = 0x3e2fdeb3
step[6].param[1][12].bits = 0x3d6996f6
step[6].param[1][13].bits = 0x3e2c8437
step[6].param[1][14].bits = 0x3cbc42fe
step[6].param[1][15].bits = 0x3de2cc58
step[6].param[2][0].bits = 0xbe6a1d5e
step[6].param[2][1].bits = 0xbe7d47ed
step[6].param[2][2].bits = 0x3e42d123
step[6].param[2][3].bits = 0x3d78d6e8
step[6].param[2][4].bits = 0x3e2d912b
step[6].param[2][5].bits = 0x3dea1046
step[6].param[2][6].bits = 0xbe52f09c
step[6].param[2][7].bits = 0xbe6bc00c
step[6].param[2][8].bits = 0xbc878874
step[6].param[2][9].bits = 0xbe673664
step[6].param[2][10].bits = 0xbe54c34b
step[6].param[2][11].bits = 0x3aab3891
step[6].param[2][12].bits = 0xbe4c787e
step[6].param[2][13].bits = 0x3d6a1fc0
step[6].param[2][14].bits = 0x3dc9e2d7
step[6].param[2][15].bits = 0xbd779541
step[6].param[2][16].bits = 0x3e6afb78
step[6].param[2][17].bits = 0x3deaae94
step[6].param[2][18].bits = 0xbdbff640
step[6].param[2][19].bits = 0x3dfacf44
step[6].param[2][20].bits = 0xbe3e5cca
step[6].param[2][21].bits = 0x3d2ad2bb
step[6].param[2][22].bits = 0x3d8bc406
step[6].param[2][23].bits = 0x3d4a6783
step[6].param[2][24].bits = 0xbdff1d11
step[6].param[2][25].bits = 0xbd278bf5
step[6].param[2][26].bits = 0x3d923f7e
step[6].param[2][27].bits = 0xbbed616a
step[6].param[2][28].bits = 0xbdb702d1
step[6].param[2][29].bits = 0x3d07c6a2
step[6].param[2][30].bits = 0x3d9fb86e
step[6].param[2][31].bits = 0x3dda6255
step[6].param[2][32].bits = 0xbe4124d8
step[6].param[2][33].bits = 0x3dc706af
step[6].param[2][34].bits = 0x3d86ba42
step[6].param[2][35].bits = 0x3d071ea5
step[6].param[2][36].bits = 0xbd50ed52
step[6].param[2][37].bits = 0x3e68b433
step[6].param[2][38].bits = 0x3e2cb7b7
step[6].param[2][39].bits = 0xbe3d2fcf
step[6].param[2][40].bits = 0x3d9fa29d
step[6].param[2][41].bits = 0x3c295312
step[6].param[2][42].bits = 0x3bfc5843
step[6].param[2][43].bits = 0x3e3e1571
step[6].param[2][44].bits = 0x3e681153
step[6].param[2][45].bits = 0xbde5ef2b
step[6].param[2][46].bits = 0x3db9794c
step[6].param[2][47].bits = 0x3da77efb
step[6].param[2][48].bits = 0x3d075c38
step[6].param[2][49].bits = 0x3e256182
step[6].param[2][50].bits = 0x3db42a7f
step[6].param[2][51].bits = 0xbdff04e1
step[6].param[2][52].bits = 0xbe0c306d
step[6].param[2][53].bits = 0x3e7d5924
step[6].param[2][54].bits = 0x3debbca5
step[6].param[2][55].bits = 0xbe1f2f0c
step[6].param[2][56].bits = 0x3e71863d
step[6].param[2][57].bits = 0xbdc7d434
step[6].param[2][58].bits = 0xbdc535eb
step[6].param[2][59].bits = 0xbdec4dc4
step[6].param[2][60].bits = 0x3e3c1b98
step[6].param[2][61].bits = 0xbe13bbec
step[6].param[2][62].bits = 0xbe441ce7
step[6].param[2][63].bits = 0x3da7535d
step[6].param[3][0].bits = 0xbe1a7d39
step[6].param[3][1].bits = 0x3d7763f1
step[6].param[3][2].bits = 0x3e093780
step[6].param[3][3].bits = 0x3d9e962e
step[7].param[0][0].bits = 0xbe89c21e
step[7].param[0][1].bits = 0x3e4228da
step[7].param[0][2].bits = 0xbeb68b99
step[7].param[0][3].bits = 0x3e415708
step[7].param[0][4].bits = 0x3cc16fed
step[7].param[0][5].bits = 0x3e4cf490
step[7].param[0][6].bits = 0xbdc44f44
step[7].param[0][7].bits = 0xbe33eb77
step[7].param[0][8].bits = 0x3dbb126b
step[7].param[0][9].bits = 0xbd92a538
step[7].param[0][10].bits = 0xbe3758a4
step[7].param[0][11].bits = 0x3eb0650d
step[7].param[0][12].bits = 0x3e5a7a61
step[7].param[0][13].bits = 0x3db65818
step[7].param[0][14].bits = 0xbe4d3eea
step[7].param[0][15].bits = 0x3eaa3a43
step[7].param[0][16].bits = 0xbe566f77
step[7].param[0][17].bits = 0xbbaf5825
step[7].param[0][18].bits = 0x3c16d7ca
step[7].param[0][19].bits = 0xbe2e449f
step[7].param[0][20].bits = 0xbc16a89c
step[7].param[0][21].bits = 0xbe135ed5
step[7].param[0][22].bits = 0x3e635d38
step[7].param[0][23].bits = 0x3dc57a19
step[7].param[0][24].bits = 0xbe84d01b
step[7].param[0][25].bits = 0x3cb6724e
step[7].param[0][26].bits = 0x3d86f53e
step[7].param[0][27].bits = 0x3dce24ee
step[7].param[0][28].bits = 0xbe89a148
step[7].param[0][29].bits = 0x3c4f8bd7
step[7].param[0][30].bits = 0x3d90e62a
step[7].param[0][31].bits = 0x3e653d3f
step[7].param[0][32].bits = 0xbe882e6f
step[7].param[0][33].bits = 0x3ea74618
step[7].param[0][34].bits = 0x3da7782b
step[7].param[0][35].bits = 0xbd481351
step[7].param[0][36].bits = 0xbea894d8
step[7].param[0][37].bits = 0xbe1fabc3
step[7].param[0][38].bits = 0x3e8c9c09
step[7].param[0][39].bits = 0xbe8982d3
step[7].param[0][40].bits = 0xbbc521da
step[7].param[0][41].bits = 0x3def451f
step[7].param[0][42].bits = 0xbe90752a
step[7].param[0][43].bits = 0x3e5edcf4
step[7].param[0][44].bits = 0x3d943c48
step[7].param[0][45].bits = 0x3e89b115
step[7].param[0][46].bits = 0x3d7afaeb
step[7].param[0][47].bits = 0x3e9e5971
step[7].param[0][48].bits = 0xbcf23cda
step[7].param[0][49].bits = 0xbe89cd99
step[7].param[0][50].bits = 0xbe905a85
step[7].param[0][51].bits = 0xbe857af5
step[7].param[0][52].bits = 0x3e25ef0d
step[7].param[0][53].bits = 0xbdb7fea0
step[7].param[0][54].bits = 0xbce0dc31
step[7].param[0][55].bits = 0xbccbee96
step[7].param[0][56].bits = 0xbe498eee
step[7].param[0][57].bits = 0x3e9dc65c
step[7].param[0][58].bits = 0xbde7340d
step[7].param[0][59].bits = 0x3e9ec8a2
step[7].param[0][60].bits = 0xbe46c643
step[7].param[0][61].bits = 0xbc0a9f3b
step[7].param[0][62].bits = 0xbeaf1968
step[7].param[0][63].bits = 0x3e60b01a
step[7].param[0][64].bits = 0xbd18eaf3
step[7].param[0][65].bits = 0xbe43627b
step[7].param[0][66].bits = 0x3c000c81
step[7].param[0][67].bits = 0xbde3171f
step[7].param[0][68].bits = 0xbeab9157
step[7].param[0][69].bits = 0x3eaeb8d2
step[7].param[0][70].bits = 0x3c8a6fb7
step[7].param[0][71].bits = 0x3e866440
step[7].param[0][72].bits = 0x3e77735f
step[7].param[0][73].bits = 0x3eaa1b2f
step[7].param[0][74].bits = 0xbe341704
step[7].param[0][75].bits = 0x3e9f9f0a
step[7].param[0][76].bits = 0xbea970c1
step[7].param[0][77].bits = 0x3e0a4535
step[7].param[0][78].bits = 0x3dc61adf
step[7].param[0][79].bits = 0xbe3440ff
step[7].param[0][80].bits = 0xbe91918e
step[7].param[0][81].bits = 0xbeacad29
step[7].param[0][82].bits = 0xbe9e060e
step[7].param[0][83].bits = 0xbd39932a
step[7].param[0][84].bits = 0x3e351c87
step[7].param[0][85].bits = 0xbe9a6acd
step[7].param[0][86].bits = 0x3e800931
step[7].param[0][87].bits = 0x3e5ffc99
step[7].param[0][88].bits = 0xbd6439c9
step[7].param[0][89].bits = 0xbe40c5db
step[7].param[0][90].bits = 0x3b82fcea
step[7].param[0][91].bits = 0x3e141021
step[7].param[0][92].bits = 0x3e8f4fb1
step[7].param[0][93].bits = 0xbd2658a5
step[7].param[0][94].bits = 0x3d8e9626
step[7].param[0][95].bits = 0x3eaabae7
step[7].param[0][96].bits = 0xbd327616
step[7].param[0][97].bits = 0x3e56c6c8
step[7].param[0][98].bits = 0x3e19e08c
step[7].param[0][99].bits = 0xbd2f9d9f
step[7].param[0][100].bits = 0x3d53b153
step[7].param[0][101].bits = 0x3d81196d
step[7].param[0][102].bits = 0x3dbc1aca
step[7].param[0][103].bits = 0x3e9c010e
step[7].param[0][104].bits = 0xbe9c150a
step[7].param[0][105].bits = 0xbeab728c
step[7].param[0][106].bits = 0xbce239d6
step[7].param[0][107].bits = 0xbe905bb9
step[7].param[0][108].bits = 0xbea17b75
step[7].param[0][109].bits = 0x3e6aedb6
step[7].param[0][110].bits = 0x3ddfc764
step[7].param[0][111].bits = 0x3ddc5bbe
step[7].param[0][112].bits = 0xbea1fc1b
step[7].param[0][113].bits = 0x3e60a969
step[7].param[0][114].bits = 0x3ea9aaf0
step[7].param[0][115].bits = 0x3e37ab85
step[7].param[0][116].bits = 0x3e35a941
step[7].param[0][117].bits = 0xbe22c462
step[7].param[0][118].bits = 0xbe3424e7
step[7].param[0][119].bits = 0xbe56e644
step[7].param[0][120].bits = 0xbc990197
step[7].param[0][121].bits = 0xbe83b202
step[7].param[0][122].bits = 0x3d0781be
step[7].param[0][123].bits = 0x3eaddf75
step[7].param[0][124].bits = 0x3e4349c5
step[7].param[0][125].bits = 0x3e070642
step[7].param[0][126].bits = 0x3e7d6f3d
step[7].param[0][127].bits = 0x3ea38567
step[7].param[1][0].bits = 0x3d896488
step[7].param[1][1].bits = 0x3d507f1b
step[7].param[1][2].bits = 0x3ccfdcf5
step[7].param[1][3].bits = 0xbcc29199
step[7].param[1][4].bits = 0xbeae52c0
step[7].param[1][5].bits = 0x3e713b67
step[7].param[1][6].bits = 0x3e5eb497
step[7].param[1][7].bits = 0xbe8dceb4
step[7].param[1][8].bits = 0x3e63cba1
step[7].param[1][9].bits = 0x3dec763e
step[7].param[1][10].bits = 0x3e84abbe
step[7].param[1][11].bits = 0x3e2f91ee
step[7].param[1][12].bits = 0x3d690b2b
step[7].param[1][13].bits = 0x3e2d42e4
step[7].param[1][14].bits = 0x3cc36f06
step[7].param[1][15].bits = 0x3de0ef75
step[7].param[2][0].bits = 0xbe679858
step[7].param[2][1].bits = 0xbe7edea3
step[7].param[2][2].bits = 0x3e42dbea
step[7].param[2][3].bits = 0x3d743ca6
step[7].param[2][4].bits = 0x3e289af7
step[7].param[2][5].bits = 0x3dee5391
step[7].param[2][6].bits = 0xbe5694a3
step[7].param[2][7].bits = 0xbe6e2488
step[7].param[2][8].bits = 0xbc9176db
step[7].param[2][9].bits = 0xbe66b983
step[7].param[2][10].bits = 0xbe578037
step[7].param[2][11].bits = 0x3a6f5003
step[7].param[2][12].bits = 0xbe4dfdc0
step[7].param[2][13].bits = 0x3d6dff91
step[7].param[2][14].bits = 0x3dc77c41
step[7].param[2][15].bits = 0xbd7a0cd1
step[7].param[2][16].bits = 0x3e6afb78
step[7].param[2][17].bits = 0x3deaae94
step[7].param[2][18].bits = 0xbdbff640
step[7].param[2][19].bits = 0x3dfacf44
step[7].param[2][20].bits = 0xbe3d3df3
step[7].param[2][21].bits = 0x3d28c457
step[7].param[2][22].bits = 0x3d8c5496
step[7].param[2][23].bits = 0x3d447aa4
step[7].param[2][24].bits = 0xbdfb7527
step[7].param[2][25].bits = 0xbd3e45f3
step[7].param[2][26].bits = 0x3d8be026
step[7].param[2][27].bits = 0xbc38789e
step[7].param[2][28].bits = 0xbdaf0a56
step[7].param[2][29].bits = 0x3cf881b6
step[7].param[2][30].bits = 0x3d9d64fd
step[7].param[2][31].bits = 0x3dd8e8ae
step[7].param[2][32].bits = 0xbe40f30d
step[7].param[2][33].bits = 0x3dc6d3b0
step[7].param[2][34].bits = 0x3d86e35c
step[7].param[2][35].bits = 0x3d067e40
step[7].param[2][36].bits = 0xbd46bbe6
step[7].param[2][37].bits = 0x3e676623
step[7].param[2][38].bits = 0x3e2dc4f8
step[7].param[2][39].bits = 0xbe3f3d26
step[7].param[2][40].bits = 0x3da5392c
step[7].param[2][41].bits = 0x3bd5d674
step[7].param[2][42].bits = 0x3b567394
step[7].param[2][43].bits = 0x3e3d5a3e
step[7].param[2][44].bits = 0x3e67479b
step[7].param[2][45].bits = 0xbde90315
step[7].param[2][46].bits = 0x3db95347
step[7].param[2][47].bits = 0x3da55996
step[7].param[2][48].bits = 0x3cf5d2ca
step[7].param[2][49].bits = 0x3e236902
step[7].param[2][50].bits = 0x3db15fdf
step[7].param[2][51].bits = 0xbe023b34
step[7].param[2][52].bits = 0xbe0f23de
step[7].param[2][53].bits = 0x3e7e0106
step[7].param[2][54].bits = 0x3de7ae11
step[7].param[2][55].bits = 0xbe20eedb
step[7].param[2][56].bits = 0x3e717da2
step[7].param[2][57].bits = 0xbdc8f4a1
step[7].param[2][58].bits = 0xbdcc0cbe
step[7].param[2][59].bits = 0xbdebf13e
step[7].param[2][60].bits = 0x3e374e48
step[7].param[2][61].bits = 0xbe169f5f
step[7].param[2][62].bits = 0xbe464eb2
step[7].param[2][63].bits = 0x3d9f09f4
step[7].param[3][0].bits = 0xbe180c20
step[7].param[3][1].bits = 0x3d54d8ef
step[7].param[3][2].bits = 0x3e00f31e
step[7].param[3][3].bits = 0x3d8fa128
step[8].param[0][0].bits = 0xbe8962eb
step[8].param[0][1].bits = 0x3e4250eb
step[8].param[0][2].bits = 0xbeb75239
step[8].param[0][3].bits = 0x3e419662
step[8].param[0][4].bits = 0x3cc16fed
step[8].param[0][5].bits = 0x3e4d8f77
step[8].param[0][6].bits = 0xbdc25ca8
step[8].param[0][7].bits = 0xbe331747
step[8].param[0][8].bits = 0x3dbbfe7e
step[8].param[0][9].bits = 0xbd92e28c
step[8].param[0][10].bits = 0xbe385a66
step[8].param[0][11].bits = 0x3eb0578f
step[8].param[0][12].bits = 0x3e5a65a6
step[8].param[0][13].bits = 0x3db72d5c
step[8].param[0][14].bits = 0xbe4ee4ef
step[8].param[0][15].bits = 0x3eaa218a
step[8].param[0][16].bits = 0xbe5747a5
step[8].param[0][17].bits = 0xbbb241d1
step[8].param[0][18].bits = 0x3c36a630
step[8].param[0][19].bits = 0xbe2e4d03
step[8].param[0][20].bits = 0xbc16a89c
step[8].param[0][21].bits = 0xbe13a672
step[8].param[0][22].bits = 0x3e62bda5
step[8].param[0][23].bits = 0x3dc3ca55
step[8].param[0][24].bits = 0xbe84f3f0
step[8].param[0][25].bits = 0x3cb7073b
step[8].param[0][26].bits = 0x3d87d4ff
step[8].param[0][27].bits = 0x3dcdee89
step[8].param[0][28].bits = 0xbe89b6a2
step[8].param[0][29].bits = 0x3c4b17e4
step[8].param[0][30].bits = 0x3d947e3d
step[8].param[0][31].bits = 0x3e654726
step[8].param[0][32].bits = 0xbe87d485
step[8].param[0][33].bits = 0x3ea76b70
step[8].param[0][34].bits = 0x3da492fe
step[8].param[0][35].bits = 0xbd464487
step[8].param[0][36].bits = 0xbea894d8
step[8].param[0][37].bits = 0xbe1ef695
step[8].param[0][38].bits = 0x3e8d2c7e
step[8].param[0][39].bits = 0xbe89201d
step[8].param[0][40].bits = 0xbbb8206f
step[8].param[0][41].bits = 0x3def0f10
step[8].param[0][42].bits = 0xbe91262b
step[8].param[0][43].bits = 0x3e5eae42
step[8].param[0][44].bits = 0x3d93f835
step[8].param[0][45].bits = 0x3e89febb
step[8].param[0][46].bits = 0x3d73d95d
step[8].param[0][47].bits = 0x3e9e2c26
step[8].param[0][48].bits = 0xbcf1bc4c
step[8].param[0][49].bits = 0xbe8a229c
step[8].param[0][50].bits = 0xbe90c043
step[8].param[0][51].bits = 0xbe85db1e
step[8].param[0][52].bits = 0x3e25ef0d
step[8].param[0][53].bits = 0xbdba5495
step[8].param[0][54].bits = 0xbce1a26c
step[8].param[0][55].bits = 0xbccda329
step[8].param[0][56].bits = 0xbe4a3979
step[8].param[0][57].bits = 0x3e9ddc83
step[8].param[0][58].bits = 0xbde6ed69
step[8].param[0][59].bits = 0x3e9ec83b
step[8].param[0][60].bits = 0xbe470187
step[8].param[0][61].bits = 0xbc2066b6
step[8].param[0][62].bits = 0xbeaf0903
step[8].param[0][63].bits = 0x3e614f39
step[8].param[0][64].bits = 0xbd199fad
step[8].param[0][65].bits = 0xbe43e56e
step[8].param[0][66].bits = 0x3bff3790
step[8].param[0][67].bits = 0xbde49529
step[8].param[0][68].bits = 0xbeab9157
step[8].param[0][69].bits = 0x3eae3a39
step[8].param[0][70].bits = 0x3c83ef58
step[8].param[0][71].bits = 0x3e863852
step[8].param[0][72].bits = 0x3e76f9f7
step[8].param[0][73].bits = 0x3eaa2af4
step[8].param[0][74].bits = 0xbe32dd20
step[8].param[0][75].bits = 0x3e9fbf10
step[8].param[0][76].bits = 0xbea95e4b
step[8].param[0][77].bits = 0x3e0948ce
step[8].param[0][78].bits = 0x3dc7b58d
step[8].param[0][79].bits = 0xbe33aa05
step[8].param[0][80].bits = 0xbe91e08e
step[8].param[0][81].bits = 0xbeacc460
step[8].param[0][82].bits = 0xbe9d7739
step[8].param[0][83].bits = 0xbd39b95b
step[8].param[0][84].bits = 0x3e351c87
step[8].param[0][85].bits = 0xbe9abad5
step[8].param[0][86].bits = 0x3e7ff49d
step[8].param[0][87].bits = 0x3e5f3082
step[8].param[0][88].bits = 0xbd66d890
step[8].param[0][89].bits = 0xbe409a4b
step[8].param[0][90].bits = 0x3b6997ac
step[8].param[0][91].bits = 0x3e13cf23
step[8].param[0][92].bits = 0x3e8f1e40
step[8].param[0][93].bits = 0xbd28be8e
step[8].param[0][94].bits = 0x3d90a556
step[8].param[0][95].bits = 0x3eaac264
step[8].param[0][96].bits = 0xbd33c36d
step[8].param[0][97].bits = 0x3e5797f4
step[8].param[0][98].bits = 0x3e1aa17a
step[8].param[0][99].bits = 0xbd2bf399
step[8].param[0][100].bits = 0x3d53b153
step[8].param[0][101].bits = 0x3d81d2ee
step[8].param[0][102].bits = 0x3dbbd9b5
step[8].param[0][103].bits = 0x3e9bcae8
step[8].param[0][104].bits = 0xbe9c4213
step[8].param[0][105].bits = 0xbeab66d9
step[8].param[0][106].bits = 0xbce6b8c3
step[8].param[0][107].bits = 0xbe9059a5
step[8].param[0][108].bits = 0xbea154fc
step[8].param[0][109].bits = 0x3e6c28d8
step[8].param[0][110].bits = 0x3ddf15a9
step[8].param[0][111].bits = 0x3ddad701
step[8].param[0][112].bits = 0xbea1c7e1
step[8].param[0][113].bits = 0x3e60e01e
step[8].param[0][114].bits = 0x3ea9a1c7
step[8].param[0][115].bits = 0x3e37e64c
step[8].param[0][116].bits = 0x3e35a941
step[8].param[0][117].bits = 0xbe216dc2
step[8].param[0][118].bits = 0xbe33c0aa
step[8].param[0][119].bits = 0xbe560850
step[8].param[0][120].bits = 0xbc8ec4bd
step[8].param[0][121].bits = 0xbe83dc8f
step[8].param[0][122].bits = 0x3d085040
step[8].param[0][123].bits = 0x3eade1ed
step[8].param[0][124].bits = 0x3e4362d0
step[8].param[0][125].bits = 0x3e07df18
step[8].param[0][126].bits = 0x3e7d1de9
step[8].param[0][127].bits = 0x3ea36cd5
step[8].param[1][0].bits = 0x3d86fcd1
step[8].param[1][1].bits = 0x3d53c6ff
step[8].param[1][2].bits = 0x3ce2d8c1
step[8].param[1][3].bits = 0xbcb9ab92
step[8].param[1][4].bits = 0xbeae52c0
step[8].param[1][5].bits = 0x3e70e0a8
step[8].param[1][6].bits = 0x3e5e56a2
step[8].param[1][7].bits = 0xbe8e96a9
step[8].param[1][8].bits = 0x3e627f47
step[8].param[1][9].bits = 0x3ded22eb
step[8].param[1][10].bits = 0x3e84120a
step[8].param[1][11].bits = 0x3e2f4bb6
step[8].param[1][12].bits = 0x3d68c435
step[8].param[1][13].bits = 0x3e2e1519
step[8].param[1][14].bits = 0x3cca6440
step[8].param[1][15].bits = 0x3ddf27d5
step[8].param[2][0].bits = 0xbe652395
step[8].param[2][1].bits = 0xbe8031c2
step[8].param[2][2].bits = 0x3e42f472
step[8].param[2][3].bits = 0x3d6fc9d0
step[8].param[2][4].bits = 0x3e23aa79
step[8].param[2][5].bits = 0x3df2b9ec
step[8].param[2][6].bits = 0xbe5a222f
step[8].param[2][7].bits = 0xbe707252
step[8].param[2][8].bits = 0xbc9b2b40
step[8].param[2][9].bits = 0xbe6638bc
step[8].param[2][10].bits = 0xbe5a3b16
step[8].param[2][11].bits = 0x3a18c361
step[8].param[2][12].bits = 0xbe4f84ba
step[8].param[2][13].bits = 0x3d71fb8d
step[8].param[2][14].bits = 0x3dc51ca0
step[8].param[2][15].bits = 0xbd7c70dc
step[8].param[2][16].bits = 0x3e6afb78
step[8].param[2][17].bits = 0x3deaae94
step[8].param[2][18].bits = 0xbdbff640
step[8].param[2][19].bits = 0x3dfacf44
step[8].param[2][20].bits = 0xbe3c2b09
step[8].param[2][21].bits = 0x3d26e85f
step[8].param[2][22].bits = 0x3d8cec1b
step[8].param[2][23].bits = 0x3d3eb813
step[8].param[2][24].bits = 0xbdf7ec3b
step[8].param[2][25].bits = 0xbd5429c7
step[8].param[2][26].bits = 0x3d85e8d5
step[8].param[2][27].bits = 0xbc774064
step[8].param[2][28].bits = 0xbda74055
step[8].param[2][29].bits = 0x3ce24d0e
step[8].param[2][30].bits = 0x3d9b3cd9
step[8].param[2][31].bits = 0x3dd78f33
step[8].param[2][32].bits = 0xbe40c74f
step[8].param[2][33].bits = 0x3dc6a7d5
step[8].param[2][34].bits = 0x3d870928
step[8].param[2][35].bits = 0x3d05f22c
step[8].param[2][36].bits = 0xbd3ca516
step[8].param[2][37].bits = 0x3e662278
step[8].param[2][38].bits = 0x3e2edbeb
step[8].param[2][39].bits = 0xbe414213
step[8].param[2][40].bits = 0x3daaca20
step[8].param[2][41].bits = 0x3b3ade8b
step[8].param[2][42].bits = 0xba830b5c
step[8].param[2][43].bits = 0x3e3cc434
step[8].param[2][44].bits = 0x3e668140
step[8].param[2][45].bits = 0xbdec02cf
step[8].param[2][46].bits = 0x3db93db0
step[8].param[2][47].bits = 0x3da349c2
step[8].param[2][48].bits = 0x3cdd3401
step[8].param[2][49].bits = 0x3e218722
step[8].param[2][50].bits = 0x3daec3a4
step[8].param[2][51].bits = 0xbe04d8f0
step[8].param[2][52].bits = 0xbe121982
step[8].param[2][53].bits = 0x3e7eb8ae
step[8].param[2][54].bits = 0x3de3b70d
step[8].param[2][55].bits = 0xbe229ea6
step[8].param[2][56].bits = 0x3e717c38
step[8].param[2][57].bits = 0xbdca08a0
step[8].param[2][58].bits = 0xbdd2ca5e
step[8].param[2][59].bits = 0xbdeb6e93
step[8].param[2][60].bits = 0x3e3292bf
step[8].param[2][61].bits = 0xbe1962cc
step[8].param[2][62].bits = 0xbe4859df
step[8].param[2][63].bits = 0x3d971686
step[8].param[3][0].bits = 0xbe15a79f
step[8].param[3][1].bits = 0x3d33c2fd
step[8].param[3][2].bits = 0x3df228d9
step[8].param[3][3].bits = 0x3d816a95
step[9].param[0][0].bits = 0xbe8907ed
step[9].param[0][1].bits = 0x3e427898
step[9].param[0][2].bits = 0xbeb81589
step[9].param[0][3].bits = 0x3e41d6bb
step[9].param[0][4].bits = 0x3cc16fed
step[9].param[0][5].bits = 0x3e4e26e2
step[9].param[0][6].bits = 0xbdc07fb8
step[9].param[0][7].bits = 0xbe3252e2
step[9].param[0][8].bits = 0x3dbce512
step[9].param[0][9].bits = 0xbd9328ed
step[9].param[0][10].bits = 0xbe3965e9
step[9].param[0][11].bits = 0x3eb04b43
step[9].param[0][12].bits = 0x3e5a55d1
step[9].param[0][13].bits = 0x3db808ae
step[9].param[0][14].bits = 0xbe508740
step[9].param[0][15].bits = 0x3eaa0a3d
step[9].param[0][16].bits = 0xbe58173f
step[9].param[0][17].bits = 0xbbb56ff3
step[9].param[0][18].bits = 0x3c55e252
step[9].param[0][19].bits = 0xbe2e5588
step[9].param[0][20].bits = 0xbc16a89c
step[9].param[0][21].bits = 0xbe13ebf3
step[9].param[0][22].bits = 0x3e622e8a
step[9].param[0][23].bits = 0x3dc23c24
step[9].param[0][24].bits = 0xbe8516ef
step[9].param[0][25].bits = 0x3cb7b223
step[9].param[0][26].bits = 0x3d88db9d
step[9].param[0][27].bits = 0x3dcdbcf8
step[9].param[0][28].bits = 0xbe89ca75
step[9].param[0][29].bits = 0x3c46cc67
step[9].param[0][30].bits = 0x3d980c80
step[9].param[0][31].bits = 0x3e655286
step[9].param[0][32].bits = 0xbe877e85
step[9].param[0][33].bits = 0x3ea79084
step[9].param[0][34].bits = 0x3da1b922
step[9].param[0][35].bits = 0xbd446e70
step[9].param[0][36].bits = 0xbea894d8
step[9].param[0][37].bits = 0xbe1e447c
step[9].param[0][38].bits = 0x3e8db8a7
step[9].param[0][39].bits = 0xbe88c4cb
step[9].param[0][40].bits = 0xbbab6c81
step[9].param[0][41].bits = 0x3deed107
step[9].param[0][42].bits = 0xbe91da13
step[9].param[0][43].bits = 0x3e5e83b5
step[9].param[0][44].bits = 0x3d93c565
step[9].param[0][45].bits = 0x3e8a4f95
step[9].param[0][46].bits = 0x3d6cc51c
step[9].param[0][47].bits = 0x3e9e0160
step[9].param[0][48].bits = 0xbcf12af8
step[9].param[0][49].bits = 0xbe8a79f9
step[9].param[0][50].bits = 0xbe912349
step[9].param[0][51].bits = 0xbe863ccc
step[9].param[0][52].bits = 0x3e25ef0d
step[9].param[0][53].bits = 0xbdbca06c
step[9].param[0][54].bits = 0xbce24a9a
step[9].param[0][55].bits = 0xbccf47df
step[9].param[0][56].bits = 0xbe4ae00c
step[9].param[0][57].bits = 0x3e9df5ef
step[9].param[0][58].bits = 0xbde6ad9a
step[9].param[0][59].bits = 0x3e9ec7dd
step[9].param[0][60].bits = 0xbe4741b0
step[9].param[0][61].bits = 0xbc367775
step[9].param[0][62].bits = 0xbeaef76a
step[9].param[0][63].bits = 0x3e61eab0
step[9].param[0][64].bits = 0xbd1a469d
step[9].param[0][65].bits = 0xbe44686e
step[9].param[0][66].bits = 0x3bfe91ea
step[9].param[0][67].bits = 0xbde6193a
step[9].param[0][68].bits = 0xbeab9157
step[9].param[0][69].bits = 0x3eadbd6f
step[9].param[0][70].bits = 0x3c7adf33
step[9].param[0][71].bits = 0x3e860f20
step[9].param[0][72].bits = 0x3e768362
step[9].param[0][73].bits = 0x3eaa3d0d
step[9].param[0][74].bits = 0xbe31aa8e
step[9].param[0][75].bits = 0x3e9fdc3e
step[9].param[0][76].bits = 0xbea9522c
step[9].param[0][77].bits = 0x3e08425b
step[9].param[0][78].bits = 0x3dc9513a
step[9].param[0][79].bits = 0xbe331a92
step[9].param[0][80].bits = 0xbe922b86
step[9].param[0][81].bits = 0xbeacde05
step[9].param[0][82].bits = 0xbe9ceaef
step[9].param[0][83].bits = 0xbd39e027
step[9].param[0][84].bits = 0x3e351c87
step[9].param[0][85].bits = 0xbe9b0866
step[9].param[0][86].bits = 0x3e7fe92d
step[9].param[0][87].bits = 0x3e5e72ce
step[9].param[0][88].bits = 0xbd6967bb
step[9].param[0][89].bits = 0xbe40684d
step[9].param[0][90].bits = 0x3b52343d
step[9].param[0][91].bits = 0x3e1393e9
step[9].param[0][92].bits = 0x3e8ef09a
step[9].param[0][93].bits = 0xbd2b0b0f
step[9].param[0][94].bits = 0x3d92af0a
step[9].param[0][95].bits = 0x3eaacbbe
step[9].param[0][96].bits = 0xbd34ffa7
step[9].param[0][97].bits = 0x3e586f16
step[9].param[0][98].bits = 0x3e1b5cc6
step[9].param[0][99].bits = 0xbd283ac7
step[9].param[0][100].bits = 0x3d53b153
step[9].param[0][101].bits = 0x3d8291a2
step[9].param[0][102].bits = 0x3dbb9f4d
step[9].param[0][103].bits = 0x3e9b9891
step[9].param[0][104].bits = 0xbe9c6e0f
step[9].param[0][105].bits = 0xbeab596c
step[9].param[0][106].bits = 0xbceaf5f0
step[9].param[0][107].bits = 0xbe9057c0
step[9].param[0][108].bits = 0xbea12bb8
step[9].param[0][109].bits = 0x3e6d6c30
step[9].param[0][110].bits = 0x3dde5f24
step[9].param[0][111].bits = 0x3dd95acd
step[9].param[0][112].bits = 0xbea19801
step[9].param[0][113].bits = 0x3e611899
step[9].param[0][114].bits = 0x3ea99884
step[9].param[0][115].bits = 0x3e382200
step[9].param[0][116].bits = 0x3e35a941
step[9].param[0][117].bits = 0xbe2020c8
step[9].param[0][118].bits = 0xbe336897
step[9].param[0][119].bits = 0xbe5537da
step[9].param[0][120].bits = 0xbc84c4e3
step[9].param[0][121].bits = 0xbe840d64
step[9].param[0][122].bits = 0x3d0900fc
step[9].param[0][123].bits = 0x3eade42d
step[9].param[0][124].bits = 0x3e437cc9
step[9].param[0][125].bits = 0x3e08b64e
step[9].param[0][126].bits = 0x3e7ccca1
step[9].param[0][127].bits = 0x3ea354ae
step[9].param[1][0].bits = 0x3d84b4b2
step[9].param[1][1].bits = 0x3d571665
step[9].param[1][2].bits = 0x3cf567c2
step[9].param[1][3].bits = 0xbcb0a19d
step[9].param[1][4].bits = 0xbeae52c0
step[9].param[1][5].bits = 0x3e708fa0
step[9].param[1][6].bits = 0x3e5e13a8
step[9].param[1][7].bits = 0xbe8f508c
step[9].param[1][8].bits = 0x3e613aa9
step[9].param[1][9].bits = 0x3dede913
step[9].param[1][10].bits = 0x3e8389d2
step[9].param[1][11].bits = 0x3e2f0bb9
step[9].param[1][12].bits = 0x3d68bcab
step[9].param[1][13].bits = 0x3e2ef945
step[9].param[1][14].bits = 0x3cd12551
step[9].param[1][15].bits = 0x3ddd739e
step[9].param[2][0].bits = 0xbe62be35
step[9].param[2][1].bits = 0xbe80ebd9
step[9].param[2][2].bits = 0x3e4319bd
step[9].param[2][3].bits = 0x3d6b7b32
step[9].param[2][4].bits = 0x3e1ebfca
step[9].param[2][5].bits = 0x3df7415e
step[9].param[2][6].bits = 0xbe5d9a3e
step[9].param[2][7].bits = 0xbe72aa4c
step[9].param[2][8].bits = 0xbca4a68e
step[9].param[2][9].bits = 0xbe65b42a
step[9].param[2][10].bits = 0xbe5cf3b5
step[9].param[2][11].bits = 0x39a4fb17
step[9].param[2][12].bits = 0xbe510d68
step[9].param[2][13].bits = 0x3d7612fe
step[9].param[2][14].bits = 0x3dc2c391
step[9].param[2][15].bits = 0xbd7ec203
step[9].param[2][16].bits = 0x3e6afb78
step[9].param[2][17].bits = 0x3deaae94
step[9].param[2][18].bits = 0xbdbff640
step[9].param[2][19].bits = 0x3dfacf44
step[9].param[2][20].bits = 0xbe3b2393
step[9].param[2][21].bits = 0x3d253c80
step[9].param[2][22].bits = 0x3d8d89c7
step[9].param[2][23].bits = 0x3d391d96
step[9].param[2][24].bits = 0xbdf47fe1
step[9].param[2][25].bits = 0xbd69444f
step[9].param[2][26].bits = 0x3d805386
step[9].param[2][27].bits = 0xbc999a28
step[9].param[2][28].bits = 0xbd9fa1fe
step[9].param[2][29].bits = 0x3ccce123
step[9].param[2][30].bits = 0x3d993cf7
step[9].param[2][31].bits = 0x3dd6536b
step[9].param[2][32].bits = 0xbe40a156
step[9].param[2][33].bits = 0x3dc68290
step[9].param[2][34].bits = 0x3d872b62
step[9].param[2][35].bits = 0x3d057940
step[9].param[2][36].bits = 0xbd32a725
step[9].param[2][37].bits = 0x3e64e8a1
step[9].param[2][38].bits = 0x3e2ffc21
step[9].param[2][39].bits = 0xbe433f35
step[9].param[2][40].bits = 0x3db056d8
step[9].param[2][41].bits = 0xba37186f
step[9].param[2][42].bits = 0xbba7efea
step[9].param[2][43].bits = 0x3e3c50e5
step[9].param[2][44].bits = 0x3e65be30
step[9].param[2][45].bits = 0xbdeeef86
step[9].param[2][46].bits = 0x3db93781
step[9].param[2][47].bits = 0x3da14e5f
step[9].param[2][48].bits = 0x3cc4d97b
step[9].param[2][49].bits = 0x3e1fba9c
step[9].param[2][50].bits = 0x3dac52f3
step[9].param[2][51].bits = 0xbe075d11
step[9].param[2][52].bits = 0xbe15115e
step[9].param[2][53].bits = 0x3e7f7f53
step[9].param[2][54].bits = 0x3ddfd622
step[9].param[2][55].bits = 0xbe243f43
step[9].param[2][56].bits = 0x3e7181f1
step[9].param[2][57].bits = 0xbdcb111d
step[9].param[2][58].bits = 0xbdd96f8f
step[9].param[2][59].bits = 0xbdeac71f
step[9].param[2][60].bits = 0x3e2de8b9
step[9].param[2][61].bits = 0xbe1c082f
step[9].param[2][62].bits = 0xbe4a409a
step[9].param[2][63].bits = 0x3d8f74dd
step[9].param[3][0].bits = 0xbe134e9f
step[9].param[3][1].bits = 0x3d140f1f
step[9].param[3][2].bits = 0x3de32cf6
step[9].param[3][3].bits = 0x3d67d211
final.param[0][0].bits = 0xbe8907ed
final.param[0][1].bits = 0x3e427898
final.param[0][2].bits = 0xbeb81589
final.param[0][3].bits = 0x3e41d6bb
final.param[0][4].bits = 0x3cc16fed
final.param[0][5].bits = 0x3e4e26e2
final.param[0][6].bits = 0xbdc07fb8
final.param[0][7].bits = 0xbe3252e2
final.param[0][8].bits = 0x3dbce512
final.param[0][9].bits = 0xbd9328ed
final.param[0][10].bits = 0xbe3965e9
final.param[0][11].bits = 0x3eb04b43
final.param[0][12].bits = 0x3e5a55d1
final.param[0][13].bits = 0x3db808ae
final.param[0][14].bits = 0xbe508740
final.param[0][15].bits = 0x3eaa0a3d
final.param[0][16].bits = 0xbe58173f
final.param[0][17].bits = 0xbbb56ff3
final.param[0][18].bits = 0x3c55e252
final.param[0][19].bits = 0xbe2e5588
final.param[0][20].bits = 0xbc16a89c
final.param[0][21].bits = 0xbe13ebf3
final.param[0][22].bits = 0x3e622e8a
final.param[0][23].bits = 0x3dc23c24
final.param[0][24].bits = 0xbe8516ef
final.param[0][25].bits = 0x3cb7b223
final.param[0][26].bits = 0x3d88db9d
final.param[0][27].bits = 0x3dcdbcf8
final.param[0][28].bits = 0xbe89ca75
final.param[0][29].bits = 0x3c46cc67
final.param[0][30].bits = 0x3d980c80
final.param[0][31].bits = 0x3e655286
final.param[0][32].bits = 0xbe877e85
final.param[0][33].bits = 0x3ea79084
final.param[0][34].bits = 0x3da1b922
final.param[0][35].bits = 0xbd446e70
final.param[0][36].bits = 0xbea894d8
final.param[0][37].bits = 0xbe1e447c
final.param[0][38].bits = 0x3e8db8a7
final.param[0][39].bits = 0xbe88c4cb
final.param[0][40].bits = 0xbbab6c81
final.param[0][41].bits = 0x3deed107
final.param[0][42].bits = 0xbe91da13
final.param[0][43].bits = 0x3e5e83b5
final.param[0][44].bits = 0x3d93c565
final.param[0][45].bits = 0x3e8a4f95
final.param[0][46].bits = 0x3d6cc51c
final.param[0][47].bits = 0x3e9e0160
final.param[0][48].bits = 0xbcf12af8
final.param[0][49].bits = 0xbe8a79f9
final.param[0][50].bits = 0xbe912349
final.param[0][51].bits = 0xbe863ccc
final.param[0][52].bits = 0x3e25ef0d
final.param[0][53].bits = 0xbdbca06c
final.param[0][54].bits = 0xbce24a9a
final.param[0][55].bits = 0xbccf47df
final.param[0][56].bits = 0xbe4ae00c
final.param[0][57].bits = 0x3e9df5ef
final.param[0][58].bits = 0xbde6ad9a
final.param[0][59].bits = 0x3e9ec7dd
final.param[0][60].bits = 0xbe4741b0
final.param[0][61].bits = 0xbc367775
final.param[0][62].bits = 0xbeaef76a
final.param[0][63].bits = 0x3e61eab0
final.param[0][64].bits = 0xbd1a469d
final.param[0][65].bits = 0xbe44686e
final.param[0][66].bits = 0x3bfe91ea
final.param[0][67].bits = 0xbde6193a
final.param[0][68].bits = 0xbeab9157
final.param[0][69].bits = 0x3eadbd6f
final.param[0][70].bits = 0x3c7adf33
final.param[0][71].bits = 0x3e860f20
final.param[0][72].bits = 0x3e768362
final.param[0][73].bits = 0x3eaa3d0d
final.param[0][74].bits = 0xbe31aa8e
final.param[0][75].bits = 0x3e9fdc3e
final.param[0][76].bits = 0xbea9522c
final.param[0][77].bits = 0x3e08425b
final.param[0][78].bits = 0x3dc9513a
final.param[0][79].bits = 0xbe331a92
final.param[0][80].bits = 0xbe922b86
final.param[0][81].bits = 0xbeacde05
final.param[0][82].bits = 0xbe9ceaef
final.param[0][83].bits = 0xbd39e027
final.param[0][84].bits = 0x3e351c87
final.param[0][85].bits = 0xbe9b0866
final.param[0][86].bits = 0x3e7fe92d
final.param[0][87].bits = 0x3e5e72ce
final.param[0][88].bits = 0xbd6967bb
final.param[0][89].bits = 0xbe40684d
final.param[0][90].bits = 0x3b52343d
final.param[0][91].bits = 0x3e1393e9
final.param[0][92].bits = 0x3e8ef09a
final.param[0][93].bits = 0xbd2b0b0f
final.param[0][94].bits = 0x3d92af0a
final.param[0][95].bits = 0x3eaacbbe
final.param[0][96].bits = 0xbd34ffa7
final.param[0][97].bits = 0x3e586f16
final.param[0][98].bits = 0x3e1b5cc6
final.param[0][99].bits = 0xbd283ac7
final.param[0][100].bits = 0x3d53b153
final.param[0][101].bits = 0x3d8291a2
final.param[0][102].bits = 0x3dbb9f4d
final.param[0][103].bits = 0x3e9b9891
final.param[0][104].bits = 0xbe9c6e0f
final.param[0][105].bits = 0xbeab596c
final.param[0][106].bits = 0xbceaf5f0
final.param[0][107].bits = 0xbe9057c0
final.param[0][108].bits = 0xbea12bb8
final.param[0][109].bits = 0x3e6d6c30
final.param[0][110].bits = 0x3dde5f24
final.param[0][111].bits = 0x3dd95acd
final.param[0][112].bits = 0xbea19801
final.param[0][113].bits = 0x3e611899
final.param[0][114].bits = 0x3ea99884
final.param[0][115].bits = 0x3e382200
final.param[0][116].bits = 0x3e35a941
final.param[0][117].bits = 0xbe2020c8
final.param[0][118].bits = 0xbe336897
final.param[0][119].bits = 0xbe5537da
final.param[0][120].bits = 0xbc84c4e3
final.param[0][121].bits = 0xbe840d64
final.param[0][122].bits = 0x3d0900fc
final.param[0][123].bits = 0x3eade42d
final.param[0][124].bits = 0x3e437cc9
final.param[0][125].bits = 0x3e08b64e
final.param[0][126].bits = 0x3e7ccca1
final.param[0][127].bits = 0x3ea354ae
final.param[1][0].bits = 0x3d84b4b2
final.param[1][1].bits = 0x3d571665
final.param[1][2].bits = 0x3cf567c2
final.param[1][3].bits = 0xbcb0a19d
final.param[1][4].bits = 0xbeae52c0
final.param[1][5].bits = 0x3e708fa0
final.param[1][6].bits = 0x3e5e13a8
final.param[1][7].bits = 0xbe8f508c
final.param[1][8].bits = 0x3e613aa9
final.param[1][9].bits = 0x3dede913
final.param[1][10].bits = 0x3e8389d2
final.param[1][11].bits = 0x3e2f0bb9
final.param[1][12].bits = 0x3d68bcab
final.param[1][13].bits = 0x3e2ef945
final.param[1][14].bits = 0x3cd12551
final.param[1][15].bits = 0x3ddd739e
final.param[2][0].bits = 0xbe62be35
final.param[2][1].bits = 0xbe80ebd9
final.param[2][2].bits = 0x3e4319bd
final.param[2][3].bits = 0x3d6b7b32
final.param[2][4].bits = 0x3e1ebfca
final.param[2][5].bits = 0x3df7415e
final.param[2][6].bits = 0xbe5d9a3e
final.param[2][7].bits = 0xbe72aa4c
final.param[2][8].bits = 0xbca4a68e
final.param[2][9].bits = 0xbe65b42a
final.param[2][10].bits = 0xbe5cf3b5
final.param[2][11].bits = 0x39a4fb17
final.param[2][12].bits = 0xbe510d68
final.param[2][13].bits = 0x3d7612fe
final.param[2][14].bits = 0x3dc2c391
final.param[2][15].bits = 0xbd7ec203
final.param[2][16].bits = 0x3e6afb78
final.param[2][17].bits = 0x3deaae94
final.param[2][18].bits = 0xbdbff640
final.param[2][19].bits = 0x3dfacf44
final.param[2][20].bits = 0xbe3b2393
final.param[2][21].bits = 0x3d253c80
final.param[2][22].bits = 0x3d8d89c7
final.param[2][23].bits = 0x3d391d96
final.param[2][24].bits = 0xbdf47fe1
final.param[2][25].bits = 0xbd69444f
final.param[2][26].bits = 0x3d805386
final.param[2][27].bits = 0xbc999a28
final.param[2][28].bits = 0xbd9fa1fe
final.param[2][29].bits = 0x3ccce123
final.param[2][30].bits = 0x3d993cf7
final.param[2][31].bits = 0x3dd6536b
final.param[2][32].bits = 0xbe40a156
final.param[2][33].bits = 0x3dc68290
final.param[2][34].bits = 0x3d872b62
final.param[2][35].bits = 0x3d057940
final.param[2][36].bits = 0xbd32a725
final.param[2][37].bits = 0x3e64e8a1
final.param[2][38].bits = 0x3e2ffc21
final.param[2][39].bits = 0xbe433f35
final.param[2][40].bits = 0x3db056d8
final.param[2][41].bits = 0xba37186f
final.param[2][42].bits = 0xbba7efea
final.param[2][43].bits = 0x3e3c50e5
final.param[2][44].bits = 0x3e65be30
final.param[2][45].bits = 0xbdeeef86
final.param[2][46].bits = 0x3db93781
final.param[2][47].bits = 0x3da14e5f
final.param[2][48].bits = 0x3cc4d97b
final.param[2][49].bits = 0x3e1fba9c
final.param[2][50].bits = 0x3dac52f3
final.param[2][51].bits = 0xbe075d11
final.param[2][52].bits = 0xbe15115e
final.param[2][53].bits = 0x3e7f7f53
final.param[2][54].bits = 0x3ddfd622
final.param[2][55].bits = 0xbe243f43
final.param[2][56].bits = 0x3e7181f1
final.param[2][57].bits = 0xbdcb111d
final.param[2][58].bits = 0xbdd96f8f
final.param[2][59].bits = 0xbdeac71f
final.param[2][60].bits = 0x3e2de8b9
final.param[2][61].bits = 0xbe1c082f
final.param[2][62].bits = 0xbe4a409a
final.param[2][63].bits = 0x3d8f74dd
final.param[3][0].bits = 0xbe134e9f
final.param[3][1].bits = 0x3d140f1f
final.param[3][2].bits = 0x3de32cf6
final.param[3][3].bits = 0x3d67d211
test graph_capture ... ok

test result: ok. 1 passed; 0 failed; 0 ignored; 0 measured; 2 filtered out; finished in 0.45s

