# n=4096 ユニーク fail idx 件数=4096 (解析対象 PARITY_DUMP 行 4096 件)
       idx    row    col          exact        f64_seq            ref         actual  |ref-exact| |actual-exact| |ref-actual| max|partial|    sqrtK*ulp fma_bit_match
         6      0      6  -1.318971e+00  -1.318971e+00  -1.318974e+00  -1.320664e+00    2.735e-06      1.694e-03    1.691e-03    4.068e+00    3.052e-05          True
        15      0     15  -1.237077e-01  -1.237077e-01  -1.237065e-01  -1.246493e-01    1.219e-06      9.417e-04    9.429e-04    4.282e+00    3.052e-05          True
        18      0     18  -9.433355e-01  -9.433355e-01  -9.433367e-01  -9.410310e-01    1.175e-06      2.305e-03    2.306e-03    6.242e+00    3.052e-05          True
        20      0     20   2.540458e-01   2.540458e-01   2.540456e-01   2.537788e-01    1.727e-07      2.669e-04    2.668e-04    2.747e+00    1.526e-05          True
        38      0     38   5.353075e-01   5.353075e-01   5.353100e-01   5.364805e-01    2.494e-06      1.173e-03    1.170e-03    5.949e+00    3.052e-05          True
        39      0     39   2.634579e-01   2.634579e-01   2.634526e-01   2.620880e-01    5.240e-06      1.370e-03    1.365e-03    4.740e+00    3.052e-05          True
        41      0     41   1.859132e+00   1.859132e+00   1.859122e+00   1.856757e+00    1.039e-05      2.375e-03    2.364e-03    5.903e+00    3.052e-05          True
        51      0     51  -4.611560e+00  -4.611560e+00  -4.611565e+00  -4.606789e+00    5.593e-06      4.770e-03    4.776e-03    5.704e+00    3.052e-05          True
        64      0     64  -3.766718e+00  -3.766718e+00  -3.766712e+00  -3.770622e+00    5.823e-06      3.904e-03    3.910e-03    6.770e+00    3.052e-05          True
        74      0     74  -3.281625e-01  -3.281625e-01  -3.281594e-01  -3.304937e-01    3.060e-06      2.331e-03    2.334e-03    2.772e+00    1.526e-05          True
        78      0     78  -1.802930e+00  -1.802930e+00  -1.802935e+00  -1.804849e+00    4.694e-06      1.918e-03    1.914e-03    4.860e+00    3.052e-05          True
        86      0     86  -4.853336e-02  -4.853336e-02  -4.854032e-02  -4.769143e-02    6.955e-06      8.419e-04    8.489e-04    6.485e+00    3.052e-05          True
        88      0     88  -5.741654e-02  -5.741654e-02  -5.742084e-02  -5.578493e-02    4.302e-06      1.632e-03    1.636e-03    4.622e+00    3.052e-05          True
        94      0     94  -2.196317e+00  -2.196317e+00  -2.196316e+00  -2.193820e+00    6.576e-07      2.497e-03    2.496e-03    3.668e+00    1.526e-05          True
        96      0     96   2.169705e-01   2.169705e-01   2.169743e-01   2.177668e-01    3.715e-06      7.962e-04    7.925e-04    3.753e+00    1.526e-05          True
        98      0     98   3.246658e-01   3.246658e-01   3.246669e-01   3.265850e-01    1.039e-06      1.919e-03    1.918e-03    4.024e+00    3.052e-05          True
       108      0    108   5.447530e-02   5.447530e-02   5.447904e-02   5.433757e-02    3.745e-06      1.377e-04    1.415e-04    4.919e+00    3.052e-05          True
       116      0    116   2.683129e+00   2.683129e+00   2.683128e+00   2.686654e+00    1.424e-06      3.525e-03    3.527e-03    4.715e+00    3.052e-05          True
       117      0    117   6.996836e-01   6.996836e-01   6.996857e-01   6.974432e-01    2.139e-06      2.240e-03    2.243e-03    4.043e+00    3.052e-05          True
       121      0    121  -3.164889e-01  -3.164889e-01  -3.164886e-01  -3.153858e-01    3.524e-07      1.103e-03    1.103e-03    2.911e+00    1.526e-05          True
       124      0    124   1.495133e+00   1.495133e+00   1.495132e+00   1.496701e+00    6.309e-07      1.568e-03    1.568e-03    3.446e+00    1.526e-05          True
       132      0    132  -3.457784e-02  -3.457784e-02  -3.457678e-02  -3.376308e-02    1.059e-06      8.148e-04    8.137e-04    2.662e+00    1.526e-05          True
       135      0    135  -9.140958e-01  -9.140958e-01  -9.140915e-01  -9.108255e-01    4.320e-06      3.270e-03    3.266e-03    4.668e+00    3.052e-05          True
       139      0    139  -1.988127e-01  -1.988127e-01  -1.988145e-01  -1.991601e-01    1.823e-06      3.474e-04    3.456e-04    5.574e+00    3.052e-05          True
       145      0    145   1.540639e+00   1.540639e+00   1.540636e+00   1.542493e+00    2.662e-06      1.855e-03    1.858e-03    4.797e+00    3.052e-05          True
       148      0    148   6.904196e-01   6.904196e-01   6.904230e-01   6.883672e-01    3.395e-06      2.052e-03    2.056e-03    3.125e+00    1.526e-05          True
       149      0    149   3.182162e-01   3.182162e-01   3.182147e-01   3.186758e-01    1.447e-06      4.597e-04    4.611e-04    3.723e+00    1.526e-05          True
       152      0    152   2.353696e+00   2.353696e+00   2.353699e+00   2.356238e+00    3.186e-06      2.542e-03    2.539e-03    2.999e+00    1.526e-05          True
       159      0    159  -5.215023e-01  -5.215023e-01  -5.215040e-01  -5.209814e-01    1.771e-06      5.209e-04    5.227e-04    2.081e+00    1.526e-05          True
       167      0    167   8.749246e-01   8.749246e-01   8.749298e-01   8.739117e-01    5.183e-06      1.013e-03    1.018e-03    6.229e+00    3.052e-05          True
       184      0    184   6.705038e-01   6.705038e-01   6.705030e-01   6.695542e-01    7.963e-07      9.495e-04    9.487e-04    6.457e+00    3.052e-05          True
       201      0    201  -1.480094e+00  -1.480094e+00  -1.480091e+00  -1.482336e+00    3.466e-06      2.242e-03    2.245e-03    3.676e+00    1.526e-05          True
       217      0    217   1.144545e-01   1.144545e-01   1.144557e-01   1.143353e-01    1.219e-06      1.192e-04    1.204e-04    4.036e+00    3.052e-05          True
       232      0    232   2.077808e+00   2.077808e+00   2.077812e+00   2.075075e+00    3.781e-06      2.733e-03    2.737e-03    9.363e+00    6.104e-05          True
       238      0    238  -1.398977e+00  -1.398977e+00  -1.398979e+00  -1.396575e+00    2.003e-06      2.402e-03    2.404e-03    3.113e+00    1.526e-05          True
       245      0    245  -7.419726e-01  -7.419726e-01  -7.419700e-01  -7.405245e-01    2.588e-06      1.448e-03    1.445e-03    5.618e+00    3.052e-05          True
       251      0    251  -5.175873e-01  -5.175873e-01  -5.175868e-01  -5.181075e-01    5.207e-07      5.201e-04    5.206e-04    5.178e+00    3.052e-05          True
       253      0    253  -8.553863e-01  -8.553863e-01  -8.553836e-01  -8.563296e-01    2.714e-06      9.433e-04    9.460e-04    2.895e+00    1.526e-05          True
       260      0    260   8.487582e-01   8.487582e-01   8.487539e-01   8.507617e-01    4.277e-06      2.004e-03    2.008e-03    5.363e+00    3.052e-05          True
       264      0    264  -1.749480e+00  -1.749480e+00  -1.749484e+00  -1.747226e+00    4.204e-06      2.254e-03    2.258e-03    7.896e+00    3.052e-05          True
       265      0    265  -1.286263e+00  -1.286263e+00  -1.286268e+00  -1.284899e+00    4.826e-06      1.364e-03    1.369e-03    3.792e+00    1.526e-05          True
       266      0    266  -2.976119e+00  -2.976119e+00  -2.976122e+00  -2.973119e+00    2.704e-06      3.000e-03    3.002e-03    3.469e+00    1.526e-05          True
       268      0    268   1.262990e+00   1.262990e+00   1.262985e+00   1.259192e+00    5.430e-06      3.799e-03    3.793e-03    5.537e+00    3.052e-05          True
       275      0    275  -8.548181e-02  -8.548181e-02  -8.548092e-02  -8.569297e-02    8.842e-07      2.112e-04    2.121e-04    4.282e+00    3.052e-05          True
       277      0    277   1.741082e-01   1.741082e-01   1.741171e-01   1.726859e-01    8.938e-06      1.422e-03    1.431e-03    5.717e+00    3.052e-05          True
       283      0    283   1.384081e+00   1.384081e+00   1.384082e+00   1.387459e+00    4.495e-07      3.378e-03    3.378e-03    4.565e+00    3.052e-05          True
       287      0    287  -9.919149e-01  -9.919149e-01  -9.919224e-01  -9.905763e-01    7.434e-06      1.339e-03    1.346e-03    6.197e+00    3.052e-05          True
       289      0    289   1.887686e-01   1.887686e-01   1.887766e-01   1.903617e-01    7.948e-06      1.593e-03    1.585e-03    6.574e+00    3.052e-05          True
       291      0    291  -3.099265e-01  -3.099265e-01  -3.099260e-01  -3.094547e-01    4.808e-07      4.718e-04    4.713e-04    3.196e+00    1.526e-05          True
       297      0    297  -2.318735e-02  -2.318735e-02  -2.318907e-02  -2.067785e-02    1.721e-06      2.509e-03    2.511e-03    5.125e+00    3.052e-05          True
       299      0    299  -2.329475e-01  -2.329475e-01  -2.329462e-01  -2.321834e-01    1.281e-06      7.641e-04    7.628e-04    2.913e+00    1.526e-05          True
       304      0    304   1.627996e+00   1.627996e+00   1.627996e+00   1.625627e+00    5.758e-07      2.369e-03    2.369e-03    3.553e+00    1.526e-05          True
       317      0    317  -2.357353e-01  -2.357353e-01  -2.357303e-01  -2.349880e-01    5.060e-06      7.473e-04    7.422e-04    7.852e+00    3.052e-05          True
       326      0    326  -1.110035e-02  -1.110035e-02  -1.109787e-02  -1.368880e-02    2.483e-06      2.588e-03    2.591e-03    4.688e+00    3.052e-05          True
       348      0    348   5.132174e-01   5.132174e-01   5.132089e-01   5.165830e-01    8.508e-06      3.366e-03    3.374e-03    6.542e+00    3.052e-05          True
       353      0    353  -1.546885e-01  -1.546885e-01  -1.546970e-01  -1.561154e-01    8.436e-06      1.427e-03    1.418e-03    6.319e+00    3.052e-05          True
       356      0    356   3.551313e-01   3.551313e-01   3.551332e-01   3.557793e-01    1.876e-06      6.480e-04    6.461e-04    3.830e+00    1.526e-05          True
       357      0    357  -1.013614e+00  -1.013614e+00  -1.013622e+00  -1.012323e+00    8.597e-06      1.291e-03    1.300e-03    5.127e+00    3.052e-05          True
       389      0    389   2.629073e+00   2.629073e+00   2.629071e+00   2.625968e+00    2.016e-06      3.104e-03    3.102e-03    5.950e+00    3.052e-05          True
       391      0    391   1.576148e+00   1.576148e+00   1.576143e+00   1.577777e+00    4.836e-06      1.630e-03    1.635e-03    5.165e+00    3.052e-05          True
       395      0    395  -8.659022e-01  -8.659022e-01  -8.659028e-01  -8.674410e-01    5.831e-07      1.539e-03    1.538e-03    6.131e+00    3.052e-05          True
       399      0    399   1.397553e+00   1.397553e+00   1.397551e+00   1.399435e+00    1.896e-06      1.882e-03    1.884e-03    5.987e+00    3.052e-05          True
       400      0    400  -1.424562e+00  -1.424562e+00  -1.424556e+00  -1.426369e+00    5.452e-06      1.807e-03    1.813e-03    3.299e+00    1.526e-05          True
       401      0    401  -8.063613e-01  -8.063613e-01  -8.063600e-01  -8.040370e-01    1.315e-06      2.324e-03    2.323e-03    2.816e+00    1.526e-05          True
       404      0    404  -3.288132e-01  -3.288132e-01  -3.288195e-01  -3.264640e-01    6.339e-06      2.349e-03    2.356e-03    2.937e+00    1.526e-05          True
       407      0    407   4.328812e-01   4.328812e-01   4.328827e-01   4.340276e-01    1.521e-06      1.146e-03    1.145e-03    2.113e+00    1.526e-05          True
       414      0    414  -1.067116e+00  -1.067116e+00  -1.067114e+00  -1.070301e+00    2.188e-06      3.185e-03    3.187e-03    3.438e+00    1.526e-05          True
       418      0    418   1.420185e-02   1.420185e-02   1.420438e-02   1.393119e-02    2.533e-06      2.707e-04    2.732e-04    4.409e+00    3.052e-05          True
       419      0    419   4.864348e-01   4.864348e-01   4.864298e-01   4.871611e-01    5.031e-06      7.263e-04    7.313e-04    4.634e+00    3.052e-05          True
       432      0    432   1.264772e+00   1.264772e+00   1.264770e+00   1.266090e+00    2.455e-06      1.318e-03    1.320e-03    3.437e+00    1.526e-05          True
       433      0    433  -3.112756e-01  -3.112756e-01  -3.112732e-01  -3.133112e-01    2.449e-06      2.036e-03    2.038e-03    3.495e+00    1.526e-05          True
       439      0    439   3.623529e-01   3.623529e-01   3.623482e-01   3.642008e-01    4.720e-06      1.848e-03    1.853e-03    5.515e+00    3.052e-05          True
       441      0    441   3.936859e-01   3.936859e-01   3.936856e-01   3.924553e-01    3.066e-07      1.231e-03    1.230e-03    3.541e+00    1.526e-05          True
       443      0    443   1.355971e+00   1.355971e+00   1.355967e+00   1.353184e+00    4.535e-06      2.787e-03    2.783e-03    4.834e+00    3.052e-05          True
       448      0    448   1.582129e+00   1.582129e+00   1.582127e+00   1.585020e+00    2.369e-06      2.890e-03    2.892e-03    5.282e+00    3.052e-05          True
       453      0    453   5.675060e-01   5.675060e-01   5.675074e-01   5.657349e-01    1.349e-06      1.771e-03    1.773e-03    2.997e+00    1.526e-05          True
       457      0    457  -6.444202e-01  -6.444202e-01  -6.444218e-01  -6.458867e-01    1.645e-06      1.466e-03    1.465e-03    3.889e+00    1.526e-05          True
       463      0    463  -1.038164e+00  -1.038164e+00  -1.038167e+00  -1.039902e+00    3.060e-06      1.738e-03    1.735e-03    5.235e+00    3.052e-05          True
       465      0    465   3.277259e-01   3.277259e-01   3.277234e-01   3.305269e-01    2.513e-06      2.801e-03    2.803e-03    3.917e+00    1.526e-05          True
       475      0    475   3.128331e-01   3.128331e-01   3.128306e-01   3.115863e-01    2.477e-06      1.247e-03    1.244e-03    4.051e+00    3.052e-05          True
       478      0    478  -3.159779e-01  -3.159779e-01  -3.159759e-01  -3.151819e-01    1.919e-06      7.959e-04    7.940e-04    3.150e+00    1.526e-05          True
       508      0    508  -1.776883e+00  -1.776883e+00  -1.776883e+00  -1.773741e+00    6.118e-07      3.142e-03    3.141e-03    5.829e+00    3.052e-05          True
       512      0    512   3.638073e-01   3.638073e-01   3.638082e-01   3.633239e-01    8.804e-07      4.835e-04    4.843e-04    2.583e+00    1.526e-05          True
       518      0    518  -6.557814e-01  -6.557814e-01  -6.557819e-01  -6.570595e-01    5.477e-07      1.278e-03    1.278e-03    3.619e+00    1.526e-05          True
       531      0    531   1.392518e+00   1.392518e+00   1.392519e+00   1.394910e+00    8.405e-07      2.392e-03    2.391e-03    4.449e+00    3.052e-05          True
       540      0    540   1.026579e-01   1.026579e-01   1.026562e-01   1.020921e-01    1.704e-06      5.659e-04    5.642e-04    4.431e+00    3.052e-05          True
       547      0    547   5.144231e-01   5.144231e-01   5.144227e-01   5.136788e-01    3.755e-07      7.443e-04    7.439e-04    3.557e+00    1.526e-05          True
       552      0    552   2.152826e-02   2.152826e-02   2.152924e-02   2.113496e-02    9.811e-07      3.933e-04    3.943e-04    4.028e+00    3.052e-05          True
       562      0    562   6.830251e-01   6.830251e-01   6.830336e-01   6.851961e-01    8.528e-06      2.171e-03    2.163e-03    5.426e+00    3.052e-05          True
       564      0    564  -1.108203e+00  -1.108203e+00  -1.108207e+00  -1.106606e+00    3.678e-06      1.597e-03    1.601e-03    3.412e+00    1.526e-05          True
       565      0    565   1.870046e+00   1.870046e+00   1.870046e+00   1.867965e+00    2.448e-07      2.081e-03    2.081e-03    4.538e+00    3.052e-05          True
       574      0    574  -6.191567e-02  -6.191567e-02  -6.192086e-02  -6.141235e-02    5.190e-06      5.033e-04    5.085e-04    6.377e+00    3.052e-05          True
       586      0    586  -5.673816e-01  -5.673816e-01  -5.673847e-01  -5.667980e-01    3.087e-06      5.836e-04    5.867e-04    4.543e+00    3.052e-05          True
       587      0    587  -1.140389e-01  -1.140389e-01  -1.140394e-01  -1.124680e-01    5.412e-07      1.571e-03    1.571e-03    3.881e+00    1.526e-05          True
       597      0    597   1.112907e+00   1.112907e+00   1.112910e+00   1.116755e+00    3.045e-06      3.848e-03    3.845e-03    3.981e+00    1.526e-05          True
       602      0    602  -8.428423e-01  -8.428423e-01  -8.428410e-01  -8.449854e-01    1.308e-06      2.143e-03    2.144e-03    7.767e+00    3.052e-05          True
       612      0    612   3.775550e-01   3.775550e-01   3.775520e-01   3.759872e-01    2.978e-06      1.568e-03    1.565e-03    3.038e+00    1.526e-05          True
       613      0    613   1.758385e-01   1.758385e-01   1.758365e-01   1.770428e-01    1.910e-06      1.204e-03    1.206e-03    3.409e+00    1.526e-05          True
       636      0    636   1.299094e+00   1.299094e+00   1.299093e+00   1.300922e+00    1.248e-06      1.828e-03    1.829e-03    5.287e+00    3.052e-05          True
       638      0    638  -9.490525e-01  -9.490525e-01  -9.490522e-01  -9.458963e-01    3.524e-07      3.156e-03    3.156e-03    6.401e+00    3.052e-05          True
       641      0    641  -2.806519e-01  -2.806519e-01  -2.806566e-01  -2.820238e-01    4.693e-06      1.372e-03    1.367e-03    4.018e+00    3.052e-05          True
       647      0    647  -4.404913e-01  -4.404913e-01  -4.404906e-01  -4.413305e-01    6.259e-07      8.392e-04    8.399e-04    5.737e+00    3.052e-05          True
       649      0    649   1.111825e+00   1.111825e+00   1.111826e+00   1.113435e+00    7.799e-07      1.610e-03    1.609e-03    3.338e+00    1.526e-05          True
       652      0    652  -6.642164e-02  -6.642164e-02  -6.642431e-02  -6.497201e-02    2.675e-06      1.450e-03    1.452e-03    5.783e+00    3.052e-05          True
       654      0    654  -1.171726e+00  -1.171726e+00  -1.171725e+00  -1.174834e+00    9.816e-07      3.109e-03    3.110e-03    2.873e+00    1.526e-05          True
       671      0    671   2.618710e-01   2.618710e-01   2.618709e-01   2.608100e-01    8.789e-08      1.061e-03    1.061e-03    3.232e+00    1.526e-05          True
       686      0    686   1.044231e+00   1.044231e+00   1.044236e+00   1.045825e+00    4.661e-06      1.594e-03    1.589e-03    4.317e+00    3.052e-05          True
       687      0    687   9.182414e-01   9.182414e-01   9.182334e-01   9.204517e-01    7.970e-06      2.210e-03    2.218e-03    6.570e+00    3.052e-05          True
       691      0    691   1.365474e+00   1.365474e+00   1.365471e+00   1.368557e+00    3.537e-06      3.083e-03    3.087e-03    3.936e+00    1.526e-05          True
       693      0    693  -1.013711e+00  -1.013711e+00  -1.013713e+00  -1.012097e+00    1.225e-06      1.614e-03    1.615e-03    4.534e+00    3.052e-05          True
       695      0    695  -1.801416e-01  -1.801416e-01  -1.801412e-01  -1.804474e-01    3.352e-07      3.058e-04    3.061e-04    3.015e+00    1.526e-05          True
       698      0    698  -1.457721e-01  -1.457721e-01  -1.457725e-01  -1.449939e-01    4.560e-07      7.782e-04    7.787e-04    5.673e+00    3.052e-05          True
       700      0    700   1.322068e+00   1.322068e+00   1.322070e+00   1.323954e+00    1.707e-06      1.885e-03    1.884e-03    3.965e+00    1.526e-05          True
       701      0    701  -7.551397e-01  -7.551397e-01  -7.551305e-01  -7.561840e-01    9.208e-06      1.044e-03    1.054e-03    6.200e+00    3.052e-05          True
       703      0    703  -1.456735e-02  -1.456735e-02  -1.456623e-02  -1.279575e-02    1.117e-06      1.772e-03    1.770e-03    4.214e+00    3.052e-05          True
       704      0    704  -1.669740e-01  -1.669740e-01  -1.669701e-01  -1.688109e-01    3.830e-06      1.837e-03    1.841e-03    5.432e+00    3.052e-05          True
       707      0    707   5.759672e-01   5.759672e-01   5.759681e-01   5.748558e-01    9.167e-07      1.111e-03    1.112e-03    2.864e+00    1.526e-05          True
       718      0    718  -1.697791e+00  -1.697791e+00  -1.697790e+00  -1.699533e+00    8.143e-07      1.742e-03    1.743e-03    5.642e+00    3.052e-05          True
       719      0    719   2.497878e+00   2.497878e+00   2.497879e+00   2.500420e+00    2.087e-07      2.541e-03    2.541e-03    3.499e+00    1.526e-05          True
       722      0    722   2.242697e-01   2.242697e-01   2.242759e-01   2.238938e-01    6.172e-06      3.760e-04    3.822e-04    6.173e+00    3.052e-05          True
       727      0    727  -8.893455e-01  -8.893455e-01  -8.893420e-01  -8.878858e-01    3.508e-06      1.460e-03    1.456e-03    4.019e+00    3.052e-05          True
       730      0    730  -1.186480e+00  -1.186480e+00  -1.186484e+00  -1.184929e+00    3.385e-06      1.551e-03    1.555e-03    4.753e+00    3.052e-05          True
       732      0    732  -6.605702e-01  -6.605702e-01  -6.605721e-01  -6.618954e-01    1.926e-06      1.325e-03    1.323e-03    3.753e+00    1.526e-05          True
       733      0    733   1.973467e-01   1.973467e-01   1.973509e-01   1.980352e-01    4.214e-06      6.884e-04    6.842e-04    4.914e+00    3.052e-05          True
       744      0    744   7.090005e-02   7.090005e-02   7.089942e-02   7.265779e-02    6.334e-07      1.758e-03    1.758e-03    3.110e+00    1.526e-05          True
       747      0    747  -5.478027e-01  -5.478027e-01  -5.478025e-01  -5.491958e-01    2.394e-07      1.393e-03    1.393e-03    2.598e+00    1.526e-05          True
       749      0    749   2.260016e-01   2.260016e-01   2.259998e-01   2.264758e-01    1.837e-06      4.742e-04    4.761e-04    2.947e+00    1.526e-05          True
       760      0    760   2.612526e+00   2.612526e+00   2.612525e+00   2.615567e+00    3.322e-07      3.041e-03    3.042e-03    5.036e+00    3.052e-05          True
       764      0    764   7.492775e-01   7.492775e-01   7.492797e-01   7.473499e-01    2.210e-06      1.928e-03    1.930e-03    3.788e+00    1.526e-05          True
       765      0    765   1.406680e+00   1.406680e+00   1.406679e+00   1.403473e+00    1.230e-06      3.207e-03    3.206e-03    3.806e+00    1.526e-05          True
       777      0    777  -5.817168e-01  -5.817168e-01  -5.817161e-01  -5.798641e-01    7.266e-07      1.853e-03    1.852e-03    3.112e+00    1.526e-05          True
       778      0    778   5.446697e-02   5.446697e-02   5.446511e-02   5.602829e-02    1.856e-06      1.561e-03    1.563e-03    6.134e+00    3.052e-05          True
       780      0    780   1.480381e+00   1.480381e+00   1.480380e+00   1.477428e+00    1.129e-06      2.954e-03    2.953e-03    4.793e+00    3.052e-05          True
       794      0    794  -4.399195e-01  -4.399195e-01  -4.399209e-01  -4.414127e-01    1.391e-06      1.493e-03    1.492e-03    4.930e+00    3.052e-05          True
       795      0    795   1.044672e-01   1.044672e-01   1.044639e-01   1.036336e-01    3.378e-06      8.337e-04    8.303e-04    5.019e+00    3.052e-05          True
       799      0    799  -6.819056e-01  -6.819056e-01  -6.819030e-01  -6.832156e-01    2.560e-06      1.310e-03    1.313e-03    4.555e+00    3.052e-05          True
       814      0    814   5.980994e-01   5.980994e-01   5.981042e-01   5.998752e-01    4.737e-06      1.776e-03    1.771e-03    4.984e+00    3.052e-05          True
       819      0    819  -2.049109e+00  -2.049109e+00  -2.049108e+00  -2.052663e+00    1.178e-06      3.554e-03    3.555e-03    2.900e+00    1.526e-05          True
       821      0    821  -8.555005e-01  -8.555005e-01  -8.554949e-01  -8.541408e-01    5.605e-06      1.360e-03    1.354e-03    4.557e+00    3.052e-05          True
       828      0    828  -2.361551e+00  -2.361551e+00  -2.361554e+00  -2.357624e+00    3.762e-06      3.926e-03    3.930e-03    5.357e+00    3.052e-05          True
       829      0    829   1.069762e+00   1.069762e+00   1.069761e+00   1.071488e+00    1.263e-06      1.726e-03    1.728e-03    3.378e+00    1.526e-05          True
       836      0    836   1.497778e-01   1.497778e-01   1.497767e-01   1.513862e-01    1.104e-06      1.608e-03    1.609e-03    4.451e+00    3.052e-05          True
       838      0    838   5.309906e-01   5.309906e-01   5.309907e-01   5.304026e-01    1.625e-07      5.880e-04    5.881e-04    3.940e+00    1.526e-05          True
       840      0    840   1.709325e+00   1.709325e+00   1.709327e+00   1.711376e+00    2.374e-06      2.051e-03    2.048e-03    4.511e+00    3.052e-05          True
       847      0    847   2.199478e-05   2.199478e-05   2.274197e-05   8.914322e-04    7.472e-07      8.694e-04    8.687e-04    4.685e+00    3.052e-05          True
       850      0    850  -3.971130e-01  -3.971130e-01  -3.971125e-01  -3.982582e-01    5.015e-07      1.145e-03    1.146e-03    2.366e+00    1.526e-05          True
       859      0    859   7.743372e-02   7.743372e-02   7.743381e-02   7.608503e-02    8.856e-08      1.349e-03    1.349e-03    5.749e+00    3.052e-05          True
       860      0    860   1.724468e+00   1.724468e+00   1.724469e+00   1.722540e+00    1.333e-06      1.928e-03    1.929e-03    2.773e+00    1.526e-05          True
       861      0    861   4.317384e-01   4.317384e-01   4.317426e-01   4.330277e-01    4.202e-06      1.289e-03    1.285e-03    4.597e+00    3.052e-05          True
       865      0    865   7.980455e-01   7.980455e-01   7.980521e-01   8.008963e-01    6.595e-06      2.851e-03    2.844e-03    4.781e+00    3.052e-05          True
       868      0    868   1.108419e+00   1.108419e+00   1.108419e+00   1.107106e+00    1.816e-07      1.313e-03    1.313e-03    2.859e+00    1.526e-05          True
       883      0    883   1.815019e-01   1.815019e-01   1.815030e-01   1.810958e-01    1.034e-06      4.061e-04    4.071e-04    4.972e+00    3.052e-05          True
       884      0    884  -1.620412e-01  -1.620412e-01  -1.620404e-01  -1.613335e-01    8.668e-07      7.078e-04    7.069e-04    4.092e+00    3.052e-05          True
       892      0    892  -1.383903e+00  -1.383903e+00  -1.383903e+00  -1.385814e+00    4.157e-08      1.911e-03    1.911e-03    5.610e+00    3.052e-05          True
       898      0    898  -1.193092e+00  -1.193092e+00  -1.193092e+00  -1.194364e+00    9.467e-07      1.271e-03    1.272e-03    4.952e+00    3.052e-05          True
       904      0    904   1.302012e-01   1.302012e-01   1.302007e-01   1.298792e-01    5.180e-07      3.220e-04    3.215e-04    8.583e+00    6.104e-05          True
       905      0    905  -1.526877e+00  -1.526877e+00  -1.526881e+00  -1.529344e+00    4.326e-06      2.467e-03    2.463e-03    3.447e+00    1.526e-05          True
       910      0    910  -4.931029e-02  -4.931029e-02  -4.930962e-02  -4.814721e-02    6.780e-07      1.163e-03    1.162e-03    4.383e+00    3.052e-05          True
       925      0    925   3.687249e-01   3.687249e-01   3.687181e-01   3.654953e-01    6.809e-06      3.230e-03    3.223e-03    5.758e+00    3.052e-05          True
       926      0    926  -2.073322e+00  -2.073322e+00  -2.073322e+00  -2.075501e+00    3.787e-07      2.179e-03    2.179e-03    1.009e+01    6.104e-05          True
       944      0    944   1.625004e+00   1.625004e+00   1.625001e+00   1.623007e+00    3.285e-06      1.997e-03    1.994e-03    3.976e+00    1.526e-05          True
       947      0    947   1.236411e+00   1.236411e+00   1.236407e+00   1.234168e+00    4.128e-06      2.243e-03    2.239e-03    4.560e+00    3.052e-05          True
       948      0    948   7.552046e-01   7.552046e-01   7.552042e-01   7.532218e-01    4.010e-07      1.983e-03    1.982e-03    4.887e+00    3.052e-05          True
       954      0    954   7.522868e-01   7.522868e-01   7.522847e-01   7.510582e-01    2.095e-06      1.229e-03    1.226e-03    2.373e+00    1.526e-05          True
       957      0    957  -1.427026e+00  -1.427026e+00  -1.427023e+00  -1.425117e+00    2.810e-06      1.909e-03    1.906e-03    3.452e+00    1.526e-05          True
       959      0    959   2.769059e-01   2.769059e-01   2.769061e-01   2.765233e-01    2.149e-07      3.825e-04    3.828e-04    3.393e+00    1.526e-05          True
       962      0    962  -2.872424e-01  -2.872424e-01  -2.872409e-01  -2.868639e-01    1.479e-06      3.785e-04    3.770e-04    4.621e+00    3.052e-05          True
       969      0    969  -9.115576e-01  -9.115576e-01  -9.115607e-01  -9.135264e-01    3.089e-06      1.969e-03    1.966e-03    6.947e+00    3.052e-05          True
       974      0    974   1.372552e+00   1.372552e+00   1.372544e+00   1.369016e+00    7.988e-06      3.536e-03    3.528e-03    5.278e+00    3.052e-05          True
       977      0    977  -9.709466e-01  -9.709466e-01  -9.709468e-01  -9.727547e-01    2.219e-07      1.808e-03    1.808e-03    2.874e+00    1.526e-05          True
       980      0    980  -1.232218e+00  -1.232218e+00  -1.232220e+00  -1.230664e+00    2.007e-06      1.555e-03    1.557e-03    3.190e+00    1.526e-05          True
       981      0    981   6.015314e-01   6.015314e-01   6.015348e-01   6.021506e-01    3.486e-06      6.192e-04    6.157e-04    3.580e+00    1.526e-05          True
       987      0    987   5.884803e-01   5.884803e-01   5.884821e-01   5.891010e-01    1.754e-06      6.207e-04    6.189e-04    5.516e+00    3.052e-05          True
       988      0    988   3.571769e+00   3.571769e+00   3.571763e+00   3.567744e+00    5.363e-06      4.025e-03    4.019e-03    4.007e+00    3.052e-05          True
       990      0    990   4.067434e-01   4.067434e-01   4.067483e-01   4.079380e-01    4.881e-06      1.195e-03    1.190e-03    4.827e+00    3.052e-05          True
       998      0    998   2.870125e-01   2.870125e-01   2.870126e-01   2.873513e-01    1.117e-07      3.388e-04    3.387e-04    2.698e+00    1.526e-05          True
      1008      0   1008  -9.735157e-01  -9.735157e-01  -9.735166e-01  -9.749593e-01    9.051e-07      1.444e-03    1.443e-03    2.848e+00    1.526e-05          True
      1017      0   1017   2.113049e-01   2.113049e-01   2.113056e-01   2.085535e-01    6.992e-07      2.751e-03    2.752e-03    4.644e+00    3.052e-05          True
      1021      0   1021   7.109942e-01   7.109942e-01   7.109894e-01   7.094532e-01    4.799e-06      1.541e-03    1.536e-03    4.959e+00    3.052e-05          True
      1027      0   1027   1.215985e+00   1.215985e+00   1.215983e+00   1.219517e+00    2.543e-06      3.532e-03    3.535e-03    3.172e+00    1.526e-05          True
      1038      0   1038   1.794481e+00   1.794481e+00   1.794489e+00   1.792548e+00    7.191e-06      1.933e-03    1.941e-03    6.400e+00    3.052e-05          True
      1045      0   1045  -1.568697e+00  -1.568697e+00  -1.568700e+00  -1.567083e+00    3.113e-06      1.614e-03    1.618e-03    5.967e+00    3.052e-05          True
      1047      0   1047   7.851873e-01   7.851873e-01   7.851894e-01   7.840989e-01    2.105e-06      1.088e-03    1.090e-03    3.948e+00    1.526e-05          True
      1059      0   1059   3.869431e-01   3.869431e-01   3.869444e-01   3.862562e-01    1.331e-06      6.869e-04    6.882e-04    5.526e+00    3.052e-05          True
      1063      0   1063   1.162402e-01   1.162402e-01   1.162397e-01   1.176751e-01    5.066e-07      1.435e-03    1.435e-03    2.884e+00    1.526e-05          True
      1074      0   1074  -2.456808e-01  -2.456808e-01  -2.456833e-01  -2.463620e-01    2.537e-06      6.812e-04    6.787e-04    1.121e+01    6.104e-05          True
      1081      0   1081   6.051331e-01   6.051331e-01   6.051292e-01   6.062631e-01    3.911e-06      1.130e-03    1.134e-03    5.884e+00    3.052e-05          True
      1084      0   1084   3.039113e-01   3.039113e-01   3.039117e-01   3.007133e-01    4.833e-07      3.198e-03    3.198e-03    3.593e+00    1.526e-05          True
      1091      0   1091  -3.329856e-01  -3.329856e-01  -3.329866e-01  -3.334372e-01    9.290e-07      4.515e-04    4.506e-04    3.848e+00    1.526e-05          True
      1097      0   1097  -4.432445e-01  -4.432445e-01  -4.432451e-01  -4.419502e-01    5.712e-07      1.294e-03    1.295e-03    6.319e+00    3.052e-05          True
      1098      0   1098   2.950589e-01   2.950589e-01   2.950597e-01   2.965632e-01    8.615e-07      1.504e-03    1.503e-03    2.160e+00    1.526e-05          True
      1107      0   1107   1.906159e-02   1.906159e-02   1.906821e-02   2.049434e-02    6.619e-06      1.433e-03    1.426e-03    8.568e+00    6.104e-05          True
      1110      0   1110  -1.569863e+00  -1.569863e+00  -1.569860e+00  -1.567613e+00    3.019e-06      2.251e-03    2.248e-03    3.388e+00    1.526e-05          True
      1112      0   1112  -1.227053e+00  -1.227053e+00  -1.227053e+00  -1.231246e+00    6.010e-07      4.194e-03    4.193e-03    4.277e+00    3.052e-05          True
      1126      0   1126  -1.262012e+00  -1.262012e+00  -1.262000e+00  -1.263899e+00    1.193e-05      1.887e-03    1.899e-03    5.922e+00    3.052e-05          True
      1137      0   1137   1.772993e-01   1.772993e-01   1.772999e-01   1.782550e-01    5.523e-07      9.557e-04    9.552e-04    2.862e+00    1.526e-05          True
      1146      0   1146   1.129259e+00   1.129259e+00   1.129253e+00   1.131104e+00    5.443e-06      1.845e-03    1.850e-03    5.637e+00    3.052e-05          True
      1154      0   1154  -1.828790e+00  -1.828790e+00  -1.828789e+00  -1.826061e+00    1.581e-06      2.730e-03    2.728e-03    3.800e+00    1.526e-05          True
      1158      0   1158   2.238726e-01   2.238726e-01   2.238713e-01   2.225787e-01    1.300e-06      1.294e-03    1.293e-03    6.663e+00    3.052e-05          True
      1159      0   1159   1.002325e+00   1.002325e+00   1.002325e+00   1.003419e+00    5.988e-07      1.095e-03    1.094e-03    4.731e+00    3.052e-05          True
      1163      0   1163  -1.146108e+00  -1.146108e+00  -1.146105e+00  -1.144579e+00    2.488e-06      1.528e-03    1.526e-03    6.758e+00    3.052e-05          True
      1166      0   1166   2.116771e-01   2.116771e-01   2.116775e-01   2.123043e-01    4.067e-07      6.272e-04    6.268e-04    5.270e+00    3.052e-05          True
      1179      0   1179  -6.626067e-02  -6.626067e-02  -6.625899e-02  -6.800447e-02    1.682e-06      1.744e-03    1.745e-03    6.417e+00    3.052e-05          True
      1186      0   1186  -1.919171e+00  -1.919171e+00  -1.919174e+00  -1.916071e+00    3.313e-06      3.100e-03    3.103e-03    7.827e+00    3.052e-05          True
      1191      0   1191   1.398836e+00   1.398836e+00   1.398834e+00   1.396417e+00    2.169e-06      2.419e-03    2.417e-03    4.168e+00    3.052e-05          True
      1195      0   1195   7.144564e-01   7.144564e-01   7.144591e-01   7.163122e-01    2.613e-06      1.856e-03    1.853e-03    6.550e+00    3.052e-05          True
      1209      0   1209  -1.190971e+00  -1.190971e+00  -1.190973e+00  -1.189629e+00    1.508e-06      1.342e-03    1.343e-03    4.274e+00    3.052e-05          True
      1230      0   1230   1.418126e-01   1.418126e-01   1.418090e-01   1.427349e-01    3.610e-06      9.223e-04    9.259e-04    4.735e+00    3.052e-05          True
      1235      0   1235   3.929912e-02   3.929912e-02   3.929960e-02   4.007310e-02    4.797e-07      7.740e-04    7.735e-04    6.237e+00    3.052e-05          True
      1247      0   1247   4.898104e-01   4.898104e-01   4.898130e-01   4.908383e-01    2.576e-06      1.028e-03    1.025e-03    4.885e+00    3.052e-05          True
      1250      0   1250   8.077425e-01   8.077425e-01   8.077450e-01   8.061164e-01    2.511e-06      1.626e-03    1.629e-03    2.996e+00    1.526e-05          True
      1270      0   1270   4.081198e-01   4.081198e-01   4.081174e-01   4.075394e-01    2.418e-06      5.804e-04    5.780e-04    4.233e+00    3.052e-05          True
      1273      0   1273   1.453252e+00   1.453252e+00   1.453248e+00   1.454923e+00    4.785e-06      1.671e-03    1.676e-03    6.279e+00    3.052e-05          True
      1274      0   1274   1.404801e+00   1.404801e+00   1.404797e+00   1.402149e+00    4.059e-06      2.652e-03    2.648e-03    4.780e+00    3.052e-05          True
      1278      0   1278  -3.317986e-01  -3.317986e-01  -3.317957e-01  -3.310564e-01    2.872e-06      7.422e-04    7.393e-04    3.202e+00    1.526e-05          True
      1279      0   1279  -1.057637e+00  -1.057637e+00  -1.057633e+00  -1.056367e+00    4.281e-06      1.270e-03    1.266e-03    3.717e+00    1.526e-05          True
      1280      0   1280   1.159306e+00   1.159306e+00   1.159315e+00   1.157238e+00    9.637e-06      2.067e-03    2.077e-03    6.489e+00    3.052e-05          True
      1283      0   1283  -1.941012e-01  -1.941012e-01  -1.940958e-01  -1.958450e-01    5.447e-06      1.744e-03    1.749e-03    7.499e+00    3.052e-05          True
      1285      0   1285  -2.327192e-01  -2.327192e-01  -2.327204e-01  -2.344208e-01    1.154e-06      1.702e-03    1.700e-03    3.404e+00    1.526e-05          True
      1292      0   1292   1.942926e-02   1.942926e-02   1.943156e-02   1.855056e-02    2.295e-06      8.787e-04    8.810e-04    3.718e+00    1.526e-05          True
      1294      0   1294   3.069113e+00   3.069113e+00   3.069110e+00   3.073202e+00    3.190e-06      4.089e-03    4.092e-03    3.545e+00    1.526e-05          True
      1297      0   1297  -6.591200e-01  -6.591200e-01  -6.591255e-01  -6.578674e-01    5.466e-06      1.253e-03    1.258e-03    5.032e+00    3.052e-05          True
      1298      0   1298   1.261039e+00   1.261039e+00   1.261039e+00   1.259304e+00    4.411e-08      1.735e-03    1.735e-03    3.632e+00    1.526e-05          True
      1302      0   1302  -9.141501e-01  -9.141501e-01  -9.141511e-01  -9.127211e-01    9.725e-07      1.429e-03    1.430e-03    3.175e+00    1.526e-05          True
      1304      0   1304  -1.133665e+00  -1.133665e+00  -1.133670e+00  -1.135077e+00    4.587e-06      1.412e-03    1.408e-03    4.718e+00    3.052e-05          True
      1306      0   1306  -1.859736e-01  -1.859736e-01  -1.859738e-01  -1.841001e-01    1.860e-07      1.874e-03    1.874e-03    6.139e+00    3.052e-05          True
      1311      0   1311  -1.595140e+00  -1.595140e+00  -1.595141e+00  -1.592609e+00    1.747e-06      2.530e-03    2.532e-03    3.651e+00    1.526e-05          True
      1317      0   1317   1.140486e-01   1.140486e-01   1.140478e-01   1.128656e-01    8.294e-07      1.183e-03    1.182e-03    3.044e+00    1.526e-05          True
      1333      0   1333   1.367139e+00   1.367139e+00   1.367142e+00   1.369223e+00    3.215e-06      2.084e-03    2.081e-03    2.807e+00    1.526e-05          True
      1335      0   1335  -2.628926e-01  -2.628926e-01  -2.628856e-01  -2.622301e-01    7.020e-06      6.625e-04    6.555e-04    4.439e+00    3.052e-05          True
      1344      0   1344  -6.443173e-01  -6.443173e-01  -6.443195e-01  -6.433579e-01    2.190e-06      9.594e-04    9.615e-04    4.668e+00    3.052e-05          True
      1349      0   1349   1.085577e+00   1.085577e+00   1.085578e+00   1.084213e+00    7.813e-07      1.365e-03    1.365e-03    3.538e+00    1.526e-05          True
      1361      0   1361  -1.351146e+00  -1.351146e+00  -1.351150e+00  -1.352603e+00    3.745e-06      1.457e-03    1.453e-03    3.370e+00    1.526e-05          True
      1365      0   1365  -1.164457e+00  -1.164457e+00  -1.164458e+00  -1.162694e+00    1.063e-06      1.763e-03    1.764e-03    4.358e+00    3.052e-05          True
      1375      0   1375   2.474586e+00   2.474586e+00   2.474587e+00   2.471075e+00    6.511e-07      3.511e-03    3.512e-03    4.415e+00    3.052e-05          True
      1378      0   1378   1.113012e+00   1.113012e+00   1.113013e+00   1.111229e+00    1.335e-07      1.783e-03    1.783e-03    5.948e+00    3.052e-05          True
      1379      0   1379  -2.268943e+00  -2.268943e+00  -2.268943e+00  -2.266565e+00    5.135e-07      2.378e-03    2.378e-03    5.391e+00    3.052e-05          True
      1380      0   1380  -5.747409e-01  -5.747409e-01  -5.747420e-01  -5.731299e-01    1.071e-06      1.611e-03    1.612e-03    4.055e+00    3.052e-05          True
      1381      0   1381   6.707667e-01   6.707667e-01   6.707695e-01   6.681105e-01    2.729e-06      2.656e-03    2.659e-03    2.949e+00    1.526e-05          True
      1382      0   1382  -1.504646e-01  -1.504646e-01  -1.504677e-01  -1.524761e-01    3.083e-06      2.012e-03    2.008e-03    8.463e+00    6.104e-05          True
      1398      0   1398   1.284329e-01   1.284329e-01   1.284286e-01   1.276256e-01    4.302e-06      8.073e-04    8.030e-04    3.463e+00    1.526e-05          True
      1443      0   1443   1.789927e+00   1.789927e+00   1.789927e+00   1.787279e+00    8.331e-08      2.648e-03    2.648e-03    3.900e+00    1.526e-05          True
      1459      0   1459  -1.552535e+00  -1.552535e+00  -1.552534e+00  -1.550454e+00    1.156e-06      2.081e-03    2.080e-03    7.412e+00    3.052e-05          True
      1463      0   1463   8.650339e-01   8.650339e-01   8.650314e-01   8.632135e-01    2.439e-06      1.820e-03    1.818e-03    2.781e+00    1.526e-05          True
      1470      0   1470  -2.452443e+00  -2.452443e+00  -2.452443e+00  -2.455514e+00    5.616e-07      3.071e-03    3.071e-03    3.919e+00    1.526e-05          True
      1471      0   1471  -2.204228e+00  -2.204228e+00  -2.204226e+00  -2.206661e+00    2.170e-06      2.434e-03    2.436e-03    2.791e+00    1.526e-05          True
      1482      0   1482   3.824288e-01   3.824288e-01   3.824280e-01   3.794812e-01    8.433e-07      2.948e-03    2.947e-03    4.535e+00    3.052e-05          True
      1494      0   1494  -1.720213e+00  -1.720213e+00  -1.720216e+00  -1.722971e+00    3.142e-06      2.758e-03    2.755e-03    7.663e+00    3.052e-05          True
      1495      0   1495  -1.253834e+00  -1.253834e+00  -1.253832e+00  -1.252006e+00    1.600e-06      1.828e-03    1.826e-03    1.063e+01    6.104e-05          True
      1496      0   1496  -1.494826e+00  -1.494826e+00  -1.494828e+00  -1.492470e+00    2.568e-06      2.356e-03    2.358e-03    5.973e+00    3.052e-05          True
      1505      0   1505  -3.044853e-01  -3.044853e-01  -3.044829e-01  -3.048704e-01    2.412e-06      3.851e-04    3.875e-04    4.530e+00    3.052e-05          True
      1510      0   1510   1.689242e+00   1.689242e+00   1.689249e+00   1.691032e+00    7.657e-06      1.791e-03    1.783e-03    5.420e+00    3.052e-05          True
      1514      0   1514   1.185369e+00   1.185369e+00   1.185368e+00   1.186764e+00    6.584e-07      1.395e-03    1.396e-03    4.157e+00    3.052e-05          True
      1525      0   1525   1.549155e+00   1.549155e+00   1.549158e+00   1.547386e+00    2.848e-06      1.769e-03    1.772e-03    6.415e+00    3.052e-05          True
      1529      0   1529  -8.372923e-01  -8.372923e-01  -8.372902e-01  -8.364471e-01    2.131e-06      8.452e-04    8.431e-04    7.575e+00    3.052e-05          True
      1534      0   1534   7.023119e-01   7.023119e-01   7.023087e-01   7.051063e-01    3.227e-06      2.794e-03    2.798e-03    6.202e+00    3.052e-05          True
      1541      0   1541  -1.780743e+00  -1.780743e+00  -1.780752e+00  -1.782800e+00    8.447e-06      2.056e-03    2.048e-03    4.713e+00    3.052e-05          True
      1551      0   1551  -6.283568e-01  -6.283568e-01  -6.283590e-01  -6.275054e-01    2.224e-06      8.514e-04    8.536e-04    4.005e+00    3.052e-05          True
      1553      0   1553  -9.434993e-01  -9.434993e-01  -9.434965e-01  -9.449051e-01    2.793e-06      1.406e-03    1.409e-03    5.504e+00    3.052e-05          True
      1554      0   1554  -2.576602e+00  -2.576602e+00  -2.576602e+00  -2.573951e+00    2.693e-07      2.651e-03    2.651e-03    5.510e+00    3.052e-05          True
      1574      0   1574   7.806338e-01   7.806338e-01   7.806309e-01   7.778920e-01    2.889e-06      2.742e-03    2.739e-03    3.472e+00    1.526e-05          True
      1575      0   1575  -6.618889e-01  -6.618889e-01  -6.618838e-01  -6.628272e-01    5.092e-06      9.383e-04    9.434e-04    3.534e+00    1.526e-05          True
      1577      0   1577  -1.256727e+00  -1.256727e+00  -1.256725e+00  -1.253964e+00    1.475e-06      2.763e-03    2.762e-03    5.171e+00    3.052e-05          True
      1580      0   1580   1.312043e-01   1.312043e-01   1.312075e-01   1.334763e-01    3.161e-06      2.272e-03    2.269e-03    4.569e+00    3.052e-05          True
      1592      0   1592   2.890045e-01   2.890045e-01   2.890049e-01   2.871568e-01    3.855e-07      1.848e-03    1.848e-03    7.227e+00    3.052e-05          True
      1593      0   1593   7.570460e-01   7.570460e-01   7.570511e-01   7.562037e-01    5.059e-06      8.423e-04    8.473e-04    5.232e+00    3.052e-05          True
      1598      0   1598   1.459275e+00   1.459275e+00   1.459278e+00   1.457615e+00    3.112e-06      1.660e-03    1.663e-03    5.768e+00    3.052e-05          True
      1611      0   1611  -7.599370e-01  -7.599370e-01  -7.599420e-01  -7.579318e-01    4.995e-06      2.005e-03    2.010e-03    4.900e+00    3.052e-05          True
      1618      0   1618  -1.091120e-01  -1.091120e-01  -1.091128e-01  -1.078880e-01    7.839e-07      1.224e-03    1.225e-03    5.033e+00    3.052e-05          True
      1619      0   1619  -3.514536e-01  -3.514536e-01  -3.514550e-01  -3.494004e-01    1.430e-06      2.053e-03    2.055e-03    3.961e+00    1.526e-05          True
      1622      0   1622  -5.726665e-01  -5.726665e-01  -5.726641e-01  -5.705171e-01    2.426e-06      2.149e-03    2.147e-03    3.277e+00    1.526e-05          True
      1634      0   1634  -1.197943e+00  -1.197943e+00  -1.197941e+00  -1.196473e+00    2.323e-06      1.471e-03    1.468e-03    2.977e+00    1.526e-05          True
      1637      0   1637   1.259986e+00   1.259986e+00   1.259988e+00   1.258708e+00    2.729e-06      1.278e-03    1.281e-03    4.350e+00    3.052e-05          True
      1642      0   1642   1.120497e+00   1.120497e+00   1.120497e+00   1.123123e+00    4.609e-07      2.626e-03    2.625e-03    6.203e+00    3.052e-05          True
      1647      0   1647   9.448834e-03   9.448834e-03   9.438975e-03   9.935424e-03    9.860e-06      4.866e-04    4.964e-04    6.146e+00    3.052e-05          True
      1651      0   1651   3.874456e-01   3.874456e-01   3.874443e-01   3.855336e-01    1.333e-06      1.912e-03    1.911e-03    3.501e+00    1.526e-05          True
      1652      0   1652   1.465288e+00   1.465288e+00   1.465283e+00   1.468206e+00    4.584e-06      2.919e-03    2.923e-03    6.675e+00    3.052e-05          True
      1657      0   1657  -2.868432e-01  -2.868432e-01  -2.868447e-01  -2.874013e-01    1.523e-06      5.581e-04    5.566e-04    6.150e+00    3.052e-05          True
      1664      0   1664   4.830778e-01   4.830778e-01   4.830772e-01   4.813177e-01    6.165e-07      1.760e-03    1.759e-03    3.920e+00    1.526e-05          True
      1668      0   1668  -9.967145e-01  -9.967145e-01  -9.967134e-01  -9.953078e-01    1.097e-06      1.407e-03    1.406e-03    3.216e+00    1.526e-05          True
      1680      0   1680  -1.263239e+00  -1.263239e+00  -1.263240e+00  -1.265493e+00    5.608e-07      2.254e-03    2.254e-03    3.055e+00    1.526e-05          True
      1689      0   1689   1.550045e+00   1.550045e+00   1.550042e+00   1.551764e+00    2.580e-06      1.719e-03    1.722e-03    4.368e+00    3.052e-05          True
      1693      0   1693   1.254843e+00   1.254843e+00   1.254843e+00   1.256816e+00    8.336e-07      1.973e-03    1.972e-03    3.280e+00    1.526e-05          True
      1699      0   1699   3.794428e-01   3.794428e-01   3.794469e-01   3.841729e-01    4.117e-06      4.730e-03    4.726e-03    7.143e+00    3.052e-05          True
      1704      0   1704  -3.503922e-01  -3.503922e-01  -3.503930e-01  -3.512827e-01    8.605e-07      8.905e-04    8.897e-04    3.725e+00    1.526e-05          True
      1709      0   1709   1.854899e+00   1.854899e+00   1.854902e+00   1.857117e+00    2.691e-06      2.218e-03    2.215e-03    4.312e+00    3.052e-05          True
      1714      0   1714   1.177338e-01   1.177338e-01   1.177296e-01   1.188362e-01    4.262e-06      1.102e-03    1.107e-03    4.635e+00    3.052e-05          True
      1717      0   1717  -2.357320e+00  -2.357320e+00  -2.357317e+00  -2.354904e+00    3.724e-06      2.417e-03    2.413e-03    3.867e+00    1.526e-05          True
      1722      0   1722  -1.825371e-01  -1.825371e-01  -1.825415e-01  -1.860992e-01    4.448e-06      3.562e-03    3.558e-03    4.886e+00    3.052e-05          True
      1732      0   1732  -2.350474e-01  -2.350474e-01  -2.350483e-01  -2.346976e-01    8.913e-07      3.498e-04    3.507e-04    5.549e+00    3.052e-05          True
      1735      0   1735   1.175971e+00   1.175971e+00   1.175974e+00   1.174633e+00    2.381e-06      1.338e-03    1.341e-03    3.300e+00    1.526e-05          True
      1737      0   1737  -7.407447e-01  -7.407447e-01  -7.407406e-01  -7.417667e-01    4.137e-06      1.022e-03    1.026e-03    6.559e+00    3.052e-05          True
      1739      0   1739   6.721080e-01   6.721080e-01   6.721103e-01   6.712941e-01    2.269e-06      8.140e-04    8.162e-04    4.324e+00    3.052e-05          True
      1747      0   1747  -1.063771e+00  -1.063771e+00  -1.063771e+00  -1.065042e+00    4.990e-07      1.271e-03    1.270e-03    3.979e+00    1.526e-05          True
      1751      0   1751  -5.193280e-01  -5.193280e-01  -5.193198e-01  -5.181226e-01    8.139e-06      1.205e-03    1.197e-03    5.542e+00    3.052e-05          True
      1755      0   1755  -9.820942e-01  -9.820942e-01  -9.820842e-01  -9.801807e-01    1.001e-05      1.914e-03    1.904e-03    6.266e+00    3.052e-05          True
      1759      0   1759  -3.464358e-01  -3.464358e-01  -3.464371e-01  -3.458655e-01    1.360e-06      5.702e-04    5.716e-04    3.428e+00    1.526e-05          True
      1762      0   1762   1.630787e+00   1.630787e+00   1.630792e+00   1.625973e+00    4.770e-06      4.814e-03    4.819e-03    4.716e+00    3.052e-05          True
      1763      0   1763   4.395159e-01   4.395159e-01   4.395145e-01   4.383624e-01    1.346e-06      1.153e-03    1.152e-03    5.184e+00    3.052e-05          True
      1782      0   1782  -3.587555e-03  -3.587555e-03  -3.588641e-03  -3.448628e-03    1.086e-06      1.389e-04    1.400e-04    4.704e+00    3.052e-05          True
      1784      0   1784  -9.998796e-01  -9.998796e-01  -9.998860e-01  -1.002352e+00    6.457e-06      2.473e-03    2.466e-03    9.619e+00    6.104e-05          True
      1785      0   1785  -1.128485e+00  -1.128485e+00  -1.128492e+00  -1.127270e+00    7.612e-06      1.215e-03    1.223e-03    4.744e+00    3.052e-05          True
      1806      0   1806  -1.562708e+00  -1.562708e+00  -1.562704e+00  -1.566253e+00    4.327e-06      3.545e-03    3.550e-03    4.128e+00    3.052e-05          True
      1814      0   1814   8.763651e-01   8.763651e-01   8.763620e-01   8.735111e-01    3.094e-06      2.854e-03    2.851e-03    5.201e+00    3.052e-05          True
      1839      0   1839  -3.918987e-01  -3.918987e-01  -3.918972e-01  -3.945847e-01    1.485e-06      2.686e-03    2.688e-03    3.434e+00    1.526e-05          True
      1841      0   1841   5.996650e-01   5.996650e-01   5.996654e-01   6.021333e-01    3.869e-07      2.468e-03    2.468e-03    3.022e+00    1.526e-05          True
      1842      0   1842  -2.138655e+00  -2.138655e+00  -2.138654e+00  -2.136459e+00    1.954e-06      2.197e-03    2.195e-03    4.364e+00    3.052e-05          True
      1844      0   1844   1.590965e+00   1.590965e+00   1.590965e+00   1.593783e+00    4.145e-08      2.818e-03    2.818e-03    4.498e+00    3.052e-05          True
      1845      0   1845   1.033597e+00   1.033597e+00   1.033594e+00   1.032122e+00    2.281e-06      1.474e-03    1.472e-03    4.456e+00    3.052e-05          True
      1849      0   1849  -6.953547e-02  -6.953547e-02  -6.953429e-02  -6.875692e-02    1.177e-06      7.785e-04    7.774e-04    5.245e+00    3.052e-05          True
      1852      0   1852  -1.213901e+00  -1.213901e+00  -1.213899e+00  -1.215749e+00    2.380e-06      1.847e-03    1.850e-03    5.531e+00    3.052e-05          True
      1855      0   1855   2.100279e+00   2.100279e+00   2.100275e+00   2.102874e+00    3.802e-06      2.595e-03    2.599e-03    6.261e+00    3.052e-05          True
      1862      0   1862   2.578798e-01   2.578798e-01   2.578756e-01   2.571705e-01    4.225e-06      7.093e-04    7.051e-04    8.108e+00    6.104e-05          True
      1863      0   1863   1.095028e+00   1.095028e+00   1.095027e+00   1.097224e+00    1.505e-06      2.196e-03    2.197e-03    4.584e+00    3.052e-05          True
      1864      0   1864   4.545569e-01   4.545569e-01   4.545584e-01   4.554264e-01    1.456e-06      8.695e-04    8.681e-04    5.120e+00    3.052e-05          True
      1866      0   1866  -1.630207e+00  -1.630207e+00  -1.630212e+00  -1.628317e+00    5.057e-06      1.889e-03    1.894e-03    6.017e+00    3.052e-05          True
      1874      0   1874  -1.551667e+00  -1.551667e+00  -1.551668e+00  -1.553222e+00    1.047e-06      1.555e-03    1.554e-03    3.006e+00    1.526e-05          True
      1875      0   1875   3.427074e+00   3.427074e+00   3.427071e+00   3.423589e+00    3.161e-06      3.485e-03    3.482e-03    7.270e+00    3.052e-05          True
      1876      0   1876  -1.521982e-01  -1.521982e-01  -1.521982e-01  -1.513883e-01    7.500e-08      8.099e-04    8.100e-04    5.645e+00    3.052e-05          True
      1878      0   1878  -7.737245e-01  -7.737245e-01  -7.737280e-01  -7.757947e-01    3.444e-06      2.070e-03    2.067e-03    4.900e+00    3.052e-05          True
      1879      0   1879   9.156659e-01   9.156659e-01   9.156625e-01   9.139900e-01    3.368e-06      1.676e-03    1.673e-03    3.654e+00    1.526e-05          True
      1886      0   1886   7.192297e-01   7.192297e-01   7.192315e-01   7.217988e-01    1.807e-06      2.569e-03    2.567e-03    4.613e+00    3.052e-05          True
      1896      0   1896  -5.054066e-02  -5.054066e-02  -5.053880e-02  -5.414153e-02    1.858e-06      3.601e-03    3.603e-03    3.776e+00    1.526e-05          True
      1902      0   1902  -1.080532e+00  -1.080532e+00  -1.080535e+00  -1.078352e+00    3.212e-06      2.179e-03    2.183e-03    6.980e+00    3.052e-05          True
      1908      0   1908   6.916749e-01   6.916749e-01   6.916720e-01   6.939278e-01    2.969e-06      2.253e-03    2.256e-03    7.473e+00    3.052e-05          True
      1919      0   1919   3.015276e-01   3.015276e-01   3.015287e-01   3.004725e-01    1.089e-06      1.055e-03    1.056e-03    6.446e+00    3.052e-05          True
      1931      0   1931   1.030839e-02   1.030839e-02   1.030813e-02   8.359119e-03    2.601e-07      1.949e-03    1.949e-03    3.613e+00    1.526e-05          True
      1938      0   1938   1.464603e+00   1.464603e+00   1.464600e+00   1.467057e+00    2.907e-06      2.454e-03    2.457e-03    3.397e+00    1.526e-05          True
      1939      0   1939   1.327622e+00   1.327622e+00   1.327620e+00   1.329582e+00    1.311e-06      1.960e-03    1.961e-03    4.086e+00    3.052e-05          True
      1941      0   1941  -1.214799e-01  -1.214799e-01  -1.214822e-01  -1.212162e-01    2.315e-06      2.636e-04    2.659e-04    3.781e+00    1.526e-05          True
      1943      0   1943   2.094446e-01   2.094446e-01   2.094467e-01   2.083122e-01    2.061e-06      1.132e-03    1.134e-03    4.466e+00    3.052e-05          True
      1954      0   1954   1.280914e+00   1.280914e+00   1.280920e+00   1.279465e+00    5.905e-06      1.450e-03    1.456e-03    3.828e+00    1.526e-05          True
      1961      0   1961   1.113951e+00   1.113951e+00   1.113952e+00   1.112695e+00    1.737e-06      1.256e-03    1.257e-03    2.814e+00    1.526e-05          True
      1966      0   1966   1.892878e-01   1.892878e-01   1.892767e-01   1.883337e-01    1.108e-05      9.541e-04    9.430e-04    7.451e+00    3.052e-05          True
      1969      0   1969   1.210301e+00   1.210301e+00   1.210302e+00   1.212277e+00    1.082e-06      1.977e-03    1.976e-03    6.423e+00    3.052e-05          True
      1973      0   1973  -2.082431e+00  -2.082431e+00  -2.082430e+00  -2.079946e+00    8.935e-07      2.485e-03    2.484e-03    5.586e+00    3.052e-05          True
      1976      0   1976  -2.115083e+00  -2.115083e+00  -2.115083e+00  -2.117722e+00    3.911e-07      2.639e-03    2.639e-03    4.259e+00    3.052e-05          True
      1978      0   1978   2.990571e-01   2.990571e-01   2.990581e-01   2.999368e-01    9.761e-07      8.796e-04    8.787e-04    6.086e+00    3.052e-05          True
      1981      0   1981   1.844796e-01   1.844796e-01   1.844770e-01   1.834163e-01    2.540e-06      1.063e-03    1.061e-03    4.683e+00    3.052e-05          True
      1984      0   1984  -1.063008e+00  -1.063008e+00  -1.063001e+00  -1.061591e+00    7.437e-06      1.417e-03    1.410e-03    5.255e+00    3.052e-05          True
      2004      0   2004   4.278846e-01   4.278846e-01   4.278807e-01   4.266815e-01    3.911e-06      1.203e-03    1.199e-03    3.969e+00    1.526e-05          True
      2007      0   2007  -1.035114e+00  -1.035114e+00  -1.035118e+00  -1.032152e+00    3.519e-06      2.963e-03    2.966e-03    3.216e+00    1.526e-05          True
      2009      0   2009   1.366789e+00   1.366789e+00   1.366789e+00   1.365267e+00    4.507e-07      1.522e-03    1.522e-03    4.326e+00    3.052e-05          True
      2025      0   2025  -2.486818e+00  -2.486818e+00  -2.486814e+00  -2.489586e+00    4.514e-06      2.768e-03    2.773e-03    3.964e+00    1.526e-05          True
      2027      0   2027   7.064863e-01   7.064863e-01   7.064891e-01   7.076955e-01    2.809e-06      1.209e-03    1.206e-03    3.364e+00    1.526e-05          True
      2032      0   2032  -1.373848e-01  -1.373848e-01  -1.373809e-01  -1.387254e-01    3.904e-06      1.341e-03    1.345e-03    5.294e+00    3.052e-05          True
      2033      0   2033  -4.248685e-01  -4.248685e-01  -4.248683e-01  -4.238901e-01    1.803e-07      9.784e-04    9.783e-04    3.107e+00    1.526e-05          True
      2042      0   2042   2.715168e-01   2.715168e-01   2.715286e-01   2.703027e-01    1.184e-05      1.214e-03    1.226e-03    6.793e+00    3.052e-05          True
      2054      0   2054   1.883484e-01   1.883484e-01   1.883499e-01   1.864531e-01    1.426e-06      1.895e-03    1.897e-03    5.818e+00    3.052e-05          True
      2057      0   2057  -2.192555e-01  -2.192555e-01  -2.192463e-01  -2.183862e-01    9.223e-06      8.693e-04    8.601e-04    5.852e+00    3.052e-05          True
      2058      0   2058   7.078723e-01   7.078723e-01   7.078693e-01   7.065436e-01    2.969e-06      1.329e-03    1.326e-03    3.510e+00    1.526e-05          True
      2065      0   2065  -8.540444e-02  -8.540444e-02  -8.540581e-02  -8.684769e-02    1.373e-06      1.443e-03    1.442e-03    2.689e+00    1.526e-05          True
      2067      0   2067  -2.063614e+00  -2.063614e+00  -2.063618e+00  -2.065820e+00    3.590e-06      2.206e-03    2.202e-03    5.550e+00    3.052e-05          True
      2073      0   2073   3.637910e+00   3.637910e+00   3.637915e+00   3.633359e+00    4.388e-06      4.551e-03    4.555e-03    5.615e+00    3.052e-05          True
      2076      0   2076  -7.802109e-02  -7.802109e-02  -7.802046e-02  -7.831712e-02    6.330e-07      2.960e-04    2.967e-04    6.436e+00    3.052e-05          True
      2078      0   2078  -3.250389e-01  -3.250389e-01  -3.250346e-01  -3.245736e-01    4.270e-06      4.653e-04    4.610e-04    3.802e+00    1.526e-05          True
      2081      0   2081  -1.783543e+00  -1.783543e+00  -1.783544e+00  -1.779651e+00    1.857e-06      3.891e-03    3.893e-03    2.992e+00    1.526e-05          True
      2082      0   2082   2.536571e-01   2.536571e-01   2.536615e-01   2.546660e-01    4.470e-06      1.009e-03    1.004e-03    5.162e+00    3.052e-05          True
      2087      0   2087   1.480732e+00   1.480732e+00   1.480735e+00   1.482363e+00    2.560e-06      1.631e-03    1.628e-03    4.063e+00    3.052e-05          True
      2094      0   2094   1.307075e+00   1.307075e+00   1.307076e+00   1.305164e+00    1.526e-06      1.911e-03    1.913e-03    3.381e+00    1.526e-05          True
      2095      0   2095  -1.334186e+00  -1.334186e+00  -1.334186e+00  -1.336922e+00    6.459e-08      2.736e-03    2.735e-03    5.274e+00    3.052e-05          True
      2098      0   2098   1.456594e+00   1.456594e+00   1.456599e+00   1.458168e+00    5.159e-06      1.575e-03    1.570e-03    6.643e+00    3.052e-05          True
      2104      0   2104   2.089272e+00   2.089272e+00   2.089267e+00   2.091458e+00    4.171e-06      2.186e-03    2.190e-03    3.720e+00    1.526e-05          True
      2109      0   2109   2.632612e-02   2.632612e-02   2.632501e-02   2.571236e-02    1.107e-06      6.138e-04    6.127e-04    3.042e+00    1.526e-05          True
      2110      0   2110  -1.224280e+00  -1.224280e+00  -1.224287e+00  -1.226083e+00    6.539e-06      1.803e-03    1.796e-03    6.612e+00    3.052e-05          True
      2170      0   2170  -1.883150e-01  -1.883150e-01  -1.883086e-01  -1.860427e-01    6.338e-06      2.272e-03    2.266e-03    6.516e+00    3.052e-05          True
      2173      0   2173   2.152572e-01   2.152572e-01   2.152566e-01   2.171663e-01    5.788e-07      1.909e-03    1.910e-03    4.517e+00    3.052e-05          True
      2175      0   2175  -1.846886e+00  -1.846886e+00  -1.846877e+00  -1.842765e+00    9.179e-06      4.120e-03    4.111e-03    8.034e+00    6.104e-05          True
      2179      0   2179  -5.870161e-01  -5.870161e-01  -5.870168e-01  -5.862277e-01    7.364e-07      7.884e-04    7.891e-04    8.110e+00    6.104e-05          True
      2185      0   2185   8.570747e-02   8.570747e-02   8.570382e-02   8.323560e-02    3.646e-06      2.472e-03    2.468e-03    3.936e+00    1.526e-05          True
      2196      0   2196   2.247038e+00   2.247038e+00   2.247040e+00   2.244738e+00    1.154e-06      2.300e-03    2.301e-03    6.288e+00    3.052e-05          True
      2200      0   2200  -9.035248e-01  -9.035248e-01  -9.035292e-01  -9.024515e-01    4.396e-06      1.073e-03    1.078e-03    4.969e+00    3.052e-05          True
      2212      0   2212   1.921391e-01   1.921391e-01   1.921461e-01   1.915191e-01    7.072e-06      6.200e-04    6.270e-04    5.330e+00    3.052e-05          True
      2216      0   2216  -1.033481e+00  -1.033481e+00  -1.033482e+00  -1.034980e+00    1.569e-06      1.499e-03    1.497e-03    2.908e+00    1.526e-05          True
      2221      0   2221  -1.425956e+00  -1.425956e+00  -1.425961e+00  -1.423974e+00    4.411e-06      1.982e-03    1.987e-03    4.018e+00    3.052e-05          True
      2224      0   2224  -2.425711e+00  -2.425711e+00  -2.425709e+00  -2.423050e+00    1.822e-06      2.660e-03    2.658e-03    6.824e+00    3.052e-05          True
      2230      0   2230   1.260801e+00   1.260801e+00   1.260807e+00   1.258955e+00    5.730e-06      1.847e-03    1.852e-03    5.020e+00    3.052e-05          True
      2241      0   2241   3.039502e-01   3.039502e-01   3.039495e-01   3.027865e-01    6.525e-07      1.164e-03    1.163e-03    3.732e+00    1.526e-05          True
      2247      0   2247  -3.435649e-01  -3.435649e-01  -3.435664e-01  -3.439607e-01    1.500e-06      3.958e-04    3.943e-04    3.755e+00    1.526e-05          True
      2256      0   2256  -7.179139e-01  -7.179139e-01  -7.179068e-01  -7.144321e-01    7.080e-06      3.482e-03    3.475e-03    5.780e+00    3.052e-05          True
      2261      0   2261   5.237584e-01   5.237584e-01   5.237578e-01   5.201228e-01    6.827e-07      3.636e-03    3.635e-03    7.772e+00    3.052e-05          True
      2263      0   2263  -7.137754e-01  -7.137754e-01  -7.137795e-01  -7.121518e-01    4.109e-06      1.624e-03    1.628e-03    5.125e+00    3.052e-05          True
      2270      0   2270  -1.119620e+00  -1.119620e+00  -1.119612e+00  -1.117775e+00    8.618e-06      1.845e-03    1.837e-03    5.410e+00    3.052e-05          True
      2274      0   2274   5.894526e-02   5.894526e-02   5.894298e-02   5.924214e-02    2.282e-06      2.969e-04    2.992e-04    4.837e+00    3.052e-05          True
      2277      0   2277   3.493903e-01   3.493903e-01   3.493883e-01   3.483775e-01    2.032e-06      1.013e-03    1.011e-03    3.517e+00    1.526e-05          True
      2289      0   2289   6.822990e-01   6.822990e-01   6.822963e-01   6.840533e-01    2.755e-06      1.754e-03    1.757e-03    4.620e+00    3.052e-05          True
      2300      0   2300  -6.558159e-01  -6.558159e-01  -6.558166e-01  -6.547933e-01    7.142e-07      1.023e-03    1.023e-03    2.546e+00    1.526e-05          True
      2303      0   2303   3.403673e-01   3.403673e-01   3.403693e-01   3.428113e-01    2.054e-06      2.444e-03    2.442e-03    4.024e+00    3.052e-05          True
      2325      0   2325   5.179023e-01   5.179023e-01   5.178955e-01   5.200357e-01    6.767e-06      2.133e-03    2.140e-03    6.016e+00    3.052e-05          True
      2330      0   2330   1.907174e+00   1.907174e+00   1.907182e+00   1.904867e+00    8.569e-06      2.306e-03    2.315e-03    4.027e+00    3.052e-05          True
      2338      0   2338   5.922401e-01   5.922401e-01   5.922240e-01   5.945914e-01    1.607e-05      2.351e-03    2.367e-03    5.410e+00    3.052e-05          True
      2351      0   2351   1.785327e+00   1.785327e+00   1.785328e+00   1.782066e+00    6.790e-08      3.262e-03    3.262e-03    2.811e+00    1.526e-05          True
      2354      0   2354   8.362185e-01   8.362185e-01   8.362212e-01   8.373058e-01    2.611e-06      1.087e-03    1.085e-03    4.145e+00    3.052e-05          True
      2365      0   2365  -2.101051e+00  -2.101051e+00  -2.101057e+00  -2.104156e+00    5.607e-06      3.105e-03    3.099e-03    3.768e+00    1.526e-05          True
      2366      0   2366  -5.833123e-01  -5.833123e-01  -5.833188e-01  -5.817635e-01    6.488e-06      1.549e-03    1.555e-03    5.855e+00    3.052e-05          True
      2374      0   2374   9.412554e-01   9.412554e-01   9.412502e-01   9.402355e-01    5.156e-06      1.020e-03    1.015e-03    7.332e+00    3.052e-05          True
      2375      0   2375  -3.064414e-01  -3.064414e-01  -3.064339e-01  -3.051136e-01    7.516e-06      1.328e-03    1.320e-03    5.001e+00    3.052e-05          True
      2376      0   2376  -7.719761e-02  -7.719761e-02  -7.719699e-02  -7.787218e-02    6.268e-07      6.746e-04    6.752e-04    5.252e+00    3.052e-05          True
      2378      0   2378  -8.769278e-01  -8.769278e-01  -8.769295e-01  -8.778497e-01    1.697e-06      9.219e-04    9.202e-04    2.866e+00    1.526e-05          True
      2385      0   2385  -1.907974e+00  -1.907974e+00  -1.907975e+00  -1.909931e+00    1.461e-06      1.958e-03    1.956e-03    3.548e+00    1.526e-05          True
      2386      0   2386   1.266614e-01   1.266614e-01   1.266624e-01   1.240183e-01    9.906e-07      2.643e-03    2.644e-03    4.031e+00    3.052e-05          True
      2393      0   2393  -1.395730e+00  -1.395730e+00  -1.395724e+00  -1.392956e+00    5.686e-06      2.774e-03    2.768e-03    4.340e+00    3.052e-05          True
      2398      0   2398  -1.203836e-01  -1.203836e-01  -1.203832e-01  -1.207471e-01    3.139e-07      3.635e-04    3.638e-04    3.462e+00    1.526e-05          True
      2402      0   2402  -8.676803e-01  -8.676803e-01  -8.676742e-01  -8.693112e-01    6.053e-06      1.631e-03    1.637e-03    4.897e+00    3.052e-05          True
      2404      0   2404  -5.808025e-01  -5.808025e-01  -5.807996e-01  -5.800267e-01    2.892e-06      7.757e-04    7.728e-04    3.344e+00    1.526e-05          True
      2407      0   2407   1.250711e+00   1.250711e+00   1.250720e+00   1.252077e+00    8.650e-06      1.366e-03    1.358e-03    4.821e+00    3.052e-05          True
      2423      0   2423   1.107010e-01   1.107010e-01   1.107104e-01   1.111406e-01    9.392e-06      4.395e-04    4.301e-04    6.486e+00    3.052e-05          True
      2442      0   2442   4.836504e-01   4.836504e-01   4.836477e-01   4.843397e-01    2.665e-06      6.894e-04    6.920e-04    4.971e+00    3.052e-05          True
      2445      0   2445  -2.701328e-02  -2.701328e-02  -2.701295e-02  -2.799301e-02    3.308e-07      9.797e-04    9.801e-04    3.097e+00    1.526e-05          True
      2452      0   2452   5.676432e-01   5.676432e-01   5.676422e-01   5.670027e-01    1.013e-06      6.405e-04    6.394e-04    4.544e+00    3.052e-05          True
      2457      0   2457  -4.898687e-01  -4.898687e-01  -4.898670e-01  -4.917586e-01    1.654e-06      1.890e-03    1.892e-03    3.364e+00    1.526e-05          True
      2468      0   2468  -1.512454e-01  -1.512454e-01  -1.512504e-01  -1.516226e-01    5.027e-06      3.772e-04    3.722e-04    3.902e+00    1.526e-05          True
      2472      0   2472   9.890632e-01   9.890632e-01   9.890565e-01   9.900791e-01    6.746e-06      1.016e-03    1.023e-03    6.276e+00    3.052e-05          True
      2474      0   2474  -5.400280e-01  -5.400280e-01  -5.400164e-01  -5.413457e-01    1.157e-05      1.318e-03    1.329e-03    5.032e+00    3.052e-05          True
      2489      0   2489  -6.748486e-01  -6.748486e-01  -6.748464e-01  -6.760682e-01    2.244e-06      1.220e-03    1.222e-03    5.224e+00    3.052e-05          True
      2490      0   2490  -1.144650e+00  -1.144650e+00  -1.144655e+00  -1.146336e+00    4.254e-06      1.686e-03    1.682e-03    5.159e+00    3.052e-05          True
      2495      0   2495   1.137157e+00   1.137157e+00   1.137156e+00   1.138961e+00    9.338e-07      1.804e-03    1.805e-03    3.885e+00    1.526e-05          True
      2498      0   2498  -4.756324e-01  -4.756324e-01  -4.756298e-01  -4.786796e-01    2.624e-06      3.047e-03    3.050e-03    5.247e+00    3.052e-05          True
      2499      0   2499  -1.084817e+00  -1.084817e+00  -1.084821e+00  -1.083656e+00    4.007e-06      1.161e-03    1.165e-03    3.581e+00    1.526e-05          True
      2501      0   2501  -1.646723e+00  -1.646723e+00  -1.646722e+00  -1.649034e+00    3.263e-07      2.311e-03    2.311e-03    4.883e+00    3.052e-05          True
      2504      0   2504   5.688404e-01   5.688404e-01   5.688422e-01   5.680733e-01    1.847e-06      7.671e-04    7.689e-04    5.025e+00    3.052e-05          True
      2505      0   2505  -1.293390e+00  -1.293390e+00  -1.293389e+00  -1.290309e+00    1.552e-06      3.081e-03    3.079e-03    6.547e+00    3.052e-05          True
      2507      0   2507  -8.942726e-01  -8.942726e-01  -8.942701e-01  -8.954709e-01    2.494e-06      1.198e-03    1.201e-03    4.732e+00    3.052e-05          True
      2510      0   2510  -1.004336e+00  -1.004336e+00  -1.004334e+00  -1.006434e+00    2.345e-06      2.098e-03    2.100e-03    3.883e+00    1.526e-05          True
      2521      0   2521   6.411552e-01   6.411552e-01   6.411495e-01   6.397563e-01    5.680e-06      1.399e-03    1.393e-03    4.651e+00    3.052e-05          True
      2522      0   2522   1.662531e+00   1.662531e+00   1.662531e+00   1.659391e+00    6.827e-07      3.141e-03    3.140e-03    4.517e+00    3.052e-05          True
      2524      0   2524   1.593927e+00   1.593927e+00   1.593927e+00   1.591822e+00    8.706e-07      2.106e-03    2.105e-03    3.599e+00    1.526e-05          True
      2545      0   2545  -6.754949e-01  -6.754949e-01  -6.754958e-01  -6.737745e-01    8.912e-07      1.720e-03    1.721e-03    4.595e+00    3.052e-05          True
      2548      0   2548   5.772660e-01   5.772660e-01   5.772712e-01   5.781677e-01    5.180e-06      9.017e-04    8.965e-04    4.249e+00    3.052e-05          True
      2553      0   2553   6.005659e-01   6.005659e-01   6.005676e-01   5.997774e-01    1.632e-06      7.885e-04    7.902e-04    3.710e+00    1.526e-05          True
      2556      0   2556   7.557545e-01   7.557545e-01   7.557526e-01   7.566372e-01    1.894e-06      8.827e-04    8.846e-04    2.414e+00    1.526e-05          True
      2568      0   2568   6.532067e-01   6.532067e-01   6.532077e-01   6.548530e-01    9.956e-07      1.646e-03    1.645e-03    3.879e+00    1.526e-05          True
      2578      0   2578   1.979027e-01   1.979027e-01   1.979043e-01   1.967253e-01    1.585e-06      1.177e-03    1.179e-03    3.535e+00    1.526e-05          True
      2585      0   2585   8.429337e-02   8.429337e-02   8.429469e-02   8.413145e-02    1.319e-06      1.619e-04    1.632e-04    3.532e+00    1.526e-05          True
      2591      0   2591  -6.317219e-01  -6.317219e-01  -6.317223e-01  -6.342365e-01    4.051e-07      2.515e-03    2.514e-03    2.560e+00    1.526e-05          True
      2593      0   2593  -6.419311e-01  -6.419311e-01  -6.419272e-01  -6.412765e-01    3.843e-06      6.545e-04    6.507e-04    5.336e+00    3.052e-05          True
      2604      0   2604  -7.322813e-01  -7.322813e-01  -7.322785e-01  -7.314401e-01    2.802e-06      8.412e-04    8.384e-04    4.663e+00    3.052e-05          True
      2608      0   2608  -9.064542e-01  -9.064542e-01  -9.064599e-01  -9.040969e-01    5.736e-06      2.357e-03    2.363e-03    3.315e+00    1.526e-05          True
      2613      0   2613   5.766880e-01   5.766880e-01   5.766906e-01   5.789219e-01    2.605e-06      2.234e-03    2.231e-03    5.326e+00    3.052e-05          True
      2615      0   2615   1.082956e+00   1.082956e+00   1.082956e+00   1.081621e+00    6.864e-07      1.336e-03    1.335e-03    7.546e+00    3.052e-05          True
      2616      0   2616   1.319949e+00   1.319949e+00   1.319950e+00   1.317900e+00    1.314e-06      2.048e-03    2.050e-03    4.464e+00    3.052e-05          True
      2618      0   2618  -3.863150e-01  -3.863150e-01  -3.863158e-01  -3.830428e-01    7.587e-07      3.272e-03    3.273e-03    6.514e+00    3.052e-05          True
      2632      0   2632   8.552644e-01   8.552644e-01   8.552638e-01   8.520086e-01    6.359e-07      3.256e-03    3.255e-03    3.478e+00    1.526e-05          True
      2634      0   2634  -2.476497e-01  -2.476497e-01  -2.476516e-01  -2.471370e-01    1.857e-06      5.128e-04    5.146e-04    5.101e+00    3.052e-05          True
      2647      0   2647   1.075321e+00   1.075321e+00   1.075320e+00   1.076957e+00    1.066e-06      1.636e-03    1.637e-03    3.973e+00    1.526e-05          True
      2659      0   2659   9.191319e-01   9.191319e-01   9.191272e-01   9.203410e-01    4.712e-06      1.209e-03    1.214e-03    4.624e+00    3.052e-05          True
      2664      0   2664   3.792290e-01   3.792290e-01   3.792268e-01   3.819617e-01    2.197e-06      2.733e-03    2.735e-03    3.535e+00    1.526e-05          True
      2685      0   2685   2.810328e-01   2.810328e-01   2.810332e-01   2.825936e-01    4.179e-07      1.561e-03    1.560e-03    2.405e+00    1.526e-05          True
      2687      0   2687   2.126695e+00   2.126695e+00   2.126694e+00   2.129178e+00    1.126e-06      2.483e-03    2.484e-03    3.628e+00    1.526e-05          True
      2715      0   2715   9.204233e-01   9.204233e-01   9.204203e-01   9.220880e-01    2.928e-06      1.665e-03    1.668e-03    6.700e+00    3.052e-05          True
      2721      0   2721  -1.051839e+00  -1.051839e+00  -1.051841e+00  -1.049999e+00    1.940e-06      1.840e-03    1.842e-03    6.659e+00    3.052e-05          True
      2724      0   2724  -2.349088e-01  -2.349088e-01  -2.349089e-01  -2.355722e-01    7.024e-08      6.634e-04    6.633e-04    5.210e+00    3.052e-05          True
      2728      0   2728   5.782661e-01   5.782661e-01   5.782631e-01   5.799803e-01    2.969e-06      1.714e-03    1.717e-03    3.876e+00    1.526e-05          True
      2733      0   2733   1.979661e-01   1.979661e-01   1.979681e-01   1.965208e-01    2.012e-06      1.445e-03    1.447e-03    5.467e+00    3.052e-05          True
      2742      0   2742  -1.391051e+00  -1.391051e+00  -1.391050e+00  -1.393051e+00    1.677e-06      1.999e-03    2.001e-03    4.034e+00    3.052e-05          True
      2748      0   2748  -1.064556e+00  -1.064556e+00  -1.064553e+00  -1.066965e+00    2.859e-06      2.409e-03    2.412e-03    5.127e+00    3.052e-05          True
      2753      0   2753   1.961214e-01   1.961214e-01   1.961184e-01   1.940919e-01    3.007e-06      2.029e-03    2.026e-03    5.310e+00    3.052e-05          True
      2756      0   2756   3.204108e-01   3.204108e-01   3.204100e-01   3.207800e-01    8.782e-07      3.692e-04    3.701e-04    3.957e+00    1.526e-05          True
      2758      0   2758   1.374400e-01   1.374400e-01   1.374401e-01   1.362650e-01    1.607e-07      1.175e-03    1.175e-03    4.189e+00    3.052e-05          True
      2769      0   2769   4.498915e-01   4.498915e-01   4.498918e-01   4.478817e-01    3.281e-07      2.010e-03    2.010e-03    6.602e+00    3.052e-05          True
      2774      0   2774   3.432698e-02   3.432698e-02   3.432639e-02   3.574924e-02    5.915e-07      1.422e-03    1.423e-03    4.234e+00    3.052e-05          True
      2777      0   2777  -7.999369e-01  -7.999369e-01  -7.999408e-01  -8.012306e-01    3.889e-06      1.294e-03    1.290e-03    3.557e+00    1.526e-05          True
      2781      0   2781  -5.740881e-01  -5.740881e-01  -5.740916e-01  -5.728466e-01    3.480e-06      1.242e-03    1.245e-03    4.862e+00    3.052e-05          True
      2794      0   2794  -7.039672e-01  -7.039672e-01  -7.039737e-01  -7.061175e-01    6.512e-06      2.150e-03    2.144e-03    6.891e+00    3.052e-05          True
      2808      0   2808   1.783982e+00   1.783982e+00   1.783981e+00   1.781421e+00    1.865e-06      2.562e-03    2.560e-03    4.494e+00    3.052e-05          True
      2816      0   2816   1.667472e+00   1.667472e+00   1.667470e+00   1.665112e+00    2.448e-06      2.361e-03    2.358e-03    2.946e+00    1.526e-05          True
      2822      0   2822   1.194591e+00   1.194591e+00   1.194589e+00   1.197659e+00    2.277e-06      3.068e-03    3.070e-03    5.588e+00    3.052e-05          True
      2825      0   2825   1.759429e+00   1.759429e+00   1.759441e+00   1.761851e+00    1.128e-05      2.422e-03    2.410e-03    6.626e+00    3.052e-05          True
      2829      0   2829  -6.104657e-01  -6.104657e-01  -6.104638e-01  -6.093721e-01    1.869e-06      1.094e-03    1.092e-03    4.287e+00    3.052e-05          True
      2842      0   2842  -1.125692e+00  -1.125692e+00  -1.125697e+00  -1.127325e+00    5.369e-06      1.633e-03    1.628e-03    6.120e+00    3.052e-05          True
      2846      0   2846   1.598282e+00   1.598282e+00   1.598280e+00   1.600702e+00    2.483e-06      2.419e-03    2.422e-03    5.811e+00    3.052e-05          True
      2850      0   2850  -8.985720e-02  -8.985720e-02  -8.985589e-02  -8.915117e-02    1.310e-06      7.060e-04    7.047e-04    2.319e+00    1.526e-05          True
      2852      0   2852  -2.450566e+00  -2.450566e+00  -2.450568e+00  -2.453222e+00    2.322e-06      2.655e-03    2.653e-03    4.969e+00    3.052e-05          True
      2856      0   2856   1.987072e+00   1.987072e+00   1.987070e+00   1.989683e+00    1.829e-06      2.611e-03    2.613e-03    3.042e+00    1.526e-05          True
      2861      0   2861  -6.915326e-01  -6.915326e-01  -6.915292e-01  -6.932510e-01    3.397e-06      1.718e-03    1.722e-03    6.323e+00    3.052e-05          True
      2877      0   2877   5.883737e-02   5.883737e-02   5.883260e-02   5.936406e-02    4.775e-06      5.267e-04    5.315e-04    4.070e+00    3.052e-05          True
      2879      0   2879  -4.243980e-01  -4.243980e-01  -4.243945e-01  -4.249341e-01    3.491e-06      5.361e-04    5.396e-04    4.745e+00    3.052e-05          True
      2880      0   2880  -1.436801e+00  -1.436801e+00  -1.436799e+00  -1.434462e+00    2.104e-06      2.340e-03    2.338e-03    2.210e+00    1.526e-05          True
      2884      0   2884  -8.302735e-02  -8.302735e-02  -8.302863e-02  -8.206490e-02    1.279e-06      9.625e-04    9.637e-04    3.388e+00    1.526e-05          True
      2887      0   2887   2.174503e-01   2.174503e-01   2.174445e-01   2.157944e-01    5.826e-06      1.656e-03    1.650e-03    5.940e+00    3.052e-05          True
      2890      0   2890   5.911634e-01   5.911634e-01   5.911571e-01   5.900015e-01    6.267e-06      1.162e-03    1.156e-03    4.661e+00    3.052e-05          True
      2905      0   2905  -1.437874e-01  -1.437874e-01  -1.437763e-01  -1.418981e-01    1.104e-05      1.889e-03    1.878e-03    4.757e+00    3.052e-05          True
      2910      0   2910   1.041035e-01   1.041035e-01   1.041052e-01   1.049902e-01    1.738e-06      8.867e-04    8.850e-04    7.864e+00    3.052e-05          True
      2915      0   2915   1.580394e+00   1.580394e+00   1.580387e+00   1.578774e+00    6.436e-06      1.620e-03    1.613e-03    4.889e+00    3.052e-05          True
      2922      0   2922   1.684562e+00   1.684562e+00   1.684563e+00   1.686519e+00    9.653e-07      1.957e-03    1.956e-03    2.590e+00    1.526e-05          True
      2924      0   2924  -1.761445e+00  -1.761445e+00  -1.761441e+00  -1.759106e+00    3.690e-06      2.339e-03    2.335e-03    4.900e+00    3.052e-05          True
      2936      0   2936   2.483284e+00   2.483284e+00   2.483288e+00   2.480486e+00    3.605e-06      2.799e-03    2.802e-03    4.842e+00    3.052e-05          True
      2939      0   2939  -1.754455e+00  -1.754455e+00  -1.754456e+00  -1.751839e+00    1.340e-06      2.615e-03    2.617e-03    5.503e+00    3.052e-05          True
      2944      0   2944  -8.627233e-01  -8.627233e-01  -8.627249e-01  -8.641152e-01    1.648e-06      1.392e-03    1.390e-03    6.979e+00    3.052e-05          True
      2955      0   2955  -1.597648e+00  -1.597648e+00  -1.597648e+00  -1.594224e+00    6.452e-08      3.424e-03    3.424e-03    5.163e+00    3.052e-05          True
      2956      0   2956   3.691179e-01   3.691179e-01   3.691218e-01   3.695238e-01    3.972e-06      4.059e-04    4.019e-04    3.307e+00    1.526e-05          True
      2962      0   2962   1.919721e-01   1.919721e-01   1.919730e-01   1.947266e-01    9.728e-07      2.755e-03    2.754e-03    5.018e+00    3.052e-05          True
      2968      0   2968  -3.852349e-01  -3.852349e-01  -3.852361e-01  -3.865214e-01    1.245e-06      1.286e-03    1.285e-03    4.486e+00    3.052e-05          True
      2969      0   2969  -4.174832e-01  -4.174832e-01  -4.174838e-01  -4.180639e-01    6.716e-07      5.808e-04    5.801e-04    4.422e+00    3.052e-05          True
      2970      0   2970   5.807039e-01   5.807039e-01   5.807017e-01   5.814642e-01    2.195e-06      7.603e-04    7.625e-04    2.800e+00    1.526e-05          True
      2985      0   2985  -7.990516e-03  -7.990516e-03  -7.988888e-03  -1.010104e-02    1.628e-06      2.111e-03    2.112e-03    3.964e+00    1.526e-05          True
      3009      0   3009  -1.040492e+00  -1.040492e+00  -1.040494e+00  -1.038984e+00    2.106e-06      1.508e-03    1.510e-03    5.391e+00    3.052e-05          True
      3023      0   3023   1.808624e+00   1.808624e+00   1.808618e+00   1.806360e+00    5.255e-06      2.264e-03    2.258e-03    5.976e+00    3.052e-05          True
      3029      0   3029   4.187933e-01   4.187933e-01   4.187922e-01   4.178798e-01    1.111e-06      9.134e-04    9.123e-04    2.890e+00    1.526e-05          True
      3031      0   3031   1.847078e-01   1.847078e-01   1.847053e-01   1.852229e-01    2.545e-06      5.150e-04    5.176e-04    2.730e+00    1.526e-05          True
      3033      0   3033  -1.154857e+00  -1.154857e+00  -1.154858e+00  -1.152674e+00    7.954e-07      2.183e-03    2.183e-03    3.328e+00    1.526e-05          True
      3040      0   3040   5.947809e-02   5.947809e-02   5.947984e-02   6.180149e-02    1.758e-06      2.323e-03    2.322e-03    6.039e+00    3.052e-05          True
      3042      0   3042  -3.650610e-01  -3.650610e-01  -3.650662e-01  -3.656232e-01    5.240e-06      5.622e-04    5.570e-04    6.778e+00    3.052e-05          True
      3044      0   3044  -1.308844e+00  -1.308844e+00  -1.308847e+00  -1.310935e+00    2.944e-06      2.091e-03    2.088e-03    6.986e+00    3.052e-05          True
      3046      0   3046   6.133492e-01   6.133492e-01   6.133496e-01   6.125376e-01    3.957e-07      8.116e-04    8.120e-04    3.557e+00    1.526e-05          True
      3074      0   3074  -4.984383e-01  -4.984383e-01  -4.984413e-01  -4.978930e-01    3.015e-06      5.453e-04    5.483e-04    3.497e+00    1.526e-05          True
      3079      0   3079  -2.277716e+00  -2.277716e+00  -2.277710e+00  -2.280628e+00    5.429e-06      2.913e-03    2.918e-03    7.271e+00    3.052e-05          True
      3083      0   3083  -5.517968e-02  -5.517968e-02  -5.518113e-02  -5.543763e-02    1.452e-06      2.580e-04    2.565e-04    4.690e+00    3.052e-05          True
      3084      0   3084   5.418801e-01   5.418801e-01   5.418810e-01   5.427654e-01    9.146e-07      8.853e-04    8.844e-04    4.025e+00    3.052e-05          True
      3090      0   3090   1.999671e-01   1.999671e-01   1.999595e-01   2.004660e-01    7.587e-06      4.989e-04    5.065e-04    8.359e+00    6.104e-05          True
      3096      0   3096  -5.433927e-01  -5.433927e-01  -5.433977e-01  -5.444969e-01    4.976e-06      1.104e-03    1.099e-03    5.406e+00    3.052e-05          True
      3097      0   3097  -7.320103e-01  -7.320103e-01  -7.320148e-01  -7.299562e-01    4.504e-06      2.054e-03    2.059e-03    8.002e+00    6.104e-05          True
      3104      0   3104  -2.249667e-01  -2.249667e-01  -2.249664e-01  -2.255465e-01    2.679e-07      5.798e-04    5.801e-04    3.540e+00    1.526e-05          True
      3108      0   3108   1.500609e-01   1.500609e-01   1.500538e-01   1.497434e-01    7.180e-06      3.175e-04    3.104e-04    8.176e+00    6.104e-05          True
      3116      0   3116  -6.554129e-01  -6.554129e-01  -6.554137e-01  -6.545674e-01    8.741e-07      8.455e-04    8.463e-04    5.068e+00    3.052e-05          True
      3119      0   3119  -1.173428e+00  -1.173428e+00  -1.173430e+00  -1.176771e+00    1.952e-06      3.343e-03    3.341e-03    6.369e+00    3.052e-05          True
      3131      0   3131   2.787567e-01   2.787567e-01   2.787544e-01   2.775855e-01    2.283e-06      1.171e-03    1.169e-03    3.816e+00    1.526e-05          True
      3136      0   3136  -1.204772e+00  -1.204772e+00  -1.204762e+00  -1.206217e+00    1.055e-05      1.445e-03    1.455e-03    6.513e+00    3.052e-05          True
      3141      0   3141  -2.432674e+00  -2.432674e+00  -2.432675e+00  -2.435568e+00    1.532e-06      2.894e-03    2.892e-03    5.389e+00    3.052e-05          True
      3142      0   3142   8.799682e-01   8.799682e-01   8.799767e-01   8.810334e-01    8.507e-06      1.065e-03    1.057e-03    4.435e+00    3.052e-05          True
      3148      0   3148   5.758876e-01   5.758876e-01   5.758876e-01   5.769490e-01    1.791e-08      1.061e-03    1.061e-03    5.309e+00    3.052e-05          True
      3166      0   3166  -1.131608e+00  -1.131608e+00  -1.131612e+00  -1.128950e+00    3.759e-06      2.658e-03    2.661e-03    5.572e+00    3.052e-05          True
      3176      0   3176  -1.489865e+00  -1.489865e+00  -1.489867e+00  -1.491486e+00    1.910e-06      1.621e-03    1.619e-03    2.386e+00    1.526e-05          True
      3187      0   3187  -9.690320e-01  -9.690320e-01  -9.690331e-01  -9.666660e-01    1.093e-06      2.366e-03    2.367e-03    4.531e+00    3.052e-05          True
      3190      0   3190   3.899321e-01   3.899321e-01   3.899239e-01   3.910943e-01    8.129e-06      1.162e-03    1.170e-03    5.886e+00    3.052e-05          True
      3194      0   3194   7.287045e-01   7.287045e-01   7.287016e-01   7.307843e-01    2.894e-06      2.080e-03    2.083e-03    4.391e+00    3.052e-05          True
      3196      0   3196  -3.843498e+00  -3.843498e+00  -3.843493e+00  -3.839188e+00    5.429e-06      4.310e-03    4.304e-03    5.487e+00    3.052e-05          True
      3202      0   3202   2.100138e-01   2.100138e-01   2.100126e-01   2.108654e-01    1.230e-06      8.515e-04    8.528e-04    4.867e+00    3.052e-05          True
      3210      0   3210  -9.454366e-01  -9.454366e-01  -9.454360e-01  -9.421043e-01    6.394e-07      3.332e-03    3.332e-03    7.516e+00    3.052e-05          True
      3221      0   3221  -2.546375e+00  -2.546375e+00  -2.546372e+00  -2.543674e+00    2.865e-06      2.701e-03    2.698e-03    4.003e+00    3.052e-05          True
      3222      0   3222  -9.333313e-02  -9.333313e-02  -9.334071e-02  -9.210628e-02    7.578e-06      1.227e-03    1.234e-03    4.392e+00    3.052e-05          True
      3224      0   3224  -8.622103e-01  -8.622103e-01  -8.622091e-01  -8.639688e-01    1.130e-06      1.759e-03    1.760e-03    3.207e+00    1.526e-05          True
      3229      0   3229  -9.842141e-01  -9.842141e-01  -9.842150e-01  -9.812748e-01    9.032e-07      2.939e-03    2.940e-03    5.348e+00    3.052e-05          True
      3232      0   3232   1.566264e+00   1.566264e+00   1.566265e+00   1.568156e+00    1.386e-06      1.892e-03    1.890e-03    4.543e+00    3.052e-05          True
      3234      0   3234   9.271771e-01   9.271771e-01   9.271776e-01   9.293122e-01    4.870e-07      2.135e-03    2.135e-03    5.150e+00    3.052e-05          True
      3252      0   3252  -4.277632e-01  -4.277632e-01  -4.277565e-01  -4.297814e-01    6.647e-06      2.018e-03    2.025e-03    5.066e+00    3.052e-05          True
      3254      0   3254  -3.238428e-01  -3.238428e-01  -3.238525e-01  -3.234842e-01    9.638e-06      3.586e-04    3.683e-04    6.582e+00    3.052e-05          True
      3255      0   3255  -1.327038e+00  -1.327038e+00  -1.327039e+00  -1.328389e+00    1.528e-06      1.351e-03    1.350e-03    3.346e+00    1.526e-05          True
      3261      0   3261  -1.187128e-01  -1.187128e-01  -1.187141e-01  -1.180935e-01    1.370e-06      6.193e-04    6.207e-04    4.345e+00    3.052e-05          True
      3265      0   3265  -5.043253e-01  -5.043253e-01  -5.043257e-01  -5.063391e-01    4.239e-07      2.014e-03    2.013e-03    4.495e+00    3.052e-05          True
      3267      0   3267  -1.905313e-01  -1.905313e-01  -1.905258e-01  -1.933831e-01    5.508e-06      2.852e-03    2.857e-03    6.421e+00    3.052e-05          True
      3273      0   3273   1.131703e+00   1.131703e+00   1.131709e+00   1.129216e+00    5.071e-06      2.487e-03    2.492e-03    4.506e+00    3.052e-05          True
      3281      0   3281  -4.452588e-01  -4.452588e-01  -4.452607e-01  -4.462622e-01    1.849e-06      1.003e-03    1.002e-03    3.844e+00    1.526e-05          True
      3284      0   3284   1.701882e-01   1.701882e-01   1.701865e-01   1.683304e-01    1.661e-06      1.858e-03    1.856e-03    5.170e+00    3.052e-05          True
      3292      0   3292  -1.395629e+00  -1.395629e+00  -1.395632e+00  -1.393367e+00    2.409e-06      2.262e-03    2.264e-03    4.841e+00    3.052e-05          True
      3297      0   3297  -9.356120e-01  -9.356120e-01  -9.356138e-01  -9.341936e-01    1.758e-06      1.418e-03    1.420e-03    5.789e+00    3.052e-05          True
      3301      0   3301   1.595701e-01   1.595701e-01   1.595772e-01   1.621881e-01    7.092e-06      2.618e-03    2.611e-03    6.409e+00    3.052e-05          True
      3303      0   3303  -6.391353e-01  -6.391353e-01  -6.391345e-01  -6.400887e-01    7.695e-07      9.534e-04    9.542e-04    3.961e+00    1.526e-05          True
      3305      0   3305  -1.071748e-02  -1.071748e-02  -1.071486e-02  -8.642759e-03    2.620e-06      2.075e-03    2.072e-03    4.153e+00    3.052e-05          True
      3306      0   3306   3.929208e-01   3.929208e-01   3.929166e-01   3.908738e-01    4.255e-06      2.047e-03    2.043e-03    3.791e+00    1.526e-05          True
      3307      0   3307  -3.876436e+00  -3.876436e+00  -3.876433e+00  -3.872136e+00    3.100e-06      4.299e-03    4.296e-03    5.833e+00    3.052e-05          True
      3312      0   3312  -1.041847e+00  -1.041847e+00  -1.041844e+00  -1.040505e+00    3.809e-06      1.342e-03    1.338e-03    7.302e+00    3.052e-05          True
      3319      0   3319  -1.884791e-01  -1.884791e-01  -1.884794e-01  -1.877397e-01    3.700e-07      7.394e-04    7.397e-04    2.525e+00    1.526e-05          True
      3324      0   3324  -2.063636e+00  -2.063636e+00  -2.063640e+00  -2.061401e+00    3.988e-06      2.235e-03    2.239e-03    4.521e+00    3.052e-05          True
      3325      0   3325  -7.358371e-01  -7.358371e-01  -7.358250e-01  -7.381573e-01    1.214e-05      2.320e-03    2.332e-03    7.117e+00    3.052e-05          True
      3327      0   3327   6.283482e-01   6.283482e-01   6.283444e-01   6.274895e-01    3.763e-06      8.587e-04    8.549e-04    3.729e+00    1.526e-05          True
      3343      0   3343   1.645706e+00   1.645706e+00   1.645705e+00   1.642401e+00    1.318e-06      3.306e-03    3.304e-03    4.801e+00    3.052e-05          True
      3344      0   3344  -2.633438e-01  -2.633438e-01  -2.633483e-01  -2.626294e-01    4.435e-06      7.145e-04    7.189e-04    3.429e+00    1.526e-05          True
      3345      0   3345  -1.229910e-01  -1.229910e-01  -1.229932e-01  -1.233584e-01    2.246e-06      3.674e-04    3.652e-04    4.339e+00    3.052e-05          True
      3347      0   3347   7.259668e-01   7.259668e-01   7.259658e-01   7.237659e-01    1.013e-06      2.201e-03    2.200e-03    4.940e+00    3.052e-05          True
      3355      0   3355   2.477329e-01   2.477329e-01   2.477320e-01   2.464070e-01    8.790e-07      1.326e-03    1.325e-03    3.811e+00    1.526e-05          True
      3366      0   3366  -8.808807e-01  -8.808807e-01  -8.808751e-01  -8.791651e-01    5.620e-06      1.716e-03    1.710e-03    3.987e+00    1.526e-05          True
      3371      0   3371   3.611846e-01   3.611846e-01   3.611883e-01   3.599297e-01    3.665e-06      1.255e-03    1.259e-03    4.474e+00    3.052e-05          True
      3373      0   3373   1.216130e+00   1.216130e+00   1.216129e+00   1.213429e+00    1.654e-06      2.702e-03    2.700e-03    3.487e+00    1.526e-05          True
      3380      0   3380  -7.462593e-01  -7.462593e-01  -7.462577e-01  -7.475124e-01    1.536e-06      1.253e-03    1.255e-03    7.672e+00    3.052e-05          True
      3382      0   3382   5.276064e-01   5.276064e-01   5.276024e-01   5.254428e-01    3.957e-06      2.164e-03    2.160e-03    3.838e+00    1.526e-05          True
      3396      0   3396  -2.587863e+00  -2.587863e+00  -2.587865e+00  -2.590539e+00    2.313e-06      2.676e-03    2.673e-03    4.984e+00    3.052e-05          True
      3398      0   3398  -3.005992e-02  -3.005992e-02  -3.005556e-02  -3.294313e-02    4.361e-06      2.883e-03    2.888e-03    3.913e+00    1.526e-05          True
      3423      0   3423  -5.875554e-01  -5.875554e-01  -5.875574e-01  -5.866689e-01    1.977e-06      8.865e-04    8.885e-04    3.225e+00    1.526e-05          True
      3431      0   3431  -9.313601e-01  -9.313601e-01  -9.313610e-01  -9.291357e-01    8.973e-07      2.224e-03    2.225e-03    3.322e+00    1.526e-05          True
      3444      0   3444  -1.650467e+00  -1.650467e+00  -1.650469e+00  -1.652360e+00    1.981e-06      1.893e-03    1.891e-03    3.645e+00    1.526e-05          True
      3454      0   3454   1.288157e+00   1.288157e+00   1.288163e+00   1.284657e+00    5.580e-06      3.500e-03    3.506e-03    6.046e+00    3.052e-05          True
      3458      0   3458   5.586932e-02   5.586932e-02   5.586994e-02   5.486758e-02    6.214e-07      1.002e-03    1.002e-03    4.068e+00    3.052e-05          True
      3463      0   3463   1.280317e+00   1.280317e+00   1.280313e+00   1.278791e+00    3.340e-06      1.526e-03    1.522e-03    3.630e+00    1.526e-05          True
      3469      0   3469   1.327714e+00   1.327714e+00   1.327717e+00   1.329795e+00    3.246e-06      2.081e-03    2.078e-03    5.584e+00    3.052e-05          True
      3476      0   3476   1.379481e+00   1.379481e+00   1.379482e+00   1.381270e+00    6.662e-07      1.789e-03    1.788e-03    4.823e+00    3.052e-05          True
      3480      0   3480   1.895624e+00   1.895624e+00   1.895623e+00   1.892104e+00    1.025e-06      3.520e-03    3.519e-03    4.004e+00    3.052e-05          True
      3481      0   3481  -1.536994e+00  -1.536994e+00  -1.536991e+00  -1.538936e+00    2.407e-06      1.942e-03    1.944e-03    8.416e+00    6.104e-05          True
      3485      0   3485   2.285685e-02   2.285685e-02   2.285737e-02   2.278269e-02    5.200e-07      7.416e-05    7.468e-05    2.220e+00    1.526e-05          True
      3486      0   3486   4.248993e-01   4.248993e-01   4.248992e-01   4.256263e-01    1.264e-07      7.270e-04    7.271e-04    6.796e+00    3.052e-05          True
      3487      0   3487  -1.134948e+00  -1.134948e+00  -1.134944e+00  -1.133277e+00    4.444e-06      1.671e-03    1.667e-03    6.268e+00    3.052e-05          True
      3490      0   3490  -2.951362e-01  -2.951362e-01  -2.951337e-01  -2.976403e-01    2.576e-06      2.504e-03    2.507e-03    3.092e+00    1.526e-05          True
      3506      0   3506   3.163641e-01   3.163641e-01   3.163677e-01   3.178997e-01    3.688e-06      1.536e-03    1.532e-03    7.473e+00    3.052e-05          True
      3518      0   3518   3.324412e-01   3.324412e-01   3.324428e-01   3.331369e-01    1.606e-06      6.957e-04    6.941e-04    4.072e+00    3.052e-05          True
      3528      0   3528   8.212202e-01   8.212202e-01   8.212226e-01   8.199618e-01    2.420e-06      1.258e-03    1.261e-03    5.414e+00    3.052e-05          True
      3542      0   3542   2.452005e-01   2.452005e-01   2.451979e-01   2.470344e-01    2.593e-06      1.834e-03    1.836e-03    3.101e+00    1.526e-05          True
      3547      0   3547   1.298714e+00   1.298714e+00   1.298716e+00   1.300706e+00    2.571e-06      1.992e-03    1.990e-03    7.245e+00    3.052e-05          True
      3548      0   3548   3.109716e-01   3.109716e-01   3.109631e-01   3.088670e-01    8.488e-06      2.105e-03    2.096e-03    6.181e+00    3.052e-05          True
      3551      0   3551   9.813311e-01   9.813311e-01   9.813300e-01   9.825236e-01    1.077e-06      1.193e-03    1.194e-03    5.203e+00    3.052e-05          True
      3559      0   3559   1.813798e-01   1.813798e-01   1.813814e-01   1.797517e-01    1.604e-06      1.628e-03    1.630e-03    4.052e+00    3.052e-05          True
      3563      0   3563  -2.295005e+00  -2.295005e+00  -2.295004e+00  -2.292679e+00    8.947e-07      2.327e-03    2.326e-03    4.964e+00    3.052e-05          True
      3573      0   3573  -3.969591e-01  -3.969591e-01  -3.969604e-01  -3.995521e-01    1.348e-06      2.593e-03    2.592e-03    2.101e+00    1.526e-05          True
      3575      0   3575  -5.826350e-02  -5.826350e-02  -5.826595e-02  -5.804529e-02    2.451e-06      2.182e-04    2.207e-04    4.907e+00    3.052e-05          True
      3576      0   3576  -1.204753e+00  -1.204753e+00  -1.204753e+00  -1.206141e+00    5.447e-07      1.388e-03    1.388e-03    4.149e+00    3.052e-05          True
      3589      0   3589   5.764383e-01   5.764383e-01   5.764405e-01   5.774661e-01    2.253e-06      1.028e-03    1.026e-03    2.874e+00    1.526e-05          True
      3593      0   3593  -3.022913e-01  -3.022913e-01  -3.022983e-01  -3.032351e-01    6.988e-06      9.439e-04    9.369e-04    7.186e+00    3.052e-05          True
      3599      0   3599   2.455589e-01   2.455589e-01   2.455573e-01   2.452932e-01    1.633e-06      2.657e-04    2.640e-04    3.848e+00    1.526e-05          True
      3601      0   3601  -6.182077e-01  -6.182077e-01  -6.182063e-01  -6.189950e-01    1.481e-06      7.872e-04    7.887e-04    3.985e+00    1.526e-05          True
      3605      0   3605   1.539763e+00   1.539763e+00   1.539762e+00   1.537353e+00    1.079e-06      2.410e-03    2.409e-03    3.838e+00    1.526e-05          True
      3611      0   3611  -1.391166e+00  -1.391166e+00  -1.391165e+00  -1.389255e+00    9.454e-07      1.911e-03    1.910e-03    3.071e+00    1.526e-05          True
      3612      0   3612  -6.093900e-01  -6.093900e-01  -6.093883e-01  -6.104426e-01    1.676e-06      1.053e-03    1.054e-03    4.230e+00    3.052e-05          True
      3617      0   3617   1.361690e-01   1.361690e-01   1.361672e-01   1.344446e-01    1.829e-06      1.724e-03    1.723e-03    4.186e+00    3.052e-05          True
      3626      0   3626  -2.677820e+00  -2.677820e+00  -2.677824e+00  -2.680684e+00    4.055e-06      2.863e-03    2.859e-03    3.649e+00    1.526e-05          True
      3628      0   3628   6.620512e-01   6.620512e-01   6.620530e-01   6.602032e-01    1.809e-06      1.848e-03    1.850e-03    5.106e+00    3.052e-05          True
      3636      0   3636  -1.464381e-01  -1.464381e-01  -1.464330e-01  -1.457436e-01    5.029e-06      6.944e-04    6.894e-04    3.628e+00    1.526e-05          True
      3639      0   3639  -4.536065e-01  -4.536065e-01  -4.536073e-01  -4.526853e-01    7.900e-07      9.212e-04    9.220e-04    4.064e+00    3.052e-05          True
      3642      0   3642  -5.702245e-01  -5.702245e-01  -5.702160e-01  -5.715045e-01    8.537e-06      1.280e-03    1.288e-03    6.552e+00    3.052e-05          True
      3644      0   3644  -4.455463e-03  -4.455463e-03  -4.454751e-03  -2.862319e-03    7.118e-07      1.593e-03    1.592e-03    3.563e+00    1.526e-05          True
      3653      0   3653  -2.456401e+00  -2.456401e+00  -2.456392e+00  -2.459203e+00    9.119e-06      2.803e-03    2.812e-03    6.172e+00    3.052e-05          True
      3654      0   3654  -9.884989e-01  -9.884989e-01  -9.884990e-01  -9.871789e-01    7.238e-08      1.320e-03    1.320e-03    2.809e+00    1.526e-05          True
      3657      0   3657   1.783894e+00   1.783894e+00   1.783890e+00   1.785856e+00    4.309e-06      1.962e-03    1.966e-03    3.359e+00    1.526e-05          True
      3659      0   3659  -1.608381e+00  -1.608381e+00  -1.608377e+00  -1.606202e+00    4.708e-06      2.180e-03    2.175e-03    5.746e+00    3.052e-05          True
      3661      0   3661  -1.339043e-01  -1.339043e-01  -1.339092e-01  -1.329022e-01    4.959e-06      1.002e-03    1.007e-03    4.665e+00    3.052e-05          True
      3662      0   3662   1.123114e+00   1.123114e+00   1.123116e+00   1.119716e+00    2.394e-06      3.398e-03    3.401e-03    3.248e+00    1.526e-05          True
      3667      0   3667   4.004483e-01   4.004483e-01   4.004465e-01   4.010330e-01    1.812e-06      5.846e-04    5.865e-04    4.913e+00    3.052e-05          True
      3668      0   3668   4.458883e-02   4.458883e-02   4.458952e-02   4.238234e-02    6.898e-07      2.206e-03    2.207e-03    5.165e+00    3.052e-05          True
      3669      0   3669   4.022781e-01   4.022781e-01   4.022786e-01   4.004745e-01    5.376e-07      1.804e-03    1.804e-03    5.685e+00    3.052e-05          True
      3684      0   3684  -1.035294e+00  -1.035294e+00  -1.035293e+00  -1.034111e+00    3.618e-07      1.183e-03    1.183e-03    4.359e+00    3.052e-05          True
      3688      0   3688   2.513678e-01   2.513678e-01   2.513626e-01   2.516430e-01    5.209e-06      2.752e-04    2.804e-04    3.762e+00    1.526e-05          True
      3689      0   3689   8.981051e-01   8.981051e-01   8.981095e-01   9.001098e-01    4.398e-06      2.005e-03    2.000e-03    4.151e+00    3.052e-05          True
      3692      0   3692  -2.887797e-01  -2.887797e-01  -2.887795e-01  -2.891242e-01    2.463e-07      3.445e-04    3.447e-04    5.485e+00    3.052e-05          True
      3693      0   3693   7.240239e-01   7.240239e-01   7.240214e-01   7.218158e-01    2.458e-06      2.208e-03    2.206e-03    3.014e+00    1.526e-05          True
      3695      0   3695  -1.004087e-02  -1.004087e-02  -1.003945e-02  -1.132058e-02    1.421e-06      1.280e-03    1.281e-03    6.913e+00    3.052e-05          True
      3697      0   3697   1.855406e+00   1.855406e+00   1.855406e+00   1.857680e+00    4.763e-07      2.274e-03    2.274e-03    3.889e+00    1.526e-05          True
      3712      0   3712   1.259345e+00   1.259345e+00   1.259349e+00   1.257172e+00    3.834e-06      2.173e-03    2.177e-03    5.026e+00    3.052e-05          True
      3713      0   3713  -8.967037e-01  -8.967037e-01  -8.967047e-01  -8.990324e-01    1.017e-06      2.329e-03    2.328e-03    9.072e+00    6.104e-05          True
      3724      0   3724  -6.860301e-01  -6.860301e-01  -6.860347e-01  -6.871046e-01    4.628e-06      1.075e-03    1.070e-03    4.826e+00    3.052e-05          True
      3729      0   3729  -1.973249e+00  -1.973249e+00  -1.973245e+00  -1.970342e+00    3.847e-06      2.908e-03    2.904e-03    5.887e+00    3.052e-05          True
      3734      0   3734   1.472918e-01   1.472918e-01   1.472933e-01   1.476722e-01    1.504e-06      3.804e-04    3.789e-04    3.195e+00    1.526e-05          True
      3742      0   3742  -1.497744e-01  -1.497744e-01  -1.497787e-01  -1.515934e-01    4.354e-06      1.819e-03    1.815e-03    5.396e+00    3.052e-05          True
      3743      0   3743   2.266222e+00   2.266222e+00   2.266225e+00   2.268634e+00    3.046e-06      2.412e-03    2.409e-03    7.112e+00    3.052e-05          True
      3746      0   3746  -3.902608e-01  -3.902608e-01  -3.902608e-01  -3.916603e-01    2.908e-08      1.400e-03    1.399e-03    6.757e+00    3.052e-05          True
      3784      0   3784  -4.665319e-01  -4.665319e-01  -4.665342e-01  -4.673936e-01    2.314e-06      8.617e-04    8.594e-04    4.231e+00    3.052e-05          True
      3787      0   3787   4.403740e-01   4.403740e-01   4.403753e-01   4.393595e-01    1.258e-06      1.015e-03    1.016e-03    3.192e+00    1.526e-05          True
      3803      0   3803   7.735182e-01   7.735182e-01   7.735162e-01   7.745835e-01    1.960e-06      1.065e-03    1.067e-03    3.791e+00    1.526e-05          True
      3807      0   3807  -9.539942e-01  -9.539942e-01  -9.539887e-01  -9.519491e-01    5.514e-06      2.045e-03    2.040e-03    4.686e+00    3.052e-05          True
      3810      0   3810   1.930188e+00   1.930188e+00   1.930186e+00   1.932399e+00    2.666e-06      2.211e-03    2.214e-03    2.695e+00    1.526e-05          True
      3826      0   3826  -3.186711e+00  -3.186711e+00  -3.186709e+00  -3.190238e+00    1.967e-06      3.528e-03    3.530e-03    5.042e+00    3.052e-05          True
      3829      0   3829  -1.499702e-01  -1.499702e-01  -1.499740e-01  -1.507594e-01    3.742e-06      7.892e-04    7.854e-04    4.161e+00    3.052e-05          True
      3830      0   3830   1.722117e+00   1.722117e+00   1.722108e+00   1.719095e+00    8.367e-06      3.022e-03    3.013e-03    6.769e+00    3.052e-05          True
      3836      0   3836   4.491399e-01   4.491399e-01   4.491411e-01   4.498425e-01    1.258e-06      7.027e-04    7.014e-04    4.306e+00    3.052e-05          True
      3846      0   3846  -6.621864e-01  -6.621864e-01  -6.621845e-01  -6.613669e-01    1.896e-06      8.196e-04    8.177e-04    5.751e+00    3.052e-05          True
      3849      0   3849  -7.878130e-01  -7.878130e-01  -7.878116e-01  -7.861449e-01    1.450e-06      1.668e-03    1.667e-03    4.085e+00    3.052e-05          True
      3857      0   3857   7.675509e-01   7.675509e-01   7.675498e-01   7.683772e-01    1.102e-06      8.264e-04    8.275e-04    4.788e+00    3.052e-05          True
      3865      0   3865   6.642449e-01   6.642449e-01   6.642388e-01   6.632735e-01    6.168e-06      9.714e-04    9.652e-04    7.457e+00    3.052e-05          True
      3869      0   3869  -1.249737e+00  -1.249737e+00  -1.249740e+00  -1.251817e+00    3.737e-06      2.080e-03    2.076e-03    4.604e+00    3.052e-05          True
      3871      0   3871  -1.770772e+00  -1.770772e+00  -1.770769e+00  -1.773091e+00    2.643e-06      2.319e-03    2.322e-03    4.261e+00    3.052e-05          True
      3873      0   3873  -1.502214e-01  -1.502214e-01  -1.502297e-01  -1.505516e-01    8.295e-06      3.303e-04    3.220e-04    6.050e+00    3.052e-05          True
      3883      0   3883   7.335956e-01   7.335956e-01   7.335984e-01   7.306402e-01    2.771e-06      2.955e-03    2.958e-03    3.000e+00    1.526e-05          True
      3886      0   3886   4.350105e-01   4.350105e-01   4.350097e-01   4.333201e-01    8.153e-07      1.690e-03    1.690e-03    5.895e+00    3.052e-05          True
      3894      0   3894   1.958616e-01   1.958616e-01   1.958593e-01   1.938187e-01    2.254e-06      2.043e-03    2.041e-03    3.168e+00    1.526e-05          True
      3906      0   3906  -1.790284e+00  -1.790284e+00  -1.790280e+00  -1.792777e+00    4.419e-06      2.493e-03    2.497e-03    6.394e+00    3.052e-05          True
      3910      0   3910   1.259287e+00   1.259287e+00   1.259287e+00   1.257096e+00    4.911e-07      2.190e-03    2.191e-03    5.562e+00    3.052e-05          True
      3911      0   3911  -1.570233e+00  -1.570233e+00  -1.570236e+00  -1.571839e+00    3.181e-06      1.606e-03    1.603e-03    3.553e+00    1.526e-05          True
      3914      0   3914  -1.049126e+00  -1.049126e+00  -1.049134e+00  -1.050363e+00    7.688e-06      1.237e-03    1.229e-03    7.486e+00    3.052e-05          True
      3922      0   3922  -1.916032e+00  -1.916032e+00  -1.916036e+00  -1.913958e+00    3.836e-06      2.074e-03    2.078e-03    4.756e+00    3.052e-05          True
      3928      0   3928   2.913554e-01   2.913554e-01   2.913587e-01   2.896651e-01    3.268e-06      1.690e-03    1.694e-03    3.277e+00    1.526e-05          True
      3937      0   3937  -4.606127e-02  -4.606127e-02  -4.606588e-02  -4.341036e-02    4.606e-06      2.651e-03    2.656e-03    4.542e+00    3.052e-05          True
      3939      0   3939   1.779928e-01   1.779928e-01   1.779944e-01   1.792575e-01    1.680e-06      1.265e-03    1.263e-03    2.184e+00    1.526e-05          True
      3940      0   3940   3.822469e-01   3.822469e-01   3.822481e-01   3.845618e-01    1.227e-06      2.315e-03    2.314e-03    4.145e+00    3.052e-05          True
      3951      0   3951   2.025417e+00   2.025417e+00   2.025415e+00   2.022471e+00    2.147e-06      2.946e-03    2.944e-03    5.264e+00    3.052e-05          True
      3956      0   3956   2.369539e-01   2.369539e-01   2.369554e-01   2.380188e-01    1.524e-06      1.065e-03    1.063e-03    4.330e+00    3.052e-05          True
      3961      0   3961  -2.485857e-01  -2.485857e-01  -2.485835e-01  -2.500464e-01    2.173e-06      1.461e-03    1.463e-03    5.306e+00    3.052e-05          True
      3964      0   3964   4.605329e-02   4.605329e-02   4.604894e-02   4.476807e-02    4.351e-06      1.285e-03    1.281e-03    5.637e+00    3.052e-05          True
      3966      0   3966   1.782412e+00   1.782412e+00   1.782421e+00   1.785496e+00    9.573e-06      3.084e-03    3.075e-03    5.191e+00    3.052e-05          True
      3976      0   3976   2.311360e-01   2.311360e-01   2.311354e-01   2.328420e-01    5.096e-07      1.706e-03    1.707e-03    5.124e+00    3.052e-05          True
      3983      0   3983   4.805087e-02   4.805087e-02   4.804862e-02   4.774039e-02    2.252e-06      3.105e-04    3.082e-04    4.168e+00    3.052e-05          True
      3986      0   3986   1.555835e+00   1.555835e+00   1.555834e+00   1.557729e+00    6.186e-07      1.894e-03    1.894e-03    3.545e+00    1.526e-05          True
      3988      0   3988  -1.130436e+00  -1.130436e+00  -1.130434e+00  -1.128101e+00    2.408e-06      2.335e-03    2.333e-03    4.408e+00    3.052e-05          True
      3994      0   3994   9.881795e-02   9.881795e-02   9.881742e-02   1.011679e-01    5.363e-07      2.350e-03    2.350e-03    3.772e+00    1.526e-05          True
      3997      0   3997   1.111998e+00   1.111998e+00   1.112006e+00   1.110529e+00    7.616e-06      1.469e-03    1.477e-03    5.733e+00    3.052e-05          True
      4002      0   4002   4.900393e-01   4.900393e-01   4.900430e-01   4.881723e-01    3.683e-06      1.867e-03    1.871e-03    6.699e+00    3.052e-05          True
      4003      0   4003  -8.773334e-01  -8.773334e-01  -8.773324e-01  -8.754782e-01    1.029e-06      1.855e-03    1.854e-03    4.892e+00    3.052e-05          True
      4008      0   4008   6.833861e-01   6.833861e-01   6.833784e-01   6.857097e-01    7.687e-06      2.324e-03    2.331e-03    5.211e+00    3.052e-05          True
      4013      0   4013  -1.191099e+00  -1.191099e+00  -1.191097e+00  -1.193754e+00    2.595e-06      2.655e-03    2.657e-03    3.703e+00    1.526e-05          True
      4014      0   4014   8.422438e-01   8.422438e-01   8.422404e-01   8.441367e-01    3.394e-06      1.893e-03    1.896e-03    3.701e+00    1.526e-05          True
      4019      0   4019   5.517442e-01   5.517442e-01   5.517459e-01   5.492345e-01    1.704e-06      2.510e-03    2.511e-03    4.609e+00    3.052e-05          True
      4035      0   4035  -3.594467e-01  -3.594467e-01  -3.594480e-01  -3.578720e-01    1.238e-06      1.575e-03    1.576e-03    3.184e+00    1.526e-05          True
      4051      0   4051   5.861529e-01   5.861529e-01   5.861557e-01   5.881156e-01    2.820e-06      1.963e-03    1.960e-03    4.325e+00    3.052e-05          True
      4055      0   4055   8.770902e-01   8.770902e-01   8.770901e-01   8.761548e-01    9.285e-08      9.354e-04    9.353e-04    3.988e+00    1.526e-05          True
      4056      0   4056   9.506712e-01   9.506712e-01   9.506711e-01   9.516808e-01    1.711e-07      1.010e-03    1.010e-03    3.417e+00    1.526e-05          True
      4064      0   4064   1.290420e+00   1.290420e+00   1.290420e+00   1.291714e+00    1.789e-07      1.294e-03    1.293e-03    3.132e+00    1.526e-05          True
      4065      0   4065  -6.895120e-01  -6.895120e-01  -6.895160e-01  -6.874908e-01    4.052e-06      2.021e-03    2.025e-03    4.865e+00    3.052e-05          True
      4069      0   4069   5.197625e-01   5.197625e-01   5.197592e-01   5.191623e-01    3.301e-06      6.002e-04    5.969e-04    4.865e+00    3.052e-05          True
      4085      0   4085   9.446504e-02   9.446504e-02   9.446480e-02   9.327197e-02    2.411e-07      1.193e-03    1.193e-03    4.111e+00    3.052e-05          True
      4087      0   4087  -1.508976e+00  -1.508976e+00  -1.508973e+00  -1.506602e+00    3.186e-06      2.374e-03    2.370e-03    5.605e+00    3.052e-05          True
      4100      1      4   6.098272e-01   6.098272e-01   6.098272e-01   6.116876e-01    1.216e-09      1.860e-03    1.860e-03    4.783e+00    3.052e-05          True
      4103      1      7  -3.322990e+00  -3.322990e+00  -3.322993e+00  -3.319172e+00    2.398e-06      3.818e-03    3.820e-03    4.481e+00    3.052e-05          True
      4106      1     10  -1.833523e+00  -1.833523e+00  -1.833526e+00  -1.835940e+00    2.897e-06      2.417e-03    2.414e-03    4.783e+00    3.052e-05          True
      4120      1     24   5.296251e-01   5.296251e-01   5.296162e-01   5.290090e-01    8.893e-06      6.160e-04    6.071e-04    6.531e+00    3.052e-05          True
      4121      1     25  -8.584455e-01  -8.584455e-01  -8.584428e-01  -8.593346e-01    2.712e-06      8.891e-04    8.918e-04    4.433e+00    3.052e-05          True
      4122      1     26   9.240709e-02   9.240709e-02   9.240697e-02   9.076373e-02    1.221e-07      1.643e-03    1.643e-03    2.548e+00    1.526e-05          True
      4124      1     28  -2.778936e+00  -2.778936e+00  -2.778943e+00  -2.781980e+00    6.485e-06      3.044e-03    3.037e-03    4.842e+00    3.052e-05          True
      4131      1     35   7.301876e-01   7.301876e-01   7.301904e-01   7.334188e-01    2.792e-06      3.231e-03    3.228e-03    4.968e+00    3.052e-05          True
      4135      1     39   3.102792e-01   3.102792e-01   3.102702e-01   3.092841e-01    9.059e-06      9.951e-04    9.861e-04    7.867e+00    3.052e-05          True
      4143      1     47  -9.599899e-01  -9.599899e-01  -9.599910e-01  -9.622980e-01    1.170e-06      2.308e-03    2.307e-03    2.934e+00    1.526e-05          True
      4146      1     50  -1.525383e-01  -1.525383e-01  -1.525340e-01  -1.539975e-01    4.318e-06      1.459e-03    1.464e-03    7.181e+00    3.052e-05          True
      4151      1     55   1.579412e+00   1.579412e+00   1.579409e+00   1.576480e+00    2.452e-06      2.932e-03    2.929e-03    4.682e+00    3.052e-05          True
      4152      1     56  -7.911785e-01  -7.911785e-01  -7.911846e-01  -7.901799e-01    6.062e-06      9.986e-04    1.005e-03    4.300e+00    3.052e-05          True
      4156      1     60  -1.039608e+00  -1.039608e+00  -1.039611e+00  -1.038107e+00    2.929e-06      1.502e-03    1.505e-03    2.921e+00    1.526e-05          True
      4170      1     74  -7.566389e-01  -7.566389e-01  -7.566394e-01  -7.544438e-01    4.451e-07      2.195e-03    2.196e-03    5.843e+00    3.052e-05          True
      4183      1     87   3.712138e-01   3.712138e-01   3.712151e-01   3.727182e-01    1.338e-06      1.504e-03    1.503e-03    2.661e+00    1.526e-05          True
      4194      1     98   3.550800e+00   3.550800e+00   3.550795e+00   3.547043e+00    5.249e-06      3.757e-03    3.752e-03    6.860e+00    3.052e-05          True
      4195      1     99   9.662950e-01   9.662950e-01   9.662945e-01   9.678641e-01    5.103e-07      1.569e-03    1.570e-03    4.981e+00    3.052e-05          True
      4204      1    108  -7.157824e-01  -7.157824e-01  -7.157845e-01  -7.149212e-01    2.177e-06      8.611e-04    8.633e-04    4.213e+00    3.052e-05          True
      4210      1    114  -8.623946e-01  -8.623946e-01  -8.623961e-01  -8.612666e-01    1.444e-06      1.128e-03    1.129e-03    4.905e+00    3.052e-05          True
      4221      1    125   5.086703e-01   5.086703e-01   5.086725e-01   5.092441e-01    2.262e-06      5.739e-04    5.716e-04    5.018e+00    3.052e-05          True
      4244      1    148  -1.139651e+00  -1.139651e+00  -1.139654e+00  -1.138068e+00    2.725e-06      1.583e-03    1.585e-03    9.145e+00    6.104e-05          True
      4246      1    150   6.904274e-01   6.904274e-01   6.904267e-01   6.929834e-01    7.293e-07      2.556e-03    2.557e-03    5.033e+00    3.052e-05          True
      4266      1    170   1.617715e-01   1.617715e-01   1.617749e-01   1.593597e-01    3.495e-06      2.412e-03    2.415e-03    6.044e+00    3.052e-05          True
      4267      1    171   7.434997e-02   7.434997e-02   7.435197e-02   7.536960e-02    1.999e-06      1.020e-03    1.018e-03    4.539e+00    3.052e-05          True
      4269      1    173   3.498869e-01   3.498869e-01   3.498906e-01   3.476797e-01    3.761e-06      2.207e-03    2.211e-03    5.084e+00    3.052e-05          True
      4272      1    176   4.376384e-01   4.376384e-01   4.376386e-01   4.395061e-01    2.225e-07      1.868e-03    1.867e-03    3.926e+00    1.526e-05          True
      4278      1    182  -5.023831e-01  -5.023831e-01  -5.023804e-01  -5.018407e-01    2.649e-06      5.424e-04    5.397e-04    3.519e+00    1.526e-05          True
      4285      1    189  -2.615813e+00  -2.615813e+00  -2.615808e+00  -2.611166e+00    4.833e-06      4.648e-03    4.643e-03    8.591e+00    6.104e-05          True
      4289      1    193   2.035213e+00   2.035213e+00   2.035213e+00   2.031895e+00    4.515e-07      3.319e-03    3.318e-03    3.101e+00    1.526e-05          True
      4292      1    196  -8.349934e-01  -8.349934e-01  -8.349837e-01  -8.358610e-01    9.731e-06      8.676e-04    8.773e-04    5.392e+00    3.052e-05          True
      4293      1    197   7.050225e-02   7.050225e-02   7.050050e-02   6.764570e-02    1.750e-06      2.857e-03    2.855e-03    4.513e+00    3.052e-05          True
      4296      1    200  -7.725993e-01  -7.725993e-01  -7.725964e-01  -7.712986e-01    2.971e-06      1.301e-03    1.298e-03    3.190e+00    1.526e-05          True
      4306      1    210  -8.674335e-01  -8.674335e-01  -8.674341e-01  -8.700770e-01    6.725e-07      2.644e-03    2.643e-03    3.515e+00    1.526e-05          True
      4320      1    224  -7.760970e-01  -7.760970e-01  -7.760956e-01  -7.773925e-01    1.404e-06      1.296e-03    1.297e-03    5.502e+00    3.052e-05          True
      4324      1    228  -5.519136e-01  -5.519136e-01  -5.519124e-01  -5.511248e-01    1.134e-06      7.888e-04    7.876e-04    4.584e+00    3.052e-05          True
      4328      1    232  -2.883276e-02  -2.883276e-02  -2.883590e-02  -2.878301e-02    3.141e-06      4.974e-05    5.288e-05    3.493e+00    1.526e-05          True
      4332      1    236  -9.603091e-02  -9.603091e-02  -9.603648e-02  -9.742296e-02    5.569e-06      1.392e-03    1.386e-03    3.854e+00    1.526e-05          True
      4339      1    243   5.797464e-01   5.797464e-01   5.797499e-01   5.788072e-01    3.553e-06      9.392e-04    9.427e-04    7.267e+00    3.052e-05          True
      4340      1    244  -1.687843e+00  -1.687843e+00  -1.687848e+00  -1.685212e+00    4.397e-06      2.631e-03    2.636e-03    5.557e+00    3.052e-05          True
      4361      1    265   5.616192e-01   5.616192e-01   5.616233e-01   5.649311e-01    4.092e-06      3.312e-03    3.308e-03    6.205e+00    3.052e-05          True
      4362      1    266   1.826876e-01   1.826876e-01   1.826891e-01   1.821761e-01    1.460e-06      5.115e-04    5.130e-04    2.610e+00    1.526e-05          True
      4372      1    276  -1.205582e+00  -1.205582e+00  -1.205578e+00  -1.203189e+00    3.353e-06      2.393e-03    2.390e-03    3.734e+00    1.526e-05          True
      4391      1    295  -5.453572e-01  -5.453572e-01  -5.453568e-01  -5.473722e-01    3.750e-07      2.015e-03    2.015e-03    3.955e+00    1.526e-05          True
      4404      1    308  -2.777279e-01  -2.777279e-01  -2.777273e-01  -2.771806e-01    5.247e-07      5.472e-04    5.467e-04    3.381e+00    1.526e-05          True
      4419      1    323   1.005047e+00   1.005047e+00   1.005045e+00   1.007114e+00    1.647e-06      2.067e-03    2.068e-03    3.094e+00    1.526e-05          True
      4425      1    329   1.033668e+00   1.033668e+00   1.033668e+00   1.035387e+00    9.611e-08      1.718e-03    1.719e-03    3.318e+00    1.526e-05          True
      4429      1    333  -1.208732e+00  -1.208732e+00  -1.208729e+00  -1.210095e+00    2.701e-06      1.363e-03    1.366e-03    3.553e+00    1.526e-05          True
      4434      1    338  -3.663437e-01  -3.663437e-01  -3.663429e-01  -3.690109e-01    7.260e-07      2.667e-03    2.668e-03    2.773e+00    1.526e-05          True
      4436      1    340  -4.710843e-01  -4.710843e-01  -4.710815e-01  -4.704022e-01    2.876e-06      6.821e-04    6.793e-04    4.544e+00    3.052e-05          True
      4449      1    353   9.838877e-01   9.838877e-01   9.838841e-01   9.866548e-01    3.652e-06      2.767e-03    2.771e-03    4.854e+00    3.052e-05          True
      4450      1    354  -3.805268e-01  -3.805268e-01  -3.805318e-01  -3.797713e-01    5.051e-06      7.555e-04    7.606e-04    7.678e+00    3.052e-05          True
      4452      1    356  -1.989474e-01  -1.989474e-01  -1.989490e-01  -1.999405e-01    1.623e-06      9.931e-04    9.915e-04    3.881e+00    1.526e-05          True
      4453      1    357  -1.625447e+00  -1.625447e+00  -1.625449e+00  -1.622094e+00    1.245e-06      3.353e-03    3.355e-03    2.862e+00    1.526e-05          True
      4462      1    366   1.153474e+00   1.153474e+00   1.153474e+00   1.155029e+00    4.474e-07      1.555e-03    1.554e-03    3.882e+00    1.526e-05          True
      4480      1    384   1.267365e+00   1.267365e+00   1.267365e+00   1.265875e+00    8.960e-07      1.490e-03    1.489e-03    4.670e+00    3.052e-05          True
      4482      1    386   6.609642e-01   6.609642e-01   6.609580e-01   6.593731e-01    6.214e-06      1.591e-03    1.585e-03    5.549e+00    3.052e-05          True
      4496      1    400   1.081132e+00   1.081132e+00   1.081135e+00   1.079440e+00    2.592e-06      1.693e-03    1.695e-03    5.195e+00    3.052e-05          True
      4498      1    402   1.857891e-01   1.857891e-01   1.857903e-01   1.870412e-01    1.210e-06      1.252e-03    1.251e-03    3.805e+00    1.526e-05          True
      4503      1    407  -5.665004e-01  -5.665004e-01  -5.664994e-01  -5.674662e-01    1.064e-06      9.658e-04    9.668e-04    3.214e+00    1.526e-05          True
      4508      1    412  -7.991168e-01  -7.991168e-01  -7.991208e-01  -7.970380e-01    3.985e-06      2.079e-03    2.083e-03    3.920e+00    1.526e-05          True
      4515      1    419  -6.032341e-01  -6.032341e-01  -6.032340e-01  -6.025960e-01    1.464e-07      6.381e-04    6.379e-04    2.843e+00    1.526e-05          True
      4524      1    428   5.249398e-02   5.249398e-02   5.249186e-02   5.004393e-02    2.126e-06      2.450e-03    2.448e-03    4.049e+00    3.052e-05          True
      4527      1    431   7.526081e-01   7.526081e-01   7.526034e-01   7.513499e-01    4.706e-06      1.258e-03    1.253e-03    6.084e+00    3.052e-05          True
      4531      1    435   1.163954e+00   1.163954e+00   1.163954e+00   1.160191e+00    4.008e-07      3.763e-03    3.763e-03    7.933e+00    3.052e-05          True
      4538      1    442  -3.656108e-01  -3.656108e-01  -3.656129e-01  -3.651978e-01    2.088e-06      4.130e-04    4.151e-04    3.825e+00    1.526e-05          True
      4543      1    447  -1.620133e+00  -1.620133e+00  -1.620132e+00  -1.618213e+00    4.828e-07      1.920e-03    1.920e-03    6.323e+00    3.052e-05          True
      4546      1    450   1.050916e+00   1.050916e+00   1.050916e+00   1.049338e+00    3.661e-07      1.578e-03    1.579e-03    2.925e+00    1.526e-05          True
      4551      1    455  -5.365105e-01  -5.365105e-01  -5.365145e-01  -5.373159e-01    3.954e-06      8.054e-04    8.014e-04    3.496e+00    1.526e-05          True
      4559      1    463  -2.000277e+00  -2.000277e+00  -2.000275e+00  -1.996264e+00    1.454e-06      4.013e-03    4.012e-03    7.493e+00    3.052e-05          True
      4561      1    465  -1.093092e+00  -1.093092e+00  -1.093084e+00  -1.095144e+00    8.458e-06      2.052e-03    2.060e-03    7.362e+00    3.052e-05          True
      4570      1    474   7.596351e-02   7.596351e-02   7.596910e-02   7.565264e-02    5.590e-06      3.109e-04    3.165e-04    4.741e+00    3.052e-05          True
      4583      1    487   1.827245e-01   1.827245e-01   1.827244e-01   1.818814e-01    7.657e-08      8.431e-04    8.430e-04    5.187e+00    3.052e-05          True
      4585      1    489   6.711869e-01   6.711869e-01   6.711842e-01   6.742193e-01    2.713e-06      3.032e-03    3.035e-03    2.813e+00    1.526e-05          True
      4592      1    496   3.931836e-01   3.931836e-01   3.931828e-01   3.938155e-01    7.883e-07      6.319e-04    6.326e-04    5.136e+00    3.052e-05          True
      4594      1    498   3.372195e-01   3.372195e-01   3.372189e-01   3.349418e-01    6.168e-07      2.278e-03    2.277e-03    5.728e+00    3.052e-05          True
      4596      1    500  -1.194647e+00  -1.194647e+00  -1.194647e+00  -1.196555e+00    9.288e-07      1.909e-03    1.908e-03    5.033e+00    3.052e-05          True
      4602      1    506  -1.930610e-02  -1.930610e-02  -1.931008e-02  -1.992024e-02    3.980e-06      6.141e-04    6.102e-04    3.066e+00    1.526e-05          True
      4604      1    508   1.103699e+00   1.103699e+00   1.103701e+00   1.105175e+00    2.046e-06      1.476e-03    1.474e-03    8.810e+00    6.104e-05          True
      4608      1    512   1.254281e-01   1.254281e-01   1.254326e-01   1.240920e-01    4.532e-06      1.336e-03    1.341e-03    5.584e+00    3.052e-05          True
      4613      1    517   9.227609e-01   9.227609e-01   9.227635e-01   9.217873e-01    2.580e-06      9.736e-04    9.761e-04    4.023e+00    3.052e-05          True
      4622      1    526  -5.421452e-02  -5.421452e-02  -5.420518e-02  -5.439357e-02    9.345e-06      1.791e-04    1.884e-04    4.791e+00    3.052e-05          True
      4627      1    531   4.258584e-01   4.258584e-01   4.258547e-01   4.270377e-01    3.758e-06      1.179e-03    1.183e-03    4.538e+00    3.052e-05          True
      4646      1    550  -7.424929e-01  -7.424929e-01  -7.424958e-01  -7.441232e-01    2.892e-06      1.630e-03    1.627e-03    6.256e+00    3.052e-05          True
      4653      1    557   1.232120e-01   1.232120e-01   1.232107e-01   1.212111e-01    1.303e-06      2.001e-03    2.000e-03    3.977e+00    1.526e-05          True
      4656      1    560   5.109202e-01   5.109202e-01   5.109210e-01   5.130472e-01    8.481e-07      2.127e-03    2.126e-03    3.113e+00    1.526e-05          True
      4659      1    563  -1.924721e+00  -1.924721e+00  -1.924721e+00  -1.927740e+00    3.527e-07      3.019e-03    3.019e-03    5.853e+00    3.052e-05          True
      4664      1    568   1.818334e+00   1.818334e+00   1.818328e+00   1.816401e+00    6.024e-06      1.933e-03    1.927e-03    5.174e+00    3.052e-05          True
      4675      1    579   1.014710e+00   1.014710e+00   1.014714e+00   1.015912e+00    3.913e-06      1.202e-03    1.198e-03    5.238e+00    3.052e-05          True
      4682      1    586  -1.535934e+00  -1.535934e+00  -1.535937e+00  -1.537919e+00    2.575e-06      1.985e-03    1.983e-03    3.714e+00    1.526e-05          True
      4684      1    588   7.456317e-01   7.456317e-01   7.456304e-01   7.466240e-01    1.246e-06      9.923e-04    9.935e-04    3.677e+00    1.526e-05          True
      4688      1    592  -5.995213e-01  -5.995213e-01  -5.995185e-01  -5.984262e-01    2.805e-06      1.095e-03    1.092e-03    2.645e+00    1.526e-05          True
      4692      1    596  -1.793640e+00  -1.793640e+00  -1.793636e+00  -1.795683e+00    3.802e-06      2.043e-03    2.047e-03    5.492e+00    3.052e-05          True
      4695      1    599   8.836881e-01   8.836881e-01   8.836860e-01   8.847905e-01    2.143e-06      1.102e-03    1.105e-03    4.011e+00    3.052e-05          True
      4697      1    601   6.894509e-01   6.894509e-01   6.894528e-01   6.875788e-01    1.857e-06      1.872e-03    1.874e-03    4.850e+00    3.052e-05          True
      4699      1    603  -1.091549e-01  -1.091549e-01  -1.091598e-01  -1.100747e-01    4.873e-06      9.198e-04    9.149e-04    4.105e+00    3.052e-05          True
      4703      1    607  -9.072753e-01  -9.072753e-01  -9.072770e-01  -9.090268e-01    1.666e-06      1.751e-03    1.750e-03    3.053e+00    1.526e-05          True
      4709      1    613  -6.080381e-01  -6.080381e-01  -6.080412e-01  -6.098835e-01    3.019e-06      1.845e-03    1.842e-03    3.706e+00    1.526e-05          True
      4710      1    614  -1.596554e-01  -1.596554e-01  -1.596565e-01  -1.582952e-01    1.103e-06      1.360e-03    1.361e-03    2.590e+00    1.526e-05          True
      4715      1    619   4.310459e-01   4.310459e-01   4.310486e-01   4.289449e-01    2.733e-06      2.101e-03    2.104e-03    3.495e+00    1.526e-05          True
      4721      1    625  -2.191136e+00  -2.191136e+00  -2.191137e+00  -2.186613e+00    6.911e-07      4.523e-03    4.524e-03    4.709e+00    3.052e-05          True
      4723      1    627  -1.739501e-02  -1.739501e-02  -1.739343e-02  -1.373954e-02    1.581e-06      3.655e-03    3.654e-03    3.450e+00    1.526e-05          True
      4727      1    631   8.648008e-01   8.648008e-01   8.647996e-01   8.657472e-01    1.190e-06      9.463e-04    9.475e-04    4.973e+00    3.052e-05          True
      4730      1    634  -1.860221e-01  -1.860221e-01  -1.860251e-01  -1.852134e-01    2.919e-06      8.087e-04    8.117e-04    3.456e+00    1.526e-05          True
      4733      1    637   7.940254e-01   7.940254e-01   7.940229e-01   7.927309e-01    2.516e-06      1.295e-03    1.292e-03    4.369e+00    3.052e-05          True
      4734      1    638  -4.254703e-01  -4.254703e-01  -4.254683e-01  -4.248586e-01    2.015e-06      6.117e-04    6.097e-04    8.825e+00    6.104e-05          True
      4736      1    640   2.428922e-01   2.428922e-01   2.428916e-01   2.425339e-01    6.392e-07      3.583e-04    3.576e-04    6.776e+00    3.052e-05          True
      4749      1    653  -1.012573e+00  -1.012573e+00  -1.012570e+00  -1.011240e+00    3.420e-06      1.333e-03    1.330e-03    4.969e+00    3.052e-05          True
      4750      1    654   1.311258e+00   1.311258e+00   1.311259e+00   1.307066e+00    4.143e-07      4.192e-03    4.193e-03    4.416e+00    3.052e-05          True
      4753      1    657  -7.640895e-01  -7.640895e-01  -7.640865e-01  -7.664343e-01    3.013e-06      2.345e-03    2.348e-03    2.447e+00    1.526e-05          True
      4756      1    660  -1.602231e+00  -1.602231e+00  -1.602228e+00  -1.600248e+00    2.776e-06      1.983e-03    1.981e-03    3.015e+00    1.526e-05          True
      4758      1    662  -2.425205e-01  -2.425205e-01  -2.425207e-01  -2.454905e-01    2.036e-07      2.970e-03    2.970e-03    6.252e+00    3.052e-05          True
      4765      1    669   1.937232e+00   1.937232e+00   1.937225e+00   1.935117e+00    6.916e-06      2.116e-03    2.109e-03    5.989e+00    3.052e-05          True
      4776      1    680   9.642635e-01   9.642635e-01   9.642587e-01   9.627490e-01    4.805e-06      1.515e-03    1.510e-03    4.508e+00    3.052e-05          True
      4777      1    681  -2.381675e-01  -2.381675e-01  -2.381666e-01  -2.351528e-01    9.494e-07      3.015e-03    3.014e-03    3.889e+00    1.526e-05          True
      4778      1    682  -6.328320e-01  -6.328320e-01  -6.328340e-01  -6.340604e-01    1.968e-06      1.228e-03    1.226e-03    4.287e+00    3.052e-05          True
      4781      1    685   5.146081e-01   5.146081e-01   5.145971e-01   5.138999e-01    1.094e-05      7.081e-04    6.972e-04    7.232e+00    3.052e-05          True
      4782      1    686   9.379367e-02   9.379367e-02   9.379529e-02   9.259769e-02    1.622e-06      1.196e-03    1.198e-03    2.542e+00    1.526e-05          True
      4784      1    688  -2.101617e-01  -2.101617e-01  -2.101629e-01  -2.096133e-01    1.237e-06      5.484e-04    5.496e-04    5.090e+00    3.052e-05          True
      4793      1    697  -4.977619e-01  -4.977619e-01  -4.977562e-01  -4.962102e-01    5.732e-06      1.552e-03    1.546e-03    4.282e+00    3.052e-05          True
      4795      1    699  -1.718980e-01  -1.718980e-01  -1.719028e-01  -1.723012e-01    4.868e-06      4.032e-04    3.984e-04    4.597e+00    3.052e-05          True
      4805      1    709   6.462292e-01   6.462292e-01   6.462299e-01   6.448628e-01    6.500e-07      1.366e-03    1.367e-03    5.405e+00    3.052e-05          True
      4816      1    720  -1.060860e+00  -1.060860e+00  -1.060860e+00  -1.058197e+00    1.320e-07      2.664e-03    2.664e-03    4.164e+00    3.052e-05          True
      4828      1    732   5.884848e-01   5.884848e-01   5.884852e-01   5.860657e-01    3.654e-07      2.419e-03    2.419e-03    5.531e+00    3.052e-05          True
      4831      1    735  -1.029436e+00  -1.029436e+00  -1.029437e+00  -1.027566e+00    9.587e-07      1.870e-03    1.871e-03    2.882e+00    1.526e-05          True
      4842      1    746  -8.484017e-02  -8.484017e-02  -8.484326e-02  -8.646251e-02    3.081e-06      1.622e-03    1.619e-03    3.670e+00    1.526e-05          True
      4854      1    758   3.399760e-01   3.399760e-01   3.399751e-01   3.412241e-01    8.605e-07      1.248e-03    1.249e-03    3.234e+00    1.526e-05          True
      4860      1    764   9.930859e-02   9.930859e-02   9.930909e-02   9.756175e-02    4.995e-07      1.747e-03    1.747e-03    3.036e+00    1.526e-05          True
      4862      1    766  -6.354583e-01  -6.354583e-01  -6.354575e-01  -6.344750e-01    7.648e-07      9.833e-04    9.825e-04    4.643e+00    3.052e-05          True
      4874      1    778  -2.404383e+00  -2.404383e+00  -2.404381e+00  -2.399806e+00    1.941e-06      4.576e-03    4.575e-03    3.767e+00    1.526e-05          True
      4875      1    779   2.721842e+00   2.721842e+00   2.721843e+00   2.718637e+00    1.945e-06      3.204e-03    3.206e-03    3.606e+00    1.526e-05          True
      4878      1    782   2.737772e-02   2.737772e-02   2.738113e-02   2.639398e-02    3.406e-06      9.837e-04    9.871e-04    3.977e+00    1.526e-05          True
      4882      1    786   4.068591e-01   4.068591e-01   4.068587e-01   4.037586e-01    4.539e-07      3.101e-03    3.100e-03    2.934e+00    1.526e-05          True
      4888      1    792   1.043423e+00   1.043423e+00   1.043420e+00   1.044623e+00    3.207e-06      1.199e-03    1.203e-03    6.478e+00    3.052e-05          True
      4890      1    794  -2.244690e+00  -2.244690e+00  -2.244689e+00  -2.247451e+00    1.634e-06      2.761e-03    2.763e-03    3.134e+00    1.526e-05          True
      4896      1    800  -2.178660e-01  -2.178660e-01  -2.178617e-01  -2.159940e-01    4.247e-06      1.872e-03    1.868e-03    9.195e+00    6.104e-05          True
      4897      1    801   5.975823e-01   5.975823e-01   5.975900e-01   5.962355e-01    7.681e-06      1.347e-03    1.355e-03    8.257e+00    6.104e-05          True
      4902      1    806  -9.163367e-01  -9.163367e-01  -9.163402e-01  -9.173946e-01    3.541e-06      1.058e-03    1.054e-03    3.347e+00    1.526e-05          True
      4905      1    809   3.558883e-01   3.558883e-01   3.558824e-01   3.552361e-01    5.817e-06      6.521e-04    6.463e-04    4.494e+00    3.052e-05          True
      4907      1    811  -1.632139e+00  -1.632139e+00  -1.632137e+00  -1.635367e+00    2.509e-06      3.228e-03    3.231e-03    6.237e+00    3.052e-05          True
      4911      1    815  -4.526923e-01  -4.526923e-01  -4.526879e-01  -4.514758e-01    4.301e-06      1.216e-03    1.212e-03    4.292e+00    3.052e-05          True
      4922      1    826  -1.686836e+00  -1.686836e+00  -1.686835e+00  -1.684506e+00    9.173e-07      2.329e-03    2.329e-03    4.131e+00    3.052e-05          True
      4928      1    832   1.037911e+00   1.037911e+00   1.037909e+00   1.039791e+00    1.708e-06      1.880e-03    1.882e-03    4.302e+00    3.052e-05          True
      4933      1    837   5.693611e-02   5.693611e-02   5.694018e-02   5.820183e-02    4.071e-06      1.266e-03    1.262e-03    6.536e+00    3.052e-05          True
      4944      1    848   7.828318e-01   7.828318e-01   7.828373e-01   7.839680e-01    5.559e-06      1.136e-03    1.131e-03    6.668e+00    3.052e-05          True
      4955      1    859   1.022543e+00   1.022543e+00   1.022546e+00   1.025645e+00    2.332e-06      3.102e-03    3.099e-03    2.691e+00    1.526e-05          True
      4960      1    864  -1.053520e+00  -1.053520e+00  -1.053517e+00  -1.054615e+00    2.632e-06      1.096e-03    1.098e-03    7.086e+00    3.052e-05          True
      4966      1    870   1.213594e-01   1.213594e-01   1.213600e-01   1.201913e-01    6.095e-07      1.168e-03    1.169e-03    2.522e+00    1.526e-05          True
      4992      1    896   3.542199e-01   3.542199e-01   3.542203e-01   3.551745e-01    3.918e-07      9.545e-04    9.542e-04    5.858e+00    3.052e-05          True
      4998      1    902   8.872805e-01   8.872805e-01   8.872800e-01   8.825958e-01    4.948e-07      4.685e-03    4.684e-03    4.640e+00    3.052e-05          True
      5004      1    908  -1.112586e+00  -1.112586e+00  -1.112589e+00  -1.109834e+00    3.316e-06      2.752e-03    2.756e-03    5.063e+00    3.052e-05          True
      5005      1    909  -1.958232e-01  -1.958232e-01  -1.958209e-01  -1.941305e-01    2.316e-06      1.693e-03    1.690e-03    4.090e+00    3.052e-05          True
      5007      1    911   1.783178e+00   1.783178e+00   1.783177e+00   1.780177e+00    1.778e-06      3.002e-03    3.000e-03    7.378e+00    3.052e-05          True
      5011      1    915  -6.218751e-02  -6.218751e-02  -6.219025e-02  -6.176701e-02    2.746e-06      4.205e-04    4.232e-04    3.653e+00    1.526e-05          True
      5021      1    925  -1.705445e+00  -1.705445e+00  -1.705454e+00  -1.707569e+00    9.227e-06      2.124e-03    2.115e-03    4.589e+00    3.052e-05          True
      5037      1    941  -1.757755e+00  -1.757755e+00  -1.757755e+00  -1.755872e+00    4.415e-07      1.883e-03    1.883e-03    2.941e+00    1.526e-05          True
      5038      1    942   4.393009e-02   4.393009e-02   4.393073e-02   4.458641e-02    6.398e-07      6.563e-04    6.557e-04    4.191e+00    3.052e-05          True
      5040      1    944   2.295198e-01   2.295198e-01   2.295201e-01   2.299949e-01    2.299e-07      4.751e-04    4.749e-04    2.850e+00    1.526e-05          True
      5048      1    952   1.513593e+00   1.513593e+00   1.513590e+00   1.515721e+00    2.858e-06      2.128e-03    2.131e-03    3.014e+00    1.526e-05          True
      5052      1    956  -4.094299e-01  -4.094299e-01  -4.094304e-01  -4.090154e-01    4.850e-07      4.145e-04    4.150e-04    6.797e+00    3.052e-05          True
      5053      1    957  -5.936467e-01  -5.936467e-01  -5.936474e-01  -5.925358e-01    6.322e-07      1.111e-03    1.112e-03    3.041e+00    1.526e-05          True
      5064      1    968  -7.923186e-01  -7.923186e-01  -7.923197e-01  -7.939721e-01    1.094e-06      1.653e-03    1.652e-03    2.981e+00    1.526e-05          True
      5072      1    976   6.896575e-01   6.896575e-01   6.896595e-01   6.913494e-01    1.973e-06      1.692e-03    1.690e-03    2.526e+00    1.526e-05          True
      5084      1    988  -2.087593e+00  -2.087593e+00  -2.087593e+00  -2.085253e+00    8.939e-07      2.341e-03    2.340e-03    6.217e+00    3.052e-05          True
      5096      1   1000  -6.169362e-01  -6.169362e-01  -6.169415e-01  -6.176726e-01    5.269e-06      7.364e-04    7.311e-04    3.910e+00    1.526e-05          True
      5106      1   1010  -2.106513e-01  -2.106513e-01  -2.106500e-01  -2.083259e-01    1.301e-06      2.325e-03    2.324e-03    5.486e+00    3.052e-05          True
      5119      1   1023   1.037065e+00   1.037065e+00   1.037065e+00   1.035321e+00    7.193e-07      1.745e-03    1.744e-03    4.987e+00    3.052e-05          True
      5126      1   1030   4.271733e-01   4.271733e-01   4.271714e-01   4.289901e-01    1.843e-06      1.817e-03    1.819e-03    4.981e+00    3.052e-05          True
      5139      1   1043   4.767995e-01   4.767995e-01   4.767994e-01   4.742602e-01    1.711e-07      2.539e-03    2.539e-03    2.940e+00    1.526e-05          True
      5141      1   1045  -1.608743e-01  -1.608743e-01  -1.608732e-01  -1.622770e-01    1.141e-06      1.403e-03    1.404e-03    4.665e+00    3.052e-05          True
      5143      1   1047   1.901488e-01   1.901488e-01   1.901473e-01   1.909143e-01    1.483e-06      7.655e-04    7.669e-04    3.756e+00    1.526e-05          True
      5154      1   1058  -2.092197e+00  -2.092197e+00  -2.092197e+00  -2.094429e+00    1.095e-07      2.232e-03    2.233e-03    5.938e+00    3.052e-05          True
      5159      1   1063  -2.796068e-02  -2.796068e-02  -2.795814e-02  -2.746813e-02    2.535e-06      4.925e-04    4.900e-04    4.820e+00    3.052e-05          True
      5163      1   1067  -1.688686e+00  -1.688686e+00  -1.688685e+00  -1.686394e+00    7.877e-07      2.292e-03    2.292e-03    3.050e+00    1.526e-05          True
      5167      1   1071  -3.572105e-01  -3.572105e-01  -3.572150e-01  -3.555129e-01    4.545e-06      1.698e-03    1.702e-03    7.623e+00    3.052e-05          True
      5175      1   1079   5.735349e-01   5.735349e-01   5.735349e-01   5.729487e-01    2.829e-08      5.862e-04    5.862e-04    2.510e+00    1.526e-05          True
      5193      1   1097   5.569684e-01   5.569684e-01   5.569679e-01   5.563670e-01    5.205e-07      6.014e-04    6.009e-04    2.729e+00    1.526e-05          True
      5194      1   1098  -1.142190e-01  -1.142190e-01  -1.142199e-01  -1.129109e-01    8.804e-07      1.308e-03    1.309e-03    3.157e+00    1.526e-05          True
      5198      1   1102  -3.162023e-03  -3.162023e-03  -3.159202e-03  -4.116435e-03    2.820e-06      9.544e-04    9.572e-04    7.920e+00    3.052e-05          True
      5206      1   1110   1.114603e+00   1.114603e+00   1.114606e+00   1.111860e+00    3.081e-06      2.743e-03    2.746e-03    8.848e+00    6.104e-05          True
      5208      1   1112   1.721117e-01   1.721117e-01   1.721147e-01   1.687557e-01    2.936e-06      3.356e-03    3.359e-03    8.027e+00    6.104e-05          True
      5209      1   1113  -5.456398e-01  -5.456398e-01  -5.456443e-01  -5.448116e-01    4.436e-06      8.282e-04    8.327e-04    4.538e+00    3.052e-05          True
      5212      1   1116   2.172006e-01   2.172006e-01   2.172002e-01   2.188456e-01    4.364e-07      1.645e-03    1.645e-03    2.225e+00    1.526e-05          True
      5217      1   1121   5.176349e-02   5.176349e-02   5.176455e-02   5.141576e-02    1.054e-06      3.477e-04    3.488e-04    7.519e+00    3.052e-05          True
      5218      1   1122  -1.676098e+00  -1.676098e+00  -1.676101e+00  -1.673232e+00    3.385e-06      2.866e-03    2.869e-03    5.561e+00    3.052e-05          True
      5220      1   1124  -1.353718e+00  -1.353718e+00  -1.353711e+00  -1.351246e+00    7.024e-06      2.472e-03    2.465e-03    5.230e+00    3.052e-05          True
      5224      1   1128   1.032991e-02   1.032991e-02   1.032775e-02   9.945385e-03    2.167e-06      3.845e-04    3.824e-04    4.383e+00    3.052e-05          True
      5227      1   1131  -4.223440e-02  -4.223440e-02  -4.223741e-02  -4.271737e-02    3.008e-06      4.830e-04    4.800e-04    3.141e+00    1.526e-05          True
      5228      1   1132   7.693381e-01   7.693381e-01   7.693387e-01   7.671003e-01    5.272e-07      2.238e-03    2.238e-03    7.104e+00    3.052e-05          True
      5230      1   1134   3.805544e-01   3.805544e-01   3.805538e-01   3.830713e-01    6.827e-07      2.517e-03    2.518e-03    4.106e+00    3.052e-05          True
      5239      1   1143   5.303248e-01   5.303248e-01   5.303211e-01   5.297640e-01    3.680e-06      5.608e-04    5.571e-04    4.000e+00    1.526e-05          True
      5251      1   1155   8.278261e-01   8.278261e-01   8.278251e-01   8.303705e-01    9.906e-07      2.544e-03    2.545e-03    2.441e+00    1.526e-05          True
      5253      1   1157  -8.665591e-01  -8.665591e-01  -8.665613e-01  -8.630565e-01    2.151e-06      3.503e-03    3.505e-03    5.748e+00    3.052e-05          True
      5272      1   1176   4.312534e-02   4.312534e-02   4.312360e-02   4.256956e-02    1.738e-06      5.558e-04    5.540e-04    3.848e+00    1.526e-05          True
      5273      1   1177  -7.439997e-01  -7.439997e-01  -7.440024e-01  -7.425004e-01    2.672e-06      1.499e-03    1.502e-03    4.671e+00    3.052e-05          True
      5275      1   1179   1.891363e+00   1.891363e+00   1.891366e+00   1.888679e+00    2.962e-06      2.684e-03    2.687e-03    6.625e+00    3.052e-05          True
      5276      1   1180  -2.964298e-01  -2.964298e-01  -2.964276e-01  -2.957143e-01    2.184e-06      7.155e-04    7.133e-04    5.100e+00    3.052e-05          True
      5297      1   1201   7.822106e-01   7.822106e-01   7.822104e-01   7.804865e-01    2.301e-07      1.724e-03    1.724e-03    4.238e+00    3.052e-05          True
      5302      1   1206   6.593107e-01   6.593107e-01   6.593179e-01   6.566135e-01    7.105e-06      2.697e-03    2.704e-03    6.226e+00    3.052e-05          True
      5306      1   1210  -1.202537e+00  -1.202537e+00  -1.202536e+00  -1.201215e+00    8.885e-07      1.322e-03    1.321e-03    3.483e+00    1.526e-05          True
      5308      1   1212  -2.189944e-01  -2.189944e-01  -2.189957e-01  -2.179327e-01    1.260e-06      1.062e-03    1.063e-03    3.189e+00    1.526e-05          True
      5336      1   1240   4.256947e-01   4.256947e-01   4.256864e-01   4.294640e-01    8.296e-06      3.769e-03    3.778e-03    5.271e+00    3.052e-05          True
      5337      1   1241  -3.208526e-01  -3.208526e-01  -3.208506e-01  -3.186626e-01    2.004e-06      2.190e-03    2.188e-03    4.608e+00    3.052e-05          True
      5344      1   1248  -6.077480e-01  -6.077480e-01  -6.077466e-01  -6.053991e-01    1.443e-06      2.349e-03    2.348e-03    4.011e+00    3.052e-05          True
      5349      1   1253   1.045221e+00   1.045221e+00   1.045215e+00   1.048547e+00    6.956e-06      3.326e-03    3.332e-03    7.367e+00    3.052e-05          True
      5353      1   1257   1.200124e+00   1.200124e+00   1.200119e+00   1.197845e+00    4.743e-06      2.279e-03    2.274e-03    3.586e+00    1.526e-05          True
      5357      1   1261   1.985166e-02   1.985166e-02   1.985113e-02   2.115998e-02    5.350e-07      1.308e-03    1.309e-03    5.270e+00    3.052e-05          True
      5369      1   1273   3.002455e+00   3.002455e+00   3.002455e+00   3.005708e+00    3.389e-07      3.254e-03    3.254e-03    5.515e+00    3.052e-05          True
      5381      1   1285   2.538780e-01   2.538780e-01   2.538721e-01   2.516295e-01    5.954e-06      2.249e-03    2.243e-03    6.120e+00    3.052e-05          True
      5383      1   1287   5.566418e-02   5.566418e-02   5.566868e-02   5.309954e-02    4.501e-06      2.565e-03    2.569e-03    4.460e+00    3.052e-05          True
      5387      1   1291   5.026952e-01   5.026952e-01   5.027007e-01   5.017980e-01    5.489e-06      8.972e-04    9.027e-04    5.594e+00    3.052e-05          True
      5388      1   1292  -2.493821e+00  -2.493821e+00  -2.493819e+00  -2.490608e+00    2.439e-06      3.213e-03    3.210e-03    5.406e+00    3.052e-05          True
      5391      1   1295   4.035140e-02   4.035140e-02   4.035554e-02   3.902640e-02    4.140e-06      1.325e-03    1.329e-03    5.028e+00    3.052e-05          True
      5395      1   1299   3.708316e-01   3.708316e-01   3.708324e-01   3.721610e-01    8.882e-07      1.329e-03    1.329e-03    4.511e+00    3.052e-05          True
      5397      1   1301  -8.075208e-01  -8.075208e-01  -8.075228e-01  -8.064700e-01    2.067e-06      1.051e-03    1.053e-03    8.526e+00    6.104e-05          True
      5405      1   1309  -1.055529e+00  -1.055529e+00  -1.055531e+00  -1.059313e+00    1.303e-06      3.783e-03    3.782e-03    5.285e+00    3.052e-05          True
      5407      1   1311  -5.953281e-01  -5.953281e-01  -5.953277e-01  -5.972877e-01    4.227e-07      1.960e-03    1.960e-03    3.910e+00    1.526e-05          True
      5411      1   1315  -1.335017e-02  -1.335017e-02  -1.336004e-02  -1.418200e-02    9.870e-06      8.318e-04    8.220e-04    4.994e+00    3.052e-05          True
      5412      1   1316   1.586029e+00   1.586029e+00   1.586033e+00   1.583878e+00    3.620e-06      2.151e-03    2.155e-03    4.950e+00    3.052e-05          True
      5431      1   1335   2.507457e-01   2.507457e-01   2.507447e-01   2.519167e-01    1.002e-06      1.171e-03    1.172e-03    3.421e+00    1.526e-05          True
      5433      1   1337   4.970857e-01   4.970857e-01   4.970845e-01   4.987119e-01    1.221e-06      1.626e-03    1.627e-03    3.173e+00    1.526e-05          True
      5435      1   1339   8.260203e-02   8.260203e-02   8.260623e-02   8.282887e-02    4.206e-06      2.268e-04    2.226e-04    3.283e+00    1.526e-05          True
      5439      1   1343   2.156082e+00   2.156082e+00   2.156092e+00   2.158332e+00    1.081e-05      2.250e-03    2.239e-03    8.388e+00    6.104e-05          True
      5443      1   1347   8.057607e-01   8.057607e-01   8.057624e-01   8.071212e-01    1.698e-06      1.361e-03    1.359e-03    3.097e+00    1.526e-05          True
      5458      1   1362  -1.022788e+00  -1.022788e+00  -1.022791e+00  -1.024078e+00    3.243e-06      1.291e-03    1.287e-03    4.620e+00    3.052e-05          True
      5467      1   1371  -7.408477e-01  -7.408477e-01  -7.408511e-01  -7.423384e-01    3.438e-06      1.491e-03    1.487e-03    2.901e+00    1.526e-05          True
      5468      1   1372   1.762183e-01   1.762183e-01   1.762161e-01   1.799263e-01    2.252e-06      3.708e-03    3.710e-03    2.855e+00    1.526e-05          True
      5473      1   1377  -3.187839e-01  -3.187839e-01  -3.187822e-01  -3.172895e-01    1.668e-06      1.494e-03    1.493e-03    3.413e+00    1.526e-05          True
      5478      1   1382  -1.368056e+00  -1.368056e+00  -1.368058e+00  -1.371137e+00    1.365e-06      3.080e-03    3.079e-03    5.024e+00    3.052e-05          True
      5480      1   1384  -6.900398e-01  -6.900398e-01  -6.900385e-01  -6.912589e-01    1.335e-06      1.219e-03    1.220e-03    3.141e+00    1.526e-05          True
      5504      1   1408   4.486576e-01   4.486576e-01   4.486527e-01   4.454934e-01    4.814e-06      3.164e-03    3.159e-03    4.485e+00    3.052e-05          True
      5505      1   1409  -1.138579e-01  -1.138579e-01  -1.138632e-01  -1.131305e-01    5.278e-06      7.274e-04    7.327e-04    3.366e+00    1.526e-05          True
      5515      1   1419   5.150062e-01   5.150062e-01   5.150045e-01   5.165718e-01    1.724e-06      1.566e-03    1.567e-03    3.823e+00    1.526e-05          True
      5518      1   1422  -2.921147e-01  -2.921147e-01  -2.921150e-01  -2.905655e-01    3.718e-07      1.549e-03    1.550e-03    6.571e+00    3.052e-05          True
      5524      1   1428   1.085809e+00   1.085809e+00   1.085807e+00   1.084618e+00    1.566e-06      1.191e-03    1.189e-03    3.231e+00    1.526e-05          True
      5527      1   1431   5.015060e-01   5.015060e-01   5.015100e-01   5.040172e-01    4.034e-06      2.511e-03    2.507e-03    5.575e+00    3.052e-05          True
      5533      1   1437   1.063996e-01   1.063996e-01   1.064018e-01   1.044353e-01    2.263e-06      1.964e-03    1.966e-03    6.591e+00    3.052e-05          True
      5557      1   1461  -1.765093e+00  -1.765093e+00  -1.765083e+00  -1.762810e+00    1.028e-05      2.283e-03    2.273e-03    6.110e+00    3.052e-05          True
      5558      1   1462  -3.326838e-01  -3.326838e-01  -3.326851e-01  -3.318383e-01    1.278e-06      8.456e-04    8.468e-04    3.424e+00    1.526e-05          True
      5559      1   1463  -1.674964e+00  -1.674964e+00  -1.674964e+00  -1.672828e+00    1.415e-08      2.136e-03    2.136e-03    3.825e+00    1.526e-05          True
      5572      1   1476   3.891864e-01   3.891864e-01   3.891860e-01   3.876081e-01    3.285e-07      1.578e-03    1.578e-03    3.311e+00    1.526e-05          True
      5577      1   1481   4.852239e-02   4.852239e-02   4.851893e-02   4.694913e-02    3.462e-06      1.573e-03    1.570e-03    2.934e+00    1.526e-05          True
      5583      1   1487  -3.362739e-01  -3.362739e-01  -3.362716e-01  -3.341107e-01    2.319e-06      2.163e-03    2.161e-03    5.170e+00    3.052e-05          True
      5589      1   1493  -1.878126e+00  -1.878126e+00  -1.878126e+00  -1.874907e+00    1.221e-07      3.219e-03    3.219e-03    5.615e+00    3.052e-05          True
      5594      1   1498   5.422451e-01   5.422451e-01   5.422434e-01   5.435675e-01    1.685e-06      1.322e-03    1.324e-03    3.682e+00    1.526e-05          True
      5596      1   1500  -1.117052e+00  -1.117052e+00  -1.117053e+00  -1.118295e+00    1.443e-06      1.244e-03    1.242e-03    2.770e+00    1.526e-05          True
      5598      1   1502  -4.251810e-01  -4.251810e-01  -4.251800e-01  -4.266543e-01    1.011e-06      1.473e-03    1.474e-03    3.258e+00    1.526e-05          True
      5604      1   1508   1.708780e-01   1.708780e-01   1.708781e-01   1.723494e-01    6.696e-08      1.471e-03    1.471e-03    2.839e+00    1.526e-05          True
      5608      1   1512   7.152536e-01   7.152536e-01   7.152497e-01   7.140845e-01    3.837e-06      1.169e-03    1.165e-03    3.371e+00    1.526e-05          True
      5612      1   1516   5.225241e-01   5.225241e-01   5.225260e-01   5.215126e-01    1.904e-06      1.011e-03    1.013e-03    4.985e+00    3.052e-05          True
      5622      1   1526  -8.816942e-01  -8.816942e-01  -8.816941e-01  -8.829144e-01    1.626e-07      1.220e-03    1.220e-03    2.507e+00    1.526e-05          True
      5627      1   1531  -9.974977e-01  -9.974977e-01  -9.975016e-01  -9.963281e-01    3.876e-06      1.170e-03    1.173e-03    4.697e+00    3.052e-05          True
      5628      1   1532  -1.766119e-01  -1.766119e-01  -1.766086e-01  -1.742148e-01    3.347e-06      2.397e-03    2.394e-03    4.528e+00    3.052e-05          True
      5635      1   1539  -3.632407e-01  -3.632407e-01  -3.632450e-01  -3.628004e-01    4.292e-06      4.403e-04    4.446e-04    3.878e+00    1.526e-05          True
      5648      1   1552  -5.369508e-02  -5.369508e-02  -5.369538e-02  -5.507401e-02    3.021e-07      1.379e-03    1.379e-03    3.560e+00    1.526e-05          True
      5649      1   1553   8.894458e-02   8.894458e-02   8.894291e-02   8.829076e-02    1.675e-06      6.538e-04    6.521e-04    3.166e+00    1.526e-05          True
      5656      1   1560   4.514688e-01   4.514688e-01   4.514693e-01   4.521051e-01    4.526e-07      6.363e-04    6.358e-04    2.537e+00    1.526e-05          True
      5657      1   1561   4.357132e-01   4.357132e-01   4.357090e-01   4.348705e-01    4.152e-06      8.426e-04    8.385e-04    7.297e+00    3.052e-05          True
      5660      1   1564   1.093860e+00   1.093860e+00   1.093858e+00   1.091946e+00    1.574e-06      1.914e-03    1.912e-03    4.006e+00    3.052e-05          True
      5662      1   1566   1.176925e+00   1.176925e+00   1.176920e+00   1.175479e+00    4.409e-06      1.446e-03    1.441e-03    4.261e+00    3.052e-05          True
      5672      1   1576  -2.023006e+00  -2.023006e+00  -2.023010e+00  -2.025169e+00    4.729e-06      2.163e-03    2.158e-03    6.242e+00    3.052e-05          True
      5673      1   1577  -2.069549e-01  -2.069549e-01  -2.069506e-01  -2.098475e-01    4.281e-06      2.893e-03    2.897e-03    4.883e+00    3.052e-05          True
      5678      1   1582   1.427482e+00   1.427482e+00   1.427480e+00   1.425136e+00    1.628e-06      2.346e-03    2.344e-03    8.271e+00    6.104e-05          True
      5688      1   1592   1.791868e+00   1.791868e+00   1.791868e+00   1.789626e+00    1.415e-07      2.242e-03    2.243e-03    3.791e+00    1.526e-05          True
      5689      1   1593  -4.363863e-01  -4.363863e-01  -4.363786e-01  -4.346795e-01    7.767e-06      1.707e-03    1.699e-03    3.929e+00    1.526e-05          True
      5699      1   1603  -3.176472e-01  -3.176472e-01  -3.176455e-01  -3.171221e-01    1.633e-06      5.251e-04    5.234e-04    3.415e+00    1.526e-05          True
      5700      1   1604  -4.721836e-01  -4.721836e-01  -4.721813e-01  -4.727492e-01    2.290e-06      5.657e-04    5.680e-04    3.669e+00    1.526e-05          True
      5703      1   1607   2.654131e-01   2.654131e-01   2.654095e-01   2.674766e-01    3.605e-06      2.064e-03    2.067e-03    4.869e+00    3.052e-05          True
      5705      1   1609  -3.923264e-01  -3.923264e-01  -3.923253e-01  -3.894586e-01    1.079e-06      2.868e-03    2.867e-03    4.089e+00    3.052e-05          True
      5708      1   1612  -2.287811e+00  -2.287811e+00  -2.287812e+00  -2.290670e+00    2.328e-07      2.859e-03    2.859e-03    6.979e+00    3.052e-05          True
      5712      1   1616  -1.443545e-01  -1.443545e-01  -1.443544e-01  -1.471379e-01    2.198e-08      2.783e-03    2.783e-03    4.372e+00    3.052e-05          True
      5729      1   1633   5.075733e-01   5.075733e-01   5.075726e-01   5.096782e-01    7.023e-07      2.105e-03    2.106e-03    5.158e+00    3.052e-05          True
      5749      1   1653  -6.124569e-01  -6.124569e-01  -6.124565e-01  -6.139544e-01    4.225e-07      1.497e-03    1.498e-03    5.390e+00    3.052e-05          True
      5750      1   1654  -8.021838e-01  -8.021838e-01  -8.021833e-01  -8.005916e-01    5.489e-07      1.592e-03    1.592e-03    4.875e+00    3.052e-05          True
      5757      1   1661   1.521861e+00   1.521861e+00   1.521858e+00   1.519510e+00    3.039e-06      2.351e-03    2.348e-03    5.337e+00    3.052e-05          True
      5784      1   1688  -2.037404e+00  -2.037404e+00  -2.037406e+00  -2.034979e+00    2.299e-06      2.424e-03    2.427e-03    2.725e+00    1.526e-05          True
      5787      1   1691  -1.579941e+00  -1.579941e+00  -1.579941e+00  -1.577911e+00    9.682e-08      2.030e-03    2.030e-03    7.798e+00    3.052e-05          True
      5788      1   1692   1.097563e+00   1.097563e+00   1.097565e+00   1.096142e+00    2.069e-06      1.421e-03    1.423e-03    2.660e+00    1.526e-05          True
      5815      1   1719  -2.454298e-01  -2.454298e-01  -2.454233e-01  -2.488037e-01    6.492e-06      3.374e-03    3.380e-03    8.413e+00    6.104e-05          True
      5825      1   1729  -1.252255e+00  -1.252255e+00  -1.252256e+00  -1.254969e+00    7.921e-07      2.713e-03    2.712e-03    4.275e+00    3.052e-05          True
      5827      1   1731  -1.981695e-01  -1.981695e-01  -1.981685e-01  -1.967109e-01    1.011e-06      1.459e-03    1.458e-03    4.725e+00    3.052e-05          True
      5830      1   1734  -1.097133e+00  -1.097133e+00  -1.097139e+00  -1.092694e+00    6.067e-06      4.439e-03    4.445e-03    4.829e+00    3.052e-05          True
      5845      1   1749  -4.091456e-01  -4.091456e-01  -4.091479e-01  -4.105780e-01    2.266e-06      1.432e-03    1.430e-03    2.906e+00    1.526e-05          True
      5847      1   1751  -3.005067e-02  -3.005067e-02  -3.005301e-02  -2.960014e-02    2.341e-06      4.505e-04    4.529e-04    6.113e+00    3.052e-05          True
      5854      1   1758   9.373747e-01   9.373747e-01   9.373734e-01   9.391344e-01    1.291e-06      1.760e-03    1.761e-03    5.382e+00    3.052e-05          True
      5869      1   1773  -2.269108e-01  -2.269108e-01  -2.269122e-01  -2.281156e-01    1.363e-06      1.205e-03    1.203e-03    5.546e+00    3.052e-05          True
      5871      1   1775   1.729720e-01   1.729720e-01   1.729687e-01   1.744590e-01    3.266e-06      1.487e-03    1.490e-03    3.938e+00    1.526e-05          True
      5882      1   1786   4.752902e-01   4.752902e-01   4.752893e-01   4.775424e-01    9.135e-07      2.252e-03    2.253e-03    6.491e+00    3.052e-05          True
      5883      1   1787  -9.273535e-01  -9.273535e-01  -9.273562e-01  -9.258276e-01    2.736e-06      1.526e-03    1.529e-03    4.521e+00    3.052e-05          True
      5894      1   1798   1.104791e+00   1.104791e+00   1.104784e+00   1.106656e+00    7.161e-06      1.865e-03    1.872e-03    5.627e+00    3.052e-05          True
      5898      1   1802  -7.959859e-01  -7.959859e-01  -7.959894e-01  -7.950541e-01    3.478e-06      9.318e-04    9.353e-04    3.992e+00    1.526e-05          True
      5900      1   1804   3.428296e-01   3.428296e-01   3.428245e-01   3.433045e-01    5.068e-06      4.748e-04    4.799e-04    4.013e+00    3.052e-05          True
      5914      1   1818  -6.173990e-01  -6.173990e-01  -6.174022e-01  -6.185245e-01    3.191e-06      1.125e-03    1.122e-03    5.055e+00    3.052e-05          True
      5920      1   1824   1.454852e+00   1.454852e+00   1.454850e+00   1.458029e+00    1.809e-06      3.177e-03    3.179e-03    3.620e+00    1.526e-05          True
      5929      1   1833  -2.766717e+00  -2.766717e+00  -2.766714e+00  -2.769980e+00    3.131e-06      3.263e-03    3.266e-03    4.351e+00    3.052e-05          True
      5948      1   1852   9.935524e-01   9.935524e-01   9.935536e-01   9.958064e-01    1.280e-06      2.254e-03    2.253e-03    2.968e+00    1.526e-05          True
      5950      1   1854  -3.779213e-01  -3.779213e-01  -3.779171e-01  -3.793150e-01    4.209e-06      1.394e-03    1.398e-03    4.369e+00    3.052e-05          True
      5965      1   1869   1.732742e-01   1.732742e-01   1.732748e-01   1.734914e-01    6.146e-07      2.172e-04    2.166e-04    3.358e+00    1.526e-05          True
      5967      1   1871   1.932046e+00   1.932046e+00   1.932046e+00   1.929727e+00    3.435e-07      2.319e-03    2.319e-03    5.351e+00    3.052e-05          True
      5971      1   1875   2.606574e+00   2.606574e+00   2.606577e+00   2.603766e+00    2.707e-06      2.809e-03    2.811e-03    4.718e+00    3.052e-05          True
      5972      1   1876   7.891560e-01   7.891560e-01   7.891499e-01   7.880529e-01    6.064e-06      1.103e-03    1.097e-03    4.970e+00    3.052e-05          True
      5977      1   1881  -1.982824e-01  -1.982824e-01  -1.982816e-01  -1.963403e-01    8.422e-07      1.942e-03    1.941e-03    3.484e+00    1.526e-05          True
      5990      1   1894  -1.830835e+00  -1.830835e+00  -1.830829e+00  -1.833835e+00    6.161e-06      3.000e-03    3.006e-03    3.938e+00    1.526e-05          True
      6005      1   1909   2.034541e+00   2.034541e+00   2.034544e+00   2.037715e+00    2.407e-06      3.174e-03    3.172e-03    4.875e+00    3.052e-05          True
      6006      1   1910   5.801985e-01   5.801985e-01   5.801985e-01   5.777801e-01    6.803e-08      2.418e-03    2.418e-03    5.361e+00    3.052e-05          True
      6010      1   1914   1.260021e+00   1.260021e+00   1.260021e+00   1.261682e+00    2.897e-07      1.661e-03    1.661e-03    3.558e+00    1.526e-05          True
      6017      1   1921   3.595734e-01   3.595734e-01   3.595724e-01   3.632734e-01    1.024e-06      3.700e-03    3.701e-03    2.868e+00    1.526e-05          True
      6019      1   1923   2.864611e+00   2.864611e+00   2.864613e+00   2.867541e+00    1.944e-06      2.930e-03    2.928e-03    4.570e+00    3.052e-05          True
      6024      1   1928  -1.180846e+00  -1.180846e+00  -1.180845e+00  -1.176633e+00    1.012e-06      4.213e-03    4.212e-03    3.064e+00    1.526e-05          True
      6029      1   1933   1.848642e+00   1.848642e+00   1.848643e+00   1.850790e+00    1.213e-06      2.148e-03    2.147e-03    3.436e+00    1.526e-05          True
      6030      1   1934  -4.060797e-01  -4.060797e-01  -4.060805e-01  -4.084244e-01    7.290e-07      2.345e-03    2.344e-03    4.337e+00    3.052e-05          True
      6033      1   1937  -3.170718e-01  -3.170718e-01  -3.170675e-01  -3.162143e-01    4.299e-06      8.576e-04    8.533e-04    3.713e+00    1.526e-05          True
      6039      1   1943  -5.844997e-02  -5.844997e-02  -5.845179e-02  -5.941414e-02    1.822e-06      9.642e-04    9.624e-04    7.791e+00    3.052e-05          True
      6053      1   1957  -2.033225e+00  -2.033225e+00  -2.033224e+00  -2.031095e+00    1.385e-06      2.131e-03    2.129e-03    4.612e+00    3.052e-05          True
      6055      1   1959   5.210078e-01   5.210078e-01   5.210100e-01   5.180271e-01    2.155e-06      2.981e-03    2.983e-03    4.015e+00    3.052e-05          True
      6069      1   1973  -4.009115e-01  -4.009115e-01  -4.009116e-01  -3.996724e-01    1.389e-07      1.239e-03    1.239e-03    3.339e+00    1.526e-05          True
      6088      1   1992  -1.456870e+00  -1.456870e+00  -1.456871e+00  -1.455309e+00    1.128e-06      1.561e-03    1.562e-03    4.903e+00    3.052e-05          True
      6089      1   1993  -6.479583e-02  -6.479583e-02  -6.479481e-02  -6.427766e-02    1.019e-06      5.182e-04    5.171e-04    3.480e+00    1.526e-05          True
      6094      1   1998  -7.969241e-01  -7.969241e-01  -7.969215e-01  -7.980711e-01    2.631e-06      1.147e-03    1.150e-03    5.140e+00    3.052e-05          True
      6117      1   2021  -1.493086e+00  -1.493086e+00  -1.493089e+00  -1.496879e+00    3.088e-06      3.792e-03    3.789e-03    3.392e+00    1.526e-05          True
      6132      1   2036   6.342938e-01   6.342938e-01   6.342907e-01   6.371788e-01    3.095e-06      2.885e-03    2.888e-03    4.922e+00    3.052e-05          True
      6139      1   2043  -1.508083e+00  -1.508083e+00  -1.508081e+00  -1.506520e+00    1.381e-06      1.563e-03    1.562e-03    3.884e+00    1.526e-05          True
      6147      1   2051  -4.575824e-01  -4.575824e-01  -4.575807e-01  -4.585212e-01    1.672e-06      9.388e-04    9.405e-04    3.509e+00    1.526e-05          True
      6150      1   2054  -5.376504e-01  -5.376504e-01  -5.376495e-01  -5.358035e-01    9.421e-07      1.847e-03    1.846e-03    3.736e+00    1.526e-05          True
      6176      1   2080   3.344465e-01   3.344465e-01   3.344480e-01   3.353001e-01    1.464e-06      8.535e-04    8.521e-04    4.901e+00    3.052e-05          True
      6177      1   2081   1.160001e+00   1.160001e+00   1.160003e+00   1.157738e+00    2.252e-06      2.263e-03    2.265e-03    4.214e+00    3.052e-05          True
      6183      1   2087  -1.316357e+00  -1.316357e+00  -1.316347e+00  -1.313454e+00    9.319e-06      2.903e-03    2.893e-03    5.861e+00    3.052e-05          True
      6185      1   2089   1.360181e+00   1.360181e+00   1.360185e+00   1.361971e+00    4.170e-06      1.791e-03    1.786e-03    4.328e+00    3.052e-05          True
      6187      1   2091  -1.861500e+00  -1.861500e+00  -1.861499e+00  -1.858542e+00    4.664e-07      2.958e-03    2.958e-03    3.406e+00    1.526e-05          True
      6193      1   2097  -7.566676e-01  -7.566676e-01  -7.566663e-01  -7.589672e-01    1.328e-06      2.300e-03    2.301e-03    4.265e+00    3.052e-05          True
      6202      1   2106  -1.178184e-01  -1.178184e-01  -1.178198e-01  -1.165699e-01    1.354e-06      1.249e-03    1.250e-03    3.144e+00    1.526e-05          True
      6204      1   2108  -1.302799e+00  -1.302799e+00  -1.302798e+00  -1.301452e+00    1.187e-06      1.347e-03    1.346e-03    2.658e+00    1.526e-05          True
      6210      1   2114  -2.031434e-01  -2.031434e-01  -2.031421e-01  -2.053740e-01    1.294e-06      2.231e-03    2.232e-03    3.783e+00    1.526e-05          True
      6217      1   2121  -3.942283e-01  -3.942283e-01  -3.942271e-01  -3.956453e-01    1.243e-06      1.417e-03    1.418e-03    3.942e+00    1.526e-05          True
      6223      1   2127   5.114080e-01   5.114080e-01   5.113997e-01   5.104243e-01    8.231e-06      9.837e-04    9.754e-04    6.131e+00    3.052e-05          True
      6236      1   2140   2.580940e+00   2.580940e+00   2.580935e+00   2.577733e+00    5.365e-06      3.207e-03    3.202e-03    5.011e+00    3.052e-05          True
      6237      1   2141   1.498161e+00   1.498161e+00   1.498166e+00   1.499989e+00    4.193e-06      1.827e-03    1.823e-03    3.880e+00    1.526e-05          True
      6243      1   2147  -1.194184e+00  -1.194184e+00  -1.194181e+00  -1.196310e+00    2.274e-06      2.126e-03    2.128e-03    3.119e+00    1.526e-05          True
      6264      1   2168  -3.473581e-02  -3.473581e-02  -3.473483e-02  -3.511299e-02    9.785e-07      3.772e-04    3.782e-04    4.892e+00    3.052e-05          True
      6272      1   2176  -6.547034e-01  -6.547034e-01  -6.547042e-01  -6.554028e-01    8.473e-07      6.995e-04    6.986e-04    4.723e+00    3.052e-05          True
      6275      1   2179  -8.256260e-01  -8.256260e-01  -8.256181e-01  -8.242443e-01    7.805e-06      1.382e-03    1.374e-03    4.743e+00    3.052e-05          True
      6286      1   2190   2.392436e-01   2.392436e-01   2.392530e-01   2.399461e-01    9.452e-06      7.025e-04    6.931e-04    5.292e+00    3.052e-05          True
      6307      1   2211  -2.149235e-01  -2.149235e-01  -2.149191e-01  -2.168613e-01    4.342e-06      1.938e-03    1.942e-03    3.361e+00    1.526e-05          True
      6310      1   2214   5.407661e-01   5.407661e-01   5.407635e-01   5.433095e-01    2.629e-06      2.543e-03    2.546e-03    3.477e+00    1.526e-05          True
      6316      1   2220   1.388170e+00   1.388170e+00   1.388166e+00   1.386564e+00    3.276e-06      1.605e-03    1.602e-03    6.118e+00    3.052e-05          True
      6317      1   2221   3.171255e-01   3.171255e-01   3.171203e-01   3.163207e-01    5.230e-06      8.048e-04    7.995e-04    4.948e+00    3.052e-05          True
      6335      1   2239  -5.298899e-01  -5.298899e-01  -5.298912e-01  -5.257880e-01    1.331e-06      4.102e-03    4.103e-03    8.360e+00    6.104e-05          True
      6363      1   2267  -2.999482e+00  -2.999482e+00  -2.999484e+00  -3.002679e+00    2.310e-06      3.197e-03    3.195e-03    3.488e+00    1.526e-05          True
      6371      1   2275   1.515395e+00   1.515395e+00   1.515397e+00   1.513397e+00    2.239e-06      1.998e-03    2.000e-03    5.918e+00    3.052e-05          True
      6381      1   2285  -1.354696e+00  -1.354696e+00  -1.354700e+00  -1.352498e+00    4.126e-06      2.198e-03    2.202e-03    4.446e+00    3.052e-05          True
      6386      1   2290  -8.879765e-01  -8.879765e-01  -8.879750e-01  -8.894764e-01    1.466e-06      1.500e-03    1.501e-03    6.499e+00    3.052e-05          True
      6387      1   2291   2.487939e-01   2.487939e-01   2.487934e-01   2.470204e-01    5.544e-07      1.774e-03    1.773e-03    5.342e+00    3.052e-05          True
      6393      1   2297  -1.418520e+00  -1.418520e+00  -1.418520e+00  -1.417031e+00    3.325e-07      1.489e-03    1.489e-03    2.910e+00    1.526e-05          True
      6400      1   2304  -6.174807e-01  -6.174807e-01  -6.174791e-01  -6.164933e-01    1.655e-06      9.875e-04    9.858e-04    2.111e+00    1.526e-05          True
      6403      1   2307   3.618870e-01   3.618870e-01   3.618833e-01   3.632557e-01    3.715e-06      1.369e-03    1.372e-03    6.463e+00    3.052e-05          True
      6404      1   2308   1.085744e-01   1.085744e-01   1.085753e-01   1.063600e-01    8.825e-07      2.214e-03    2.215e-03    3.864e+00    1.526e-05          True
      6409      1   2313   1.331741e+00   1.331741e+00   1.331741e+00   1.330111e+00    4.657e-07      1.630e-03    1.630e-03    7.920e+00    3.052e-05          True
      6421      1   2325  -2.238599e+00  -2.238599e+00  -2.238598e+00  -2.241794e+00    1.433e-06      3.195e-03    3.196e-03    3.973e+00    1.526e-05          True
      6423      1   2327  -3.978486e-02  -3.978486e-02  -3.977996e-02  -3.998794e-02    4.892e-06      2.031e-04    2.080e-04    3.385e+00    1.526e-05          True
      6425      1   2329  -4.747327e-01  -4.747327e-01  -4.747362e-01  -4.736107e-01    3.412e-06      1.122e-03    1.125e-03    4.360e+00    3.052e-05          True
      6428      1   2332   3.492356e+00   3.492356e+00   3.492353e+00   3.495897e+00    3.192e-06      3.541e-03    3.544e-03    3.895e+00    1.526e-05          True
      6429      1   2333  -1.837778e+00  -1.837778e+00  -1.837778e+00  -1.835776e+00    4.902e-07      2.002e-03    2.002e-03    5.205e+00    3.052e-05          True
      6432      1   2336  -5.578878e-01  -5.578878e-01  -5.578882e-01  -5.570166e-01    3.742e-07      8.712e-04    8.716e-04    3.486e+00    1.526e-05          True
      6452      1   2356   2.461013e-01   2.461013e-01   2.460989e-01   2.478807e-01    2.355e-06      1.779e-03    1.782e-03    3.480e+00    1.526e-05          True
      6465      1   2369  -5.033339e-01  -5.033339e-01  -5.033346e-01  -5.020499e-01    7.034e-07      1.284e-03    1.285e-03    3.272e+00    1.526e-05          True
      6471      1   2375  -1.202548e+00  -1.202548e+00  -1.202549e+00  -1.200775e+00    8.595e-07      1.773e-03    1.774e-03    3.240e+00    1.526e-05          True
      6472      1   2376   6.668434e-01   6.668434e-01   6.668408e-01   6.681175e-01    2.627e-06      1.274e-03    1.277e-03    3.267e+00    1.526e-05          True
      6477      1   2381  -6.925836e-01  -6.925836e-01  -6.925834e-01  -6.918831e-01    1.155e-07      7.004e-04    7.003e-04    3.515e+00    1.526e-05          True
      6478      1   2382   1.825810e+00   1.825810e+00   1.825808e+00   1.828253e+00    1.707e-06      2.443e-03    2.445e-03    3.160e+00    1.526e-05          True
      6487      1   2391   2.412431e-01   2.412431e-01   2.412452e-01   2.425143e-01    2.058e-06      1.271e-03    1.269e-03    3.912e+00    1.526e-05          True
      6492      1   2396   1.609241e-01   1.609241e-01   1.609262e-01   1.618607e-01    2.157e-06      9.366e-04    9.345e-04    3.948e+00    1.526e-05          True
      6498      1   2402   2.317936e+00   2.317936e+00   2.317940e+00   2.315125e+00    3.724e-06      2.811e-03    2.814e-03    4.825e+00    3.052e-05          True
      6504      1   2408   1.798505e+00   1.798505e+00   1.798506e+00   1.801041e+00    1.067e-06      2.536e-03    2.535e-03    2.928e+00    1.526e-05          True
      6518      1   2422   5.766244e-01   5.766244e-01   5.766243e-01   5.757560e-01    4.547e-08      8.684e-04    8.683e-04    4.744e+00    3.052e-05          True
      6523      1   2427  -8.966492e-01  -8.966492e-01  -8.966495e-01  -8.953736e-01    2.908e-07      1.276e-03    1.276e-03    4.918e+00    3.052e-05          True
      6525      1   2429   4.873029e-01   4.873029e-01   4.873040e-01   4.881593e-01    1.062e-06      8.564e-04    8.553e-04    6.170e+00    3.052e-05          True
      6527      1   2431   2.161304e-01   2.161304e-01   2.161315e-01   2.157216e-01    1.138e-06      4.088e-04    4.099e-04    4.220e+00    3.052e-05          True
      6529      1   2433  -1.699405e+00  -1.699405e+00  -1.699411e+00  -1.701559e+00    6.048e-06      2.154e-03    2.148e-03    6.337e+00    3.052e-05          True
      6549      1   2453  -1.194064e+00  -1.194064e+00  -1.194073e+00  -1.190687e+00    8.640e-06      3.377e-03    3.386e-03    5.224e+00    3.052e-05          True
      6551      1   2455  -7.056291e-01  -7.056291e-01  -7.056257e-01  -7.046770e-01    3.402e-06      9.521e-04    9.487e-04    9.087e+00    6.104e-05          True
      6555      1   2459   3.037593e-01   3.037593e-01   3.037614e-01   3.048036e-01    2.142e-06      1.044e-03    1.042e-03    4.456e+00    3.052e-05          True
      6557      1   2461   7.752586e-01   7.752586e-01   7.752537e-01   7.737960e-01    4.918e-06      1.463e-03    1.458e-03    5.944e+00    3.052e-05          True
      6563      1   2467  -1.381349e+00  -1.381349e+00  -1.381350e+00  -1.377506e+00    6.831e-07      3.843e-03    3.844e-03    3.348e+00    1.526e-05          True
      6564      1   2468  -1.046011e+00  -1.046011e+00  -1.046015e+00  -1.048765e+00    4.084e-06      2.754e-03    2.750e-03    5.247e+00    3.052e-05          True
      6571      1   2475  -2.602987e-01  -2.602987e-01  -2.603019e-01  -2.618847e-01    3.228e-06      1.586e-03    1.583e-03    4.759e+00    3.052e-05          True
      6576      1   2480  -3.269794e-01  -3.269794e-01  -3.269790e-01  -3.262438e-01    4.100e-07      7.355e-04    7.351e-04    3.036e+00    1.526e-05          True
      6577      1   2481   1.015611e+00   1.015611e+00   1.015616e+00   1.014588e+00    4.595e-06      1.023e-03    1.028e-03    4.709e+00    3.052e-05          True
      6581      1   2485   1.127234e+00   1.127234e+00   1.127236e+00   1.125681e+00    1.510e-06      1.553e-03    1.554e-03    3.419e+00    1.526e-05          True
      6603      1   2507  -7.685341e-01  -7.685341e-01  -7.685346e-01  -7.670549e-01    4.675e-07      1.479e-03    1.480e-03    3.941e+00    1.526e-05          True
      6610      1   2514  -9.014864e-03  -9.014864e-03  -9.014145e-03  -1.356187e-02    7.192e-07      4.547e-03    4.548e-03    3.745e+00    1.526e-05          True
      6615      1   2519   1.146464e+00   1.146464e+00   1.146466e+00   1.147954e+00    1.545e-06      1.490e-03    1.488e-03    5.428e+00    3.052e-05          True
      6620      1   2524   2.258445e-01   2.258445e-01   2.258436e-01   2.263846e-01    9.706e-07      5.401e-04    5.410e-04    4.071e+00    3.052e-05          True
      6634      1   2538   1.986077e+00   1.986077e+00   1.986083e+00   1.989400e+00    5.411e-06      3.322e-03    3.317e-03    5.552e+00    3.052e-05          True
      6641      1   2545   6.009094e-01   6.009094e-01   6.009074e-01   6.016552e-01    1.952e-06      7.458e-04    7.477e-04    3.684e+00    1.526e-05          True
      6642      1   2546  -1.219692e+00  -1.219692e+00  -1.219695e+00  -1.217028e+00    2.719e-06      2.664e-03    2.667e-03    3.643e+00    1.526e-05          True
      6645      1   2549  -6.414938e-01  -6.414938e-01  -6.414979e-01  -6.403665e-01    4.089e-06      1.127e-03    1.131e-03    6.120e+00    3.052e-05          True
      6654      1   2558  -1.103879e+00  -1.103879e+00  -1.103879e+00  -1.101417e+00    6.102e-07      2.463e-03    2.462e-03    2.790e+00    1.526e-05          True
      6656      1   2560   1.055945e-01   1.055945e-01   1.055951e-01   1.065707e-01    5.734e-07      9.762e-04    9.756e-04    2.627e+00    1.526e-05          True
      6658      1   2562   7.695252e-01   7.695252e-01   7.695282e-01   7.706061e-01    2.948e-06      1.081e-03    1.078e-03    6.637e+00    3.052e-05          True
      6662      1   2566  -5.512378e-01  -5.512378e-01  -5.512321e-01  -5.488361e-01    5.656e-06      2.402e-03    2.396e-03    6.043e+00    3.052e-05          True
      6664      1   2568  -2.941002e-02  -2.941002e-02  -2.940460e-02  -2.806111e-02    5.415e-06      1.349e-03    1.343e-03    4.980e+00    3.052e-05          True
      6678      1   2582   4.159545e-01   4.159545e-01   4.159527e-01   4.165213e-01    1.823e-06      5.668e-04    5.686e-04    5.498e+00    3.052e-05          True
      6689      1   2593   1.161062e+00   1.161062e+00   1.161061e+00   1.159060e+00    3.970e-07      2.002e-03    2.002e-03    2.364e+00    1.526e-05          True
      6720      1   2624   2.003297e+00   2.003297e+00   2.003303e+00   2.006101e+00    5.454e-06      2.804e-03    2.799e-03    5.797e+00    3.052e-05          True
      6721      1   2625  -5.399937e-01  -5.399937e-01  -5.399920e-01  -5.413916e-01    1.701e-06      1.398e-03    1.400e-03    3.310e+00    1.526e-05          True
      6723      1   2627  -2.267997e-01  -2.267997e-01  -2.268014e-01  -2.257861e-01    1.707e-06      1.014e-03    1.015e-03    2.664e+00    1.526e-05          True
      6724      1   2628   6.816041e-01   6.816041e-01   6.816074e-01   6.801254e-01    3.346e-06      1.479e-03    1.482e-03    5.297e+00    3.052e-05          True
      6729      1   2633   1.456688e+00   1.456688e+00   1.456682e+00   1.454805e+00    6.021e-06      1.884e-03    1.878e-03    7.613e+00    3.052e-05          True
      6734      1   2638   1.135368e+00   1.135368e+00   1.135369e+00   1.133820e+00    6.230e-07      1.548e-03    1.549e-03    4.152e+00    3.052e-05          True
      6737      1   2641  -7.440762e-01  -7.440762e-01  -7.440761e-01  -7.432784e-01    6.013e-08      7.978e-04    7.977e-04    3.476e+00    1.526e-05          True
      6749      1   2653   1.307659e+00   1.307659e+00   1.307662e+00   1.309190e+00    2.896e-06      1.531e-03    1.528e-03    4.789e+00    3.052e-05          True
      6755      1   2659   9.380778e-01   9.380778e-01   9.380795e-01   9.392339e-01    1.717e-06      1.156e-03    1.154e-03    7.185e+00    3.052e-05          True
      6763      1   2667   8.262121e-01   8.262121e-01   8.262153e-01   8.276214e-01    3.184e-06      1.409e-03    1.406e-03    4.523e+00    3.052e-05          True
      6767      1   2671  -7.990216e-01  -7.990216e-01  -7.990199e-01  -7.973050e-01    1.655e-06      1.717e-03    1.715e-03    5.064e+00    3.052e-05          True
      6768      1   2672   7.207681e-01   7.207681e-01   7.207682e-01   7.195779e-01    8.157e-08      1.190e-03    1.190e-03    3.178e+00    1.526e-05          True
      6773      1   2677   2.172017e-01   2.172017e-01   2.171946e-01   2.182382e-01    7.066e-06      1.036e-03    1.044e-03    4.862e+00    3.052e-05          True
      6776      1   2680   8.017139e-01   8.017139e-01   8.017169e-01   8.046647e-01    3.009e-06      2.951e-03    2.948e-03    3.020e+00    1.526e-05          True
      6780      1   2684   1.047524e+00   1.047524e+00   1.047525e+00   1.045815e+00    9.953e-07      1.709e-03    1.710e-03    4.401e+00    3.052e-05          True
      6792      1   2696  -2.699445e-01  -2.699445e-01  -2.699474e-01  -2.684149e-01    2.840e-06      1.530e-03    1.533e-03    4.710e+00    3.052e-05          True
      6800      1   2704   4.147605e-01   4.147605e-01   4.147556e-01   4.136025e-01    4.991e-06      1.158e-03    1.153e-03    7.020e+00    3.052e-05          True
      6809      1   2713  -2.930727e+00  -2.930727e+00  -2.930727e+00  -2.933971e+00    4.151e-07      3.245e-03    3.244e-03    5.118e+00    3.052e-05          True
      6813      1   2717   1.615342e+00   1.615342e+00   1.615342e+00   1.618849e+00    8.108e-07      3.507e-03    3.507e-03    5.151e+00    3.052e-05          True
      6816      1   2720  -4.162705e-01  -4.162705e-01  -4.162719e-01  -4.149736e-01    1.448e-06      1.297e-03    1.298e-03    4.553e+00    3.052e-05          True
      6821      1   2725  -3.907738e-01  -3.907738e-01  -3.907752e-01  -3.896476e-01    1.355e-06      1.126e-03    1.128e-03    3.646e+00    1.526e-05          True
      6831      1   2735   1.023622e-01   1.023622e-01   1.023546e-01   1.010157e-01    7.595e-06      1.346e-03    1.339e-03    5.120e+00    3.052e-05          True
      6833      1   2737  -5.763202e-01  -5.763202e-01  -5.763195e-01  -5.779813e-01    6.877e-07      1.661e-03    1.662e-03    6.304e+00    3.052e-05          True
      6834      1   2738   1.496682e-01   1.496682e-01   1.496662e-01   1.499975e-01    1.988e-06      3.293e-04    3.313e-04    3.711e+00    1.526e-05          True
      6836      1   2740   2.044520e-01   2.044520e-01   2.044521e-01   2.054828e-01    1.223e-07      1.031e-03    1.031e-03    3.776e+00    1.526e-05          True
      6837      1   2741   8.996669e-01   8.996669e-01   8.996670e-01   8.967371e-01    9.344e-08      2.930e-03    2.930e-03    4.626e+00    3.052e-05          True
      6839      1   2743   1.485504e-01   1.485504e-01   1.485458e-01   1.502670e-01    4.621e-06      1.717e-03    1.721e-03    2.912e+00    1.526e-05          True
      6843      1   2747  -3.181004e-02  -3.181004e-02  -3.181633e-02  -2.873200e-02    6.293e-06      3.078e-03    3.084e-03    6.444e+00    3.052e-05          True
      6852      1   2756   9.039167e-01   9.039167e-01   9.039166e-01   9.057896e-01    9.148e-08      1.873e-03    1.873e-03    3.599e+00    1.526e-05          True
      6853      1   2757  -2.653646e-01  -2.653646e-01  -2.653667e-01  -2.642042e-01    2.086e-06      1.160e-03    1.162e-03    3.995e+00    1.526e-05          True
      6861      1   2765  -2.193927e-01  -2.193927e-01  -2.193890e-01  -2.184000e-01    3.703e-06      9.927e-04    9.890e-04    2.709e+00    1.526e-05          True
      6863      1   2767   6.781770e-01   6.781770e-01   6.781744e-01   6.773590e-01    2.626e-06      8.180e-04    8.154e-04    7.594e+00    3.052e-05          True
      6864      1   2768   9.958468e-02   9.958468e-02   9.958404e-02   9.970074e-02    6.484e-07      1.161e-04    1.167e-04    7.271e+00    3.052e-05          True
      6871      1   2775   1.377438e+00   1.377438e+00   1.377436e+00   1.379524e+00    1.636e-06      2.086e-03    2.088e-03    4.949e+00    3.052e-05          True
      6873      1   2777   2.406718e-01   2.406718e-01   2.406648e-01   2.422667e-01    7.036e-06      1.595e-03    1.602e-03    6.557e+00    3.052e-05          True
      6877      1   2781   2.157693e+00   2.157693e+00   2.157700e+00   2.155523e+00    6.485e-06      2.171e-03    2.177e-03    6.795e+00    3.052e-05          True
      6885      1   2789   1.670734e+00   1.670734e+00   1.670729e+00   1.668789e+00    4.808e-06      1.944e-03    1.940e-03    5.017e+00    3.052e-05          True
      6895      1   2799   1.806687e-01   1.806687e-01   1.806645e-01   1.817051e-01    4.229e-06      1.036e-03    1.041e-03    6.377e+00    3.052e-05          True
      6903      1   2807  -8.275673e-03  -8.275673e-03  -8.280135e-03  -5.715806e-03    4.462e-06      2.560e-03    2.564e-03    6.173e+00    3.052e-05          True
      6906      1   2810   9.876813e-01   9.876813e-01   9.876808e-01   9.852830e-01    4.942e-07      2.398e-03    2.398e-03    5.123e+00    3.052e-05          True
      6911      1   2815   1.660606e+00   1.660606e+00   1.660605e+00   1.658421e+00    1.164e-06      2.185e-03    2.184e-03    3.785e+00    1.526e-05          True
      6915      1   2819  -1.506633e+00  -1.506633e+00  -1.506630e+00  -1.508334e+00    3.001e-06      1.701e-03    1.704e-03    5.258e+00    3.052e-05          True
      6934      1   2838   1.094496e-02   1.094496e-02   1.094803e-02   9.991452e-03    3.072e-06      9.535e-04    9.566e-04    5.180e+00    3.052e-05          True
      6944      1   2848  -6.916882e-01  -6.916882e-01  -6.916885e-01  -6.896754e-01    2.992e-07      2.013e-03    2.013e-03    3.944e+00    1.526e-05          True
      6945      1   2849  -3.726306e-01  -3.726306e-01  -3.726296e-01  -3.716167e-01    9.272e-07      1.014e-03    1.013e-03    5.157e+00    3.052e-05          True
      6949      1   2853  -1.142303e+00  -1.142303e+00  -1.142305e+00  -1.144186e+00    2.655e-06      1.883e-03    1.881e-03    5.910e+00    3.052e-05          True
      6956      1   2860  -1.459237e+00  -1.459237e+00  -1.459233e+00  -1.457479e+00    4.510e-06      1.758e-03    1.754e-03    6.101e+00    3.052e-05          True
      6964      1   2868  -1.066849e+00  -1.066849e+00  -1.066851e+00  -1.064631e+00    1.491e-06      2.218e-03    2.220e-03    5.273e+00    3.052e-05          True
      6968      1   2872   9.041469e-02   9.041469e-02   9.041014e-02   9.072266e-02    4.551e-06      3.080e-04    3.125e-04    3.697e+00    1.526e-05          True
      6993      1   2897   2.493526e+00   2.493526e+00   2.493524e+00   2.496584e+00    1.723e-06      3.058e-03    3.060e-03    4.077e+00    3.052e-05          True
      7016      1   2920   5.237756e-01   5.237756e-01   5.237762e-01   5.246536e-01    5.299e-07      8.779e-04    8.774e-04    3.820e+00    1.526e-05          True
      7020      1   2924   3.721954e-01   3.721954e-01   3.721977e-01   3.730768e-01    2.371e-06      8.815e-04    8.791e-04    3.568e+00    1.526e-05          True
      7021      1   2925  -1.266363e+00  -1.266363e+00  -1.266361e+00  -1.268900e+00    1.636e-06      2.537e-03    2.539e-03    3.266e+00    1.526e-05          True
      7024      1   2928   7.110752e-02   7.110752e-02   7.110896e-02   7.181929e-02    1.441e-06      7.118e-04    7.103e-04    6.317e+00    3.052e-05          True
      7029      1   2933   4.505237e-01   4.505237e-01   4.505197e-01   4.496722e-01    3.947e-06      8.515e-04    8.475e-04    5.002e+00    3.052e-05          True
      7033      1   2937  -4.958213e-01  -4.958213e-01  -4.958173e-01  -4.976319e-01    4.006e-06      1.811e-03    1.815e-03    6.078e+00    3.052e-05          True
      7042      1   2946   7.855552e-01   7.855552e-01   7.855576e-01   7.887863e-01    2.398e-06      3.231e-03    3.229e-03    4.298e+00    3.052e-05          True
      7046      1   2950   2.841596e+00   2.841596e+00   2.841602e+00   2.845683e+00    5.555e-06      4.087e-03    4.081e-03    5.330e+00    3.052e-05          True
      7049      1   2953  -1.825984e-01  -1.825984e-01  -1.825959e-01  -1.848703e-01    2.542e-06      2.272e-03    2.274e-03    4.456e+00    3.052e-05          True
      7052      1   2956  -3.028648e+00  -3.028648e+00  -3.028650e+00  -3.031833e+00    1.849e-06      3.185e-03    3.183e-03    3.077e+00    1.526e-05          True
      7072      1   2976  -2.111142e-01  -2.111142e-01  -2.111142e-01  -2.103807e-01    4.184e-08      7.335e-04    7.335e-04    3.648e+00    1.526e-05          True
      7079      1   2983  -3.352296e-02  -3.352296e-02  -3.352319e-02  -3.295306e-02    2.270e-07      5.699e-04    5.701e-04    3.991e+00    1.526e-05          True
      7081      1   2985  -8.646106e-01  -8.646106e-01  -8.646122e-01  -8.628097e-01    1.539e-06      1.801e-03    1.802e-03    5.901e+00    3.052e-05          True
      7084      1   2988   2.785110e+00   2.785110e+00   2.785116e+00   2.781929e+00    6.373e-06      3.181e-03    3.187e-03    4.861e+00    3.052e-05          True
      7085      1   2989  -1.924705e+00  -1.924705e+00  -1.924709e+00  -1.922473e+00    3.608e-06      2.232e-03    2.236e-03    4.066e+00    3.052e-05          True
      7089      1   2993   2.616696e-01   2.616696e-01   2.616735e-01   2.627355e-01    3.903e-06      1.066e-03    1.062e-03    4.689e+00    3.052e-05          True
      7093      1   2997   1.007307e+00   1.007307e+00   1.007306e+00   1.009121e+00    5.194e-07      1.814e-03    1.815e-03    5.569e+00    3.052e-05          True
      7099      1   3003   2.250745e+00   2.250745e+00   2.250752e+00   2.247771e+00    7.440e-06      2.974e-03    2.981e-03    4.806e+00    3.052e-05          True
      7108      1   3012   4.190383e-03   4.190383e-03   4.190521e-03   3.351949e-03    1.378e-07      8.384e-04    8.386e-04    5.100e+00    3.052e-05          True
      7112      1   3016  -2.271616e-01  -2.271616e-01  -2.271520e-01  -2.285437e-01    9.592e-06      1.382e-03    1.392e-03    5.301e+00    3.052e-05          True
      7117      1   3021  -4.666588e-01  -4.666588e-01  -4.666604e-01  -4.654929e-01    1.585e-06      1.166e-03    1.168e-03    4.923e+00    3.052e-05          True
      7130      1   3034  -2.336767e-01  -2.336767e-01  -2.336749e-01  -2.349209e-01    1.755e-06      1.244e-03    1.246e-03    4.733e+00    3.052e-05          True
      7131      1   3035   1.583046e-01   1.583046e-01   1.583011e-01   1.591195e-01    3.544e-06      8.148e-04    8.184e-04    2.751e+00    1.526e-05          True
      7133      1   3037  -1.963125e-01  -1.963125e-01  -1.963152e-01  -1.957540e-01    2.696e-06      5.586e-04    5.613e-04    5.198e+00    3.052e-05          True
      7155      1   3059   3.610939e-01   3.610939e-01   3.610952e-01   3.588728e-01    1.376e-06      2.221e-03    2.222e-03    3.421e+00    1.526e-05          True
      7156      1   3060  -7.080958e-01  -7.080958e-01  -7.080947e-01  -7.099576e-01    1.068e-06      1.862e-03    1.863e-03    4.053e+00    3.052e-05          True
      7159      1   3063   2.019423e+00   2.019423e+00   2.019424e+00   2.022174e+00    7.475e-07      2.751e-03    2.750e-03    3.679e+00    1.526e-05          True
      7160      1   3064   5.382117e-01   5.382117e-01   5.382103e-01   5.372929e-01    1.412e-06      9.188e-04    9.174e-04    5.430e+00    3.052e-05          True
      7161      1   3065   3.220019e-01   3.220019e-01   3.219998e-01   3.210534e-01    2.045e-06      9.484e-04    9.464e-04    2.714e+00    1.526e-05          True
      7170      1   3074  -1.545929e+00  -1.545929e+00  -1.545933e+00  -1.543717e+00    3.140e-06      2.213e-03    2.216e-03    2.337e+00    1.526e-05          True
      7175      1   3079   1.714495e+00   1.714495e+00   1.714500e+00   1.712211e+00    4.208e-06      2.285e-03    2.289e-03    3.184e+00    1.526e-05          True
      7186      1   3090   2.227977e-01   2.227977e-01   2.228018e-01   2.240909e-01    4.068e-06      1.293e-03    1.289e-03    2.620e+00    1.526e-05          True
      7189      1   3093   9.951933e-01   9.951933e-01   9.951929e-01   9.938416e-01    3.908e-07      1.352e-03    1.351e-03    4.837e+00    3.052e-05          True
      7194      1   3098  -3.792478e-01  -3.792478e-01  -3.792515e-01  -3.785000e-01    3.731e-06      7.478e-04    7.515e-04    5.265e+00    3.052e-05          True
      7197      1   3101  -5.668766e-01  -5.668766e-01  -5.668758e-01  -5.656968e-01    8.608e-07      1.180e-03    1.179e-03    3.951e+00    1.526e-05          True
      7203      1   3107   6.683147e-01   6.683147e-01   6.683114e-01   6.704751e-01    3.296e-06      2.160e-03    2.164e-03    5.765e+00    3.052e-05          True
      7218      1   3122  -6.006235e-01  -6.006235e-01  -6.006291e-01  -6.018699e-01    5.541e-06      1.246e-03    1.241e-03    4.141e+00    3.052e-05          True
      7233      1   3137   5.485400e-01   5.485400e-01   5.485391e-01   5.473247e-01    9.341e-07      1.215e-03    1.214e-03    2.345e+00    1.526e-05          True
      7237      1   3141  -3.482890e-01  -3.482890e-01  -3.482853e-01  -3.488854e-01    3.734e-06      5.964e-04    6.001e-04    5.511e+00    3.052e-05          True
      7240      1   3144  -2.431905e+00  -2.431905e+00  -2.431906e+00  -2.429257e+00    9.372e-07      2.648e-03    2.649e-03    4.713e+00    3.052e-05          True
      7243      1   3147   1.891480e-01   1.891480e-01   1.891498e-01   1.887906e-01    1.845e-06      3.573e-04    3.592e-04    4.880e+00    3.052e-05          True
      7256      1   3160  -1.110136e+00  -1.110136e+00  -1.110124e+00  -1.111437e+00    1.228e-05      1.302e-03    1.314e-03    6.724e+00    3.052e-05          True
      7270      1   3174  -6.043501e-01  -6.043501e-01  -6.043570e-01  -6.002596e-01    6.928e-06      4.090e-03    4.097e-03    5.798e+00    3.052e-05          True
      7274      1   3178  -1.970752e-02  -1.970752e-02  -1.969967e-02  -2.309693e-02    7.843e-06      3.389e-03    3.397e-03    9.381e+00    6.104e-05          True
      7278      1   3182  -1.030879e+00  -1.030879e+00  -1.030879e+00  -1.029179e+00    5.498e-07      1.700e-03    1.700e-03    3.522e+00    1.526e-05          True
      7282      1   3186  -8.459861e-02  -8.459861e-02  -8.459499e-02  -8.529805e-02    3.624e-06      6.994e-04    7.031e-04    6.374e+00    3.052e-05          True
      7283      1   3187  -3.821140e-01  -3.821140e-01  -3.821126e-01  -3.799058e-01    1.469e-06      2.208e-03    2.207e-03    3.702e+00    1.526e-05          True
      7287      1   3191  -1.014765e-01  -1.014765e-01  -1.014739e-01  -1.039724e-01    2.553e-06      2.496e-03    2.499e-03    6.376e+00    3.052e-05          True
      7293      1   3197  -6.514049e-01  -6.514049e-01  -6.514047e-01  -6.522962e-01    1.847e-07      8.913e-04    8.915e-04    3.499e+00    1.526e-05          True
      7296      1   3200  -1.249489e+00  -1.249489e+00  -1.249492e+00  -1.248239e+00    2.975e-06      1.249e-03    1.252e-03    4.674e+00    3.052e-05          True
      7301      1   3205  -8.677589e-01  -8.677589e-01  -8.677645e-01  -8.696221e-01    5.599e-06      1.863e-03    1.858e-03    4.583e+00    3.052e-05          True
      7302      1   3206   1.101972e+00   1.101972e+00   1.101971e+00   1.103720e+00    1.343e-06      1.748e-03    1.749e-03    3.945e+00    1.526e-05          True
      7310      1   3214   9.747470e-01   9.747470e-01   9.747428e-01   9.735192e-01    4.259e-06      1.228e-03    1.224e-03    4.491e+00    3.052e-05          True
      7314      1   3218  -9.894847e-03  -9.894847e-03  -9.887790e-03  -1.179279e-02    7.056e-06      1.898e-03    1.905e-03    4.680e+00    3.052e-05          True
      7317      1   3221   1.069583e+00   1.069583e+00   1.069583e+00   1.067308e+00    4.717e-07      2.275e-03    2.275e-03    2.968e+00    1.526e-05          True
      7319      1   3223  -4.977634e-02  -4.977634e-02  -4.977702e-02  -4.809777e-02    6.760e-07      1.679e-03    1.679e-03    3.380e+00    1.526e-05          True
      7329      1   3233   4.495529e-01   4.495529e-01   4.495482e-01   4.475427e-01    4.700e-06      2.010e-03    2.005e-03    5.382e+00    3.052e-05          True
      7339      1   3243   6.019769e-01   6.019769e-01   6.019880e-01   5.993130e-01    1.101e-05      2.664e-03    2.675e-03    6.869e+00    3.052e-05          True
      7347      1   3251  -2.675155e+00  -2.675155e+00  -2.675151e+00  -2.672101e+00    3.445e-06      3.053e-03    3.050e-03    4.936e+00    3.052e-05          True
      7353      1   3257  -7.894748e-01  -7.894748e-01  -7.894765e-01  -7.876001e-01    1.747e-06      1.875e-03    1.876e-03    5.036e+00    3.052e-05          True
      7361      1   3265   3.623662e-01   3.623662e-01   3.623716e-01   3.618011e-01    5.374e-06      5.651e-04    5.704e-04    5.331e+00    3.052e-05          True
      7362      1   3266  -1.987745e-01  -1.987745e-01  -1.987810e-01  -1.998864e-01    6.501e-06      1.112e-03    1.105e-03    5.317e+00    3.052e-05          True
      7368      1   3272   3.158237e-01   3.158237e-01   3.158242e-01   3.182066e-01    4.511e-07      2.383e-03    2.382e-03    3.503e+00    1.526e-05          True
      7402      1   3306  -8.637344e-02  -8.637344e-02  -8.637445e-02  -8.692928e-02    1.019e-06      5.558e-04    5.548e-04    3.369e+00    1.526e-05          True
      7406      1   3310   2.800483e-01   2.800483e-01   2.800560e-01   2.788263e-01    7.711e-06      1.222e-03    1.230e-03    5.525e+00    3.052e-05          True
      7409      1   3313   4.813020e-01   4.813020e-01   4.813051e-01   4.793377e-01    3.094e-06      1.964e-03    1.967e-03    4.818e+00    3.052e-05          True
      7414      1   3318  -5.296365e-01  -5.296365e-01  -5.296376e-01  -5.275756e-01    1.057e-06      2.061e-03    2.062e-03    4.663e+00    3.052e-05          True
      7420      1   3324  -3.743957e-03  -3.743957e-03  -3.741496e-03  -4.029080e-03    2.461e-06      2.851e-04    2.876e-04    9.025e+00    6.104e-05          True
      7441      1   3345  -9.500459e-02  -9.500459e-02  -9.499902e-02  -9.464030e-02    5.563e-06      3.643e-04    3.587e-04    6.750e+00    3.052e-05          True
      7450      1   3354   1.898221e+00   1.898221e+00   1.898220e+00   1.895885e+00    1.158e-06      2.336e-03    2.335e-03    3.916e+00    1.526e-05          True
      7460      1   3364  -1.607241e-02  -1.607241e-02  -1.606865e-02  -1.791213e-02    3.759e-06      1.840e-03    1.843e-03    5.808e+00    3.052e-05          True
      7474      1   3378   1.630445e+00   1.630445e+00   1.630447e+00   1.632371e+00    1.648e-06      1.925e-03    1.924e-03    2.246e+00    1.526e-05          True
      7475      1   3379   1.546101e-01   1.546101e-01   1.546101e-01   1.542527e-01    1.951e-08      3.574e-04    3.574e-04    7.332e+00    3.052e-05          True
      7477      1   3381  -7.676328e-02  -7.676328e-02  -7.676338e-02  -7.573225e-02    1.087e-07      1.031e-03    1.031e-03    4.448e+00    3.052e-05          True
      7478      1   3382   1.332424e+00   1.332424e+00   1.332423e+00   1.333860e+00    9.052e-07      1.436e-03    1.437e-03    5.773e+00    3.052e-05          True
      7479      1   3383   3.781341e-01   3.781341e-01   3.781352e-01   3.772747e-01    1.118e-06      8.593e-04    8.605e-04    2.843e+00    1.526e-05          True
      7489      1   3393   2.589578e-01   2.589578e-01   2.589574e-01   2.602286e-01    3.781e-07      1.271e-03    1.271e-03    5.192e+00    3.052e-05          True
      7492      1   3396  -1.819338e-01  -1.819338e-01  -1.819416e-01  -1.824045e-01    7.777e-06      4.707e-04    4.629e-04    7.623e+00    3.052e-05          True
      7502      1   3406  -2.041520e-01  -2.041520e-01  -2.041514e-01  -2.055395e-01    5.626e-07      1.388e-03    1.388e-03    3.392e+00    1.526e-05          True
      7514      1   3418   1.759243e+00   1.759243e+00   1.759244e+00   1.761011e+00    6.302e-07      1.767e-03    1.767e-03    5.643e+00    3.052e-05          True
      7531      1   3435   2.739134e+00   2.739134e+00   2.739135e+00   2.742342e+00    1.861e-07      3.208e-03    3.208e-03    4.819e+00    3.052e-05          True
      7538      1   3442  -6.790410e-01  -6.790410e-01  -6.790405e-01  -6.803697e-01    5.020e-07      1.329e-03    1.329e-03    2.592e+00    1.526e-05          True
      7547      1   3451   6.669556e-01   6.669556e-01   6.669572e-01   6.653638e-01    1.631e-06      1.592e-03    1.593e-03    2.965e+00    1.526e-05          True
      7553      1   3457  -7.299648e-01  -7.299648e-01  -7.299629e-01  -7.319574e-01    1.957e-06      1.993e-03    1.995e-03    4.756e+00    3.052e-05          True
      7557      1   3461  -3.818379e-01  -3.818379e-01  -3.818375e-01  -3.831747e-01    3.929e-07      1.337e-03    1.337e-03    2.160e+00    1.526e-05          True
      7564      1   3468   8.733065e-01   8.733065e-01   8.732982e-01   8.747475e-01    8.362e-06      1.441e-03    1.449e-03    7.460e+00    3.052e-05          True
      7566      1   3470  -1.386470e+00  -1.386470e+00  -1.386467e+00  -1.384987e+00    2.927e-06      1.484e-03    1.481e-03    4.442e+00    3.052e-05          True
      7571      1   3475   3.972201e-01   3.972201e-01   3.972231e-01   3.958816e-01    2.947e-06      1.339e-03    1.341e-03    3.750e+00    1.526e-05          True
      7576      1   3480   1.045236e-01   1.045236e-01   1.045280e-01   1.047085e-01    4.411e-06      1.848e-04    1.804e-04    4.673e+00    3.052e-05          True
      7580      1   3484   1.990364e+00   1.990364e+00   1.990362e+00   1.988244e+00    2.252e-06      2.120e-03    2.117e-03    3.232e+00    1.526e-05          True
      7589      1   3493  -7.855588e-01  -7.855588e-01  -7.855574e-01  -7.839944e-01    1.383e-06      1.564e-03    1.563e-03    4.585e+00    3.052e-05          True
      7593      1   3497   1.409885e+00   1.409885e+00   1.409885e+00   1.411512e+00    4.176e-08      1.627e-03    1.627e-03    3.662e+00    1.526e-05          True
      7594      1   3498   1.793357e-01   1.793357e-01   1.793365e-01   1.799380e-01    7.923e-07      6.023e-04    6.015e-04    3.896e+00    1.526e-05          True
      7600      1   3504  -7.199534e-02  -7.199534e-02  -7.199842e-02  -7.285960e-02    3.082e-06      8.643e-04    8.612e-04    2.790e+00    1.526e-05          True
      7606      1   3510   1.541555e+00   1.541555e+00   1.541555e+00   1.544859e+00    3.962e-08      3.304e-03    3.304e-03    2.574e+00    1.526e-05          True
      7609      1   3513   2.093368e-01   2.093368e-01   2.093410e-01   2.100272e-01    4.199e-06      6.904e-04    6.862e-04    6.528e+00    3.052e-05          True
      7613      1   3517  -6.346966e-01  -6.346966e-01  -6.346990e-01  -6.339028e-01    2.357e-06      7.938e-04    7.961e-04    2.641e+00    1.526e-05          True
      7616      1   3520  -1.822069e+00  -1.822069e+00  -1.822069e+00  -1.819777e+00    4.222e-07      2.293e-03    2.292e-03    2.973e+00    1.526e-05          True
      7617      1   3521   1.654192e-01   1.654192e-01   1.654196e-01   1.640291e-01    3.884e-07      1.390e-03    1.390e-03    4.875e+00    3.052e-05          True
      7618      1   3522   9.794093e-01   9.794093e-01   9.794087e-01   9.819525e-01    5.635e-07      2.543e-03    2.544e-03    3.184e+00    1.526e-05          True
      7622      1   3526   4.351807e-01   4.351807e-01   4.351744e-01   4.328023e-01    6.247e-06      2.378e-03    2.372e-03    5.600e+00    3.052e-05          True
      7624      1   3528   8.984105e-01   8.984105e-01   8.984104e-01   8.966041e-01    7.863e-08      1.806e-03    1.806e-03    4.342e+00    3.052e-05          True
      7633      1   3537   2.534159e-01   2.534159e-01   2.534162e-01   2.547195e-01    3.814e-07      1.304e-03    1.303e-03    7.166e+00    3.052e-05          True
      7637      1   3541   8.770073e-01   8.770073e-01   8.770056e-01   8.745003e-01    1.702e-06      2.507e-03    2.505e-03    6.224e+00    3.052e-05          True
      7640      1   3544  -6.747930e-01  -6.747930e-01  -6.747956e-01  -6.738227e-01    2.656e-06      9.703e-04    9.729e-04    3.304e+00    1.526e-05          True
      7643      1   3547  -4.589153e-01  -4.589153e-01  -4.589120e-01  -4.603236e-01    3.311e-06      1.408e-03    1.412e-03    4.203e+00    3.052e-05          True
      7646      1   3550  -3.745821e-01  -3.745821e-01  -3.745850e-01  -3.767418e-01    2.947e-06      2.160e-03    2.157e-03    5.074e+00    3.052e-05          True
      7647      1   3551  -8.086041e-02  -8.086041e-02  -8.086102e-02  -7.988740e-02    6.107e-07      9.730e-04    9.736e-04    5.517e+00    3.052e-05          True
      7649      1   3553   7.691314e-01   7.691314e-01   7.691357e-01   7.675592e-01    4.354e-06      1.572e-03    1.576e-03    3.033e+00    1.526e-05          True
      7651      1   3555   9.621098e-01   9.621098e-01   9.621115e-01   9.632934e-01    1.653e-06      1.184e-03    1.182e-03    7.131e+00    3.052e-05          True
      7660      1   3564  -2.755755e-01  -2.755755e-01  -2.755810e-01  -2.743322e-01    5.563e-06      1.243e-03    1.249e-03    5.667e+00    3.052e-05          True
      7661      1   3565   3.257637e-01   3.257637e-01   3.257671e-01   3.243215e-01    3.383e-06      1.442e-03    1.446e-03    6.431e+00    3.052e-05          True
      7668      1   3572  -1.424244e+00  -1.424244e+00  -1.424243e+00  -1.427714e+00    7.491e-07      3.470e-03    3.471e-03    3.918e+00    1.526e-05          True
      7679      1   3583   2.397258e-01   2.397258e-01   2.397247e-01   2.384941e-01    1.110e-06      1.232e-03    1.231e-03    4.250e+00    3.052e-05          True
      7681      1   3585   1.210729e+00   1.210729e+00   1.210727e+00   1.212303e+00    2.196e-06      1.574e-03    1.576e-03    3.616e+00    1.526e-05          True
      7683      1   3587  -5.249053e-01  -5.249053e-01  -5.249043e-01  -5.261097e-01    1.010e-06      1.204e-03    1.205e-03    4.284e+00    3.052e-05          True
      7684      1   3588   8.397173e-01   8.397173e-01   8.397217e-01   8.381433e-01    4.418e-06      1.574e-03    1.578e-03    5.616e+00    3.052e-05          True
      7686      1   3590  -1.162593e+00  -1.162593e+00  -1.162602e+00  -1.163865e+00    9.099e-06      1.272e-03    1.263e-03    7.190e+00    3.052e-05          True
      7687      1   3591  -4.257268e-01  -4.257268e-01  -4.257274e-01  -4.267712e-01    5.582e-07      1.044e-03    1.044e-03    4.510e+00    3.052e-05          True
      7691      1   3595   1.782522e+00   1.782522e+00   1.782527e+00   1.780296e+00    4.387e-06      2.226e-03    2.231e-03    3.395e+00    1.526e-05          True
      7692      1   3596  -1.002628e+00  -1.002628e+00  -1.002630e+00  -1.005200e+00    1.271e-06      2.571e-03    2.570e-03    4.913e+00    3.052e-05          True
      7694      1   3598   1.120024e+00   1.120024e+00   1.120024e+00   1.122344e+00    1.364e-07      2.321e-03    2.321e-03    3.744e+00    1.526e-05          True
      7696      1   3600   2.376188e-02   2.376188e-02   2.376245e-02   2.480210e-02    5.682e-07      1.040e-03    1.040e-03    5.671e+00    3.052e-05          True
      7697      1   3601   5.580828e-01   5.580828e-01   5.580810e-01   5.552226e-01    1.789e-06      2.860e-03    2.858e-03    5.944e+00    3.052e-05          True
      7698      1   3602  -1.895065e-01  -1.895065e-01  -1.895029e-01  -1.858149e-01    3.639e-06      3.692e-03    3.688e-03    3.549e+00    1.526e-05          True
      7704      1   3608   2.723763e-03   2.723763e-03   2.727480e-03   3.851779e-03    3.717e-06      1.128e-03    1.124e-03    3.938e+00    1.526e-05          True
      7710      1   3614   9.769272e-01   9.769272e-01   9.769310e-01   9.788774e-01    3.803e-06      1.950e-03    1.946e-03    3.325e+00    1.526e-05          True
      7711      1   3615  -2.025241e+00  -2.025241e+00  -2.025244e+00  -2.027761e+00    3.150e-06      2.520e-03    2.517e-03    2.878e+00    1.526e-05          True
      7718      1   3622  -2.347524e+00  -2.347524e+00  -2.347520e+00  -2.344406e+00    3.663e-06      3.117e-03    3.114e-03    4.315e+00    3.052e-05          True
      7722      1   3626   1.714368e+00   1.714368e+00   1.714370e+00   1.716351e+00    1.075e-06      1.983e-03    1.981e-03    5.722e+00    3.052e-05          True
      7741      1   3645   6.288212e-01   6.288212e-01   6.288255e-01   6.275440e-01    4.361e-06      1.277e-03    1.282e-03    4.219e+00    3.052e-05          True
      7749      1   3653  -1.276882e+00  -1.276882e+00  -1.276882e+00  -1.278600e+00    7.064e-07      1.718e-03    1.717e-03    5.111e+00    3.052e-05          True
      7753      1   3657  -1.571707e+00  -1.571707e+00  -1.571705e+00  -1.568323e+00    2.233e-06      3.384e-03    3.382e-03    7.514e+00    3.052e-05          True
      7756      1   3660   1.037481e+00   1.037481e+00   1.037491e+00   1.036058e+00    1.066e-05      1.422e-03    1.433e-03    6.315e+00    3.052e-05          True
      7759      1   3663   1.093839e+00   1.093839e+00   1.093842e+00   1.091518e+00    2.882e-06      2.321e-03    2.324e-03    3.718e+00    1.526e-05          True
      7761      1   3665   5.567852e-01   5.567852e-01   5.567906e-01   5.557111e-01    5.407e-06      1.074e-03    1.079e-03    3.955e+00    1.526e-05          True
      7762      1   3666   9.052833e-02   9.052833e-02   9.052733e-02   8.891111e-02    1.004e-06      1.617e-03    1.616e-03    2.891e+00    1.526e-05          True
      7765      1   3669  -4.523032e-01  -4.523032e-01  -4.523066e-01  -4.517412e-01    3.370e-06      5.620e-04    5.653e-04    3.772e+00    1.526e-05          True
      7767      1   3671  -2.471164e-02  -2.471164e-02  -2.471278e-02  -2.644394e-02    1.143e-06      1.732e-03    1.731e-03    3.646e+00    1.526e-05          True
      7778      1   3682  -7.888205e-01  -7.888205e-01  -7.888113e-01  -7.877802e-01    9.147e-06      1.040e-03    1.031e-03    6.975e+00    3.052e-05          True
      7782      1   3686   8.902280e-01   8.902280e-01   8.902280e-01   8.893024e-01    1.634e-09      9.255e-04    9.255e-04    4.072e+00    3.052e-05          True
      7797      1   3701   4.449951e-01   4.449951e-01   4.449937e-01   4.432857e-01    1.377e-06      1.709e-03    1.708e-03    4.262e+00    3.052e-05          True
      7799      1   3703   1.787600e+00   1.787600e+00   1.787605e+00   1.789458e+00    4.426e-06      1.858e-03    1.854e-03    4.987e+00    3.052e-05          True
      7805      1   3709   6.147762e-01   6.147762e-01   6.147833e-01   6.135519e-01    7.068e-06      1.224e-03    1.231e-03    6.148e+00    3.052e-05          True
      7812      1   3716   1.853220e+00   1.853220e+00   1.853214e+00   1.857401e+00    5.851e-06      4.181e-03    4.187e-03    3.894e+00    1.526e-05          True
      7821      1   3725   3.425332e+00   3.425332e+00   3.425331e+00   3.428868e+00    9.500e-07      3.536e-03    3.537e-03    5.547e+00    3.052e-05          True
      7823      1   3727   1.046823e+00   1.046823e+00   1.046823e+00   1.045321e+00    2.595e-07      1.502e-03    1.502e-03    6.376e+00    3.052e-05          True
      7825      1   3729  -1.241685e+00  -1.241685e+00  -1.241688e+00  -1.244849e+00    2.541e-06      3.164e-03    3.161e-03    3.309e+00    1.526e-05          True
      7827      1   3731   9.432114e-01   9.432114e-01   9.432091e-01   9.442701e-01    2.325e-06      1.059e-03    1.061e-03    3.161e+00    1.526e-05          True
      7833      1   3737   6.792113e-02   6.792113e-02   6.791946e-02   6.758209e-02    1.678e-06      3.390e-04    3.374e-04    2.876e+00    1.526e-05          True
      7835      1   3739   7.763340e-01   7.763340e-01   7.763323e-01   7.774835e-01    1.720e-06      1.149e-03    1.151e-03    4.819e+00    3.052e-05          True
      7838      1   3742  -4.629546e-01  -4.629546e-01  -4.629553e-01  -4.656956e-01    7.268e-07      2.741e-03    2.740e-03    4.005e+00    3.052e-05          True
      7843      1   3747   2.389915e-01   2.389915e-01   2.389887e-01   2.375657e-01    2.759e-06      1.426e-03    1.423e-03    4.582e+00    3.052e-05          True
      7845      1   3749  -8.261537e-01  -8.261537e-01  -8.261544e-01  -8.277941e-01    7.570e-07      1.640e-03    1.640e-03    3.237e+00    1.526e-05          True
      7846      1   3750   1.935653e-01   1.935653e-01   1.935750e-01   1.955993e-01    9.673e-06      2.034e-03    2.024e-03    9.196e+00    6.104e-05          True
      7868      1   3772  -1.019968e+00  -1.019968e+00  -1.019964e+00  -1.018627e+00    4.508e-06      1.341e-03    1.337e-03    4.048e+00    3.052e-05          True
      7877      1   3781  -1.610625e-01  -1.610625e-01  -1.610621e-01  -1.620927e-01    3.779e-07      1.030e-03    1.031e-03    4.437e+00    3.052e-05          True
      7888      1   3792   4.596568e-01   4.596568e-01   4.596601e-01   4.582196e-01    3.282e-06      1.437e-03    1.440e-03    3.056e+00    1.526e-05          True
      7891      1   3795   4.712582e-01   4.712582e-01   4.712589e-01   4.728737e-01    7.611e-07      1.615e-03    1.615e-03    5.295e+00    3.052e-05          True
      7893      1   3797   9.672532e-01   9.672532e-01   9.672543e-01   9.661723e-01    1.118e-06      1.081e-03    1.082e-03    4.245e+00    3.052e-05          True
      7908      1   3812   6.017729e-01   6.017729e-01   6.017709e-01   6.009997e-01    2.048e-06      7.732e-04    7.712e-04    3.728e+00    1.526e-05          True
      7909      1   3813   3.672274e-01   3.672274e-01   3.672235e-01   3.658643e-01    3.925e-06      1.363e-03    1.359e-03    5.013e+00    3.052e-05          True
      7919      1   3823   4.779770e-01   4.779770e-01   4.779763e-01   4.769630e-01    7.515e-07      1.014e-03    1.013e-03    7.751e+00    3.052e-05          True
      7930      1   3834   5.564628e-01   5.564628e-01   5.564678e-01   5.571869e-01    4.950e-06      7.241e-04    7.191e-04    3.808e+00    1.526e-05          True
      7934      1   3838  -2.231696e-01  -2.231696e-01  -2.231685e-01  -2.219823e-01    1.034e-06      1.187e-03    1.186e-03    4.957e+00    3.052e-05          True
      7943      1   3847  -5.876736e-01  -5.876736e-01  -5.876707e-01  -5.890934e-01    2.906e-06      1.420e-03    1.423e-03    3.959e+00    1.526e-05          True
      7946      1   3850  -6.685253e-01  -6.685253e-01  -6.685295e-01  -6.672634e-01    4.174e-06      1.262e-03    1.266e-03    6.034e+00    3.052e-05          True
      7948      1   3852  -9.039268e-01  -9.039268e-01  -9.039263e-01  -9.026077e-01    5.183e-07      1.319e-03    1.319e-03    3.945e+00    1.526e-05          True
      7950      1   3854  -5.370146e-01  -5.370146e-01  -5.370132e-01  -5.379702e-01    1.331e-06      9.556e-04    9.570e-04    3.329e+00    1.526e-05          True
      7955      1   3859   3.367530e-02   3.367530e-02   3.367124e-02   3.476739e-02    4.050e-06      1.092e-03    1.096e-03    4.918e+00    3.052e-05          True
      7978      1   3882   2.947024e-01   2.947024e-01   2.947040e-01   2.953205e-01    1.557e-06      6.180e-04    6.165e-04    8.004e+00    6.104e-05          True
      7980      1   3884  -2.755771e-01  -2.755771e-01  -2.755697e-01  -2.764650e-01    7.434e-06      8.878e-04    8.953e-04    5.893e+00    3.052e-05          True
      7989      1   3893   2.391311e-01   2.391311e-01   2.391305e-01   2.386869e-01    6.363e-07      4.443e-04    4.437e-04    2.596e+00    1.526e-05          True
      7991      1   3895  -1.565046e+00  -1.565046e+00  -1.565042e+00  -1.562744e+00    3.251e-06      2.301e-03    2.298e-03    5.550e+00    3.052e-05          True
      7992      1   3896  -1.194422e+00  -1.194422e+00  -1.194423e+00  -1.191128e+00    1.659e-06      3.293e-03    3.295e-03    4.964e+00    3.052e-05          True
      7993      1   3897   3.056524e-02   3.056524e-02   3.056461e-02   2.782612e-02    6.259e-07      2.739e-03    2.738e-03    2.866e+00    1.526e-05          True
      7997      1   3901   6.806519e-01   6.806519e-01   6.806519e-01   6.821099e-01    2.682e-08      1.458e-03    1.458e-03    3.385e+00    1.526e-05          True
      8001      1   3905  -2.311763e-01  -2.311763e-01  -2.311781e-01  -2.303098e-01    1.838e-06      8.665e-04    8.683e-04    6.705e+00    3.052e-05          True
      8010      1   3914  -8.157921e-01  -8.157921e-01  -8.157829e-01  -8.179247e-01    9.236e-06      2.133e-03    2.142e-03    5.948e+00    3.052e-05          True
      8022      1   3926  -8.625618e-01  -8.625618e-01  -8.625609e-01  -8.641828e-01    8.442e-07      1.621e-03    1.622e-03    3.385e+00    1.526e-05          True
      8032      1   3936  -1.800779e+00  -1.800779e+00  -1.800781e+00  -1.803734e+00    1.453e-06      2.955e-03    2.953e-03    4.127e+00    3.052e-05          True
      8036      1   3940   2.121166e-01   2.121166e-01   2.121135e-01   2.117123e-01    3.090e-06      4.043e-04    4.012e-04    3.937e+00    1.526e-05          True
      8040      1   3944   1.198784e+00   1.198784e+00   1.198786e+00   1.196701e+00    2.025e-06      2.082e-03    2.084e-03    3.073e+00    1.526e-05          True
      8052      1   3956  -4.376824e-01  -4.376824e-01  -4.376778e-01  -4.363771e-01    4.621e-06      1.305e-03    1.301e-03    2.645e+00    1.526e-05          True
      8065      1   3969   5.867334e-01   5.867334e-01   5.867372e-01   5.878932e-01    3.717e-06      1.160e-03    1.156e-03    3.684e+00    1.526e-05          True
      8070      1   3974  -9.437653e-01  -9.437653e-01  -9.437731e-01  -9.452611e-01    7.768e-06      1.496e-03    1.488e-03    5.170e+00    3.052e-05          True
      8072      1   3976  -1.360729e+00  -1.360729e+00  -1.360721e+00  -1.362830e+00    7.534e-06      2.101e-03    2.109e-03    7.187e+00    3.052e-05          True
      8077      1   3981   3.481977e-02   3.481977e-02   3.481842e-02   3.306266e-02    1.351e-06      1.757e-03    1.756e-03    4.167e+00    3.052e-05          True
      8078      1   3982   1.963674e+00   1.963674e+00   1.963678e+00   1.961673e+00    4.797e-06      2.001e-03    2.005e-03    5.217e+00    3.052e-05          True
      8083      1   3987  -1.295652e+00  -1.295652e+00  -1.295653e+00  -1.297317e+00    9.828e-07      1.665e-03    1.664e-03    2.723e+00    1.526e-05          True
      8086      1   3990   5.566639e-01   5.566639e-01   5.566629e-01   5.520338e-01    9.837e-07      4.630e-03    4.629e-03    4.122e+00    3.052e-05          True
      8095      1   3999   6.210910e-01   6.210910e-01   6.210899e-01   6.231897e-01    1.075e-06      2.099e-03    2.100e-03    3.279e+00    1.526e-05          True
      8097      1   4001  -1.531832e+00  -1.531832e+00  -1.531834e+00  -1.533672e+00    1.187e-06      1.840e-03    1.838e-03    4.378e+00    3.052e-05          True
      8113      1   4017  -1.126119e-01  -1.126119e-01  -1.126110e-01  -1.140901e-01    9.273e-07      1.478e-03    1.479e-03    5.197e+00    3.052e-05          True
      8119      1   4023  -1.750023e+00  -1.750023e+00  -1.750025e+00  -1.747567e+00    2.022e-06      2.457e-03    2.459e-03    6.605e+00    3.052e-05          True
      8177      1   4081   1.379095e+00   1.379095e+00   1.379099e+00   1.381931e+00    4.301e-06      2.836e-03    2.831e-03    3.279e+00    1.526e-05          True
      8188      1   4092  -2.806426e+00  -2.806426e+00  -2.806427e+00  -2.809642e+00    5.123e-07      3.216e-03    3.216e-03    5.311e+00    3.052e-05          True
      8208      2     16  -1.711297e+00  -1.711297e+00  -1.711299e+00  -1.709320e+00    1.994e-06      1.977e-03    1.979e-03    3.255e+00    1.526e-05          True
      8223      2     31  -3.841196e-01  -3.841196e-01  -3.841278e-01  -3.856842e-01    8.194e-06      1.565e-03    1.556e-03    5.147e+00    3.052e-05          True
      8224      2     32  -1.867336e-01  -1.867336e-01  -1.867351e-01  -1.875326e-01    1.476e-06      7.990e-04    7.975e-04    6.581e+00    3.052e-05          True
      8225      2     33  -2.001273e+00  -2.001273e+00  -2.001278e+00  -1.999077e+00    5.224e-06      2.196e-03    2.201e-03    5.129e+00    3.052e-05          True
      8227      2     35   1.578152e-01   1.578152e-01   1.578146e-01   1.591823e-01    5.779e-07      1.367e-03    1.368e-03    3.360e+00    1.526e-05          True
      8229      2     37  -5.324688e-01  -5.324688e-01  -5.324652e-01  -5.314247e-01    3.582e-06      1.044e-03    1.041e-03    3.770e+00    1.526e-05          True
      8234      2     42  -3.751481e-02  -3.751481e-02  -3.751448e-02  -3.379260e-02    3.275e-07      3.722e-03    3.722e-03    4.544e+00    3.052e-05          True
      8238      2     46  -3.219306e-01  -3.219306e-01  -3.219298e-01  -3.191607e-01    8.542e-07      2.770e-03    2.769e-03    5.883e+00    3.052e-05          True
      8250      2     58   2.582546e-01   2.582546e-01   2.582578e-01   2.591714e-01    3.169e-06      9.168e-04    9.136e-04    4.540e+00    3.052e-05          True
      8267      2     75  -6.790836e-01  -6.790836e-01  -6.790871e-01  -6.812998e-01    3.529e-06      2.216e-03    2.213e-03    4.625e+00    3.052e-05          True
      8268      2     76   1.541046e+00   1.541046e+00   1.541047e+00   1.543090e+00    8.377e-07      2.044e-03    2.043e-03    2.710e+00    1.526e-05          True
      8278      2     86   6.877846e-01   6.877846e-01   6.877850e-01   6.889657e-01    4.748e-07      1.181e-03    1.181e-03    5.796e+00    3.052e-05          True
      8288      2     96   1.734964e+00   1.734964e+00   1.734966e+00   1.736840e+00    1.680e-06      1.876e-03    1.874e-03    2.703e+00    1.526e-05          True
      8296      2    104  -1.701188e+00  -1.701188e+00  -1.701187e+00  -1.703707e+00    9.793e-07      2.519e-03    2.520e-03    5.393e+00    3.052e-05          True
      8297      2    105  -1.745393e+00  -1.745393e+00  -1.745392e+00  -1.747177e+00    1.690e-06      1.784e-03    1.786e-03    3.023e+00    1.526e-05          True
      8299      2    107   8.156490e-01   8.156490e-01   8.156503e-01   8.165857e-01    1.387e-06      9.368e-04    9.354e-04    2.856e+00    1.526e-05          True
      8302      2    110  -1.145733e+00  -1.145733e+00  -1.145730e+00  -1.147285e+00    3.529e-06      1.552e-03    1.555e-03    3.675e+00    1.526e-05          True
      8314      2    122  -2.161206e-03  -2.161206e-03  -2.164243e-03  -1.005679e-04    3.037e-06      2.061e-03    2.064e-03    6.790e+00    3.052e-05          True
      8323      2    131   6.233733e-01   6.233733e-01   6.233704e-01   6.223090e-01    2.856e-06      1.064e-03    1.061e-03    4.819e+00    3.052e-05          True
      8326      2    134  -1.994280e+00  -1.994280e+00  -1.994287e+00  -1.992063e+00    6.807e-06      2.217e-03    2.224e-03    8.695e+00    6.104e-05          True
      8327      2    135  -1.484639e+00  -1.484639e+00  -1.484639e+00  -1.482304e+00    5.322e-07      2.335e-03    2.336e-03    3.611e+00    1.526e-05          True
      8328      2    136  -9.735053e-01  -9.735053e-01  -9.735073e-01  -9.716469e-01    1.972e-06      1.858e-03    1.860e-03    4.423e+00    3.052e-05          True
      8330      2    138  -6.308274e-01  -6.308274e-01  -6.308268e-01  -6.296847e-01    6.373e-07      1.143e-03    1.142e-03    4.481e+00    3.052e-05          True
      8346      2    154  -1.102513e-01  -1.102513e-01  -1.102465e-01  -1.104349e-01    4.751e-06      1.836e-04    1.884e-04    7.255e+00    3.052e-05          True
      8347      2    155  -4.327592e-02  -4.327592e-02  -4.327435e-02  -4.343574e-02    1.564e-06      1.598e-04    1.614e-04    3.844e+00    1.526e-05          True
      8354      2    162  -4.177244e-01  -4.177244e-01  -4.177243e-01  -4.170656e-01    7.060e-08      6.587e-04    6.587e-04    4.947e+00    3.052e-05          True
      8364      2    172  -3.331952e-02  -3.331952e-02  -3.332030e-02  -3.355704e-02    7.834e-07      2.375e-04    2.367e-04    5.050e+00    3.052e-05          True
      8374      2    182   2.041351e-02   2.041351e-02   2.041096e-02   2.175424e-02    2.545e-06      1.341e-03    1.343e-03    4.371e+00    3.052e-05          True
      8378      2    186   2.015258e+00   2.015258e+00   2.015260e+00   2.017335e+00    1.498e-06      2.077e-03    2.075e-03    4.332e+00    3.052e-05          True
      8392      2    200  -8.770645e-01  -8.770645e-01  -8.770629e-01  -8.786578e-01    1.612e-06      1.593e-03    1.595e-03    5.148e+00    3.052e-05          True
      8400      2    208  -1.451971e+00  -1.451971e+00  -1.451969e+00  -1.450249e+00    2.081e-06      1.722e-03    1.720e-03    3.449e+00    1.526e-05          True
      8413      2    221   1.385156e+00   1.385156e+00   1.385155e+00   1.383368e+00    6.091e-07      1.787e-03    1.787e-03    2.610e+00    1.526e-05          True
      8415      2    223   1.803323e+00   1.803323e+00   1.803320e+00   1.801323e+00    2.458e-06      2.000e-03    1.998e-03    3.636e+00    1.526e-05          True
      8417      2    225   6.820508e-01   6.820508e-01   6.820489e-01   6.812530e-01    1.842e-06      7.978e-04    7.960e-04    3.270e+00    1.526e-05          True
      8424      2    232  -2.259851e-01  -2.259851e-01  -2.259875e-01  -2.272783e-01    2.394e-06      1.293e-03    1.291e-03    4.777e+00    3.052e-05          True
      8426      2    234  -7.013840e-03  -7.013840e-03  -7.018871e-03  -6.040452e-03    5.031e-06      9.734e-04    9.784e-04    5.434e+00    3.052e-05          True
      8428      2    236   7.286503e-01   7.286503e-01   7.286524e-01   7.267462e-01    2.012e-06      1.904e-03    1.906e-03    3.559e+00    1.526e-05          True
      8429      2    237   2.047250e+00   2.047250e+00   2.047246e+00   2.044858e+00    3.445e-06      2.392e-03    2.389e-03    4.723e+00    3.052e-05          True
      8436      2    244  -6.418922e-01  -6.418922e-01  -6.418920e-01  -6.403247e-01    2.925e-07      1.568e-03    1.567e-03    6.004e+00    3.052e-05          True
      8439      2    247  -1.046093e+00  -1.046093e+00  -1.046098e+00  -1.047705e+00    4.743e-06      1.612e-03    1.607e-03    5.887e+00    3.052e-05          True
      8447      2    255  -1.860748e+00  -1.860748e+00  -1.860745e+00  -1.863158e+00    3.006e-06      2.410e-03    2.413e-03    6.452e+00    3.052e-05          True
      8448      2    256  -1.997848e-01  -1.997848e-01  -1.997859e-01  -1.991844e-01    1.042e-06      6.004e-04    6.014e-04    2.743e+00    1.526e-05          True
      8476      2    284   1.514421e+00   1.514421e+00   1.514423e+00   1.516189e+00    2.569e-06      1.768e-03    1.765e-03    3.322e+00    1.526e-05          True
      8477      2    285   5.104594e-01   5.104594e-01   5.104594e-01   5.086362e-01    3.938e-08      1.823e-03    1.823e-03    4.558e+00    3.052e-05          True
      8484      2    292  -1.892549e+00  -1.892549e+00  -1.892548e+00  -1.890009e+00    1.568e-06      2.540e-03    2.539e-03    3.892e+00    1.526e-05          True
      8485      2    293   1.955127e+00   1.955127e+00   1.955124e+00   1.957308e+00    2.475e-06      2.181e-03    2.183e-03    3.822e+00    1.526e-05          True
      8495      2    303  -5.697043e-01  -5.697043e-01  -5.697068e-01  -5.691351e-01    2.534e-06      5.691e-04    5.717e-04    2.941e+00    1.526e-05          True
      8500      2    308   7.216156e-01   7.216156e-01   7.216140e-01   7.194453e-01    1.599e-06      2.170e-03    2.169e-03    7.615e+00    3.052e-05          True
      8502      2    310  -1.035353e+00  -1.035353e+00  -1.035354e+00  -1.033982e+00    1.024e-06      1.372e-03    1.373e-03    4.280e+00    3.052e-05          True
      8509      2    317   1.926709e+00   1.926709e+00   1.926713e+00   1.929758e+00    4.639e-06      3.049e-03    3.044e-03    3.424e+00    1.526e-05          True
      8516      2    324   2.116238e+00   2.116238e+00   2.116240e+00   2.113782e+00    2.169e-06      2.456e-03    2.458e-03    4.053e+00    3.052e-05          True
      8519      2    327   5.184151e-01   5.184151e-01   5.184122e-01   5.175257e-01    2.944e-06      8.894e-04    8.864e-04    3.013e+00    1.526e-05          True
      8528      2    336  -1.267301e+00  -1.267301e+00  -1.267306e+00  -1.268585e+00    5.631e-06      1.285e-03    1.279e-03    3.647e+00    1.526e-05          True
      8530      2    338  -1.310118e-01  -1.310118e-01  -1.310128e-01  -1.327427e-01    1.027e-06      1.731e-03    1.730e-03    4.063e+00    3.052e-05          True
      8540      2    348  -8.300869e-01  -8.300869e-01  -8.300797e-01  -8.316897e-01    7.186e-06      1.603e-03    1.610e-03    6.178e+00    3.052e-05          True
      8544      2    352  -1.815840e+00  -1.815840e+00  -1.815840e+00  -1.817938e+00    5.088e-07      2.098e-03    2.098e-03    2.703e+00    1.526e-05          True
      8566      2    374  -1.310209e+00  -1.310209e+00  -1.310210e+00  -1.311657e+00    1.060e-06      1.448e-03    1.447e-03    6.280e+00    3.052e-05          True
      8568      2    376  -1.536730e+00  -1.536730e+00  -1.536725e+00  -1.538813e+00    4.973e-06      2.083e-03    2.088e-03    5.517e+00    3.052e-05          True
      8569      2    377  -3.794132e-01  -3.794132e-01  -3.794084e-01  -3.806753e-01    4.722e-06      1.262e-03    1.267e-03    7.684e+00    3.052e-05          True
      8570      2    378  -5.480042e-01  -5.480042e-01  -5.480057e-01  -5.498956e-01    1.462e-06      1.891e-03    1.890e-03    5.774e+00    3.052e-05          True
      8581      2    389   1.616575e+00   1.616575e+00   1.616578e+00   1.618881e+00    3.071e-06      2.306e-03    2.303e-03    6.901e+00    3.052e-05          True
      8589      2    397  -1.470014e+00  -1.470014e+00  -1.470016e+00  -1.468215e+00    1.321e-06      1.799e-03    1.801e-03    2.647e+00    1.526e-05          True
      8591      2    399   1.314510e+00   1.314510e+00   1.314508e+00   1.317387e+00    1.639e-06      2.877e-03    2.879e-03    3.637e+00    1.526e-05          True
      8592      2    400   1.504987e-01   1.504987e-01   1.504995e-01   1.516480e-01    8.532e-07      1.149e-03    1.148e-03    3.962e+00    1.526e-05          True
      8601      2    409  -1.527171e+00  -1.527171e+00  -1.527171e+00  -1.529618e+00    3.720e-07      2.447e-03    2.447e-03    5.477e+00    3.052e-05          True
      8616      2    424   1.317537e+00   1.317537e+00   1.317541e+00   1.320068e+00    3.977e-06      2.531e-03    2.527e-03    3.673e+00    1.526e-05          True
      8627      2    435   5.402282e-01   5.402282e-01   5.402242e-01   5.395098e-01    4.032e-06      7.184e-04    7.144e-04    4.343e+00    3.052e-05          True
      8628      2    436   1.392072e+00   1.392072e+00   1.392073e+00   1.394205e+00    8.802e-07      2.134e-03    2.133e-03    5.362e+00    3.052e-05          True
      8632      2    440  -1.270792e+00  -1.270792e+00  -1.270795e+00  -1.268584e+00    2.178e-06      2.209e-03    2.211e-03    4.688e+00    3.052e-05          True
      8644      2    452   3.571665e-01   3.571665e-01   3.571689e-01   3.581376e-01    2.403e-06      9.711e-04    9.687e-04    4.157e+00    3.052e-05          True
      8647      2    455  -2.144349e+00  -2.144349e+00  -2.144350e+00  -2.141647e+00    7.763e-08      2.703e-03    2.703e-03    4.396e+00    3.052e-05          True
      8658      2    466  -2.775035e-01  -2.775035e-01  -2.775035e-01  -2.763316e-01    5.932e-08      1.172e-03    1.172e-03    3.271e+00    1.526e-05          True
      8659      2    467   5.062427e-02   5.062427e-02   5.062862e-02   4.932012e-02    4.350e-06      1.304e-03    1.309e-03    4.260e+00    3.052e-05          True
      8660      2    468  -1.376456e+00  -1.376456e+00  -1.376454e+00  -1.378380e+00    1.885e-06      1.924e-03    1.925e-03    3.040e+00    1.526e-05          True
      8668      2    476   2.293961e+00   2.293961e+00   2.293967e+00   2.291624e+00    5.528e-06      2.337e-03    2.343e-03    6.069e+00    3.052e-05          True
      8669      2    477  -1.239294e-01  -1.239294e-01  -1.239313e-01  -1.240769e-01    1.871e-06      1.476e-04    1.457e-04    3.589e+00    1.526e-05          True
      8681      2    489   2.140186e+00   2.140186e+00   2.140186e+00   2.137846e+00    2.981e-07      2.340e-03    2.339e-03    5.559e+00    3.052e-05          True
      8687      2    495   5.469434e-01   5.469434e-01   5.469424e-01   5.490409e-01    1.074e-06      2.097e-03    2.099e-03    3.309e+00    1.526e-05          True
      8696      2    504   1.621395e+00   1.621395e+00   1.621392e+00   1.619355e+00    3.070e-06      2.040e-03    2.037e-03    4.295e+00    3.052e-05          True
      8705      2    513  -3.453163e-02  -3.453163e-02  -3.453466e-02  -3.486706e-02    3.038e-06      3.354e-04    3.324e-04    3.196e+00    1.526e-05          True
      8709      2    517  -2.165085e-01  -2.165085e-01  -2.165083e-01  -2.181032e-01    2.274e-07      1.595e-03    1.595e-03    4.371e+00    3.052e-05          True
      8712      2    520   4.575517e-01   4.575517e-01   4.575508e-01   4.567056e-01    9.223e-07      8.461e-04    8.452e-04    3.992e+00    1.526e-05          True
      8722      2    530   6.546443e-01   6.546443e-01   6.546465e-01   6.557541e-01    2.171e-06      1.110e-03    1.108e-03    3.118e+00    1.526e-05          True
      8724      2    532   1.494818e-01   1.494818e-01   1.494805e-01   1.491318e-01    1.304e-06      3.500e-04    3.487e-04    4.076e+00    3.052e-05          True
      8734      2    542  -1.407055e+00  -1.407055e+00  -1.407057e+00  -1.405212e+00    1.700e-06      1.844e-03    1.845e-03    4.100e+00    3.052e-05          True
      8737      2    545  -1.884239e-01  -1.884239e-01  -1.884279e-01  -1.886411e-01    4.006e-06      2.172e-04    2.132e-04    5.625e+00    3.052e-05          True
      8744      2    552  -2.368285e-01  -2.368285e-01  -2.368274e-01  -2.386145e-01    1.178e-06      1.786e-03    1.787e-03    3.539e+00    1.526e-05          True
      8751      2    559   1.547674e+00   1.547674e+00   1.547677e+00   1.545934e+00    3.036e-06      1.740e-03    1.743e-03    3.670e+00    1.526e-05          True
      8752      2    560   4.704602e-01   4.704602e-01   4.704549e-01   4.713616e-01    5.330e-06      9.014e-04    9.067e-04    6.376e+00    3.052e-05          True
      8759      2    567  -2.902680e-01  -2.902680e-01  -2.902643e-01  -2.915317e-01    3.748e-06      1.264e-03    1.267e-03    5.804e+00    3.052e-05          True
      8766      2    574  -7.625666e-01  -7.625666e-01  -7.625654e-01  -7.634584e-01    1.229e-06      8.918e-04    8.930e-04    4.747e+00    3.052e-05          True
      8769      2    577  -1.290182e+00  -1.290182e+00  -1.290178e+00  -1.288736e+00    3.184e-06      1.446e-03    1.442e-03    3.824e+00    1.526e-05          True
      8779      2    587   1.159349e-01   1.159349e-01   1.159326e-01   1.176761e-01    2.319e-06      1.741e-03    1.743e-03    4.334e+00    3.052e-05          True
      8780      2    588   1.084927e+00   1.084927e+00   1.084917e+00   1.086040e+00    9.622e-06      1.113e-03    1.123e-03    1.274e+01    6.104e-05          True
      8781      2    589   8.174851e-01   8.174851e-01   8.174808e-01   8.196331e-01    4.272e-06      2.148e-03    2.152e-03    4.278e+00    3.052e-05          True
      8787      2    595  -2.473568e+00  -2.473568e+00  -2.473565e+00  -2.470885e+00    3.720e-06      2.683e-03    2.680e-03    6.797e+00    3.052e-05          True
      8791      2    599   2.361341e+00   2.361341e+00   2.361342e+00   2.358526e+00    1.554e-06      2.815e-03    2.817e-03    7.325e+00    3.052e-05          True
      8797      2    605  -1.109972e+00  -1.109972e+00  -1.109974e+00  -1.107665e+00    2.362e-06      2.306e-03    2.309e-03    3.986e+00    1.526e-05          True
      8801      2    609  -1.868923e-01  -1.868923e-01  -1.868908e-01  -1.879059e-01    1.549e-06      1.014e-03    1.015e-03    4.120e+00    3.052e-05          True
      8806      2    614   1.014132e+00   1.014132e+00   1.014139e+00   1.016001e+00    7.742e-06      1.869e-03    1.861e-03    5.578e+00    3.052e-05          True
      8819      2    627  -2.201862e+00  -2.201862e+00  -2.201860e+00  -2.199461e+00    2.160e-06      2.401e-03    2.399e-03    4.073e+00    3.052e-05          True
      8833      2    641   7.859207e-01   7.859207e-01   7.859205e-01   7.848027e-01    1.519e-07      1.118e-03    1.118e-03    2.978e+00    1.526e-05          True
      8839      2    647   4.401877e-01   4.401877e-01   4.401852e-01   4.390684e-01    2.531e-06      1.119e-03    1.117e-03    6.416e+00    3.052e-05          True
      8840      2    648   7.390258e-01   7.390258e-01   7.390316e-01   7.416134e-01    5.748e-06      2.588e-03    2.582e-03    5.020e+00    3.052e-05          True
      8843      2    651   3.923063e-02   3.923063e-02   3.922770e-02   4.090729e-02    2.924e-06      1.677e-03    1.680e-03    3.037e+00    1.526e-05          True
      8845      2    653   2.578228e-01   2.578228e-01   2.578286e-01   2.568450e-01    5.814e-06      9.778e-04    9.836e-04    6.109e+00    3.052e-05          True
      8849      2    657   1.010221e+00   1.010221e+00   1.010223e+00   1.012163e+00    1.962e-06      1.942e-03    1.940e-03    6.002e+00    3.052e-05          True
      8860      2    668   4.920258e-01   4.920258e-01   4.920274e-01   4.934699e-01    1.595e-06      1.444e-03    1.442e-03    4.071e+00    3.052e-05          True
      8867      2    675   1.113934e+00   1.113934e+00   1.113936e+00   1.115145e+00    2.149e-06      1.211e-03    1.209e-03    3.405e+00    1.526e-05          True
      8874      2    682   5.755825e-01   5.755825e-01   5.755823e-01   5.735404e-01    2.539e-07      2.042e-03    2.042e-03    4.467e+00    3.052e-05          True
      8899      2    707  -1.542553e+00  -1.542553e+00  -1.542557e+00  -1.544821e+00    4.590e-06      2.269e-03    2.264e-03    5.831e+00    3.052e-05          True
      8912      2    720   1.503022e+00   1.503022e+00   1.503023e+00   1.500526e+00    1.180e-06      2.496e-03    2.497e-03    4.367e+00    3.052e-05          True
      8917      2    725  -1.093090e+00  -1.093090e+00  -1.093098e+00  -1.091630e+00    7.767e-06      1.460e-03    1.468e-03    3.846e+00    1.526e-05          True
      8930      2    738   4.848414e-01   4.848414e-01   4.848430e-01   4.816651e-01    1.634e-06      3.176e-03    3.178e-03    3.671e+00    1.526e-05          True
      8943      2    751  -5.255926e-01  -5.255926e-01  -5.255901e-01  -5.206198e-01    2.493e-06      4.973e-03    4.970e-03    5.422e+00    3.052e-05          True
      8945      2    753  -5.672365e-01  -5.672365e-01  -5.672349e-01  -5.659655e-01    1.588e-06      1.271e-03    1.269e-03    3.449e+00    1.526e-05          True
      8950      2    758   1.316064e-01   1.316064e-01   1.316060e-01   1.310519e-01    4.443e-07      5.545e-04    5.540e-04    3.593e+00    1.526e-05          True
      8962      2    770  -2.732345e+00  -2.732345e+00  -2.732346e+00  -2.735861e+00    1.792e-06      3.516e-03    3.514e-03    5.308e+00    3.052e-05          True
      8969      2    777  -1.050288e+00  -1.050288e+00  -1.050282e+00  -1.051845e+00    6.083e-06      1.557e-03    1.563e-03    4.730e+00    3.052e-05          True
      8989      2    797  -5.065494e-03  -5.065494e-03  -5.066850e-03  -5.756915e-03    1.356e-06      6.914e-04    6.901e-04    6.419e+00    3.052e-05          True
      8990      2    798   2.361176e-01   2.361176e-01   2.361159e-01   2.354650e-01    1.637e-06      6.526e-04    6.509e-04    3.657e+00    1.526e-05          True
      8992      2    800   1.289116e+00   1.289116e+00   1.289121e+00   1.287522e+00    5.050e-06      1.594e-03    1.599e-03    2.878e+00    1.526e-05          True
      9000      2    808  -2.557778e+00  -2.557778e+00  -2.557775e+00  -2.553680e+00    2.411e-06      4.098e-03    4.096e-03    8.155e+00    6.104e-05          True
      9001      2    809   4.927695e-01   4.927695e-01   4.927696e-01   4.933550e-01    1.696e-07      5.855e-04    5.854e-04    5.760e+00    3.052e-05          True
      9007      2    815   7.392226e-02   7.392226e-02   7.392035e-02   7.411575e-02    1.916e-06      1.935e-04    1.954e-04    3.691e+00    1.526e-05          True
      9019      2    827  -5.576505e-01  -5.576505e-01  -5.576460e-01  -5.554598e-01    4.566e-06      2.191e-03    2.186e-03    4.816e+00    3.052e-05          True
      9022      2    830  -1.067521e+00  -1.067521e+00  -1.067523e+00  -1.066064e+00    2.233e-06      1.456e-03    1.459e-03    3.073e+00    1.526e-05          True
      9027      2    835  -6.636595e-01  -6.636595e-01  -6.636602e-01  -6.614797e-01    7.346e-07      2.180e-03    2.181e-03    3.124e+00    1.526e-05          True
      9035      2    843   1.404081e+00   1.404081e+00   1.404083e+00   1.401956e+00    1.088e-06      2.126e-03    2.127e-03    6.378e+00    3.052e-05          True
      9036      2    844   5.729350e-01   5.729350e-01   5.729374e-01   5.739758e-01    2.387e-06      1.041e-03    1.038e-03    5.386e+00    3.052e-05          True
      9046      2    854   9.401254e-01   9.401254e-01   9.401298e-01   9.425521e-01    4.446e-06      2.427e-03    2.422e-03    4.104e+00    3.052e-05          True
      9052      2    860  -9.958947e-02  -9.958947e-02  -9.959316e-02  -9.941375e-02    3.683e-06      1.757e-04    1.794e-04    3.661e+00    1.526e-05          True
      9053      2    861  -1.000671e+00  -1.000671e+00  -1.000673e+00  -1.003713e+00    2.239e-06      3.042e-03    3.040e-03    5.350e+00    3.052e-05          True
      9055      2    863  -9.769818e-01  -9.769818e-01  -9.769825e-01  -9.793293e-01    7.108e-07      2.348e-03    2.347e-03    3.776e+00    1.526e-05          True
      9064      2    872   5.555163e-01   5.555163e-01   5.555164e-01   5.545878e-01    9.934e-08      9.285e-04    9.286e-04    3.290e+00    1.526e-05          True
      9073      2    881  -3.479808e-02  -3.479808e-02  -3.479438e-02  -3.560169e-02    3.704e-06      8.036e-04    8.073e-04    3.074e+00    1.526e-05          True
      9075      2    883  -1.325978e-02  -1.325978e-02  -1.326047e-02  -1.271743e-02    6.947e-07      5.424e-04    5.430e-04    3.287e+00    1.526e-05          True
      9081      2    889   2.126881e-01   2.126881e-01   2.126881e-01   2.121559e-01    1.572e-08      5.322e-04    5.322e-04    3.112e+00    1.526e-05          True
      9083      2    891   7.483471e-02   7.483471e-02   7.484229e-02   7.528456e-02    7.575e-06      4.498e-04    4.423e-04    5.983e+00    3.052e-05          True
      9087      2    895  -1.370388e+00  -1.370388e+00  -1.370392e+00  -1.367691e+00    4.059e-06      2.697e-03    2.701e-03    4.993e+00    3.052e-05          True
      9091      2    899  -3.001165e-03  -3.001165e-03  -3.002412e-03  -1.631819e-03    1.247e-06      1.369e-03    1.371e-03    3.278e+00    1.526e-05          True
      9092      2    900  -5.204974e-02  -5.204974e-02  -5.204860e-02  -5.178577e-02    1.133e-06      2.640e-04    2.628e-04    5.339e+00    3.052e-05          True
      9098      2    906   4.730057e-01   4.730057e-01   4.730034e-01   4.745727e-01    2.313e-06      1.567e-03    1.569e-03    3.136e+00    1.526e-05          True
      9106      2    914   3.540592e-01   3.540592e-01   3.540564e-01   3.524832e-01    2.822e-06      1.576e-03    1.573e-03    4.132e+00    3.052e-05          True
      9114      2    922   9.399359e-01   9.399359e-01   9.399372e-01   9.409157e-01    1.243e-06      9.798e-04    9.785e-04    3.140e+00    1.526e-05          True
      9120      2    928  -1.540162e-01  -1.540162e-01  -1.540167e-01  -1.521223e-01    5.301e-07      1.894e-03    1.894e-03    2.540e+00    1.526e-05          True
      9132      2    940   7.798896e-01   7.798896e-01   7.798900e-01   7.774702e-01    4.404e-07      2.419e-03    2.420e-03    4.937e+00    3.052e-05          True
      9153      2    961  -9.508670e-01  -9.508670e-01  -9.508671e-01  -9.519913e-01    4.256e-08      1.124e-03    1.124e-03    8.246e+00    6.104e-05          True
      9159      2    967  -1.612927e+00  -1.612927e+00  -1.612926e+00  -1.611260e+00    1.505e-06      1.667e-03    1.666e-03    4.500e+00    3.052e-05          True
      9162      2    970   1.577045e+00   1.577045e+00   1.577049e+00   1.575417e+00    3.788e-06      1.628e-03    1.632e-03    4.307e+00    3.052e-05          True
      9174      2    982  -1.315103e+00  -1.315103e+00  -1.315097e+00  -1.312906e+00    6.434e-06      2.198e-03    2.191e-03    5.311e+00    3.052e-05          True
      9175      2    983  -2.269468e-01  -2.269468e-01  -2.269437e-01  -2.277802e-01    3.103e-06      8.334e-04    8.365e-04    4.055e+00    3.052e-05          True
      9186      2    994  -1.866491e+00  -1.866491e+00  -1.866493e+00  -1.863764e+00    1.638e-06      2.727e-03    2.729e-03    5.261e+00    3.052e-05          True
      9201      2   1009  -2.280127e-01  -2.280127e-01  -2.280150e-01  -2.274869e-01    2.249e-06      5.259e-04    5.281e-04    6.073e+00    3.052e-05          True
      9206      2   1014  -1.492039e+00  -1.492039e+00  -1.492035e+00  -1.489813e+00    4.397e-06      2.226e-03    2.222e-03    4.316e+00    3.052e-05          True
      9215      2   1023   2.566893e-01   2.566893e-01   2.566898e-01   2.577917e-01    4.864e-07      1.102e-03    1.102e-03    3.532e+00    1.526e-05          True
      9216      2   1024  -2.210567e-01  -2.210567e-01  -2.210571e-01  -2.220799e-01    3.754e-07      1.023e-03    1.023e-03    4.564e+00    3.052e-05          True
      9219      2   1027  -2.565315e-01  -2.565315e-01  -2.565319e-01  -2.594601e-01    3.432e-07      2.929e-03    2.928e-03    3.741e+00    1.526e-05          True
      9227      2   1035   4.595200e-01   4.595200e-01   4.595183e-01   4.606490e-01    1.632e-06      1.129e-03    1.131e-03    7.940e+00    3.052e-05          True
      9229      2   1037  -1.769287e+00  -1.769287e+00  -1.769286e+00  -1.766484e+00    1.576e-07      2.803e-03    2.802e-03    3.813e+00    1.526e-05          True
      9230      2   1038   1.301710e+00   1.301710e+00   1.301712e+00   1.303595e+00    1.475e-06      1.885e-03    1.884e-03    3.033e+00    1.526e-05          True
      9248      2   1056   1.042885e-01   1.042885e-01   1.042881e-01   1.054649e-01    4.011e-07      1.176e-03    1.177e-03    3.055e+00    1.526e-05          True
      9258      2   1066  -4.449854e-01  -4.449854e-01  -4.449880e-01  -4.443596e-01    2.602e-06      6.258e-04    6.284e-04    5.944e+00    3.052e-05          True
      9261      2   1069   7.940786e-01   7.940786e-01   7.940779e-01   7.926148e-01    7.084e-07      1.464e-03    1.463e-03    2.990e+00    1.526e-05          True
      9267      2   1075   1.298606e+00   1.298606e+00   1.298606e+00   1.296957e+00    2.069e-07      1.650e-03    1.650e-03    5.314e+00    3.052e-05          True
      9268      2   1076   3.859356e-01   3.859356e-01   3.859373e-01   3.850441e-01    1.776e-06      8.915e-04    8.932e-04    5.509e+00    3.052e-05          True
      9270      2   1078  -6.209449e-01  -6.209449e-01  -6.209424e-01  -6.235564e-01    2.496e-06      2.611e-03    2.614e-03    4.653e+00    3.052e-05          True
      9273      2   1081   5.836373e-01   5.836373e-01   5.836358e-01   5.828739e-01    1.517e-06      7.634e-04    7.619e-04    7.105e+00    3.052e-05          True
      9276      2   1084  -2.777393e-02  -2.777393e-02  -2.777541e-02  -2.980911e-02    1.475e-06      2.035e-03    2.034e-03    7.690e+00    3.052e-05          True
      9278      2   1086  -2.637309e+00  -2.637309e+00  -2.637306e+00  -2.634459e+00    2.699e-06      2.850e-03    2.847e-03    4.627e+00    3.052e-05          True
      9283      2   1091   3.165350e-01   3.165350e-01   3.165355e-01   3.179443e-01    4.351e-07      1.409e-03    1.409e-03    3.727e+00    1.526e-05          True
      9286      2   1094   1.166619e+00   1.166619e+00   1.166623e+00   1.167855e+00    3.711e-06      1.236e-03    1.233e-03    4.761e+00    3.052e-05          True
      9295      2   1103   6.501705e-01   6.501705e-01   6.501727e-01   6.524258e-01    2.228e-06      2.255e-03    2.253e-03    6.520e+00    3.052e-05          True
      9296      2   1104   6.976248e-01   6.976248e-01   6.976269e-01   6.989447e-01    2.131e-06      1.320e-03    1.318e-03    2.808e+00    1.526e-05          True
      9297      2   1105  -5.084275e-01  -5.084275e-01  -5.084261e-01  -5.099189e-01    1.452e-06      1.491e-03    1.493e-03    2.428e+00    1.526e-05          True
      9303      2   1111  -1.054984e-01  -1.054984e-01  -1.054992e-01  -1.053024e-01    8.628e-07      1.960e-04    1.968e-04    3.119e+00    1.526e-05          True
      9312      2   1120  -7.366214e-03  -7.366214e-03  -7.364513e-03  -9.030666e-03    1.701e-06      1.664e-03    1.666e-03    2.978e+00    1.526e-05          True
      9324      2   1132   3.764035e-01   3.764035e-01   3.764006e-01   3.757323e-01    2.905e-06      6.711e-04    6.682e-04    7.533e+00    3.052e-05          True
      9328      2   1136   1.204870e+00   1.204870e+00   1.204870e+00   1.206567e+00    5.586e-07      1.697e-03    1.697e-03    3.617e+00    1.526e-05          True
      9330      2   1138  -3.859523e-01  -3.859523e-01  -3.859512e-01  -3.873761e-01    1.051e-06      1.424e-03    1.425e-03    3.548e+00    1.526e-05          True
      9339      2   1147  -5.361879e-01  -5.361879e-01  -5.361869e-01  -5.368674e-01    1.037e-06      6.795e-04    6.806e-04    2.655e+00    1.526e-05          True
      9342      2   1150  -3.190967e-01  -3.190967e-01  -3.191024e-01  -3.206649e-01    5.694e-06      1.568e-03    1.563e-03    3.746e+00    1.526e-05          True
      9343      2   1151   3.470540e+00   3.470540e+00   3.470538e+00   3.466434e+00    1.873e-06      4.106e-03    4.104e-03    6.058e+00    3.052e-05          True
      9348      2   1156  -8.631266e-01  -8.631266e-01  -8.631235e-01  -8.641317e-01    3.017e-06      1.005e-03    1.008e-03    3.850e+00    1.526e-05          True
      9350      2   1158  -1.485282e+00  -1.485282e+00  -1.485283e+00  -1.482902e+00    1.767e-06      2.379e-03    2.381e-03    4.159e+00    3.052e-05          True
      9354      2   1162  -3.842306e-01  -3.842306e-01  -3.842312e-01  -3.825137e-01    6.001e-07      1.717e-03    1.717e-03    2.533e+00    1.526e-05          True
      9359      2   1167   2.656359e-01   2.656359e-01   2.656364e-01   2.659052e-01    4.700e-07      2.693e-04    2.688e-04    3.411e+00    1.526e-05          True
      9363      2   1171   4.627468e-01   4.627468e-01   4.627468e-01   4.616346e-01    5.516e-09      1.112e-03    1.112e-03    4.260e+00    3.052e-05          True
      9368      2   1176  -1.664861e+00  -1.664861e+00  -1.664862e+00  -1.667572e+00    1.458e-06      2.711e-03    2.710e-03    3.158e+00    1.526e-05          True
      9383      2   1191  -1.630026e-01  -1.630026e-01  -1.629997e-01  -1.599519e-01    2.937e-06      3.051e-03    3.048e-03    3.941e+00    1.526e-05          True
      9384      2   1192   7.554942e-01   7.554942e-01   7.554956e-01   7.546000e-01    1.448e-06      8.941e-04    8.956e-04    2.939e+00    1.526e-05          True
      9389      2   1197   7.608003e-01   7.608003e-01   7.607990e-01   7.621184e-01    1.341e-06      1.318e-03    1.319e-03    2.894e+00    1.526e-05          True
      9392      2   1200  -3.157604e-02  -3.157604e-02  -3.157706e-02  -3.105681e-02    1.023e-06      5.192e-04    5.203e-04    5.636e+00    3.052e-05          True
      9394      2   1202  -1.121462e+00  -1.121462e+00  -1.121460e+00  -1.123106e+00    1.349e-06      1.645e-03    1.646e-03    3.379e+00    1.526e-05          True
      9409      2   1217  -4.490738e-01  -4.490738e-01  -4.490707e-01  -4.470333e-01    3.093e-06      2.040e-03    2.037e-03    4.828e+00    3.052e-05          True
      9417      2   1225  -1.330598e-01  -1.330598e-01  -1.330612e-01  -1.325631e-01    1.444e-06      4.967e-04    4.981e-04    3.066e+00    1.526e-05          True
      9433      2   1241  -8.607762e-01  -8.607762e-01  -8.607793e-01  -8.583884e-01    3.120e-06      2.388e-03    2.391e-03    6.333e+00    3.052e-05          True
      9434      2   1242   1.806336e-01   1.806336e-01   1.806234e-01   1.817227e-01    1.015e-05      1.089e-03    1.099e-03    7.451e+00    3.052e-05          True
      9435      2   1243  -5.436451e-01  -5.436451e-01  -5.436482e-01  -5.419685e-01    3.119e-06      1.677e-03    1.680e-03    5.659e+00    3.052e-05          True
      9436      2   1244  -1.886467e+00  -1.886467e+00  -1.886472e+00  -1.883558e+00    5.725e-06      2.908e-03    2.914e-03    3.626e+00    1.526e-05          True
      9438      2   1246  -3.393646e-01  -3.393646e-01  -3.393615e-01  -3.371976e-01    3.070e-06      2.167e-03    2.164e-03    3.097e+00    1.526e-05          True
      9446      2   1254   9.041329e-02   9.041329e-02   9.041120e-02   9.104037e-02    2.086e-06      6.271e-04    6.292e-04    2.965e+00    1.526e-05          True
      9454      2   1262  -7.987355e-01  -7.987355e-01  -7.987355e-01  -7.966952e-01    1.281e-08      2.040e-03    2.040e-03    4.447e+00    3.052e-05          True
      9459      2   1267  -2.045611e-02  -2.045611e-02  -2.045439e-02  -2.005685e-02    1.719e-06      3.993e-04    3.975e-04    4.898e+00    3.052e-05          True
      9465      2   1273   4.766090e-01   4.766090e-01   4.766092e-01   4.782078e-01    2.645e-07      1.599e-03    1.599e-03    4.491e+00    3.052e-05          True
      9466      2   1274   1.901151e-01   1.901151e-01   1.901205e-01   1.919364e-01    5.360e-06      1.821e-03    1.816e-03    5.791e+00    3.052e-05          True
      9470      2   1278  -2.373008e+00  -2.373008e+00  -2.373009e+00  -2.370081e+00    2.780e-07      2.927e-03    2.927e-03    3.898e+00    1.526e-05          True
      9474      2   1282  -1.733963e+00  -1.733963e+00  -1.733959e+00  -1.732118e+00    4.327e-06      1.845e-03    1.840e-03    4.599e+00    3.052e-05          True
      9483      2   1291  -9.375012e-01  -9.375012e-01  -9.375013e-01  -9.363263e-01    7.493e-08      1.175e-03    1.175e-03    3.695e+00    1.526e-05          True
      9491      2   1299   1.881892e+00   1.881892e+00   1.881892e+00   1.883929e+00    7.558e-08      2.036e-03    2.036e-03    4.671e+00    3.052e-05          True
      9494      2   1302   3.651538e-01   3.651538e-01   3.651499e-01   3.622057e-01    3.953e-06      2.948e-03    2.944e-03    5.135e+00    3.052e-05          True
      9499      2   1307   6.086496e-01   6.086496e-01   6.086456e-01   6.099000e-01    4.021e-06      1.250e-03    1.254e-03    4.366e+00    3.052e-05          True
      9502      2   1310   1.256053e+00   1.256053e+00   1.256054e+00   1.254767e+00    1.230e-06      1.286e-03    1.287e-03    3.445e+00    1.526e-05          True
      9506      2   1314  -1.191644e+00  -1.191644e+00  -1.191645e+00  -1.192981e+00    1.591e-06      1.337e-03    1.335e-03    6.332e+00    3.052e-05          True
      9518      2   1326  -1.501580e+00  -1.501580e+00  -1.501578e+00  -1.503554e+00    2.065e-06      1.974e-03    1.976e-03    3.853e+00    1.526e-05          True
      9522      2   1330   5.340006e-01   5.340006e-01   5.339984e-01   5.331928e-01    2.219e-06      8.078e-04    8.056e-04    5.949e+00    3.052e-05          True
      9529      2   1337  -3.658547e-01  -3.658547e-01  -3.658528e-01  -3.666970e-01    1.861e-06      8.423e-04    8.442e-04    4.157e+00    3.052e-05          True
      9531      2   1339   1.187727e+00   1.187727e+00   1.187727e+00   1.185253e+00    6.684e-07      2.474e-03    2.475e-03    3.707e+00    1.526e-05          True
      9546      2   1354   1.309398e+00   1.309398e+00   1.309404e+00   1.311154e+00    6.296e-06      1.756e-03    1.750e-03    5.710e+00    3.052e-05          True
      9549      2   1357  -5.627146e-01  -5.627146e-01  -5.627151e-01  -5.643599e-01    4.807e-07      1.645e-03    1.645e-03    4.607e+00    3.052e-05          True
      9552      2   1360  -5.806682e-01  -5.806682e-01  -5.806668e-01  -5.817308e-01    1.469e-06      1.063e-03    1.064e-03    2.934e+00    1.526e-05          True
      9567      2   1375  -4.360613e-01  -4.360613e-01  -4.360577e-01  -4.371788e-01    3.543e-06      1.118e-03    1.121e-03    3.273e+00    1.526e-05          True
      9571      2   1379   1.320805e-01   1.320805e-01   1.320793e-01   1.318702e-01    1.152e-06      2.103e-04    2.092e-04    6.090e+00    3.052e-05          True
      9581      2   1389  -7.565295e-01  -7.565295e-01  -7.565286e-01  -7.575825e-01    8.976e-07      1.053e-03    1.054e-03    5.777e+00    3.052e-05          True
      9583      2   1391  -1.309737e+00  -1.309737e+00  -1.309739e+00  -1.311719e+00    2.225e-06      1.982e-03    1.980e-03    4.058e+00    3.052e-05          True
      9584      2   1392   1.048802e-01   1.048802e-01   1.048793e-01   1.065861e-01    8.407e-07      1.706e-03    1.707e-03    3.783e+00    1.526e-05          True
      9587      2   1395   7.526657e-01   7.526657e-01   7.526667e-01   7.539812e-01    1.014e-06      1.316e-03    1.315e-03    4.472e+00    3.052e-05          True
      9590      2   1398  -1.834538e+00  -1.834538e+00  -1.834534e+00  -1.837044e+00    3.650e-06      2.506e-03    2.510e-03    3.770e+00    1.526e-05          True
      9592      2   1400   2.434554e-01   2.434554e-01   2.434586e-01   2.423237e-01    3.194e-06      1.132e-03    1.135e-03    3.836e+00    1.526e-05          True
      9593      2   1401  -1.175002e+00  -1.175002e+00  -1.175003e+00  -1.173785e+00    5.910e-07      1.217e-03    1.218e-03    3.161e+00    1.526e-05          True
      9600      2   1408  -1.844630e+00  -1.844630e+00  -1.844631e+00  -1.840695e+00    1.323e-06      3.935e-03    3.936e-03    5.798e+00    3.052e-05          True
      9601      2   1409   9.140377e-01   9.140377e-01   9.140385e-01   9.125982e-01    8.391e-07      1.440e-03    1.440e-03    7.096e+00    3.052e-05          True
      9606      2   1414   2.825594e-01   2.825594e-01   2.825618e-01   2.822725e-01    2.433e-06      2.869e-04    2.893e-04    3.456e+00    1.526e-05          True
      9616      2   1424   1.627272e+00   1.627272e+00   1.627270e+00   1.629331e+00    1.940e-06      2.058e-03    2.060e-03    5.096e+00    3.052e-05          True
      9617      2   1425  -3.615381e-01  -3.615381e-01  -3.615334e-01  -3.610916e-01    4.737e-06      4.465e-04    4.418e-04    7.283e+00    3.052e-05          True
      9627      2   1435   4.804383e-01   4.804383e-01   4.804360e-01   4.781038e-01    2.341e-06      2.335e-03    2.332e-03    5.979e+00    3.052e-05          True
      9634      2   1442  -6.808257e-02  -6.808257e-02  -6.808156e-02  -6.664088e-02    1.017e-06      1.442e-03    1.441e-03    4.128e+00    3.052e-05          True
      9643      2   1451   4.335201e-01   4.335201e-01   4.335185e-01   4.325811e-01    1.522e-06      9.389e-04    9.374e-04    2.763e+00    1.526e-05          True
      9645      2   1453   2.066722e-01   2.066722e-01   2.066737e-01   2.030141e-01    1.468e-06      3.658e-03    3.660e-03    5.414e+00    3.052e-05          True
      9649      2   1457  -1.186654e+00  -1.186654e+00  -1.186646e+00  -1.188791e+00    8.225e-06      2.137e-03    2.145e-03    6.202e+00    3.052e-05          True
      9652      2   1460  -3.908557e-01  -3.908557e-01  -3.908489e-01  -3.918226e-01    6.826e-06      9.669e-04    9.737e-04    8.732e+00    6.104e-05          True
      9659      2   1467   8.652891e-01   8.652891e-01   8.652942e-01   8.627024e-01    5.105e-06      2.587e-03    2.592e-03    4.835e+00    3.052e-05          True
      9665      2   1473  -1.237265e+00  -1.237265e+00  -1.237267e+00  -1.234408e+00    2.355e-06      2.857e-03    2.859e-03    4.518e+00    3.052e-05          True
      9674      2   1482   5.687384e-01   5.687384e-01   5.687319e-01   5.678672e-01    6.496e-06      8.712e-04    8.647e-04    1.011e+01    6.104e-05          True
      9677      2   1485  -6.815765e-01  -6.815765e-01  -6.815840e-01  -6.789775e-01    7.538e-06      2.599e-03    2.606e-03    7.664e+00    3.052e-05          True
      9684      2   1492   1.773101e+00   1.773101e+00   1.773099e+00   1.775208e+00    1.826e-06      2.107e-03    2.109e-03    3.844e+00    1.526e-05          True
      9685      2   1493  -2.007578e-01  -2.007578e-01  -2.007587e-01  -2.024445e-01    9.509e-07      1.687e-03    1.686e-03    5.922e+00    3.052e-05          True
      9692      2   1500   1.084928e+00   1.084928e+00   1.084934e+00   1.086299e+00    6.003e-06      1.371e-03    1.365e-03    5.080e+00    3.052e-05          True
      9694      2   1502   7.953047e-01   7.953047e-01   7.952979e-01   7.976215e-01    6.863e-06      2.317e-03    2.324e-03    5.692e+00    3.052e-05          True
      9701      2   1509   1.466898e+00   1.466898e+00   1.466899e+00   1.469415e+00    7.287e-07      2.517e-03    2.516e-03    3.796e+00    1.526e-05          True
      9707      2   1515  -7.115628e-01  -7.115628e-01  -7.115681e-01  -7.128446e-01    5.217e-06      1.282e-03    1.276e-03    3.527e+00    1.526e-05          True
      9710      2   1518  -1.226245e+00  -1.226245e+00  -1.226241e+00  -1.228835e+00    3.928e-06      2.590e-03    2.594e-03    7.899e+00    3.052e-05          True
      9711      2   1519  -8.042378e-01  -8.042378e-01  -8.042331e-01  -8.066821e-01    4.618e-06      2.444e-03    2.449e-03    5.024e+00    3.052e-05          True
      9715      2   1523  -1.895535e+00  -1.895535e+00  -1.895538e+00  -1.893486e+00    3.147e-06      2.049e-03    2.052e-03    6.818e+00    3.052e-05          True
      9717      2   1525  -1.000644e+00  -1.000644e+00  -1.000641e+00  -1.002291e+00    3.376e-06      1.647e-03    1.650e-03    3.120e+00    1.526e-05          True
      9724      2   1532  -3.418824e-01  -3.418824e-01  -3.418799e-01  -3.398752e-01    2.524e-06      2.007e-03    2.005e-03    3.869e+00    1.526e-05          True
      9728      2   1536  -1.689524e+00  -1.689524e+00  -1.689524e+00  -1.687432e+00    1.378e-07      2.092e-03    2.092e-03    5.419e+00    3.052e-05          True
      9735      2   1543  -4.691964e-01  -4.691964e-01  -4.691924e-01  -4.673627e-01    4.046e-06      1.834e-03    1.830e-03    4.568e+00    3.052e-05          True
      9737      2   1545   5.845974e-01   5.845974e-01   5.845975e-01   5.864059e-01    8.967e-08      1.809e-03    1.808e-03    3.979e+00    1.526e-05          True
      9742      2   1550  -2.060052e+00  -2.060052e+00  -2.060055e+00  -2.054811e+00    3.627e-06      5.241e-03    5.244e-03    3.980e+00    1.526e-05          True
      9747      2   1555  -1.062062e+00  -1.062062e+00  -1.062063e+00  -1.060292e+00    1.637e-06      1.770e-03    1.772e-03    2.084e+00    1.526e-05          True
      9749      2   1557   1.746890e-01   1.746890e-01   1.746918e-01   1.767113e-01    2.723e-06      2.022e-03    2.020e-03    6.287e+00    3.052e-05          True
      9761      2   1569   2.460889e-01   2.460889e-01   2.460860e-01   2.482321e-01    2.883e-06      2.143e-03    2.146e-03    2.441e+00    1.526e-05          True
      9762      2   1570   3.712271e-01   3.712271e-01   3.712240e-01   3.733371e-01    3.147e-06      2.110e-03    2.113e-03    5.729e+00    3.052e-05          True
      9763      2   1571  -3.763807e+00  -3.763807e+00  -3.763805e+00  -3.759977e+00    1.613e-06      3.830e-03    3.829e-03    4.286e+00    3.052e-05          True
      9768      2   1576   7.524451e-01   7.524451e-01   7.524424e-01   7.540516e-01    2.647e-06      1.607e-03    1.609e-03    3.889e+00    1.526e-05          True
      9770      2   1578   2.376348e-01   2.376348e-01   2.376355e-01   2.365298e-01    7.280e-07      1.105e-03    1.106e-03    2.273e+00    1.526e-05          True
      9789      2   1597   2.937965e-01   2.937965e-01   2.937963e-01   2.943881e-01    1.595e-07      5.916e-04    5.918e-04    4.469e+00    3.052e-05          True
      9811      2   1619   3.149891e+00   3.149891e+00   3.149892e+00   3.146368e+00    1.137e-06      3.523e-03    3.524e-03    9.034e+00    6.104e-05          True
      9836      2   1644  -1.077446e+00  -1.077446e+00  -1.077444e+00  -1.075215e+00    1.994e-06      2.231e-03    2.229e-03    5.399e+00    3.052e-05          True
      9859      2   1667  -2.444667e-01  -2.444667e-01  -2.444676e-01  -2.439666e-01    8.547e-07      5.001e-04    5.010e-04    1.903e+00    7.629e-06          True
      9863      2   1671  -9.825723e-01  -9.825723e-01  -9.825736e-01  -9.805781e-01    1.229e-06      1.994e-03    1.996e-03    2.424e+00    1.526e-05          True
      9870      2   1678  -6.856753e-01  -6.856753e-01  -6.856764e-01  -6.839111e-01    1.121e-06      1.764e-03    1.765e-03    5.727e+00    3.052e-05          True
      9874      2   1682   2.597440e+00   2.597440e+00   2.597429e+00   2.594579e+00    1.081e-05      2.861e-03    2.850e-03    9.961e+00    6.104e-05          True
      9877      2   1685  -8.387142e-01  -8.387142e-01  -8.387150e-01  -8.377601e-01    8.487e-07      9.541e-04    9.549e-04    3.885e+00    1.526e-05          True
      9883      2   1691  -5.974210e-02  -5.974210e-02  -5.973824e-02  -6.155621e-02    3.859e-06      1.814e-03    1.818e-03    5.876e+00    3.052e-05          True
      9891      2   1699  -9.719566e-01  -9.719566e-01  -9.719573e-01  -9.702756e-01    6.965e-07      1.681e-03    1.682e-03    3.963e+00    1.526e-05          True
      9892      2   1700  -4.816544e-01  -4.816544e-01  -4.816549e-01  -4.823903e-01    5.670e-07      7.359e-04    7.353e-04    3.473e+00    1.526e-05          True
      9893      2   1701   1.085399e+00   1.085399e+00   1.085400e+00   1.084056e+00    7.562e-07      1.342e-03    1.343e-03    5.346e+00    3.052e-05          True
      9895      2   1703  -1.272185e+00  -1.272185e+00  -1.272185e+00  -1.273636e+00    3.394e-07      1.451e-03    1.450e-03    4.507e+00    3.052e-05          True
      9900      2   1708  -4.072787e-01  -4.072787e-01  -4.072772e-01  -4.081076e-01    1.499e-06      8.289e-04    8.304e-04    6.104e+00    3.052e-05          True
      9901      2   1709   1.079119e+00   1.079119e+00   1.079116e+00   1.080245e+00    2.943e-06      1.126e-03    1.129e-03    3.254e+00    1.526e-05          True
      9902      2   1710   6.483388e-01   6.483388e-01   6.483388e-01   6.523383e-01    4.665e-08      3.999e-03    3.999e-03    4.718e+00    3.052e-05          True
      9904      2   1712  -5.421429e-01  -5.421429e-01  -5.421447e-01  -5.428237e-01    1.826e-06      6.808e-04    6.790e-04    4.703e+00    3.052e-05          True
      9907      2   1715   1.376250e+00   1.376250e+00   1.376255e+00   1.374814e+00    5.450e-06      1.436e-03    1.441e-03    6.041e+00    3.052e-05          True
      9909      2   1717   2.021091e+00   2.021091e+00   2.021082e+00   2.018517e+00    8.900e-06      2.574e-03    2.565e-03    8.184e+00    6.104e-05          True
      9912      2   1720  -8.320186e-01  -8.320186e-01  -8.320184e-01  -8.328856e-01    2.258e-07      8.670e-04    8.672e-04    5.607e+00    3.052e-05          True
      9913      2   1721  -6.139619e-02  -6.139619e-02  -6.139379e-02  -6.014902e-02    2.403e-06      1.247e-03    1.245e-03    4.435e+00    3.052e-05          True
      9916      2   1724   1.260736e+00   1.260736e+00   1.260739e+00   1.262535e+00    3.081e-06      1.799e-03    1.796e-03    2.847e+00    1.526e-05          True
      9927      2   1735   3.280821e+00   3.280821e+00   3.280820e+00   3.284214e+00    2.035e-07      3.393e-03    3.393e-03    5.904e+00    3.052e-05          True
      9930      2   1738  -4.676198e-01  -4.676198e-01  -4.676303e-01  -4.671368e-01    1.045e-05      4.830e-04    4.935e-04    6.089e+00    3.052e-05          True
      9944      2   1752   8.436525e-01   8.436525e-01   8.436546e-01   8.446229e-01    2.091e-06      9.704e-04    9.683e-04    5.414e+00    3.052e-05          True
      9959      2   1767   6.226477e-01   6.226477e-01   6.226439e-01   6.213422e-01    3.842e-06      1.305e-03    1.302e-03    5.562e+00    3.052e-05          True
      9970      2   1778   1.343959e-01   1.343959e-01   1.343954e-01   1.331083e-01    4.642e-07      1.288e-03    1.287e-03    4.222e+00    3.052e-05          True
      9976      2   1784   7.798510e-01   7.798510e-01   7.798525e-01   7.786160e-01    1.462e-06      1.235e-03    1.236e-03    2.568e+00    1.526e-05          True
      9981      2   1789  -2.249036e+00  -2.249036e+00  -2.249037e+00  -2.246540e+00    1.298e-06      2.496e-03    2.497e-03    3.261e+00    1.526e-05          True
      9985      2   1793   1.029138e+00   1.029138e+00   1.029144e+00   1.030247e+00    6.137e-06      1.109e-03    1.103e-03    4.802e+00    3.052e-05          True
      9987      2   1795   3.073622e-01   3.073622e-01   3.073625e-01   3.070163e-01    2.656e-07      3.459e-04    3.462e-04    3.900e+00    1.526e-05          True
      9995      2   1803  -1.196542e+00  -1.196542e+00  -1.196541e+00  -1.194305e+00    1.034e-06      2.237e-03    2.236e-03    3.191e+00    1.526e-05          True
     10005      2   1813  -1.723470e+00  -1.723470e+00  -1.723469e+00  -1.725982e+00    8.217e-07      2.512e-03    2.513e-03    3.350e+00    1.526e-05          True
     10012      2   1820   5.777807e-02   5.777807e-02   5.777725e-02   5.847338e-02    8.159e-07      6.953e-04    6.961e-04    6.587e+00    3.052e-05          True
     10013      2   1821   1.283545e+00   1.283545e+00   1.283544e+00   1.284977e+00    1.213e-06      1.432e-03    1.433e-03    4.870e+00    3.052e-05          True
     10022      2   1830   8.953252e-01   8.953252e-01   8.953231e-01   8.969603e-01    2.140e-06      1.635e-03    1.637e-03    2.994e+00    1.526e-05          True
     10023      2   1831  -8.934338e-01  -8.934338e-01  -8.934328e-01  -8.961127e-01    9.993e-07      2.679e-03    2.680e-03    4.605e+00    3.052e-05          True
     10034      2   1842  -2.933471e+00  -2.933471e+00  -2.933468e+00  -2.936454e+00    3.035e-06      2.983e-03    2.986e-03    4.012e+00    3.052e-05          True
     10039      2   1847   5.229778e-02   5.229778e-02   5.229770e-02   5.118568e-02    8.258e-08      1.112e-03    1.112e-03    6.215e+00    3.052e-05          True
     10040      2   1848   6.173352e-01   6.173352e-01   6.173397e-01   6.164953e-01    4.554e-06      8.399e-04    8.444e-04    2.856e+00    1.526e-05          True
     10046      2   1854   2.952139e-01   2.952139e-01   2.952176e-01   2.964545e-01    3.741e-06      1.241e-03    1.237e-03    6.089e+00    3.052e-05          True
     10050      2   1858   3.930341e-01   3.930341e-01   3.930334e-01   3.935148e-01    7.289e-07      4.807e-04    4.814e-04    4.632e+00    3.052e-05          True
     10052      2   1860   3.019297e+00   3.019297e+00   3.019291e+00   3.015600e+00    5.843e-06      3.698e-03    3.692e-03    8.282e+00    6.104e-05          True
     10054      2   1862  -1.975356e-01  -1.975356e-01  -1.975351e-01  -1.984193e-01    4.554e-07      8.837e-04    8.841e-04    2.715e+00    1.526e-05          True
     10060      2   1868   8.976306e-02   8.976306e-02   8.976173e-02   9.021578e-02    1.334e-06      4.527e-04    4.541e-04    6.610e+00    3.052e-05          True
     10061      2   1869  -1.038475e+00  -1.038475e+00  -1.038475e+00  -1.036852e+00    1.560e-07      1.623e-03    1.623e-03    3.316e+00    1.526e-05          True
     10080      2   1888   1.008825e+00   1.008825e+00   1.008819e+00   1.007300e+00    6.318e-06      1.525e-03    1.519e-03    8.608e+00    6.104e-05          True
     10082      2   1890   1.603403e+00   1.603403e+00   1.603401e+00   1.605295e+00    1.633e-06      1.892e-03    1.894e-03    4.851e+00    3.052e-05          True
     10093      2   1901   3.974528e-01   3.974528e-01   3.974509e-01   3.987422e-01    1.849e-06      1.289e-03    1.291e-03    3.213e+00    1.526e-05          True
     10097      2   1905  -1.626124e-01  -1.626124e-01  -1.626126e-01  -1.613622e-01    2.234e-07      1.250e-03    1.250e-03    5.377e+00    3.052e-05          True
     10099      2   1907   3.270642e-01   3.270642e-01   3.270709e-01   3.275351e-01    6.697e-06      4.709e-04    4.642e-04    6.110e+00    3.052e-05          True
     10103      2   1911  -1.999814e-01  -1.999814e-01  -1.999880e-01  -1.971374e-01    6.551e-06      2.844e-03    2.851e-03    4.601e+00    3.052e-05          True
     10108      2   1916  -6.490448e-01  -6.490448e-01  -6.490486e-01  -6.471831e-01    3.859e-06      1.862e-03    1.866e-03    4.505e+00    3.052e-05          True
     10113      2   1921  -2.233170e+00  -2.233170e+00  -2.233171e+00  -2.230537e+00    4.053e-07      2.633e-03    2.634e-03    5.550e+00    3.052e-05          True
     10118      2   1926   3.184215e-01   3.184215e-01   3.184171e-01   3.180928e-01    4.387e-06      3.287e-04    3.243e-04    5.793e+00    3.052e-05          True
     10123      2   1931   9.387674e-01   9.387674e-01   9.387659e-01   9.402569e-01    1.492e-06      1.490e-03    1.491e-03    4.054e+00    3.052e-05          True
     10132      2   1940   3.467597e-01   3.467597e-01   3.467613e-01   3.450792e-01    1.520e-06      1.681e-03    1.682e-03    5.244e+00    3.052e-05          True
     10134      2   1942   5.871461e-02   5.871461e-02   5.870870e-02   5.938301e-02    5.913e-06      6.684e-04    6.743e-04    5.227e+00    3.052e-05          True
     10143      2   1951  -4.078069e-01  -4.078069e-01  -4.078091e-01  -4.082753e-01    2.138e-06      4.684e-04    4.662e-04    5.227e+00    3.052e-05          True
     10147      2   1955   7.213091e-01   7.213091e-01   7.213112e-01   7.178954e-01    2.013e-06      3.414e-03    3.416e-03    8.398e+00    6.104e-05          True
     10150      2   1958   2.255711e-01   2.255711e-01   2.255678e-01   2.241215e-01    3.276e-06      1.450e-03    1.446e-03    4.796e+00    3.052e-05          True
     10155      2   1963  -2.852833e-01  -2.852833e-01  -2.852865e-01  -2.880354e-01    3.171e-06      2.752e-03    2.749e-03    4.176e+00    3.052e-05          True
     10158      2   1966   1.133023e+00   1.133023e+00   1.133030e+00   1.134201e+00    6.302e-06      1.178e-03    1.172e-03    7.114e+00    3.052e-05          True
     10162      2   1970  -1.325035e+00  -1.325035e+00  -1.325029e+00  -1.323272e+00    6.228e-06      1.763e-03    1.757e-03    5.824e+00    3.052e-05          True
     10164      2   1972   4.277339e-01   4.277339e-01   4.277306e-01   4.296706e-01    3.331e-06      1.937e-03    1.940e-03    4.034e+00    3.052e-05          True
     10177      2   1985   5.021180e-01   5.021180e-01   5.021161e-01   5.010490e-01    1.925e-06      1.069e-03    1.067e-03    4.225e+00    3.052e-05          True
     10184      2   1992  -3.311698e+00  -3.311698e+00  -3.311697e+00  -3.308049e+00    6.927e-07      3.648e-03    3.648e-03    3.911e+00    1.526e-05          True
     10198      2   2006  -1.558775e+00  -1.558775e+00  -1.558778e+00  -1.556376e+00    2.364e-06      2.400e-03    2.402e-03    5.451e+00    3.052e-05          True
     10201      2   2009   6.518013e-01   6.518013e-01   6.518007e-01   6.551326e-01    5.737e-07      3.331e-03    3.332e-03    5.312e+00    3.052e-05          True
     10217      2   2025  -1.231050e+00  -1.231050e+00  -1.231048e+00  -1.232643e+00    1.542e-06      1.593e-03    1.594e-03    3.557e+00    1.526e-05          True
     10218      2   2026   1.152875e+00   1.152875e+00   1.152875e+00   1.150514e+00    7.291e-07      2.361e-03    2.360e-03    5.049e+00    3.052e-05          True
     10219      2   2027   2.787183e-01   2.787183e-01   2.787168e-01   2.794348e-01    1.531e-06      7.165e-04    7.180e-04    6.499e+00    3.052e-05          True
     10221      2   2029  -4.996973e-01  -4.996973e-01  -4.996961e-01  -5.010785e-01    1.161e-06      1.381e-03    1.382e-03    3.264e+00    1.526e-05          True
     10226      2   2034  -6.449330e-01  -6.449330e-01  -6.449244e-01  -6.466215e-01    8.603e-06      1.688e-03    1.697e-03    6.062e+00    3.052e-05          True
     10228      2   2036   4.727917e-01   4.727917e-01   4.727905e-01   4.699108e-01    1.206e-06      2.881e-03    2.880e-03    2.990e+00    1.526e-05          True
     10229      2   2037  -5.705484e-02  -5.705484e-02  -5.705704e-02  -5.545471e-02    2.201e-06      1.600e-03    1.602e-03    2.812e+00    1.526e-05          True
     10236      2   2044  -3.347790e-01  -3.347790e-01  -3.347804e-01  -3.341499e-01    1.409e-06      6.291e-04    6.305e-04    2.285e+00    1.526e-05          True
     10242      2   2050  -6.035260e-01  -6.035260e-01  -6.035256e-01  -6.019691e-01    3.997e-07      1.557e-03    1.557e-03    5.075e+00    3.052e-05          True
     10243      2   2051   2.526402e+00   2.526402e+00   2.526395e+00   2.529102e+00    6.938e-06      2.700e-03    2.707e-03    6.347e+00    3.052e-05          True
     10244      2   2052   6.109607e-01   6.109607e-01   6.109581e-01   6.100786e-01    2.596e-06      8.821e-04    8.795e-04    6.038e+00    3.052e-05          True
     10247      2   2055   5.397337e-01   5.397337e-01   5.397310e-01   5.419766e-01    2.722e-06      2.243e-03    2.246e-03    7.355e+00    3.052e-05          True
     10254      2   2062  -2.240104e+00  -2.240104e+00  -2.240103e+00  -2.237307e+00    6.182e-08      2.797e-03    2.797e-03    3.461e+00    1.526e-05          True
     10255      2   2063  -6.930040e-01  -6.930040e-01  -6.930068e-01  -6.950357e-01    2.776e-06      2.032e-03    2.029e-03    4.177e+00    3.052e-05          True
     10256      2   2064   4.261236e-01   4.261236e-01   4.261220e-01   4.271391e-01    1.655e-06      1.015e-03    1.017e-03    4.299e+00    3.052e-05          True
     10271      2   2079   5.155865e-01   5.155865e-01   5.155886e-01   5.172048e-01    2.162e-06      1.618e-03    1.616e-03    3.405e+00    1.526e-05          True
     10287      2   2095  -9.881258e-01  -9.881258e-01  -9.881298e-01  -9.856973e-01    4.034e-06      2.428e-03    2.432e-03    5.368e+00    3.052e-05          True
     10290      2   2098   1.353094e-01   1.353094e-01   1.353097e-01   1.323310e-01    3.368e-07      2.978e-03    2.979e-03    4.351e+00    3.052e-05          True
     10296      2   2104   1.096369e+00   1.096369e+00   1.096367e+00   1.098422e+00    2.194e-06      2.053e-03    2.055e-03    3.985e+00    1.526e-05          True
     10298      2   2106  -9.374518e-01  -9.374518e-01  -9.374516e-01  -9.391879e-01    1.723e-07      1.736e-03    1.736e-03    3.184e+00    1.526e-05          True
     10300      2   2108  -2.154502e+00  -2.154502e+00  -2.154505e+00  -2.157552e+00    2.971e-06      3.049e-03    3.046e-03    5.325e+00    3.052e-05          True
     10311      2   2119  -1.430479e+00  -1.430479e+00  -1.430479e+00  -1.432509e+00    5.438e-07      2.030e-03    2.030e-03    3.078e+00    1.526e-05          True
     10336      2   2144   2.374659e-01   2.374659e-01   2.374633e-01   2.379260e-01    2.678e-06      4.601e-04    4.628e-04    4.256e+00    3.052e-05          True
     10360      2   2168  -1.183934e+00  -1.183934e+00  -1.183937e+00  -1.185311e+00    2.547e-06      1.376e-03    1.374e-03    4.111e+00    3.052e-05          True
     10377      2   2185   3.192180e-01   3.192180e-01   3.192199e-01   3.218171e-01    1.941e-06      2.599e-03    2.597e-03    4.265e+00    3.052e-05          True
     10387      2   2195   1.846227e+00   1.846227e+00   1.846228e+00   1.842686e+00    1.035e-06      3.542e-03    3.543e-03    7.602e+00    3.052e-05          True
     10397      2   2205   7.829075e-03   7.829075e-03   7.832003e-03   7.929873e-03    2.928e-06      1.008e-04    9.787e-05    3.756e+00    1.526e-05          True
     10401      2   2209  -2.092693e+00  -2.092693e+00  -2.092693e+00  -2.094841e+00    1.814e-07      2.149e-03    2.149e-03    3.289e+00    1.526e-05          True
     10404      2   2212  -6.365426e-01  -6.365426e-01  -6.365436e-01  -6.388547e-01    1.060e-06      2.312e-03    2.311e-03    3.677e+00    1.526e-05          True
     10409      2   2217  -1.331156e+00  -1.331156e+00  -1.331157e+00  -1.332591e+00    1.027e-06      1.435e-03    1.434e-03    3.128e+00    1.526e-05          True
     10411      2   2219   1.756023e-01   1.756023e-01   1.756033e-01   1.766482e-01    1.002e-06      1.046e-03    1.045e-03    4.213e+00    3.052e-05          True
     10412      2   2220  -5.837544e-02  -5.837544e-02  -5.837516e-02  -5.788822e-02    2.795e-07      4.872e-04    4.869e-04    4.342e+00    3.052e-05          True
     10414      2   2222  -2.404378e-01  -2.404378e-01  -2.404411e-01  -2.418155e-01    3.328e-06      1.378e-03    1.374e-03    4.373e+00    3.052e-05          True
     10417      2   2225  -1.663440e-01  -1.663440e-01  -1.663466e-01  -1.682986e-01    2.628e-06      1.955e-03    1.952e-03    4.525e+00    3.052e-05          True
     10426      2   2234  -1.409888e-01  -1.409888e-01  -1.409902e-01  -1.426791e-01    1.389e-06      1.690e-03    1.689e-03    4.537e+00    3.052e-05          True
     10444      2   2252   1.494249e-01   1.494249e-01   1.494250e-01   1.477953e-01    1.166e-07      1.630e-03    1.630e-03    3.949e+00    1.526e-05          True
     10447      2   2255  -1.372395e+00  -1.372395e+00  -1.372394e+00  -1.370118e+00    9.953e-07      2.277e-03    2.276e-03    6.142e+00    3.052e-05          True
     10448      2   2256   8.339849e-02   8.339849e-02   8.339705e-02   8.462854e-02    1.445e-06      1.230e-03    1.231e-03    3.826e+00    1.526e-05          True
     10457      2   2265  -8.694787e-01  -8.694787e-01  -8.694797e-01  -8.711671e-01    1.002e-06      1.688e-03    1.687e-03    2.869e+00    1.526e-05          True
     10462      2   2270   5.970874e-01   5.970874e-01   5.970854e-01   5.957795e-01    2.022e-06      1.308e-03    1.306e-03    5.834e+00    3.052e-05          True
     10468      2   2276   1.509208e-02   1.509208e-02   1.509111e-02   1.702916e-02    9.739e-07      1.937e-03    1.938e-03    5.205e+00    3.052e-05          True
     10469      2   2277  -2.340365e-01  -2.340365e-01  -2.340374e-01  -2.355549e-01    8.558e-07      1.518e-03    1.518e-03    3.281e+00    1.526e-05          True
     10475      2   2283   1.494903e+00   1.494903e+00   1.494904e+00   1.493229e+00    7.847e-07      1.674e-03    1.675e-03    4.207e+00    3.052e-05          True
     10514      2   2322  -1.040086e-01  -1.040086e-01  -1.040070e-01  -1.055840e-01    1.651e-06      1.575e-03    1.577e-03    5.471e+00    3.052e-05          True
     10515      2   2323  -1.148580e+00  -1.148580e+00  -1.148585e+00  -1.147156e+00    4.796e-06      1.424e-03    1.429e-03    3.188e+00    1.526e-05          True
     10528      2   2336  -3.828587e-01  -3.828587e-01  -3.828539e-01  -3.837084e-01    4.775e-06      8.497e-04    8.545e-04    3.060e+00    1.526e-05          True
     10530      2   2338   6.503815e-01   6.503815e-01   6.503801e-01   6.495390e-01    1.390e-06      8.425e-04    8.411e-04    3.608e+00    1.526e-05          True
     10531      2   2339  -3.760002e-04  -3.760002e-04  -3.737599e-04   8.178204e-04    2.240e-06      1.194e-03    1.192e-03    2.595e+00    1.526e-05          True
     10533      2   2341   6.943232e-01   6.943232e-01   6.943182e-01   6.931489e-01    4.924e-06      1.174e-03    1.169e-03    4.302e+00    3.052e-05          True
     10539      2   2347   1.869012e+00   1.869012e+00   1.869012e+00   1.867060e+00    2.884e-07      1.952e-03    1.952e-03    5.884e+00    3.052e-05          True
     10548      2   2356  -1.568901e+00  -1.568901e+00  -1.568902e+00  -1.571939e+00    1.240e-06      3.039e-03    3.037e-03    3.768e+00    1.526e-05          True
     10557      2   2365  -2.033546e-01  -2.033546e-01  -2.033584e-01  -2.025720e-01    3.759e-06      7.826e-04    7.864e-04    5.458e+00    3.052e-05          True
     10568      2   2376  -6.070456e-01  -6.070456e-01  -6.070459e-01  -6.083687e-01    3.192e-07      1.323e-03    1.323e-03    4.176e+00    3.052e-05          True
     10572      2   2380   6.579646e-02   6.579646e-02   6.579634e-02   6.459563e-02    1.233e-07      1.201e-03    1.201e-03    4.143e+00    3.052e-05          True
     10580      2   2388   1.304005e+00   1.304005e+00   1.304008e+00   1.302299e+00    3.280e-06      1.705e-03    1.709e-03    4.831e+00    3.052e-05          True
     10582      2   2390   4.457846e-01   4.457846e-01   4.457846e-01   4.447910e-01    4.750e-08      9.936e-04    9.935e-04    5.797e+00    3.052e-05          True
     10591      2   2399  -2.875966e-01  -2.875966e-01  -2.875981e-01  -2.885348e-01    1.442e-06      9.382e-04    9.368e-04    5.364e+00    3.052e-05          True
     10602      2   2410   3.742715e+00   3.742715e+00   3.742717e+00   3.737983e+00    2.359e-06      4.732e-03    4.735e-03    4.994e+00    3.052e-05          True
     10606      2   2414  -8.423416e-01  -8.423416e-01  -8.423387e-01  -8.400115e-01    2.861e-06      2.330e-03    2.327e-03    7.367e+00    3.052e-05          True
     10608      2   2416  -1.600599e-01  -1.600599e-01  -1.600525e-01  -1.608494e-01    7.445e-06      7.895e-04    7.969e-04    5.690e+00    3.052e-05          True
     10618      2   2426  -4.148231e+00  -4.148231e+00  -4.148231e+00  -4.152455e+00    1.674e-07      4.224e-03    4.224e-03    4.515e+00    3.052e-05          True
     10621      2   2429  -1.282440e+00  -1.282440e+00  -1.282441e+00  -1.280127e+00    3.760e-07      2.314e-03    2.314e-03    2.661e+00    1.526e-05          True
     10622      2   2430  -1.340864e+00  -1.340864e+00  -1.340871e+00  -1.339270e+00    7.034e-06      1.594e-03    1.601e-03    3.788e+00    1.526e-05          True
     10629      2   2437  -1.627366e-01  -1.627366e-01  -1.627367e-01  -1.616231e-01    1.257e-07      1.113e-03    1.114e-03    3.770e+00    1.526e-05          True
     10631      2   2439  -1.477579e-01  -1.477579e-01  -1.477565e-01  -1.473235e-01    1.405e-06      4.343e-04    4.329e-04    5.050e+00    3.052e-05          True
     10632      2   2440  -1.940930e-02  -1.940930e-02  -1.940831e-02  -2.174649e-02    9.955e-07      2.337e-03    2.338e-03    2.527e+00    1.526e-05          True
     10633      2   2441   1.321983e+00   1.321983e+00   1.321982e+00   1.323620e+00    3.420e-07      1.638e-03    1.638e-03    3.450e+00    1.526e-05          True
     10634      2   2442  -3.321742e+00  -3.321742e+00  -3.321740e+00  -3.325273e+00    1.778e-06      3.531e-03    3.533e-03    4.623e+00    3.052e-05          True
     10642      2   2450   1.141041e+00   1.141041e+00   1.141041e+00   1.143190e+00    4.249e-07      2.149e-03    2.149e-03    4.585e+00    3.052e-05          True
     10644      2   2452   1.237774e+00   1.237774e+00   1.237776e+00   1.239694e+00    2.256e-06      1.920e-03    1.918e-03    4.010e+00    3.052e-05          True
     10646      2   2454   7.103451e-02   7.103451e-02   7.103451e-02   7.056221e-02    2.725e-10      4.723e-04    4.723e-04    2.239e+00    1.526e-05          True
     10648      2   2456  -5.052274e-01  -5.052274e-01  -5.052319e-01  -5.061195e-01    4.523e-06      8.921e-04    8.876e-04    7.770e+00    3.052e-05          True
     10649      2   2457  -2.176501e+00  -2.176501e+00  -2.176503e+00  -2.178847e+00    1.947e-06      2.345e-03    2.343e-03    4.719e+00    3.052e-05          True
     10658      2   2466   6.724104e-01   6.724104e-01   6.724113e-01   6.692795e-01    8.566e-07      3.131e-03    3.132e-03    5.324e+00    3.052e-05          True
     10662      2   2470   1.316449e+00   1.316449e+00   1.316449e+00   1.314997e+00    9.536e-09      1.452e-03    1.452e-03    2.654e+00    1.526e-05          True
     10667      2   2475   1.835582e-01   1.835582e-01   1.835497e-01   1.839902e-01    8.556e-06      4.320e-04    4.405e-04    5.886e+00    3.052e-05          True
     10676      2   2484  -1.911903e-01  -1.911903e-01  -1.911891e-01  -1.901724e-01    1.143e-06      1.018e-03    1.017e-03    6.329e+00    3.052e-05          True
     10687      2   2495  -5.586609e-01  -5.586609e-01  -5.586634e-01  -5.592442e-01    2.531e-06      5.833e-04    5.808e-04    5.422e+00    3.052e-05          True
     10691      2   2499   2.805564e-01   2.805564e-01   2.805597e-01   2.791211e-01    3.231e-06      1.435e-03    1.439e-03    5.182e+00    3.052e-05          True
     10693      2   2501  -4.423196e-01  -4.423196e-01  -4.423170e-01  -4.409586e-01    2.579e-06      1.361e-03    1.358e-03    4.809e+00    3.052e-05          True
     10699      2   2507   4.718734e-02   4.718734e-02   4.718753e-02   4.611779e-02    1.876e-07      1.070e-03    1.070e-03    4.087e+00    3.052e-05          True
     10705      2   2513   3.396773e-01   3.396773e-01   3.396797e-01   3.381364e-01    2.372e-06      1.541e-03    1.543e-03    4.547e+00    3.052e-05          True
     10715      2   2523  -1.865005e-01  -1.865005e-01  -1.865044e-01  -1.874944e-01    3.908e-06      9.940e-04    9.901e-04    4.328e+00    3.052e-05          True
     10732      2   2540   1.387909e+00   1.387909e+00   1.387906e+00   1.389920e+00    3.078e-06      2.011e-03    2.015e-03    6.542e+00    3.052e-05          True
     10733      2   2541   1.936240e+00   1.936240e+00   1.936240e+00   1.933576e+00    5.116e-08      2.664e-03    2.664e-03    2.739e+00    1.526e-05          True
     10734      2   2542  -6.002263e-01  -6.002263e-01  -6.002243e-01  -6.015012e-01    2.062e-06      1.275e-03    1.277e-03    4.962e+00    3.052e-05          True
     10735      2   2543   1.765167e+00   1.765167e+00   1.765166e+00   1.767024e+00    6.364e-07      1.857e-03    1.858e-03    3.894e+00    1.526e-05          True
     10742      2   2550  -5.576719e-01  -5.576719e-01  -5.576704e-01  -5.585445e-01    1.514e-06      8.726e-04    8.742e-04    3.814e+00    1.526e-05          True
     10743      2   2551  -1.479670e+00  -1.479670e+00  -1.479671e+00  -1.478164e+00    7.446e-07      1.506e-03    1.507e-03    5.454e+00    3.052e-05          True
     10744      2   2552   5.269076e-01   5.269076e-01   5.269154e-01   5.254171e-01    7.811e-06      1.490e-03    1.498e-03    7.067e+00    3.052e-05          True
     10758      2   2566  -1.196134e+00  -1.196134e+00  -1.196135e+00  -1.197968e+00    1.020e-06      1.834e-03    1.832e-03    4.022e+00    3.052e-05          True
     10763      2   2571  -4.210324e-01  -4.210324e-01  -4.210256e-01  -4.204595e-01    6.779e-06      5.729e-04    5.661e-04    5.683e+00    3.052e-05          True
     10772      2   2580   1.741184e-01   1.741184e-01   1.741194e-01   1.725046e-01    9.412e-07      1.614e-03    1.615e-03    3.035e+00    1.526e-05          True
     10777      2   2585   2.629125e-01   2.629125e-01   2.629069e-01   2.639359e-01    5.600e-06      1.023e-03    1.029e-03    4.479e+00    3.052e-05          True
     10785      2   2593  -8.862582e-03  -8.862582e-03  -8.857273e-03  -8.231468e-03    5.309e-06      6.311e-04    6.258e-04    3.751e+00    1.526e-05          True
     10787      2   2595   5.552153e-01   5.552153e-01   5.552174e-01   5.559600e-01    2.135e-06      7.447e-04    7.426e-04    4.093e+00    3.052e-05          True
     10798      2   2606  -8.586135e-01  -8.586135e-01  -8.585929e-01  -8.597170e-01    2.061e-05      1.103e-03    1.124e-03    1.210e+01    6.104e-05          True
     10815      2   2623   8.955112e-01   8.955112e-01   8.955094e-01   8.976757e-01    1.749e-06      2.165e-03    2.166e-03    3.303e+00    1.526e-05          True
     10821      2   2629   7.445809e-01   7.445809e-01   7.445795e-01   7.458560e-01    1.371e-06      1.275e-03    1.276e-03    6.766e+00    3.052e-05          True
     10823      2   2631  -3.478930e-01  -3.478930e-01  -3.478943e-01  -3.487597e-01    1.367e-06      8.667e-04    8.653e-04    4.485e+00    3.052e-05          True
     10827      2   2635  -7.912489e-01  -7.912489e-01  -7.912499e-01  -7.921487e-01    9.868e-07      8.998e-04    8.988e-04    3.877e+00    1.526e-05          True
     10828      2   2636   1.424161e+00   1.424161e+00   1.424161e+00   1.428374e+00    1.381e-08      4.213e-03    4.213e-03    6.465e+00    3.052e-05          True
     10834      2   2642  -2.520951e-01  -2.520951e-01  -2.521009e-01  -2.528570e-01    5.821e-06      7.619e-04    7.561e-04    8.035e+00    6.104e-05          True
     10854      2   2662   3.371294e-01   3.371294e-01   3.371298e-01   3.382591e-01    4.436e-07      1.130e-03    1.129e-03    2.623e+00    1.526e-05          True
     10864      2   2672  -3.483822e-01  -3.483822e-01  -3.483846e-01  -3.503245e-01    2.372e-06      1.942e-03    1.940e-03    5.076e+00    3.052e-05          True
     10869      2   2677  -3.248458e-01  -3.248458e-01  -3.248453e-01  -3.240100e-01    4.476e-07      8.358e-04    8.354e-04    3.208e+00    1.526e-05          True
     10876      2   2684   1.337857e+00   1.337857e+00   1.337854e+00   1.339765e+00    2.539e-06      1.908e-03    1.911e-03    3.707e+00    1.526e-05          True
     10878      2   2686  -3.041997e-01  -3.041997e-01  -3.042011e-01  -3.055461e-01    1.424e-06      1.346e-03    1.345e-03    5.814e+00    3.052e-05          True
     10890      2   2698  -5.417571e-01  -5.417571e-01  -5.417569e-01  -5.384007e-01    1.350e-07      3.356e-03    3.356e-03    4.272e+00    3.052e-05          True
     10917      2   2725  -8.275410e-01  -8.275410e-01  -8.275368e-01  -8.294790e-01    4.280e-06      1.938e-03    1.942e-03    4.036e+00    3.052e-05          True
     10919      2   2727   3.554574e-01   3.554574e-01   3.554586e-01   3.546992e-01    1.223e-06      7.582e-04    7.595e-04    4.302e+00    3.052e-05          True
     10920      2   2728  -1.430344e+00  -1.430344e+00  -1.430346e+00  -1.428757e+00    1.185e-06      1.587e-03    1.589e-03    4.343e+00    3.052e-05          True
     10953      2   2761  -1.767264e+00  -1.767264e+00  -1.767265e+00  -1.764699e+00    7.400e-07      2.565e-03    2.566e-03    3.278e+00    1.526e-05          True
     10954      2   2762   1.222273e+00   1.222273e+00   1.222281e+00   1.223569e+00    7.553e-06      1.296e-03    1.289e-03    6.196e+00    3.052e-05          True
     10957      2   2765  -5.584172e-02  -5.584172e-02  -5.584247e-02  -5.575953e-02    7.444e-07      8.219e-05    8.294e-05    2.868e+00    1.526e-05          True
     10960      2   2768  -1.079268e+00  -1.079268e+00  -1.079269e+00  -1.080515e+00    3.701e-07      1.246e-03    1.246e-03    5.111e+00    3.052e-05          True
     10978      2   2786   8.585521e-01   8.585521e-01   8.585510e-01   8.599795e-01    1.080e-06      1.427e-03    1.428e-03    4.522e+00    3.052e-05          True
     10999      2   2807   9.883430e-01   9.883430e-01   9.883393e-01   9.896299e-01    3.646e-06      1.287e-03    1.291e-03    4.175e+00    3.052e-05          True
     11005      2   2813  -2.755315e+00  -2.755315e+00  -2.755305e+00  -2.752392e+00    9.499e-06      2.922e-03    2.913e-03    7.622e+00    3.052e-05          True
     11012      2   2820  -5.717799e-01  -5.717799e-01  -5.717742e-01  -5.723677e-01    5.679e-06      5.878e-04    5.935e-04    6.129e+00    3.052e-05          True
     11015      2   2823  -8.762439e-02  -8.762439e-02  -8.762595e-02  -8.900132e-02    1.556e-06      1.377e-03    1.375e-03    2.645e+00    1.526e-05          True
     11017      2   2825  -2.497679e-02  -2.497679e-02  -2.497652e-02  -2.527965e-02    2.739e-07      3.029e-04    3.031e-04    2.472e+00    1.526e-05          True
     11024      2   2832  -1.085191e+00  -1.085191e+00  -1.085196e+00  -1.083117e+00    4.162e-06      2.075e-03    2.079e-03    5.871e+00    3.052e-05          True
     11026      2   2834  -7.724839e-02  -7.724839e-02  -7.724994e-02  -7.517250e-02    1.548e-06      2.076e-03    2.077e-03    3.362e+00    1.526e-05          True
     11029      2   2837   7.266022e-02   7.266022e-02   7.266295e-02   7.410659e-02    2.725e-06      1.446e-03    1.444e-03    4.032e+00    3.052e-05          True
     11036      2   2844   2.842838e+00   2.842838e+00   2.842838e+00   2.839479e+00    5.777e-07      3.359e-03    3.359e-03    3.533e+00    1.526e-05          True
     11037      2   2845   1.317893e+00   1.317893e+00   1.317890e+00   1.316521e+00    3.644e-06      1.372e-03    1.369e-03    6.422e+00    3.052e-05          True
     11040      2   2848  -6.521049e-02  -6.521049e-02  -6.521062e-02  -6.613471e-02    1.244e-07      9.242e-04    9.241e-04    5.054e+00    3.052e-05          True
     11047      2   2855  -2.158874e+00  -2.158874e+00  -2.158883e+00  -2.156002e+00    9.169e-06      2.872e-03    2.882e-03    6.103e+00    3.052e-05          True
     11048      2   2856  -1.413016e-01  -1.413016e-01  -1.413008e-01  -1.418157e-01    7.894e-07      5.141e-04    5.149e-04    7.256e+00    3.052e-05          True
     11051      2   2859   6.210246e-01   6.210246e-01   6.210244e-01   6.229901e-01    2.661e-07      1.965e-03    1.966e-03    3.186e+00    1.526e-05          True
     11057      2   2865   1.161022e+00   1.161022e+00   1.161021e+00   1.159565e+00    1.534e-06      1.457e-03    1.456e-03    3.473e+00    1.526e-05          True
     11065      2   2873   3.909946e-02   3.909946e-02   3.909926e-02   3.702432e-02    1.969e-07      2.075e-03    2.075e-03    5.626e+00    3.052e-05          True
     11074      2   2882  -2.773968e+00  -2.773968e+00  -2.773968e+00  -2.777292e+00    4.309e-07      3.324e-03    3.324e-03    3.424e+00    1.526e-05          True
     11122      2   2930   1.006574e+00   1.006574e+00   1.006573e+00   1.004885e+00    1.609e-06      1.689e-03    1.688e-03    3.443e+00    1.526e-05          True
     11140      2   2948   2.854642e+00   2.854642e+00   2.854637e+00   2.851612e+00    5.014e-06      3.030e-03    3.025e-03    4.174e+00    3.052e-05          True
     11142      2   2950  -7.319071e-01  -7.319071e-01  -7.319053e-01  -7.307379e-01    1.817e-06      1.169e-03    1.167e-03    4.360e+00    3.052e-05          True
     11143      2   2951  -2.964969e-01  -2.964969e-01  -2.964958e-01  -2.951474e-01    1.144e-06      1.349e-03    1.348e-03    4.496e+00    3.052e-05          True
     11147      2   2955  -8.450881e-02  -8.450881e-02  -8.450620e-02  -8.421342e-02    2.607e-06      2.954e-04    2.928e-04    4.939e+00    3.052e-05          True
     11150      2   2958   1.133174e-01   1.133174e-01   1.133199e-01   1.148601e-01    2.477e-06      1.543e-03    1.540e-03    4.500e+00    3.052e-05          True
     11159      2   2967  -1.220113e+00  -1.220113e+00  -1.220114e+00  -1.217177e+00    5.190e-07      2.937e-03    2.937e-03    5.519e+00    3.052e-05          True
     11167      2   2975   5.254069e-01   5.254069e-01   5.254033e-01   5.241894e-01    3.589e-06      1.217e-03    1.214e-03    4.332e+00    3.052e-05          True
     11168      2   2976   1.499058e+00   1.499058e+00   1.499057e+00   1.497484e+00    1.162e-06      1.573e-03    1.572e-03    3.646e+00    1.526e-05          True
     11171      2   2979  -1.159377e+00  -1.159377e+00  -1.159374e+00  -1.157282e+00    2.471e-06      2.094e-03    2.092e-03    5.498e+00    3.052e-05          True
     11180      2   2988   1.214665e-01   1.214665e-01   1.214665e-01   1.212479e-01    1.454e-08      2.185e-04    2.185e-04    5.969e+00    3.052e-05          True
     11206      2   3014  -2.410466e+00  -2.410466e+00  -2.410466e+00  -2.413191e+00    1.564e-07      2.725e-03    2.726e-03    5.508e+00    3.052e-05          True
     11210      2   3018   1.564469e-01   1.564469e-01   1.564621e-01   1.553397e-01    1.525e-05      1.107e-03    1.122e-03    8.647e+00    6.104e-05          True
     11226      2   3034  -9.011476e-01  -9.011476e-01  -9.011485e-01  -9.026583e-01    8.723e-07      1.511e-03    1.510e-03    5.479e+00    3.052e-05          True
     11227      2   3035   1.423566e+00   1.423566e+00   1.423565e+00   1.421300e+00    5.003e-07      2.266e-03    2.265e-03    3.558e+00    1.526e-05          True
     11230      2   3038   2.750250e-01   2.750250e-01   2.750309e-01   2.781146e-01    5.952e-06      3.090e-03    3.084e-03    4.747e+00    3.052e-05          True
     11232      2   3040   1.705332e-01   1.705332e-01   1.705359e-01   1.689429e-01    2.677e-06      1.590e-03    1.593e-03    4.204e+00    3.052e-05          True
     11234      2   3042   6.613868e-01   6.613868e-01   6.613857e-01   6.577903e-01    1.058e-06      3.596e-03    3.595e-03    3.007e+00    1.526e-05          True
     11243      2   3051   2.335609e-01   2.335609e-01   2.335653e-01   2.339612e-01    4.405e-06      4.003e-04    3.959e-04    4.841e+00    3.052e-05          True
     11252      2   3060  -3.465685e+00  -3.465685e+00  -3.465686e+00  -3.461411e+00    3.366e-07      4.275e-03    4.275e-03    3.466e+00    1.526e-05          True
     11263      2   3071  -4.891400e-02  -4.891400e-02  -4.891513e-02  -4.879221e-02    1.128e-06      1.218e-04    1.229e-04    6.571e+00    3.052e-05          True
     11272      2   3080  -2.864206e-01  -2.864206e-01  -2.864178e-01  -2.870640e-01    2.824e-06      6.434e-04    6.463e-04    4.344e+00    3.052e-05          True
     11275      2   3083   1.042632e+00   1.042632e+00   1.042633e+00   1.043756e+00    1.210e-06      1.124e-03    1.123e-03    2.287e+00    1.526e-05          True
     11287      2   3095   5.799922e-02   5.799922e-02   5.800243e-02   5.866474e-02    3.212e-06      6.655e-04    6.623e-04    4.307e+00    3.052e-05          True
     11297      2   3105  -1.762828e-01  -1.762828e-01  -1.762767e-01  -1.758744e-01    6.126e-06      4.084e-04    4.023e-04    3.163e+00    1.526e-05          True
     11298      2   3106   2.127777e+00   2.127777e+00   2.127780e+00   2.125535e+00    3.634e-06      2.242e-03    2.246e-03    6.894e+00    3.052e-05          True
     11299      2   3107   6.415977e-01   6.415977e-01   6.415948e-01   6.408738e-01    2.928e-06      7.238e-04    7.209e-04    3.954e+00    1.526e-05          True
     11303      2   3111  -1.360384e+00  -1.360384e+00  -1.360383e+00  -1.358514e+00    6.079e-07      1.870e-03    1.869e-03    4.790e+00    3.052e-05          True
     11307      2   3115  -3.103598e+00  -3.103598e+00  -3.103598e+00  -3.100445e+00    4.461e-08      3.154e-03    3.154e-03    5.689e+00    3.052e-05          True
     11308      2   3116  -6.973123e-01  -6.973123e-01  -6.973219e-01  -6.984209e-01    9.606e-06      1.109e-03    1.099e-03    4.747e+00    3.052e-05          True
     11309      2   3117   1.587918e+00   1.587918e+00   1.587915e+00   1.586223e+00    2.746e-06      1.695e-03    1.692e-03    6.763e+00    3.052e-05          True
     11322      2   3130   3.152809e-01   3.152809e-01   3.152780e-01   3.148104e-01    2.827e-06      4.705e-04    4.677e-04    2.960e+00    1.526e-05          True
     11324      2   3132   7.251782e-01   7.251782e-01   7.251818e-01   7.273275e-01    3.625e-06      2.149e-03    2.146e-03    6.136e+00    3.052e-05          True
     11334      2   3142  -1.114786e+00  -1.114786e+00  -1.114779e+00  -1.113295e+00    7.338e-06      1.491e-03    1.484e-03    6.984e+00    3.052e-05          True
     11346      2   3154   2.003678e+00   2.003678e+00   2.003680e+00   2.005744e+00    1.610e-06      2.066e-03    2.064e-03    3.007e+00    1.526e-05          True
     11359      2   3167  -5.191541e-01  -5.191541e-01  -5.191519e-01  -5.173808e-01    2.177e-06      1.773e-03    1.771e-03    2.596e+00    1.526e-05          True
     11360      2   3168  -9.582399e-01  -9.582399e-01  -9.582351e-01  -9.606289e-01    4.743e-06      2.389e-03    2.394e-03    5.307e+00    3.052e-05          True
     11367      2   3175   6.327235e-01   6.327235e-01   6.327223e-01   6.307558e-01    1.238e-06      1.968e-03    1.966e-03    4.194e+00    3.052e-05          True
     11370      2   3178  -1.655351e+00  -1.655351e+00  -1.655353e+00  -1.658331e+00    1.287e-06      2.979e-03    2.978e-03    4.271e+00    3.052e-05          True
     11372      2   3180   5.502428e-01   5.502428e-01   5.502400e-01   5.469851e-01    2.729e-06      3.258e-03    3.255e-03    3.279e+00    1.526e-05          True
     11380      2   3188  -2.402139e+00  -2.402139e+00  -2.402141e+00  -2.398694e+00    1.921e-06      3.445e-03    3.447e-03    3.816e+00    1.526e-05          True
     11383      2   3191  -2.634436e+00  -2.634436e+00  -2.634436e+00  -2.630139e+00    9.555e-08      4.297e-03    4.297e-03    4.690e+00    3.052e-05          True
     11384      2   3192  -8.631122e-02  -8.631122e-02  -8.631206e-02  -8.921701e-02    8.376e-07      2.906e-03    2.905e-03    4.493e+00    3.052e-05          True
     11394      2   3202   7.282023e-01   7.282023e-01   7.282028e-01   7.301931e-01    4.954e-07      1.991e-03    1.990e-03    6.531e+00    3.052e-05          True
     11395      2   3203   6.444584e-01   6.444584e-01   6.444557e-01   6.472222e-01    2.735e-06      2.764e-03    2.766e-03    4.580e+00    3.052e-05          True
     11401      2   3209   1.913227e+00   1.913227e+00   1.913223e+00   1.911084e+00    3.129e-06      2.142e-03    2.139e-03    5.447e+00    3.052e-05          True
     11404      2   3212   1.940950e+00   1.940950e+00   1.940944e+00   1.937949e+00    5.883e-06      3.001e-03    2.995e-03    4.921e+00    3.052e-05          True
     11409      2   3217  -2.172591e-01  -2.172591e-01  -2.172581e-01  -2.160682e-01    1.026e-06      1.191e-03    1.190e-03    3.524e+00    1.526e-05          True
     11411      2   3219  -1.362366e-01  -1.362366e-01  -1.362407e-01  -1.354874e-01    4.151e-06      7.492e-04    7.533e-04    4.302e+00    3.052e-05          True
     11412      2   3220  -7.913956e-01  -7.913956e-01  -7.913980e-01  -7.882839e-01    2.365e-06      3.112e-03    3.114e-03    6.656e+00    3.052e-05          True
     11429      2   3237  -1.304814e+00  -1.304814e+00  -1.304817e+00  -1.303247e+00    2.267e-06      1.567e-03    1.570e-03    2.625e+00    1.526e-05          True
     11433      2   3241  -8.820618e-01  -8.820618e-01  -8.820599e-01  -8.802724e-01    1.955e-06      1.789e-03    1.787e-03    3.838e+00    1.526e-05          True
     11441      2   3249  -8.750359e-02  -8.750359e-02  -8.751310e-02  -8.605050e-02    9.511e-06      1.453e-03    1.463e-03    5.573e+00    3.052e-05          True
     11447      2   3255  -2.757447e-01  -2.757447e-01  -2.757460e-01  -2.775459e-01    1.267e-06      1.801e-03    1.800e-03    3.746e+00    1.526e-05          True
     11450      2   3258   4.287785e-02   4.287785e-02   4.287183e-02   4.416402e-02    6.025e-06      1.286e-03    1.292e-03    5.044e+00    3.052e-05          True
     11455      2   3263   1.092279e+00   1.092279e+00   1.092280e+00   1.089337e+00    6.766e-07      2.942e-03    2.943e-03    3.086e+00    1.526e-05          True
     11481      2   3289  -8.117727e-01  -8.117727e-01  -8.117757e-01  -8.126671e-01    2.945e-06      8.944e-04    8.914e-04    4.020e+00    3.052e-05          True
     11487      2   3295  -4.160963e-01  -4.160963e-01  -4.160986e-01  -4.168844e-01    2.281e-06      7.881e-04    7.859e-04    5.792e+00    3.052e-05          True
     11492      2   3300  -2.951765e+00  -2.951765e+00  -2.951767e+00  -2.955031e+00    1.827e-06      3.265e-03    3.263e-03    6.567e+00    3.052e-05          True
     11507      2   3315  -8.796797e-01  -8.796797e-01  -8.796785e-01  -8.782269e-01    1.200e-06      1.453e-03    1.452e-03    6.414e+00    3.052e-05          True
     11508      2   3316  -3.744333e-01  -3.744333e-01  -3.744288e-01  -3.717628e-01    4.493e-06      2.671e-03    2.666e-03    6.245e+00    3.052e-05          True
     11510      2   3318   2.355552e+00   2.355552e+00   2.355552e+00   2.352921e+00    2.014e-07      2.632e-03    2.632e-03    5.050e+00    3.052e-05          True
     11518      2   3326   8.049035e-01   8.049035e-01   8.049012e-01   8.030319e-01    2.294e-06      1.872e-03    1.869e-03    5.913e+00    3.052e-05          True
     11523      2   3331   1.989136e+00   1.989136e+00   1.989137e+00   1.991560e+00    1.189e-06      2.424e-03    2.422e-03    5.590e+00    3.052e-05          True
     11543      2   3351   1.824973e-01   1.824973e-01   1.824962e-01   1.847018e-01    1.072e-06      2.204e-03    2.206e-03    2.157e+00    1.526e-05          True
     11547      2   3355  -1.617363e+00  -1.617363e+00  -1.617364e+00  -1.619547e+00    1.336e-06      2.184e-03    2.183e-03    2.704e+00    1.526e-05          True
     11553      2   3361  -1.473109e+00  -1.473109e+00  -1.473104e+00  -1.471008e+00    5.336e-06      2.101e-03    2.095e-03    4.575e+00    3.052e-05          True
     11554      2   3362   3.800793e-01   3.800793e-01   3.800816e-01   3.820374e-01    2.337e-06      1.958e-03    1.956e-03    6.510e+00    3.052e-05          True
     11555      2   3363   1.483895e+00   1.483895e+00   1.483893e+00   1.481955e+00    1.798e-06      1.940e-03    1.938e-03    6.047e+00    3.052e-05          True
     11558      2   3366  -9.726134e-01  -9.726134e-01  -9.726116e-01  -9.715328e-01    1.767e-06      1.081e-03    1.079e-03    4.537e+00    3.052e-05          True
     11561      2   3369  -2.164101e-01  -2.164101e-01  -2.164113e-01  -2.142870e-01    1.235e-06      2.123e-03    2.124e-03    3.616e+00    1.526e-05          True
     11569      2   3377   2.654508e-01   2.654508e-01   2.654511e-01   2.666144e-01    2.506e-07      1.164e-03    1.163e-03    3.495e+00    1.526e-05          True
     11595      2   3403  -3.086401e+00  -3.086401e+00  -3.086400e+00  -3.089543e+00    1.279e-06      3.142e-03    3.143e-03    6.579e+00    3.052e-05          True
     11604      2   3412  -2.537054e-01  -2.537054e-01  -2.537003e-01  -2.570326e-01    5.123e-06      3.327e-03    3.332e-03    3.920e+00    1.526e-05          True
     11618      2   3426  -1.071264e-01  -1.071264e-01  -1.071229e-01  -1.091554e-01    3.586e-06      2.029e-03    2.032e-03    4.888e+00    3.052e-05          True
     11622      2   3430  -4.606066e-01  -4.606066e-01  -4.606058e-01  -4.611911e-01    8.490e-07      5.845e-04    5.854e-04    2.632e+00    1.526e-05          True
     11624      2   3432   5.547332e-01   5.547332e-01   5.547324e-01   5.568458e-01    8.282e-07      2.113e-03    2.113e-03    3.296e+00    1.526e-05          True
     11627      2   3435   3.130731e-01   3.130731e-01   3.130789e-01   3.145038e-01    5.740e-06      1.431e-03    1.425e-03    4.624e+00    3.052e-05          True
     11628      2   3436  -2.022951e-01  -2.022951e-01  -2.022967e-01  -2.035079e-01    1.549e-06      1.213e-03    1.211e-03    4.045e+00    3.052e-05          True
     11632      2   3440   7.998219e-01   7.998219e-01   7.998135e-01   7.987394e-01    8.378e-06      1.083e-03    1.074e-03    6.595e+00    3.052e-05          True
     11651      2   3459   9.550723e-03   9.550723e-03   9.551670e-03   8.152545e-03    9.474e-07      1.398e-03    1.399e-03    6.322e+00    3.052e-05          True
     11652      2   3460  -1.465640e+00  -1.465640e+00  -1.465637e+00  -1.463246e+00    2.961e-06      2.394e-03    2.391e-03    3.713e+00    1.526e-05          True
     11653      2   3461   2.996335e-01   2.996335e-01   2.996346e-01   3.022501e-01    1.099e-06      2.617e-03    2.615e-03    2.555e+00    1.526e-05          True
     11655      2   3463   1.781373e-01   1.781373e-01   1.781381e-01   1.789868e-01    8.018e-07      8.496e-04    8.488e-04    6.945e+00    3.052e-05          True
     11657      2   3465  -1.858019e+00  -1.858019e+00  -1.858016e+00  -1.860620e+00    2.491e-06      2.601e-03    2.603e-03    6.674e+00    3.052e-05          True
     11664      2   3472   6.096039e-01   6.096039e-01   6.096020e-01   6.088666e-01    1.962e-06      7.373e-04    7.353e-04    6.461e+00    3.052e-05          True
     11665      2   3473  -1.184381e+00  -1.184381e+00  -1.184378e+00  -1.185687e+00    2.776e-06      1.307e-03    1.310e-03    4.547e+00    3.052e-05          True
     11676      2   3484  -7.553608e-02  -7.553608e-02  -7.553381e-02  -7.514571e-02    2.276e-06      3.904e-04    3.881e-04    4.428e+00    3.052e-05          True
     11681      2   3489  -1.225409e+00  -1.225409e+00  -1.225413e+00  -1.223640e+00    3.612e-06      1.769e-03    1.773e-03    4.534e+00    3.052e-05          True
     11686      2   3494   3.203386e-01   3.203386e-01   3.203388e-01   3.194197e-01    1.912e-07      9.189e-04    9.191e-04    3.322e+00    1.526e-05          True
     11696      2   3504   9.174946e-01   9.174946e-01   9.174944e-01   9.200712e-01    2.055e-07      2.577e-03    2.577e-03    3.542e+00    1.526e-05          True
     11700      2   3508   1.764892e-01   1.764892e-01   1.764902e-01   1.767467e-01    9.670e-07      2.575e-04    2.565e-04    5.559e+00    3.052e-05          True
     11704      2   3512  -5.060144e-01  -5.060144e-01  -5.060146e-01  -5.032263e-01    1.884e-07      2.788e-03    2.788e-03    3.213e+00    1.526e-05          True
     11717      2   3525   5.119703e-01   5.119703e-01   5.119697e-01   5.128266e-01    6.368e-07      8.563e-04    8.569e-04    4.878e+00    3.052e-05          True
     11739      2   3547   2.059353e+00   2.059353e+00   2.059356e+00   2.056803e+00    2.458e-06      2.550e-03    2.553e-03    4.778e+00    3.052e-05          True
     11747      2   3555   8.263106e-01   8.263106e-01   8.263182e-01   8.247309e-01    7.624e-06      1.580e-03    1.587e-03    7.936e+00    3.052e-05          True
     11756      2   3564   2.265980e+00   2.265980e+00   2.265978e+00   2.263612e+00    1.941e-06      2.368e-03    2.366e-03    3.386e+00    1.526e-05          True
     11769      2   3577   4.269413e-01   4.269413e-01   4.269480e-01   4.291888e-01    6.662e-06      2.247e-03    2.241e-03    5.509e+00    3.052e-05          True
     11772      2   3580   4.623133e-01   4.623133e-01   4.623109e-01   4.605147e-01    2.409e-06      1.799e-03    1.796e-03    6.219e+00    3.052e-05          True
     11775      2   3583  -1.421505e+00  -1.421505e+00  -1.421502e+00  -1.423443e+00    3.678e-06      1.937e-03    1.941e-03    4.784e+00    3.052e-05          True
     11777      2   3585  -4.729994e-02  -4.729994e-02  -4.730016e-02  -4.806619e-02    2.167e-07      7.662e-04    7.660e-04    6.545e+00    3.052e-05          True
     11778      2   3586  -2.906320e-01  -2.906320e-01  -2.906236e-01  -2.912908e-01    8.381e-06      6.589e-04    6.672e-04    6.866e+00    3.052e-05          True
     11787      2   3595   1.068514e+00   1.068514e+00   1.068523e+00   1.066271e+00    9.204e-06      2.242e-03    2.251e-03    8.898e+00    6.104e-05          True
     11794      2   3602  -2.914600e+00  -2.914600e+00  -2.914607e+00  -2.917910e+00    7.042e-06      3.310e-03    3.303e-03    5.708e+00    3.052e-05          True
     11803      2   3611   4.048014e-01   4.048014e-01   4.047961e-01   4.043555e-01    5.335e-06      4.459e-04    4.405e-04    4.560e+00    3.052e-05          True
     11805      2   3613  -6.363493e-01  -6.363493e-01  -6.363477e-01  -6.329026e-01    1.628e-06      3.447e-03    3.445e-03    5.364e+00    3.052e-05          True
     11814      2   3622  -1.524058e-01  -1.524058e-01  -1.524113e-01  -1.535852e-01    5.447e-06      1.179e-03    1.174e-03    3.999e+00    1.526e-05          True
     11820      2   3628  -3.463227e-01  -3.463227e-01  -3.463248e-01  -3.472331e-01    2.085e-06      9.104e-04    9.083e-04    3.855e+00    1.526e-05          True
     11825      2   3633  -5.437083e-03  -5.437083e-03  -5.458606e-03  -2.149288e-03    2.152e-05      3.288e-03    3.309e-03    8.016e+00    6.104e-05          True
     11832      2   3640  -9.711451e-01  -9.711451e-01  -9.711484e-01  -9.731339e-01    3.248e-06      1.989e-03    1.985e-03    5.077e+00    3.052e-05          True
     11848      2   3656  -1.125397e+00  -1.125397e+00  -1.125394e+00  -1.123626e+00    3.359e-06      1.772e-03    1.768e-03    5.805e+00    3.052e-05          True
     11853      2   3661   6.340560e-01   6.340560e-01   6.340585e-01   6.325972e-01    2.565e-06      1.459e-03    1.461e-03    3.770e+00    1.526e-05          True
     11857      2   3665  -6.017503e-01  -6.017503e-01  -6.017482e-01  -6.031758e-01    2.093e-06      1.425e-03    1.428e-03    5.438e+00    3.052e-05          True
     11858      2   3666  -6.000947e-01  -6.000947e-01  -6.000944e-01  -6.015178e-01    3.601e-07      1.423e-03    1.423e-03    2.893e+00    1.526e-05          True
     11864      2   3672   3.304990e-01   3.304990e-01   3.304975e-01   3.317815e-01    1.468e-06      1.283e-03    1.284e-03    3.572e+00    1.526e-05          True
     11868      2   3676   6.193528e-01   6.193528e-01   6.193564e-01   6.203042e-01    3.553e-06      9.513e-04    9.478e-04    4.723e+00    3.052e-05          True
     11869      2   3677  -1.037742e+00  -1.037742e+00  -1.037745e+00  -1.035483e+00    3.100e-06      2.259e-03    2.262e-03    2.879e+00    1.526e-05          True
     11874      2   3682   1.646230e+00   1.646230e+00   1.646233e+00   1.648546e+00    2.405e-06      2.315e-03    2.313e-03    6.498e+00    3.052e-05          True
     11879      2   3687   2.976524e-01   2.976524e-01   2.976499e-01   2.991846e-01    2.487e-06      1.532e-03    1.535e-03    7.668e+00    3.052e-05          True
     11889      2   3697  -1.305520e+00  -1.305520e+00  -1.305516e+00  -1.308038e+00    3.973e-06      2.517e-03    2.521e-03    4.165e+00    3.052e-05          True
     11890      2   3698   8.702830e-01   8.702830e-01   8.702853e-01   8.676391e-01    2.272e-06      2.644e-03    2.646e-03    4.719e+00    3.052e-05          True
     11896      2   3704  -6.734101e-01  -6.734101e-01  -6.734096e-01  -6.743473e-01    5.112e-07      9.372e-04    9.377e-04    3.880e+00    1.526e-05          True
     11897      2   3705  -1.302855e-01  -1.302855e-01  -1.302822e-01  -1.275839e-01    3.233e-06      2.702e-03    2.698e-03    2.825e+00    1.526e-05          True
     11900      2   3708  -1.163056e+00  -1.163056e+00  -1.163048e+00  -1.166300e+00    8.358e-06      3.244e-03    3.253e-03    5.085e+00    3.052e-05          True
     11902      2   3710   1.678751e+00   1.678751e+00   1.678757e+00   1.676884e+00    6.353e-06      1.867e-03    1.873e-03    8.107e+00    6.104e-05          True
     11921      2   3729   1.228479e+00   1.228479e+00   1.228483e+00   1.226624e+00    4.131e-06      1.855e-03    1.859e-03    4.105e+00    3.052e-05          True
     11928      2   3736   4.870205e-01   4.870205e-01   4.870163e-01   4.887020e-01    4.213e-06      1.681e-03    1.686e-03    5.466e+00    3.052e-05          True
     11937      2   3745  -8.017072e-01  -8.017072e-01  -8.017055e-01  -7.987255e-01    1.634e-06      2.982e-03    2.980e-03    4.415e+00    3.052e-05          True
     11944      2   3752   1.400187e+00   1.400187e+00   1.400185e+00   1.402398e+00    1.488e-06      2.211e-03    2.212e-03    2.472e+00    1.526e-05          True
     11973      2   3781   5.644829e-01   5.644829e-01   5.644820e-01   5.653276e-01    9.394e-07      8.447e-04    8.456e-04    2.498e+00    1.526e-05          True
     11981      2   3789   5.527819e-02   5.527819e-02   5.527972e-02   5.599163e-02    1.535e-06      7.134e-04    7.119e-04    4.826e+00    3.052e-05          True
     11985      2   3793   1.449104e+00   1.449104e+00   1.449104e+00   1.450724e+00    1.124e-07      1.620e-03    1.620e-03    2.376e+00    1.526e-05          True
     11991      2   3799   9.954078e-01   9.954078e-01   9.954098e-01   9.968606e-01    2.060e-06      1.453e-03    1.451e-03    3.296e+00    1.526e-05          True
     11998      2   3806   6.275913e-01   6.275913e-01   6.275893e-01   6.290569e-01    2.020e-06      1.466e-03    1.468e-03    3.801e+00    1.526e-05          True
     12002      2   3810  -8.381159e-01  -8.381159e-01  -8.381255e-01  -8.370674e-01    9.523e-06      1.049e-03    1.058e-03    7.100e+00    3.052e-05          True
     12023      2   3831  -4.383048e-01  -4.383048e-01  -4.383056e-01  -4.395601e-01    7.917e-07      1.255e-03    1.254e-03    4.051e+00    3.052e-05          True
     12026      2   3834   1.437945e+00   1.437945e+00   1.437943e+00   1.439541e+00    1.715e-06      1.596e-03    1.598e-03    4.182e+00    3.052e-05          True
     12027      2   3835  -4.027219e-01  -4.027219e-01  -4.027222e-01  -4.039408e-01    3.326e-07      1.219e-03    1.219e-03    4.085e+00    3.052e-05          True
     12031      2   3839   2.797448e+00   2.797448e+00   2.797446e+00   2.800677e+00    2.254e-06      3.229e-03    3.231e-03    5.232e+00    3.052e-05          True
     12040      2   3848   7.454697e-01   7.454697e-01   7.454723e-01   7.440716e-01    2.535e-06      1.398e-03    1.401e-03    4.227e+00    3.052e-05          True
     12043      2   3851   4.693714e-01   4.693714e-01   4.693759e-01   4.674448e-01    4.516e-06      1.927e-03    1.931e-03    4.336e+00    3.052e-05          True
     12048      2   3856  -9.547198e-01  -9.547198e-01  -9.547174e-01  -9.518808e-01    2.373e-06      2.839e-03    2.837e-03    6.409e+00    3.052e-05          True
     12055      2   3863  -5.313483e-02  -5.313483e-02  -5.313340e-02  -5.299456e-02    1.434e-06      1.403e-04    1.388e-04    3.019e+00    1.526e-05          True
     12068      2   3876  -7.615507e-01  -7.615507e-01  -7.615508e-01  -7.623262e-01    1.852e-07      7.755e-04    7.753e-04    4.783e+00    3.052e-05          True
     12084      2   3892  -3.424910e-01  -3.424910e-01  -3.424909e-01  -3.416398e-01    9.969e-08      8.511e-04    8.510e-04    2.838e+00    1.526e-05          True
     12085      2   3893  -1.208135e+00  -1.208135e+00  -1.208132e+00  -1.206163e+00    2.986e-06      1.972e-03    1.969e-03    4.264e+00    3.052e-05          True
     12091      2   3899   7.699293e-01   7.699293e-01   7.699289e-01   7.689421e-01    4.521e-07      9.873e-04    9.868e-04    3.672e+00    1.526e-05          True
     12094      2   3902  -5.926215e-01  -5.926215e-01  -5.926208e-01  -5.939001e-01    6.642e-07      1.279e-03    1.279e-03    5.929e+00    3.052e-05          True
     12100      2   3908  -4.016743e-01  -4.016743e-01  -4.016806e-01  -4.009568e-01    6.331e-06      7.174e-04    7.238e-04    7.608e+00    3.052e-05          True
     12117      2   3925   3.525018e-02   3.525018e-02   3.525148e-02   3.351543e-02    1.305e-06      1.735e-03    1.736e-03    2.619e+00    1.526e-05          True
     12118      2   3926  -8.772247e-01  -8.772247e-01  -8.772281e-01  -8.751164e-01    3.338e-06      2.108e-03    2.112e-03    5.320e+00    3.052e-05          True
     12120      2   3928  -2.983214e-01  -2.983214e-01  -2.983196e-01  -2.991260e-01    1.824e-06      8.046e-04    8.065e-04    4.343e+00    3.052e-05          True
     12126      2   3934   4.210878e-01   4.210878e-01   4.210894e-01   4.197241e-01    1.648e-06      1.364e-03    1.365e-03    5.319e+00    3.052e-05          True
     12130      2   3938   6.055894e-01   6.055894e-01   6.055903e-01   6.063738e-01    8.389e-07      7.843e-04    7.835e-04    3.630e+00    1.526e-05          True
     12131      2   3939  -7.599154e-01  -7.599154e-01  -7.599024e-01  -7.610310e-01    1.295e-05      1.116e-03    1.129e-03    5.864e+00    3.052e-05          True
     12139      2   3947  -5.929786e-01  -5.929786e-01  -5.929793e-01  -5.950923e-01    6.564e-07      2.114e-03    2.113e-03    5.776e+00    3.052e-05          True
     12158      2   3966  -1.070158e+00  -1.070158e+00  -1.070159e+00  -1.071423e+00    1.092e-06      1.265e-03    1.264e-03    4.667e+00    3.052e-05          True
     12161      2   3969  -2.801134e-01  -2.801134e-01  -2.801165e-01  -2.792500e-01    3.109e-06      8.634e-04    8.665e-04    2.899e+00    1.526e-05          True
     12170      2   3978   7.033359e-01   7.033359e-01   7.033308e-01   7.013794e-01    5.130e-06      1.956e-03    1.951e-03    4.972e+00    3.052e-05          True
     12179      2   3987   1.296681e-01   1.296681e-01   1.296686e-01   1.291104e-01    4.978e-07      5.577e-04    5.582e-04    3.622e+00    1.526e-05          True
     12188      2   3996  -1.044165e+00  -1.044165e+00  -1.044166e+00  -1.045948e+00    7.055e-07      1.783e-03    1.783e-03    5.616e+00    3.052e-05          True
     12204      2   4012   1.895813e-02   1.895813e-02   1.895935e-02   1.655686e-02    1.217e-06      2.401e-03    2.402e-03    3.526e+00    1.526e-05          True
     12207      2   4015  -2.130877e-01  -2.130877e-01  -2.130879e-01  -2.122581e-01    2.027e-07      8.296e-04    8.298e-04    4.742e+00    3.052e-05          True
     12209      2   4017   2.066672e-01   2.066672e-01   2.066672e-01   2.081190e-01    1.955e-08      1.452e-03    1.452e-03    4.152e+00    3.052e-05          True
     12210      2   4018   3.491304e-01   3.491304e-01   3.491265e-01   3.511422e-01    3.947e-06      2.012e-03    2.016e-03    7.465e+00    3.052e-05          True
     12227      2   4035  -1.200385e-01  -1.200385e-01  -1.200363e-01  -1.181816e-01    2.200e-06      1.857e-03    1.855e-03    5.901e+00    3.052e-05          True
     12242      2   4050   2.129595e+00   2.129595e+00   2.129601e+00   2.131842e+00    6.057e-06      2.247e-03    2.241e-03    5.186e+00    3.052e-05          True
     12247      2   4055  -2.363719e+00  -2.363719e+00  -2.363699e+00  -2.367062e+00    1.913e-05      3.344e-03    3.363e-03    8.113e+00    6.104e-05          True
     12263      2   4071  -1.075991e+00  -1.075991e+00  -1.075984e+00  -1.074646e+00    7.223e-06      1.346e-03    1.338e-03    3.801e+00    1.526e-05          True
     12273      2   4081  -1.149214e+00  -1.149214e+00  -1.149215e+00  -1.151378e+00    1.199e-07      2.163e-03    2.163e-03    5.606e+00    3.052e-05          True
     12300      3     12   2.411055e-01   2.411055e-01   2.410998e-01   2.407482e-01    5.623e-06      3.573e-04    3.517e-04    6.032e+00    3.052e-05          True
     12318      3     30  -5.143776e-02  -5.143776e-02  -5.143673e-02  -5.291822e-02    1.033e-06      1.480e-03    1.481e-03    5.187e+00    3.052e-05          True
     12325      3     37  -1.287622e-01  -1.287622e-01  -1.287501e-01  -1.290464e-01    1.208e-05      2.841e-04    2.962e-04    6.248e+00    3.052e-05          True
     12340      3     52   1.476204e+00   1.476204e+00   1.476205e+00   1.478442e+00    7.606e-07      2.238e-03    2.237e-03    5.863e+00    3.052e-05          True
     12348      3     60   4.260487e-01   4.260487e-01   4.260473e-01   4.285675e-01    1.376e-06      2.519e-03    2.520e-03    5.347e+00    3.052e-05          True
     12354      3     66  -4.970082e-02  -4.970082e-02  -4.969729e-02  -5.112273e-02    3.522e-06      1.422e-03    1.425e-03    3.678e+00    1.526e-05          True
     12362      3     74   2.168973e+00   2.168973e+00   2.168974e+00   2.166193e+00    1.460e-06      2.780e-03    2.781e-03    3.357e+00    1.526e-05          True
     12367      3     79  -6.836219e-03  -6.836219e-03  -6.838203e-03  -6.103717e-03    1.984e-06      7.325e-04    7.345e-04    3.228e+00    1.526e-05          True
     12369      3     81   4.144851e-01   4.144851e-01   4.144884e-01   4.156522e-01    3.278e-06      1.167e-03    1.164e-03    2.907e+00    1.526e-05          True
     12371      3     83  -2.685649e-01  -2.685649e-01  -2.685634e-01  -2.668270e-01    1.402e-06      1.738e-03    1.736e-03    3.829e+00    1.526e-05          True
     12374      3     86   3.828316e-01   3.828316e-01   3.828232e-01   3.838058e-01    8.340e-06      9.742e-04    9.826e-04    5.635e+00    3.052e-05          True
     12375      3     87   1.187256e+00   1.187256e+00   1.187251e+00   1.185990e+00    4.435e-06      1.266e-03    1.262e-03    4.120e+00    3.052e-05          True
     12381      3     93  -3.966913e-01  -3.966913e-01  -3.966891e-01  -3.982733e-01    2.192e-06      1.582e-03    1.584e-03    3.237e+00    1.526e-05          True
     12388      3    100   2.266877e+00   2.266877e+00   2.266877e+00   2.263966e+00    8.343e-07      2.910e-03    2.911e-03    3.529e+00    1.526e-05          True
     12390      3    102   6.630287e-01   6.630287e-01   6.630269e-01   6.651923e-01    1.731e-06      2.164e-03    2.165e-03    5.721e+00    3.052e-05          True
     12397      3    109   6.152149e-01   6.152149e-01   6.152128e-01   6.162705e-01    2.099e-06      1.056e-03    1.058e-03    2.866e+00    1.526e-05          True
     12401      3    113  -3.876690e-01  -3.876690e-01  -3.876683e-01  -3.897371e-01    6.821e-07      2.068e-03    2.069e-03    4.077e+00    3.052e-05          True
     12406      3    118  -5.556524e-01  -5.556524e-01  -5.556542e-01  -5.571216e-01    1.824e-06      1.469e-03    1.467e-03    4.118e+00    3.052e-05          True
     12409      3    121  -5.720051e-01  -5.720051e-01  -5.720041e-01  -5.712902e-01    9.862e-07      7.149e-04    7.139e-04    5.142e+00    3.052e-05          True
     12415      3    127   7.027608e-01   7.027608e-01   7.027617e-01   7.000476e-01    8.211e-07      2.713e-03    2.714e-03    4.156e+00    3.052e-05          True
     12417      3    129   6.260155e-01   6.260155e-01   6.260155e-01   6.267954e-01    4.723e-09      7.799e-04    7.799e-04    4.268e+00    3.052e-05          True
     12418      3    130   4.582423e-01   4.582423e-01   4.582382e-01   4.606292e-01    4.027e-06      2.387e-03    2.391e-03    4.808e+00    3.052e-05          True
     12438      3    150  -1.411974e+00  -1.411974e+00  -1.411975e+00  -1.414478e+00    7.334e-07      2.504e-03    2.503e-03    4.548e+00    3.052e-05          True
     12448      3    160  -4.551911e-01  -4.551911e-01  -4.551909e-01  -4.531838e-01    2.095e-07      2.007e-03    2.007e-03    4.303e+00    3.052e-05          True
     12457      3    169  -1.694086e-01  -1.694086e-01  -1.694071e-01  -1.701638e-01    1.427e-06      7.552e-04    7.566e-04    2.898e+00    1.526e-05          True
     12461      3    173   1.516061e-01   1.516061e-01   1.516129e-01   1.517958e-01    6.752e-06      1.896e-04    1.829e-04    5.780e+00    3.052e-05          True
     12463      3    175  -3.578357e-01  -3.578357e-01  -3.578356e-01  -3.570727e-01    1.592e-07      7.630e-04    7.629e-04    2.891e+00    1.526e-05          True
     12472      3    184  -9.424897e-01  -9.424897e-01  -9.424872e-01  -9.414071e-01    2.544e-06      1.083e-03    1.080e-03    4.564e+00    3.052e-05          True
     12478      3    190  -1.090528e+00  -1.090528e+00  -1.090523e+00  -1.088840e+00    4.302e-06      1.688e-03    1.683e-03    6.250e+00    3.052e-05          True
     12484      3    196   1.629754e+00   1.629754e+00   1.629749e+00   1.627532e+00    4.969e-06      2.221e-03    2.216e-03    4.908e+00    3.052e-05          True
     12492      3    204   1.590545e+00   1.590545e+00   1.590542e+00   1.588079e+00    2.994e-06      2.466e-03    2.463e-03    4.773e+00    3.052e-05          True
     12499      3    211   4.458814e-02   4.458814e-02   4.458695e-02   4.517037e-02    1.191e-06      5.822e-04    5.834e-04    4.677e+00    3.052e-05          True
     12501      3    213   1.417000e-01   1.417000e-01   1.416971e-01   1.429501e-01    2.903e-06      1.250e-03    1.253e-03    4.539e+00    3.052e-05          True
     12504      3    216   1.830742e+00   1.830742e+00   1.830740e+00   1.827938e+00    2.369e-06      2.804e-03    2.802e-03    6.112e+00    3.052e-05          True
     12509      3    221   1.825714e-01   1.825714e-01   1.825713e-01   1.830524e-01    5.193e-08      4.810e-04    4.810e-04    1.749e+00    7.629e-06          True
     12515      3    227   7.328423e-02   7.328423e-02   7.327919e-02   7.268490e-02    5.033e-06      5.993e-04    5.943e-04    5.196e+00    3.052e-05          True
     12516      3    228   1.076452e+00   1.076452e+00   1.076453e+00   1.078332e+00    1.288e-06      1.880e-03    1.879e-03    5.493e+00    3.052e-05          True
     12518      3    230  -5.115552e-01  -5.115552e-01  -5.115541e-01  -5.125681e-01    1.167e-06      1.013e-03    1.014e-03    5.173e+00    3.052e-05          True
     12534      3    246   5.955036e-01   5.955036e-01   5.955068e-01   5.963836e-01    3.169e-06      8.800e-04    8.768e-04    4.321e+00    3.052e-05          True
     12554      3    266  -1.055245e+00  -1.055245e+00  -1.055244e+00  -1.052869e+00    9.037e-07      2.376e-03    2.375e-03    2.734e+00    1.526e-05          True
     12561      3    273   1.966253e+00   1.966253e+00   1.966253e+00   1.963517e+00    8.644e-07      2.735e-03    2.736e-03    3.091e+00    1.526e-05          True
     12568      3    280   1.830442e+00   1.830442e+00   1.830442e+00   1.828154e+00    9.585e-08      2.289e-03    2.288e-03    3.559e+00    1.526e-05          True
     12579      3    291   4.745008e-01   4.745008e-01   4.745000e-01   4.766617e-01    8.322e-07      2.161e-03    2.162e-03    3.777e+00    1.526e-05          True
     12585      3    297   6.277693e-01   6.277693e-01   6.277704e-01   6.265784e-01    1.089e-06      1.191e-03    1.192e-03    4.783e+00    3.052e-05          True
     12586      3    298  -1.797847e+00  -1.797847e+00  -1.797851e+00  -1.795099e+00    3.618e-06      2.748e-03    2.752e-03    6.931e+00    3.052e-05          True
     12592      3    304  -1.291694e+00  -1.291694e+00  -1.291695e+00  -1.288156e+00    9.220e-07      3.538e-03    3.539e-03    9.411e+00    6.104e-05          True
     12596      3    308   9.225247e-01   9.225247e-01   9.225271e-01   9.209838e-01    2.474e-06      1.541e-03    1.543e-03    3.254e+00    1.526e-05          True
     12606      3    318  -1.191065e+00  -1.191065e+00  -1.191067e+00  -1.189403e+00    2.143e-06      1.662e-03    1.664e-03    3.456e+00    1.526e-05          True
     12610      3    322  -1.382496e-02  -1.382496e-02  -1.382970e-02  -1.542399e-02    4.737e-06      1.599e-03    1.594e-03    7.145e+00    3.052e-05          True
     12612      3    324  -3.855003e-01  -3.855003e-01  -3.855004e-01  -3.874400e-01    3.303e-08      1.940e-03    1.940e-03    4.697e+00    3.052e-05          True
     12622      3    334   1.518579e-01   1.518579e-01   1.518709e-01   1.531179e-01    1.295e-05      1.260e-03    1.247e-03    7.873e+00    3.052e-05          True
     12627      3    339   1.445481e+00   1.445481e+00   1.445486e+00   1.443787e+00    5.041e-06      1.694e-03    1.699e-03    4.855e+00    3.052e-05          True
     12637      3    349   1.410758e+00   1.410758e+00   1.410757e+00   1.413330e+00    1.565e-06      2.572e-03    2.573e-03    3.688e+00    1.526e-05          True
     12644      3    356  -1.834519e+00  -1.834519e+00  -1.834517e+00  -1.832599e+00    2.436e-06      1.920e-03    1.918e-03    2.945e+00    1.526e-05          True
     12648      3    360   2.094894e-01   2.094894e-01   2.094914e-01   2.092325e-01    1.964e-06      2.569e-04    2.588e-04    2.706e+00    1.526e-05          True
     12657      3    369   3.284071e-01   3.284071e-01   3.284057e-01   3.279382e-01    1.351e-06      4.689e-04    4.676e-04    4.568e+00    3.052e-05          True
     12665      3    377   2.176518e+00   2.176518e+00   2.176517e+00   2.179549e+00    2.726e-07      3.031e-03    3.031e-03    3.624e+00    1.526e-05          True
     12671      3    383   1.612098e+00   1.612098e+00   1.612097e+00   1.614477e+00    1.667e-06      2.378e-03    2.380e-03    2.892e+00    1.526e-05          True
     12672      3    384  -3.879001e+00  -3.879001e+00  -3.879002e+00  -3.883093e+00    8.794e-07      4.092e-03    4.091e-03    4.216e+00    3.052e-05          True
     12677      3    389  -1.719675e+00  -1.719675e+00  -1.719669e+00  -1.721632e+00    6.246e-06      1.957e-03    1.963e-03    3.470e+00    1.526e-05          True
     12684      3    396  -2.165631e-01  -2.165631e-01  -2.165585e-01  -2.153658e-01    4.573e-06      1.197e-03    1.193e-03    5.422e+00    3.052e-05          True
     12689      3    401   1.489356e-01   1.489356e-01   1.489318e-01   1.529291e-01    3.744e-06      3.994e-03    3.997e-03    3.553e+00    1.526e-05          True
     12693      3    405  -4.687371e-01  -4.687371e-01  -4.687383e-01  -4.665926e-01    1.144e-06      2.145e-03    2.146e-03    4.484e+00    3.052e-05          True
     12704      3    416  -4.545838e-01  -4.545838e-01  -4.545843e-01  -4.534103e-01    4.722e-07      1.174e-03    1.174e-03    3.279e+00    1.526e-05          True
     12707      3    419  -1.435221e+00  -1.435221e+00  -1.435222e+00  -1.437635e+00    1.449e-06      2.414e-03    2.413e-03    4.455e+00    3.052e-05          True
     12723      3    435   2.916149e-01   2.916149e-01   2.916069e-01   2.886008e-01    8.000e-06      3.014e-03    3.006e-03    6.448e+00    3.052e-05          True
     12733      3    445   2.629600e-01   2.629600e-01   2.629574e-01   2.635034e-01    2.624e-06      5.434e-04    5.460e-04    4.576e+00    3.052e-05          True
     12737      3    449   6.522118e-01   6.522118e-01   6.522211e-01   6.514072e-01    9.302e-06      8.046e-04    8.139e-04    5.108e+00    3.052e-05          True
     12738      3    450  -1.014391e+00  -1.014391e+00  -1.014392e+00  -1.010479e+00    8.663e-07      3.912e-03    3.913e-03    5.514e+00    3.052e-05          True
     12761      3    473  -4.632872e-01  -4.632872e-01  -4.632874e-01  -4.640305e-01    2.059e-07      7.433e-04    7.431e-04    3.408e+00    1.526e-05          True
     12774      3    486   1.131339e+00   1.131339e+00   1.131335e+00   1.132776e+00    4.011e-06      1.437e-03    1.441e-03    3.456e+00    1.526e-05          True
     12778      3    490   9.152823e-01   9.152823e-01   9.152806e-01   9.170340e-01    1.681e-06      1.752e-03    1.753e-03    4.255e+00    3.052e-05          True
     12803      3    515   2.531946e+00   2.531946e+00   2.531948e+00   2.529245e+00    2.061e-06      2.701e-03    2.703e-03    4.751e+00    3.052e-05          True
     12817      3    529  -1.267154e+00  -1.267154e+00  -1.267150e+00  -1.269635e+00    3.773e-06      2.481e-03    2.485e-03    4.639e+00    3.052e-05          True
     12845      3    557   2.207152e+00   2.207152e+00   2.207152e+00   2.209559e+00    3.209e-07      2.407e-03    2.407e-03    5.584e+00    3.052e-05          True
     12849      3    561   2.909024e-03   2.909024e-03   2.905608e-03   4.565500e-03    3.416e-06      1.656e-03    1.660e-03    5.613e+00    3.052e-05          True
     12856      3    568   1.976763e+00   1.976763e+00   1.976763e+00   1.974280e+00    3.779e-07      2.483e-03    2.483e-03    3.773e+00    1.526e-05          True
     12858      3    570  -6.253263e-01  -6.253263e-01  -6.253301e-01  -6.239052e-01    3.745e-06      1.421e-03    1.425e-03    5.636e+00    3.052e-05          True
     12860      3    572  -2.701184e+00  -2.701184e+00  -2.701185e+00  -2.696769e+00    4.562e-07      4.416e-03    4.416e-03    4.335e+00    3.052e-05          True
     12863      3    575  -5.198733e-02  -5.198733e-02  -5.198672e-02  -5.344600e-02    6.029e-07      1.459e-03    1.459e-03    3.823e+00    1.526e-05          True
     12869      3    581  -5.224611e-02  -5.224611e-02  -5.224290e-02  -5.382458e-02    3.212e-06      1.578e-03    1.582e-03    4.251e+00    3.052e-05          True
     12870      3    582  -8.696199e-01  -8.696199e-01  -8.696190e-01  -8.715649e-01    9.376e-07      1.945e-03    1.946e-03    7.823e+00    3.052e-05          True
     12880      3    592  -4.441306e-01  -4.441306e-01  -4.441302e-01  -4.447607e-01    4.163e-07      6.301e-04    6.305e-04    2.417e+00    1.526e-05          True
     12881      3    593  -1.160018e+00  -1.160018e+00  -1.160018e+00  -1.156782e+00    2.364e-07      3.236e-03    3.236e-03    3.758e+00    1.526e-05          True
     12882      3    594   9.990744e-01   9.990744e-01   9.990725e-01   1.001096e+00    1.879e-06      2.022e-03    2.024e-03    4.694e+00    3.052e-05          True
     12887      3    599   3.817415e-01   3.817415e-01   3.817414e-01   3.801802e-01    1.068e-07      1.561e-03    1.561e-03    4.011e+00    3.052e-05          True
     12891      3    603   8.225173e-02   8.225173e-02   8.224908e-02   8.183537e-02    2.652e-06      4.164e-04    4.137e-04    3.155e+00    1.526e-05          True
     12894      3    606  -1.733957e-01  -1.733957e-01  -1.733936e-01  -1.721456e-01    2.107e-06      1.250e-03    1.248e-03    4.255e+00    3.052e-05          True
     12895      3    607   8.882205e-03   8.882205e-03   8.881644e-03   1.035265e-02    5.608e-07      1.470e-03    1.471e-03    6.172e+00    3.052e-05          True
     12900      3    612   7.484654e-01   7.484654e-01   7.484602e-01   7.495869e-01    5.131e-06      1.122e-03    1.127e-03    6.159e+00    3.052e-05          True
     12901      3    613  -1.761681e+00  -1.761681e+00  -1.761679e+00  -1.763683e+00    1.838e-06      2.001e-03    2.003e-03    4.213e+00    3.052e-05          True
     12911      3    623  -1.497046e-01  -1.497046e-01  -1.497044e-01  -1.494139e-01    2.490e-07      2.907e-04    2.905e-04    3.348e+00    1.526e-05          True
     12912      3    624   1.144922e+00   1.144922e+00   1.144924e+00   1.146119e+00    1.566e-06      1.196e-03    1.195e-03    3.209e+00    1.526e-05          True
     12942      3    654  -5.714139e-01  -5.714139e-01  -5.714166e-01  -5.734299e-01    2.748e-06      2.016e-03    2.013e-03    6.525e+00    3.052e-05          True
     12943      3    655  -1.122826e+00  -1.122826e+00  -1.122826e+00  -1.121410e+00    1.863e-07      1.416e-03    1.416e-03    3.166e+00    1.526e-05          True
     12945      3    657  -2.745883e-01  -2.745883e-01  -2.745915e-01  -2.748674e-01    3.190e-06      2.791e-04    2.759e-04    4.438e+00    3.052e-05          True
     12949      3    661  -8.166486e-01  -8.166486e-01  -8.166482e-01  -8.184087e-01    3.727e-07      1.760e-03    1.760e-03    4.255e+00    3.052e-05          True
     12952      3    664   8.641712e-01   8.641712e-01   8.641743e-01   8.660741e-01    3.076e-06      1.903e-03    1.900e-03    6.822e+00    3.052e-05          True
     12957      3    669  -2.611235e+00  -2.611235e+00  -2.611235e+00  -2.608458e+00    9.843e-09      2.777e-03    2.777e-03    3.084e+00    1.526e-05          True
     12960      3    672  -2.341264e-01  -2.341264e-01  -2.341198e-01  -2.350515e-01    6.578e-06      9.251e-04    9.317e-04    5.463e+00    3.052e-05          True
     12968      3    680   3.133750e+00   3.133750e+00   3.133748e+00   3.130424e+00    2.628e-06      3.326e-03    3.324e-03    4.763e+00    3.052e-05          True
     12972      3    684  -5.828398e-01  -5.828398e-01  -5.828412e-01  -5.822254e-01    1.387e-06      6.144e-04    6.158e-04    3.416e+00    1.526e-05          True
     12977      3    689   1.295754e+00   1.295754e+00   1.295744e+00   1.294368e+00    1.050e-05      1.386e-03    1.376e-03    1.101e+01    6.104e-05          True
     12985      3    697   9.391806e-01   9.391806e-01   9.391842e-01   9.358852e-01    3.686e-06      3.295e-03    3.299e-03    3.689e+00    1.526e-05          True
     12987      3    699   1.347306e-01   1.347306e-01   1.347278e-01   1.338053e-01    2.797e-06      9.253e-04    9.225e-04    2.954e+00    1.526e-05          True
     12992      3    704  -1.665471e+00  -1.665471e+00  -1.665470e+00  -1.668166e+00    4.018e-07      2.695e-03    2.696e-03    4.990e+00    3.052e-05          True
     12993      3    705  -1.168121e+00  -1.168121e+00  -1.168116e+00  -1.166356e+00    4.908e-06      1.765e-03    1.760e-03    3.598e+00    1.526e-05          True
     13004      3    716  -4.470031e-02  -4.470031e-02  -4.470003e-02  -4.572776e-02    2.843e-07      1.027e-03    1.028e-03    2.798e+00    1.526e-05          True
     13034      3    746   9.457174e-01   9.457174e-01   9.457118e-01   9.431867e-01    5.654e-06      2.531e-03    2.525e-03    3.801e+00    1.526e-05          True
     13035      3    747   7.429201e-02   7.429201e-02   7.429198e-02   7.416540e-02    2.659e-08      1.266e-04    1.266e-04    4.525e+00    3.052e-05          True
     13042      3    754  -7.032296e-01  -7.032296e-01  -7.032272e-01  -7.044697e-01    2.390e-06      1.240e-03    1.243e-03    4.609e+00    3.052e-05          True
     13055      3    767  -4.684753e-01  -4.684753e-01  -4.684779e-01  -4.704103e-01    2.652e-06      1.935e-03    1.932e-03    2.551e+00    1.526e-05          True
     13059      3    771   1.969353e+00   1.969353e+00   1.969353e+00   1.966392e+00    2.323e-08      2.961e-03    2.961e-03    2.672e+00    1.526e-05          True
     13066      3    778  -1.918512e+00  -1.918512e+00  -1.918512e+00  -1.922376e+00    3.216e-07      3.864e-03    3.864e-03    3.718e+00    1.526e-05          True
     13068      3    780   2.126305e-01   2.126305e-01   2.126325e-01   2.118323e-01    1.990e-06      7.982e-04    8.002e-04    3.796e+00    1.526e-05          True
     13070      3    782   8.766911e-01   8.766911e-01   8.766965e-01   8.741155e-01    5.384e-06      2.576e-03    2.581e-03    5.844e+00    3.052e-05          True
     13074      3    786  -6.698311e-01  -6.698311e-01  -6.698343e-01  -6.716020e-01    3.118e-06      1.771e-03    1.768e-03    3.118e+00    1.526e-05          True
     13075      3    787  -1.186411e+00  -1.186411e+00  -1.186409e+00  -1.184437e+00    1.890e-06      1.975e-03    1.973e-03    4.457e+00    3.052e-05          True
     13079      3    791  -5.779009e-01  -5.779009e-01  -5.778989e-01  -5.789545e-01    1.991e-06      1.054e-03    1.056e-03    4.289e+00    3.052e-05          True
     13084      3    796   2.081749e-01   2.081749e-01   2.081717e-01   2.054979e-01    3.231e-06      2.677e-03    2.674e-03    6.030e+00    3.052e-05          True
     13085      3    797  -1.937788e-01  -1.937788e-01  -1.937806e-01  -1.954512e-01    1.777e-06      1.672e-03    1.671e-03    4.980e+00    3.052e-05          True
     13087      3    799  -9.922385e-01  -9.922385e-01  -9.922335e-01  -9.935173e-01    4.945e-06      1.279e-03    1.284e-03    7.455e+00    3.052e-05          True
     13088      3    800   2.322923e-02   2.322923e-02   2.323052e-02   2.358677e-02    1.290e-06      3.575e-04    3.562e-04    3.529e+00    1.526e-05          True
     13091      3    803   2.520650e+00   2.520650e+00   2.520646e+00   2.523253e+00    3.961e-06      2.603e-03    2.607e-03    4.543e+00    3.052e-05          True
     13102      3    814   1.732725e+00   1.732725e+00   1.732724e+00   1.734580e+00    5.702e-07      1.856e-03    1.856e-03    4.951e+00    3.052e-05          True
     13126      3    838   6.627857e-01   6.627857e-01   6.627836e-01   6.613067e-01    2.163e-06      1.479e-03    1.477e-03    4.139e+00    3.052e-05          True
     13130      3    842  -9.778015e-01  -9.778015e-01  -9.778066e-01  -9.757542e-01    5.032e-06      2.047e-03    2.052e-03    6.250e+00    3.052e-05          True
     13138      3    850   1.114961e+00   1.114961e+00   1.114960e+00   1.112707e+00    7.599e-07      2.254e-03    2.253e-03    2.928e+00    1.526e-05          True
     13144      3    856  -1.945182e+00  -1.945182e+00  -1.945184e+00  -1.948077e+00    1.593e-06      2.895e-03    2.893e-03    4.902e+00    3.052e-05          True
     13154      3    866  -1.235714e+00  -1.235714e+00  -1.235713e+00  -1.232996e+00    2.712e-07      2.718e-03    2.717e-03    3.689e+00    1.526e-05          True
     13155      3    867  -5.111256e-01  -5.111256e-01  -5.111279e-01  -5.117987e-01    2.294e-06      6.731e-04    6.708e-04    4.019e+00    3.052e-05          True
     13161      3    873   3.630229e-01   3.630229e-01   3.630249e-01   3.638918e-01    1.981e-06      8.688e-04    8.669e-04    3.589e+00    1.526e-05          True
     13163      3    875   2.522352e-01   2.522352e-01   2.522343e-01   2.517866e-01    9.053e-07      4.486e-04    4.477e-04    2.129e+00    1.526e-05          True
     13167      3    879  -4.070673e-01  -4.070673e-01  -4.070629e-01  -4.080926e-01    4.394e-06      1.025e-03    1.030e-03    6.847e+00    3.052e-05          True
     13182      3    894  -1.925875e+00  -1.925875e+00  -1.925873e+00  -1.928369e+00    1.771e-06      2.495e-03    2.496e-03    7.598e+00    3.052e-05          True
     13208      3    920   3.184145e-01   3.184145e-01   3.184119e-01   3.199178e-01    2.622e-06      1.503e-03    1.506e-03    3.127e+00    1.526e-05          True
     13214      3    926  -4.713868e-01  -4.713868e-01  -4.713874e-01  -4.731460e-01    5.082e-07      1.759e-03    1.759e-03    5.678e+00    3.052e-05          True
     13224      3    936  -2.666418e-01  -2.666418e-01  -2.666420e-01  -2.676352e-01    2.428e-07      9.934e-04    9.931e-04    3.439e+00    1.526e-05          True
     13231      3    943   6.658764e-01   6.658764e-01   6.658752e-01   6.667185e-01    1.231e-06      8.421e-04    8.433e-04    3.263e+00    1.526e-05          True
     13234      3    946  -1.644583e-02  -1.644583e-02  -1.644577e-02  -1.731654e-02    5.540e-08      8.707e-04    8.708e-04    3.602e+00    1.526e-05          True
     13236      3    948   1.604728e+00   1.604728e+00   1.604735e+00   1.601791e+00    6.702e-06      2.937e-03    2.944e-03    6.080e+00    3.052e-05          True
     13237      3    949  -2.285279e-01  -2.285279e-01  -2.285211e-01  -2.267250e-01    6.740e-06      1.803e-03    1.796e-03    6.737e+00    3.052e-05          True
     13250      3    962  -3.487354e+00  -3.487354e+00  -3.487341e+00  -3.483370e+00    1.295e-05      3.984e-03    3.971e-03    6.703e+00    3.052e-05          True
     13251      3    963   9.669838e-01   9.669838e-01   9.669895e-01   9.645777e-01    5.677e-06      2.406e-03    2.412e-03    6.387e+00    3.052e-05          True
     13252      3    964   9.033227e-01   9.033227e-01   9.033234e-01   9.019668e-01    7.019e-07      1.356e-03    1.357e-03    6.976e+00    3.052e-05          True
     13267      3    979   9.795545e-01   9.795545e-01   9.795540e-01   9.824150e-01    4.565e-07      2.861e-03    2.861e-03    6.411e+00    3.052e-05          True
     13272      3    984   4.715721e-01   4.715721e-01   4.715701e-01   4.724659e-01    1.979e-06      8.938e-04    8.958e-04    5.228e+00    3.052e-05          True
     13273      3    985  -7.600830e-01  -7.600830e-01  -7.600757e-01  -7.581457e-01    7.306e-06      1.937e-03    1.930e-03    5.275e+00    3.052e-05          True
     13276      3    988   1.376631e+00   1.376631e+00   1.376631e+00   1.378922e+00    2.149e-08      2.291e-03    2.291e-03    3.742e+00    1.526e-05          True
     13280      3    992  -1.390138e+00  -1.390138e+00  -1.390145e+00  -1.387300e+00    7.264e-06      2.838e-03    2.845e-03    5.146e+00    3.052e-05          True
     13282      3    994   1.678605e-01   1.678605e-01   1.678644e-01   1.684136e-01    3.905e-06      5.531e-04    5.492e-04    4.614e+00    3.052e-05          True
     13285      3    997   1.140484e+00   1.140484e+00   1.140484e+00   1.139123e+00    1.007e-07      1.360e-03    1.361e-03    4.452e+00    3.052e-05          True
     13295      3   1007   2.292209e-01   2.292209e-01   2.292198e-01   2.283252e-01    1.132e-06      8.957e-04    8.946e-04    4.930e+00    3.052e-05          True
     13296      3   1008   5.144157e-01   5.144157e-01   5.144169e-01   5.150232e-01    1.170e-06      6.075e-04    6.064e-04    3.929e+00    1.526e-05          True
     13310      3   1022  -8.271862e-01  -8.271862e-01  -8.271865e-01  -8.281026e-01    3.003e-07      9.164e-04    9.161e-04    5.032e+00    3.052e-05          True
     13314      3   1026   1.525782e+00   1.525782e+00   1.525780e+00   1.527510e+00    1.364e-06      1.728e-03    1.729e-03    4.991e+00    3.052e-05          True
     13320      3   1032  -1.208088e+00  -1.208088e+00  -1.208084e+00  -1.209644e+00    3.656e-06      1.556e-03    1.560e-03    4.134e+00    3.052e-05          True
     13330      3   1042  -7.636630e-01  -7.636630e-01  -7.636663e-01  -7.626534e-01    3.341e-06      1.010e-03    1.013e-03    7.980e+00    3.052e-05          True
     13334      3   1046  -8.013148e-01  -8.013148e-01  -8.013235e-01  -8.030390e-01    8.659e-06      1.724e-03    1.716e-03    5.201e+00    3.052e-05          True
     13346      3   1058  -4.692376e-01  -4.692376e-01  -4.692372e-01  -4.703978e-01    4.021e-07      1.160e-03    1.161e-03    4.224e+00    3.052e-05          True
     13347      3   1059  -2.574435e+00  -2.574435e+00  -2.574434e+00  -2.577508e+00    8.600e-07      3.073e-03    3.074e-03    3.017e+00    1.526e-05          True
     13348      3   1060   2.521240e-01   2.521240e-01   2.521237e-01   2.510468e-01    3.099e-07      1.077e-03    1.077e-03    4.409e+00    3.052e-05          True
     13372      3   1084  -1.486613e+00  -1.486613e+00  -1.486615e+00  -1.488540e+00    1.344e-06      1.927e-03    1.925e-03    4.100e+00    3.052e-05          True
     13380      3   1092  -6.591229e-01  -6.591229e-01  -6.591200e-01  -6.603290e-01    2.899e-06      1.206e-03    1.209e-03    5.280e+00    3.052e-05          True
     13383      3   1095  -3.269773e-02  -3.269773e-02  -3.270432e-02  -3.297690e-02    6.592e-06      2.792e-04    2.726e-04    4.034e+00    3.052e-05          True
     13391      3   1103  -1.903953e-01  -1.903953e-01  -1.903953e-01  -1.934366e-01    2.137e-08      3.041e-03    3.041e-03    4.397e+00    3.052e-05          True
     13396      3   1108   1.157466e-01   1.157466e-01   1.157441e-01   1.148399e-01    2.449e-06      9.067e-04    9.042e-04    4.227e+00    3.052e-05          True
     13400      3   1112   9.119833e-01   9.119833e-01   9.119815e-01   9.142766e-01    1.787e-06      2.293e-03    2.295e-03    5.850e+00    3.052e-05          True
     13405      3   1117  -2.859286e+00  -2.859286e+00  -2.859280e+00  -2.863068e+00    6.071e-06      3.781e-03    3.788e-03    5.323e+00    3.052e-05          True
     13414      3   1126  -5.853839e-01  -5.853839e-01  -5.853837e-01  -5.897872e-01    2.723e-07      4.403e-03    4.404e-03    5.390e+00    3.052e-05          True
     13425      3   1137  -1.286386e+00  -1.286386e+00  -1.286384e+00  -1.284881e+00    2.378e-06      1.505e-03    1.503e-03    5.513e+00    3.052e-05          True
     13430      3   1142   3.116811e-01   3.116811e-01   3.116841e-01   3.125877e-01    3.016e-06      9.067e-04    9.037e-04    4.327e+00    3.052e-05          True
     13437      3   1149  -5.606333e-01  -5.606333e-01  -5.606269e-01  -5.585042e-01    6.347e-06      2.129e-03    2.123e-03    7.221e+00    3.052e-05          True
     13440      3   1152  -2.625485e-01  -2.625485e-01  -2.625467e-01  -2.618966e-01    1.833e-06      6.519e-04    6.501e-04    3.876e+00    1.526e-05          True
     13444      3   1156  -8.673018e-01  -8.673018e-01  -8.673009e-01  -8.693598e-01    9.080e-07      2.058e-03    2.059e-03    7.560e+00    3.052e-05          True
     13459      3   1171  -1.576759e-01  -1.576759e-01  -1.576732e-01  -1.567796e-01    2.686e-06      8.963e-04    8.936e-04    4.856e+00    3.052e-05          True
     13462      3   1174  -1.761861e-01  -1.761861e-01  -1.761915e-01  -1.734607e-01    5.358e-06      2.725e-03    2.731e-03    4.569e+00    3.052e-05          True
     13466      3   1178   1.718821e-01   1.718821e-01   1.718850e-01   1.724653e-01    2.861e-06      5.832e-04    5.803e-04    4.361e+00    3.052e-05          True
     13467      3   1179   7.560838e-02   7.560838e-02   7.560387e-02   7.531340e-02    4.520e-06      2.950e-04    2.905e-04    4.862e+00    3.052e-05          True
     13469      3   1181  -1.586469e+00  -1.586469e+00  -1.586471e+00  -1.589173e+00    2.235e-06      2.704e-03    2.702e-03    6.966e+00    3.052e-05          True
     13471      3   1183  -1.259654e+00  -1.259654e+00  -1.259653e+00  -1.261760e+00    4.094e-07      2.106e-03    2.107e-03    3.403e+00    1.526e-05          True
     13474      3   1186   5.094946e-01   5.094946e-01   5.094944e-01   5.112145e-01    1.501e-07      1.720e-03    1.720e-03    5.181e+00    3.052e-05          True
     13484      3   1196  -9.675468e-01  -9.675468e-01  -9.675507e-01  -9.663391e-01    3.891e-06      1.208e-03    1.212e-03    5.046e+00    3.052e-05          True
     13491      3   1203   3.665054e-02   3.665054e-02   3.664839e-02   3.587215e-02    2.147e-06      7.784e-04    7.762e-04    3.392e+00    1.526e-05          True
     13515      3   1227   1.020474e+00   1.020474e+00   1.020468e+00   1.018977e+00    6.069e-06      1.496e-03    1.490e-03    5.119e+00    3.052e-05          True
     13525      3   1237  -5.499335e-01  -5.499335e-01  -5.499299e-01  -5.510061e-01    3.633e-06      1.073e-03    1.076e-03    4.043e+00    3.052e-05          True
     13530      3   1242   4.313337e-01   4.313337e-01   4.313331e-01   4.330516e-01    5.953e-07      1.718e-03    1.718e-03    3.039e+00    1.526e-05          True
     13531      3   1243  -1.461958e-01  -1.461958e-01  -1.461955e-01  -1.466913e-01    3.051e-07      4.955e-04    4.958e-04    4.300e+00    3.052e-05          True
     13532      3   1244  -2.568268e-01  -2.568268e-01  -2.568225e-01  -2.555953e-01    4.238e-06      1.231e-03    1.227e-03    4.593e+00    3.052e-05          True
     13540      3   1252  -1.140642e+00  -1.140642e+00  -1.140641e+00  -1.141935e+00    1.841e-06      1.292e-03    1.294e-03    4.663e+00    3.052e-05          True
     13543      3   1255   2.482274e+00   2.482274e+00   2.482272e+00   2.485103e+00    2.245e-06      2.829e-03    2.831e-03    5.279e+00    3.052e-05          True
     13560      3   1272  -3.602222e-01  -3.602222e-01  -3.602164e-01  -3.596507e-01    5.793e-06      5.716e-04    5.658e-04    8.941e+00    6.104e-05          True
     13574      3   1286   7.760013e-02   7.760013e-02   7.759819e-02   7.643790e-02    1.935e-06      1.162e-03    1.160e-03    4.055e+00    3.052e-05          True
     13575      3   1287  -8.536670e-01  -8.536670e-01  -8.536680e-01  -8.545988e-01    9.975e-07      9.318e-04    9.308e-04    3.031e+00    1.526e-05          True
     13581      3   1293  -6.599949e-01  -6.599949e-01  -6.599932e-01  -6.592249e-01    1.721e-06      7.700e-04    7.683e-04    5.865e+00    3.052e-05          True
     13588      3   1300   3.725742e-01   3.725742e-01   3.725749e-01   3.720335e-01    7.098e-07      5.407e-04    5.414e-04    3.740e+00    1.526e-05          True
     13598      3   1310   8.536021e-02   8.536021e-02   8.535957e-02   8.568615e-02    6.470e-07      3.259e-04    3.266e-04    4.744e+00    3.052e-05          True
     13602      3   1314  -1.829001e-01  -1.829001e-01  -1.828953e-01  -1.831647e-01    4.803e-06      2.646e-04    2.694e-04    7.216e+00    3.052e-05          True
     13636      3   1348   7.805433e-01   7.805433e-01   7.805470e-01   7.786298e-01    3.670e-06      1.913e-03    1.917e-03    6.252e+00    3.052e-05          True
     13639      3   1351   1.109025e-01   1.109025e-01   1.108972e-01   1.091070e-01    5.250e-06      1.795e-03    1.790e-03    7.424e+00    3.052e-05          True
     13644      3   1356  -1.866688e-01  -1.866688e-01  -1.866666e-01  -1.878285e-01    2.255e-06      1.160e-03    1.162e-03    3.364e+00    1.526e-05          True
     13645      3   1357  -8.386516e-01  -8.386516e-01  -8.386561e-01  -8.396710e-01    4.509e-06      1.019e-03    1.015e-03    3.306e+00    1.526e-05          True
     13669      3   1381   4.564558e-01   4.564558e-01   4.564523e-01   4.578014e-01    3.496e-06      1.346e-03    1.349e-03    4.631e+00    3.052e-05          True
     13670      3   1382  -2.331595e-01  -2.331595e-01  -2.331643e-01  -2.338458e-01    4.785e-06      6.862e-04    6.814e-04    6.924e+00    3.052e-05          True
     13675      3   1387   1.379489e+00   1.379489e+00   1.379487e+00   1.381156e+00    2.427e-06      1.667e-03    1.670e-03    4.607e+00    3.052e-05          True
     13701      3   1413   1.851757e-01   1.851757e-01   1.851762e-01   1.844804e-01    4.925e-07      6.953e-04    6.958e-04    3.081e+00    1.526e-05          True
     13702      3   1414  -1.818246e+00  -1.818246e+00  -1.818248e+00  -1.820452e+00    1.560e-06      2.206e-03    2.204e-03    5.154e+00    3.052e-05          True
     13708      3   1420   8.993346e-01   8.993346e-01   8.993317e-01   8.982220e-01    2.920e-06      1.113e-03    1.110e-03    4.159e+00    3.052e-05          True
     13711      3   1423  -5.548802e-01  -5.548802e-01  -5.548779e-01  -5.555249e-01    2.277e-06      6.448e-04    6.471e-04    5.081e+00    3.052e-05          True
     13717      3   1429  -2.688173e-01  -2.688173e-01  -2.688162e-01  -2.697043e-01    1.021e-06      8.871e-04    8.881e-04    3.855e+00    1.526e-05          True
     13718      3   1430  -1.233128e+00  -1.233128e+00  -1.233126e+00  -1.230143e+00    1.968e-06      2.985e-03    2.983e-03    3.750e+00    1.526e-05          True
     13720      3   1432   4.840356e-01   4.840356e-01   4.840435e-01   4.830780e-01    7.945e-06      9.576e-04    9.655e-04    5.715e+00    3.052e-05          True
     13722      3   1434  -4.548839e-01  -4.548839e-01  -4.548790e-01  -4.541140e-01    4.887e-06      7.699e-04    7.650e-04    6.214e+00    3.052e-05          True
     13733      3   1445  -1.285729e-01  -1.285729e-01  -1.285744e-01  -1.281735e-01    1.480e-06      3.995e-04    4.009e-04    2.613e+00    1.526e-05          True
     13744      3   1456   3.270723e-04   3.270723e-04   3.293201e-04  -2.942272e-04    2.248e-06      6.213e-04    6.235e-04    2.755e+00    1.526e-05          True
     13746      3   1458   1.302890e+00   1.302890e+00   1.302883e+00   1.304584e+00    6.743e-06      1.694e-03    1.700e-03    6.786e+00    3.052e-05          True
     13751      3   1463   2.361393e+00   2.361393e+00   2.361389e+00   2.357400e+00    3.828e-06      3.993e-03    3.989e-03    5.311e+00    3.052e-05          True
     13754      3   1466  -1.691087e+00  -1.691087e+00  -1.691086e+00  -1.688823e+00    9.923e-07      2.264e-03    2.263e-03    3.892e+00    1.526e-05          True
     13759      3   1471  -1.789469e+00  -1.789469e+00  -1.789466e+00  -1.787527e+00    2.598e-06      1.942e-03    1.939e-03    2.887e+00    1.526e-05          True
     13768      3   1480  -3.203590e-01  -3.203590e-01  -3.203609e-01  -3.197490e-01    1.938e-06      6.100e-04    6.119e-04    3.129e+00    1.526e-05          True
     13773      3   1485   5.486455e-01   5.486455e-01   5.486451e-01   5.478184e-01    4.707e-07      8.271e-04    8.267e-04    3.595e+00    1.526e-05          True
     13774      3   1486   6.912770e-01   6.912770e-01   6.912751e-01   6.933956e-01    1.868e-06      2.119e-03    2.120e-03    3.462e+00    1.526e-05          True
     13783      3   1495   2.585752e-02   2.585752e-02   2.585885e-02   2.437598e-02    1.327e-06      1.482e-03    1.483e-03    2.623e+00    1.526e-05          True
     13788      3   1500   1.272613e+00   1.272613e+00   1.272614e+00   1.273897e+00    1.661e-06      1.284e-03    1.283e-03    5.808e+00    3.052e-05          True
     13789      3   1501   9.869799e-01   9.869799e-01   9.869783e-01   9.840334e-01    1.589e-06      2.946e-03    2.945e-03    6.772e+00    3.052e-05          True
     13791      3   1503  -3.889389e-01  -3.889389e-01  -3.889387e-01  -3.881724e-01    1.600e-07      7.665e-04    7.663e-04    5.603e+00    3.052e-05          True
     13793      3   1505   3.281635e-01   3.281635e-01   3.281607e-01   3.271521e-01    2.870e-06      1.011e-03    1.009e-03    3.306e+00    1.526e-05          True
     13802      3   1514  -1.242022e+00  -1.242022e+00  -1.242020e+00  -1.243614e+00    2.240e-06      1.592e-03    1.595e-03    4.256e+00    3.052e-05          True
     13805      3   1517   2.520821e+00   2.520821e+00   2.520827e+00   2.523778e+00    5.779e-06      2.957e-03    2.952e-03    6.680e+00    3.052e-05          True
     13807      3   1519  -1.199328e+00  -1.199328e+00  -1.199326e+00  -1.200980e+00    2.613e-06      1.652e-03    1.654e-03    6.738e+00    3.052e-05          True
     13809      3   1521   4.718921e-01   4.718921e-01   4.718978e-01   4.703579e-01    5.748e-06      1.534e-03    1.540e-03    1.063e+01    6.104e-05          True
     13812      3   1524   1.700291e+00   1.700291e+00   1.700296e+00   1.702755e+00    4.736e-06      2.464e-03    2.459e-03    4.029e+00    3.052e-05          True
     13818      3   1530   1.153285e+00   1.153285e+00   1.153282e+00   1.154572e+00    2.723e-06      1.287e-03    1.290e-03    2.911e+00    1.526e-05          True
     13829      3   1541  -1.976525e+00  -1.976525e+00  -1.976526e+00  -1.979432e+00    1.072e-06      2.907e-03    2.906e-03    3.696e+00    1.526e-05          True
     13848      3   1560   1.909943e+00   1.909943e+00   1.909945e+00   1.912018e+00    1.571e-06      2.075e-03    2.073e-03    5.292e+00    3.052e-05          True
     13865      3   1577  -1.677868e+00  -1.677868e+00  -1.677866e+00  -1.679957e+00    2.352e-06      2.089e-03    2.091e-03    3.632e+00    1.526e-05          True
     13868      3   1580   7.068641e-02   7.068641e-02   7.069157e-02   7.437284e-02    5.163e-06      3.686e-03    3.681e-03    5.468e+00    3.052e-05          True
     13870      3   1582  -6.765929e-02  -6.765929e-02  -6.765611e-02  -6.648481e-02    3.177e-06      1.174e-03    1.171e-03    4.910e+00    3.052e-05          True
     13872      3   1584   1.348094e+00   1.348094e+00   1.348093e+00   1.346166e+00    1.288e-06      1.929e-03    1.927e-03    3.669e+00    1.526e-05          True
     13883      3   1595  -1.530331e-01  -1.530331e-01  -1.530319e-01  -1.541865e-01    1.169e-06      1.153e-03    1.155e-03    3.499e+00    1.526e-05          True
     13884      3   1596  -1.321566e+00  -1.321566e+00  -1.321570e+00  -1.323059e+00    3.645e-06      1.493e-03    1.489e-03    7.041e+00    3.052e-05          True
     13905      3   1617   6.851741e-01   6.851741e-01   6.851766e-01   6.834995e-01    2.488e-06      1.675e-03    1.677e-03    4.310e+00    3.052e-05          True
     13906      3   1618  -8.909853e-01  -8.909853e-01  -8.909833e-01  -8.895817e-01    1.949e-06      1.404e-03    1.402e-03    3.688e+00    1.526e-05          True
     13909      3   1621  -9.324084e-01  -9.324084e-01  -9.323975e-01  -9.335216e-01    1.086e-05      1.113e-03    1.124e-03    6.865e+00    3.052e-05          True
     13912      3   1624   5.341339e-01   5.341339e-01   5.341356e-01   5.350959e-01    1.684e-06      9.620e-04    9.603e-04    2.870e+00    1.526e-05          True
     13919      3   1631   4.384690e-02   4.384690e-02   4.385808e-02   4.564373e-02    1.118e-05      1.797e-03    1.786e-03    5.494e+00    3.052e-05          True
     13923      3   1635  -9.254487e-01  -9.254487e-01  -9.254498e-01  -9.275492e-01    1.115e-06      2.100e-03    2.099e-03    3.877e+00    1.526e-05          True
     13925      3   1637   6.895021e-01   6.895021e-01   6.895029e-01   6.873903e-01    7.579e-07      2.112e-03    2.113e-03    3.659e+00    1.526e-05          True
     13928      3   1640   4.932722e-01   4.932722e-01   4.932745e-01   4.904992e-01    2.289e-06      2.773e-03    2.775e-03    4.874e+00    3.052e-05          True
     13934      3   1646  -1.807726e-01  -1.807726e-01  -1.807665e-01  -1.792925e-01    6.116e-06      1.480e-03    1.474e-03    4.834e+00    3.052e-05          True
     13936      3   1648  -2.424125e-01  -2.424125e-01  -2.424125e-01  -2.411912e-01    2.302e-08      1.221e-03    1.221e-03    5.358e+00    3.052e-05          True
     13938      3   1650   1.145555e+00   1.145555e+00   1.145553e+00   1.147033e+00    2.082e-06      1.478e-03    1.480e-03    3.599e+00    1.526e-05          True
     13942      3   1654  -9.704896e-01  -9.704896e-01  -9.704887e-01  -9.722246e-01    8.971e-07      1.735e-03    1.736e-03    4.501e+00    3.052e-05          True
     13947      3   1659  -1.596658e+00  -1.596658e+00  -1.596661e+00  -1.593739e+00    2.856e-06      2.919e-03    2.921e-03    4.114e+00    3.052e-05          True
     13956      3   1668  -8.414916e-01  -8.414916e-01  -8.414921e-01  -8.390098e-01    5.594e-07      2.482e-03    2.482e-03    3.365e+00    1.526e-05          True
     13965      3   1677   9.347477e-01   9.347477e-01   9.347467e-01   9.335446e-01    1.003e-06      1.203e-03    1.202e-03    3.389e+00    1.526e-05          True
     13968      3   1680   1.478760e-01   1.478760e-01   1.478755e-01   1.483070e-01    4.473e-07      4.310e-04    4.314e-04    6.571e+00    3.052e-05          True
     13979      3   1691  -3.140465e-01  -3.140465e-01  -3.140436e-01  -3.149289e-01    2.896e-06      8.824e-04    8.853e-04    6.264e+00    3.052e-05          True
     13996      3   1708  -8.253888e-01  -8.253888e-01  -8.253813e-01  -8.265060e-01    7.503e-06      1.117e-03    1.125e-03    5.781e+00    3.052e-05          True
     13997      3   1709  -3.796418e-01  -3.796418e-01  -3.796500e-01  -3.802123e-01    8.209e-06      5.705e-04    5.623e-04    8.330e+00    6.104e-05          True
     14000      3   1712  -2.525415e-01  -2.525415e-01  -2.525414e-01  -2.546272e-01    1.534e-07      2.086e-03    2.086e-03    3.091e+00    1.526e-05          True
     14003      3   1715  -2.239641e+00  -2.239641e+00  -2.239640e+00  -2.236661e+00    1.489e-06      2.980e-03    2.978e-03    3.366e+00    1.526e-05          True
     14012      3   1724  -5.609215e-01  -5.609215e-01  -5.609201e-01  -5.600958e-01    1.390e-06      8.257e-04    8.243e-04    2.840e+00    1.526e-05          True
     14014      3   1726  -7.095006e-01  -7.095006e-01  -7.094967e-01  -7.108678e-01    3.937e-06      1.367e-03    1.371e-03    4.827e+00    3.052e-05          True
     14018      3   1730   2.104370e-01   2.104370e-01   2.104341e-01   2.133643e-01    2.858e-06      2.927e-03    2.930e-03    3.670e+00    1.526e-05          True
     14019      3   1731   8.012504e-01   8.012504e-01   8.012576e-01   8.026629e-01    7.249e-06      1.413e-03    1.405e-03    6.163e+00    3.052e-05          True
     14037      3   1749  -1.253324e-01  -1.253324e-01  -1.253294e-01  -1.241432e-01    2.999e-06      1.189e-03    1.186e-03    4.098e+00    3.052e-05          True
     14043      3   1755   1.584807e-01   1.584807e-01   1.584779e-01   1.591239e-01    2.813e-06      6.432e-04    6.460e-04    5.227e+00    3.052e-05          True
     14057      3   1769   1.481966e+00   1.481966e+00   1.481972e+00   1.485080e+00    5.913e-06      3.114e-03    3.108e-03    5.567e+00    3.052e-05          True
     14059      3   1771   4.874349e-01   4.874349e-01   4.874324e-01   4.865986e-01    2.472e-06      8.363e-04    8.338e-04    4.249e+00    3.052e-05          True
     14061      3   1773   1.194313e+00   1.194313e+00   1.194311e+00   1.195920e+00    2.012e-06      1.607e-03    1.609e-03    4.286e+00    3.052e-05          True
     14062      3   1774  -1.118326e+00  -1.118326e+00  -1.118326e+00  -1.121244e+00    1.586e-07      2.918e-03    2.918e-03    5.543e+00    3.052e-05          True
     14088      3   1800  -3.520347e-01  -3.520347e-01  -3.520351e-01  -3.513124e-01    4.184e-07      7.223e-04    7.227e-04    2.786e+00    1.526e-05          True
     14092      3   1804  -6.759330e-01  -6.759330e-01  -6.759304e-01  -6.743429e-01    2.651e-06      1.590e-03    1.588e-03    6.738e+00    3.052e-05          True
     14097      3   1809   6.271307e-01   6.271307e-01   6.271294e-01   6.280522e-01    1.218e-06      9.216e-04    9.228e-04    2.849e+00    1.526e-05          True
     14102      3   1814  -3.342294e-01  -3.342294e-01  -3.342252e-01  -3.331674e-01    4.231e-06      1.062e-03    1.058e-03    7.662e+00    3.052e-05          True
     14103      3   1815  -9.768767e-01  -9.768767e-01  -9.768779e-01  -9.799974e-01    1.137e-06      3.121e-03    3.120e-03    3.671e+00    1.526e-05          True
     14114      3   1826   1.154809e-02   1.154809e-02   1.154768e-02   1.243164e-02    4.140e-07      8.835e-04    8.840e-04    3.045e+00    1.526e-05          True
     14127      3   1839   9.500095e-02   9.500095e-02   9.500404e-02   9.738949e-02    3.085e-06      2.389e-03    2.385e-03    4.912e+00    3.052e-05          True
     14137      3   1849  -3.825155e-01  -3.825155e-01  -3.825098e-01  -3.830613e-01    5.711e-06      5.458e-04    5.515e-04    4.404e+00    3.052e-05          True
     14142      3   1854  -1.442094e+00  -1.442094e+00  -1.442096e+00  -1.439411e+00    2.430e-06      2.683e-03    2.686e-03    3.279e+00    1.526e-05          True
     14143      3   1855   2.576450e+00   2.576450e+00   2.576451e+00   2.573003e+00    1.469e-06      3.447e-03    3.448e-03    3.867e+00    1.526e-05          True
     14148      3   1860   1.059072e+00   1.059072e+00   1.059071e+00   1.061707e+00    8.244e-07      2.635e-03    2.635e-03    5.158e+00    3.052e-05          True
     14149      3   1861   1.659013e-02   1.659013e-02   1.658982e-02   1.499719e-02    3.034e-07      1.593e-03    1.593e-03    7.170e+00    3.052e-05          True
     14154      3   1866  -1.679074e+00  -1.679074e+00  -1.679078e+00  -1.680979e+00    3.040e-06      1.905e-03    1.902e-03    3.021e+00    1.526e-05          True
     14168      3   1880  -1.069181e-02  -1.069181e-02  -1.068573e-02  -9.652331e-03    6.081e-06      1.039e-03    1.033e-03    3.782e+00    1.526e-05          True
     14170      3   1882  -3.863067e-01  -3.863067e-01  -3.863020e-01  -3.888004e-01    4.685e-06      2.494e-03    2.498e-03    5.577e+00    3.052e-05          True
     14183      3   1895  -2.368296e-01  -2.368296e-01  -2.368308e-01  -2.353210e-01    1.257e-06      1.509e-03    1.510e-03    4.746e+00    3.052e-05          True
     14187      3   1899   6.997085e-01   6.997085e-01   6.997100e-01   6.983921e-01    1.556e-06      1.316e-03    1.318e-03    7.237e+00    3.052e-05          True
     14188      3   1900   2.334172e-02   2.334172e-02   2.334063e-02   2.262733e-02    1.090e-06      7.144e-04    7.133e-04    3.978e+00    1.526e-05          True
     14208      3   1920  -5.208005e-01  -5.208005e-01  -5.208009e-01  -5.200976e-01    3.610e-07      7.029e-04    7.033e-04    2.940e+00    1.526e-05          True
     14215      3   1927  -1.067588e+00  -1.067588e+00  -1.067590e+00  -1.069035e+00    2.594e-06      1.447e-03    1.445e-03    4.201e+00    3.052e-05          True
     14218      3   1930   1.766620e-01   1.766620e-01   1.766590e-01   1.759800e-01    3.046e-06      6.820e-04    6.789e-04    3.339e+00    1.526e-05          True
     14219      3   1931   1.514799e+00   1.514799e+00   1.514797e+00   1.510692e+00    1.575e-06      4.106e-03    4.105e-03    4.866e+00    3.052e-05          True
     14224      3   1936   2.324575e+00   2.324575e+00   2.324576e+00   2.321157e+00    1.132e-06      3.418e-03    3.419e-03    4.070e+00    3.052e-05          True
     14235      3   1947   6.275669e-01   6.275669e-01   6.275658e-01   6.284442e-01    1.146e-06      8.772e-04    8.784e-04    4.067e+00    3.052e-05          True
     14236      3   1948   5.025957e-01   5.025957e-01   5.026028e-01   5.008111e-01    7.135e-06      1.785e-03    1.792e-03    5.343e+00    3.052e-05          True
     14240      3   1952  -1.411963e-01  -1.411963e-01  -1.411914e-01  -1.400790e-01    4.919e-06      1.117e-03    1.112e-03    7.198e+00    3.052e-05          True
     14241      3   1953   4.778897e-01   4.778897e-01   4.778988e-01   4.744803e-01    9.122e-06      3.409e-03    3.418e-03    5.965e+00    3.052e-05          True
     14248      3   1960  -3.085185e+00  -3.085185e+00  -3.085184e+00  -3.080849e+00    1.332e-06      4.336e-03    4.334e-03    4.366e+00    3.052e-05          True
     14249      3   1961   2.082929e-01   2.082929e-01   2.082977e-01   2.091121e-01    4.743e-06      8.192e-04    8.144e-04    7.826e+00    3.052e-05          True
     14251      3   1963  -9.545476e-01  -9.545476e-01  -9.545475e-01  -9.526904e-01    1.835e-07      1.857e-03    1.857e-03    5.363e+00    3.052e-05          True
     14252      3   1964   4.132552e-01   4.132552e-01   4.132566e-01   4.125742e-01    1.374e-06      6.810e-04    6.823e-04    2.575e+00    1.526e-05          True
     14258      3   1970  -8.050203e-01  -8.050203e-01  -8.050140e-01  -8.085416e-01    6.280e-06      3.521e-03    3.528e-03    6.695e+00    3.052e-05          True
     14261      3   1973   6.205220e-01   6.205220e-01   6.205221e-01   6.197433e-01    1.371e-07      7.787e-04    7.788e-04    6.252e+00    3.052e-05          True
     14276      3   1988   1.035072e+00   1.035072e+00   1.035066e+00   1.032121e+00    5.411e-06      2.951e-03    2.946e-03    5.533e+00    3.052e-05          True
     14281      3   1993  -8.923175e-01  -8.923175e-01  -8.923228e-01  -8.938328e-01    5.234e-06      1.515e-03    1.510e-03    4.964e+00    3.052e-05          True
     14292      3   2004  -3.229798e-01  -3.229798e-01  -3.229824e-01  -3.256194e-01    2.626e-06      2.640e-03    2.637e-03    4.239e+00    3.052e-05          True
     14298      3   2010   7.315043e-01   7.315043e-01   7.315036e-01   7.340599e-01    6.769e-07      2.556e-03    2.556e-03    3.644e+00    1.526e-05          True
     14306      3   2018  -3.285672e-01  -3.285672e-01  -3.285690e-01  -3.269739e-01    1.762e-06      1.593e-03    1.595e-03    6.772e+00    3.052e-05          True
     14307      3   2019   4.239798e-03   4.239798e-03   4.246736e-03   4.551176e-03    6.938e-06      3.114e-04    3.044e-04    5.911e+00    3.052e-05          True
     14308      3   2020   6.125552e-01   6.125552e-01   6.125546e-01   6.133639e-01    6.549e-07      8.087e-04    8.094e-04    2.246e+00    1.526e-05          True
     14313      3   2025  -2.854793e+00  -2.854793e+00  -2.854796e+00  -2.851250e+00    3.093e-06      3.542e-03    3.546e-03    6.147e+00    3.052e-05          True
     14327      3   2039   1.379829e-02   1.379829e-02   1.379870e-02   1.375563e-02    4.079e-07      4.266e-05    4.307e-05    3.527e+00    1.526e-05          True
     14332      3   2044  -3.994285e-01  -3.994285e-01  -3.994307e-01  -3.989454e-01    2.258e-06      4.831e-04    4.854e-04    3.883e+00    1.526e-05          True
     14339      3   2051  -2.359353e+00  -2.359353e+00  -2.359349e+00  -2.362096e+00    3.635e-06      2.743e-03    2.747e-03    3.666e+00    1.526e-05          True
     14342      3   2054   5.688613e-02   5.688613e-02   5.688862e-02   5.639332e-02    2.493e-06      4.928e-04    4.953e-04    2.570e+00    1.526e-05          True
     14349      3   2061  -2.711843e-01  -2.711843e-01  -2.711854e-01  -2.714768e-01    1.112e-06      2.925e-04    2.914e-04    4.747e+00    3.052e-05          True
     14358      3   2070   5.528705e-01   5.528705e-01   5.528758e-01   5.546626e-01    5.240e-06      1.792e-03    1.787e-03    4.749e+00    3.052e-05          True
     14363      3   2075   1.728225e+00   1.728225e+00   1.728223e+00   1.730050e+00    1.512e-06      1.825e-03    1.827e-03    5.768e+00    3.052e-05          True
     14366      3   2078  -3.790292e-02  -3.790292e-02  -3.790424e-02  -3.724107e-02    1.312e-06      6.619e-04    6.632e-04    4.468e+00    3.052e-05          True
     14370      3   2082   4.168638e-01   4.168638e-01   4.168664e-01   4.157848e-01    2.561e-06      1.079e-03    1.082e-03    3.052e+00    1.526e-05          True
     14379      3   2091  -1.282927e+00  -1.282927e+00  -1.282925e+00  -1.281141e+00    2.007e-06      1.786e-03    1.784e-03    3.805e+00    1.526e-05          True
     14382      3   2094   1.117495e+00   1.117495e+00   1.117485e+00   1.114823e+00    1.024e-05      2.672e-03    2.662e-03    4.867e+00    3.052e-05          True
     14390      3   2102   1.009495e+00   1.009495e+00   1.009493e+00   1.007744e+00    1.789e-06      1.751e-03    1.749e-03    6.683e+00    3.052e-05          True
     14391      3   2103   1.292373e+00   1.292373e+00   1.292372e+00   1.290643e+00    1.039e-06      1.730e-03    1.729e-03    3.780e+00    1.526e-05          True
     14396      3   2108  -2.031572e+00  -2.031572e+00  -2.031575e+00  -2.034323e+00    3.454e-06      2.751e-03    2.748e-03    4.089e+00    3.052e-05          True
     14407      3   2119  -1.194575e+00  -1.194575e+00  -1.194576e+00  -1.192713e+00    5.678e-07      1.862e-03    1.863e-03    3.548e+00    1.526e-05          True
     14415      3   2127  -1.084256e+00  -1.084256e+00  -1.084254e+00  -1.082895e+00    2.163e-06      1.361e-03    1.358e-03    4.298e+00    3.052e-05          True
     14424      3   2136  -5.425751e-01  -5.425751e-01  -5.425735e-01  -5.431966e-01    1.570e-06      6.215e-04    6.231e-04    6.309e+00    3.052e-05          True
     14425      3   2137  -1.760133e+00  -1.760133e+00  -1.760137e+00  -1.757834e+00    4.291e-06      2.299e-03    2.303e-03    4.834e+00    3.052e-05          True
     14426      3   2138  -8.581362e-01  -8.581362e-01  -8.581248e-01  -8.601860e-01    1.136e-05      2.050e-03    2.061e-03    6.464e+00    3.052e-05          True
     14428      3   2140  -8.527656e-01  -8.527656e-01  -8.527684e-01  -8.544518e-01    2.780e-06      1.686e-03    1.683e-03    7.363e+00    3.052e-05          True
     14431      3   2143  -9.936727e-03  -9.936727e-03  -9.941173e-03  -1.092475e-02    4.446e-06      9.880e-04    9.836e-04    5.692e+00    3.052e-05          True
     14439      3   2151   1.468597e-01   1.468597e-01   1.468542e-01   1.458941e-01    5.534e-06      9.657e-04    9.601e-04    6.979e+00    3.052e-05          True
     14457      3   2169  -9.557071e-01  -9.557071e-01  -9.557155e-01  -9.543700e-01    8.428e-06      1.337e-03    1.346e-03    5.668e+00    3.052e-05          True
     14460      3   2172   9.245819e-02   9.245819e-02   9.245428e-02   9.411386e-02    3.902e-06      1.656e-03    1.660e-03    5.046e+00    3.052e-05          True
     14461      3   2173  -1.326073e+00  -1.326073e+00  -1.326074e+00  -1.323223e+00    1.211e-06      2.850e-03    2.851e-03    6.060e+00    3.052e-05          True
     14462      3   2174  -1.286411e+00  -1.286411e+00  -1.286412e+00  -1.287702e+00    1.814e-07      1.291e-03    1.291e-03    6.406e+00    3.052e-05          True
     14465      3   2177   1.951057e+00   1.951057e+00   1.951054e+00   1.949033e+00    2.920e-06      2.023e-03    2.020e-03    6.108e+00    3.052e-05          True
     14471      3   2183   5.204211e-01   5.204211e-01   5.204252e-01   5.213431e-01    4.131e-06      9.220e-04    9.179e-04    6.056e+00    3.052e-05          True
     14492      3   2204   1.055309e+00   1.055309e+00   1.055309e+00   1.053657e+00    8.219e-08      1.653e-03    1.653e-03    3.399e+00    1.526e-05          True
     14500      3   2212  -5.716927e-01  -5.716927e-01  -5.716926e-01  -5.703481e-01    1.352e-07      1.345e-03    1.344e-03    2.501e+00    1.526e-05          True
     14503      3   2215   6.732567e-01   6.732567e-01   6.732581e-01   6.705776e-01    1.372e-06      2.679e-03    2.680e-03    4.588e+00    3.052e-05          True
     14523      3   2235  -2.276646e-01  -2.276646e-01  -2.276629e-01  -2.280145e-01    1.738e-06      3.498e-04    3.516e-04    4.309e+00    3.052e-05          True
     14526      3   2238  -5.895053e-01  -5.895053e-01  -5.895057e-01  -5.902014e-01    4.029e-07      6.962e-04    6.958e-04    2.194e+00    1.526e-05          True
     14538      3   2250   1.664063e+00   1.664063e+00   1.664066e+00   1.662395e+00    3.138e-06      1.667e-03    1.670e-03    3.526e+00    1.526e-05          True
     14549      3   2261  -1.036494e+00  -1.036494e+00  -1.036494e+00  -1.037833e+00    1.516e-07      1.339e-03    1.339e-03    3.687e+00    1.526e-05          True
     14550      3   2262   1.393354e+00   1.393354e+00   1.393354e+00   1.390213e+00    1.077e-07      3.142e-03    3.142e-03    2.494e+00    1.526e-05          True
     14555      3   2267  -3.099623e-01  -3.099623e-01  -3.099603e-01  -3.110125e-01    2.054e-06      1.050e-03    1.052e-03    5.306e+00    3.052e-05          True
     14563      3   2275  -4.832779e-01  -4.832779e-01  -4.832803e-01  -4.826192e-01    2.345e-06      6.587e-04    6.611e-04    5.317e+00    3.052e-05          True
     14566      3   2278   8.768848e-03   8.768848e-03   8.765888e-03   1.088767e-02    2.960e-06      2.119e-03    2.122e-03    3.503e+00    1.526e-05          True
     14567      3   2279   1.329166e-01   1.329166e-01   1.329114e-01   1.337187e-01    5.239e-06      8.021e-04    8.074e-04    3.789e+00    1.526e-05          True
     14579      3   2291   4.600320e-01   4.600320e-01   4.600306e-01   4.622446e-01    1.379e-06      2.213e-03    2.214e-03    3.895e+00    1.526e-05          True
     14581      3   2293  -7.916169e-01  -7.916169e-01  -7.916116e-01  -7.949154e-01    5.295e-06      3.298e-03    3.304e-03    3.819e+00    1.526e-05          True
     14583      3   2295   6.423891e-01   6.423891e-01   6.423954e-01   6.438683e-01    6.304e-06      1.479e-03    1.473e-03    7.622e+00    3.052e-05          True
     14594      3   2306   2.208174e+00   2.208174e+00   2.208175e+00   2.205087e+00    2.075e-07      3.088e-03    3.088e-03    2.710e+00    1.526e-05          True
     14606      3   2318   5.121901e-01   5.121901e-01   5.121888e-01   5.130668e-01    1.327e-06      8.766e-04    8.780e-04    5.160e+00    3.052e-05          True
     14609      3   2321  -2.123845e-01  -2.123845e-01  -2.123811e-01  -2.147475e-01    3.362e-06      2.363e-03    2.366e-03    3.665e+00    1.526e-05          True
     14618      3   2330   2.794120e-01   2.794120e-01   2.794115e-01   2.803676e-01    4.783e-07      9.556e-04    9.561e-04    5.151e+00    3.052e-05          True
     14619      3   2331   2.303313e-01   2.303313e-01   2.303332e-01   2.307734e-01    1.924e-06      4.421e-04    4.402e-04    6.850e+00    3.052e-05          True
     14635      3   2347  -2.195845e+00  -2.195845e+00  -2.195846e+00  -2.198245e+00    4.762e-07      2.400e-03    2.400e-03    4.330e+00    3.052e-05          True
     14644      3   2356  -7.259553e-01  -7.259553e-01  -7.259544e-01  -7.285947e-01    9.272e-07      2.639e-03    2.640e-03    2.966e+00    1.526e-05          True
     14646      3   2358  -2.820527e-01  -2.820527e-01  -2.820483e-01  -2.831924e-01    4.334e-06      1.140e-03    1.144e-03    3.478e+00    1.526e-05          True
     14649      3   2361   4.880279e-01   4.880279e-01   4.880263e-01   4.888163e-01    1.574e-06      7.884e-04    7.900e-04    3.763e+00    1.526e-05          True
     14651      3   2363   8.109568e-01   8.109568e-01   8.109539e-01   8.118892e-01    2.956e-06      9.324e-04    9.353e-04    3.575e+00    1.526e-05          True
     14659      3   2371  -9.092746e-01  -9.092746e-01  -9.092740e-01  -9.115589e-01    5.799e-07      2.284e-03    2.285e-03    4.325e+00    3.052e-05          True
     14661      3   2373   1.461789e+00   1.461789e+00   1.461792e+00   1.458625e+00    2.056e-06      3.165e-03    3.167e-03    3.401e+00    1.526e-05          True
     14663      3   2375   1.492259e+00   1.492259e+00   1.492259e+00   1.494817e+00    4.035e-07      2.558e-03    2.558e-03    2.600e+00    1.526e-05          True
     14668      3   2380  -8.053827e-01  -8.053827e-01  -8.053812e-01  -8.040435e-01    1.466e-06      1.339e-03    1.338e-03    4.002e+00    3.052e-05          True
     14671      3   2383  -3.517872e-01  -3.517872e-01  -3.517902e-01  -3.535897e-01    2.933e-06      1.802e-03    1.800e-03    3.576e+00    1.526e-05          True
     14673      3   2385  -4.833450e-01  -4.833450e-01  -4.833456e-01  -4.822865e-01    5.285e-07      1.059e-03    1.059e-03    3.329e+00    1.526e-05          True
     14682      3   2394   5.467602e-01   5.467602e-01   5.467653e-01   5.451612e-01    5.113e-06      1.599e-03    1.604e-03    3.785e+00    1.526e-05          True
     14683      3   2395  -4.691396e-01  -4.691396e-01  -4.691424e-01  -4.708707e-01    2.788e-06      1.731e-03    1.728e-03    4.825e+00    3.052e-05          True
     14692      3   2404  -2.294603e+00  -2.294603e+00  -2.294605e+00  -2.292252e+00    1.892e-06      2.350e-03    2.352e-03    3.371e+00    1.526e-05          True
     14699      3   2411  -2.080875e+00  -2.080875e+00  -2.080868e+00  -2.077842e+00    7.716e-06      3.033e-03    3.025e-03    6.326e+00    3.052e-05          True
     14706      3   2418   9.393215e-01   9.393215e-01   9.393216e-01   9.409816e-01    9.195e-08      1.660e-03    1.660e-03    4.248e+00    3.052e-05          True
     14714      3   2426  -6.814509e-01  -6.814509e-01  -6.814491e-01  -6.797628e-01    1.778e-06      1.688e-03    1.686e-03    5.637e+00    3.052e-05          True
     14717      3   2429   7.621071e-01   7.621071e-01   7.621108e-01   7.635186e-01    3.656e-06      1.411e-03    1.408e-03    9.831e+00    6.104e-05          True
     14747      3   2459   2.487115e-01   2.487115e-01   2.487090e-01   2.481258e-01    2.497e-06      5.857e-04    5.832e-04    3.505e+00    1.526e-05          True
     14752      3   2464  -1.700280e+00  -1.700280e+00  -1.700277e+00  -1.698553e+00    3.002e-06      1.727e-03    1.724e-03    5.059e+00    3.052e-05          True
     14754      3   2466   1.940608e-01   1.940608e-01   1.940597e-01   1.923441e-01    1.125e-06      1.717e-03    1.716e-03    2.894e+00    1.526e-05          True
     14757      3   2469   1.875340e+00   1.875340e+00   1.875346e+00   1.877924e+00    5.191e-06      2.584e-03    2.578e-03    4.141e+00    3.052e-05          True
     14760      3   2472  -1.596586e+00  -1.596586e+00  -1.596589e+00  -1.598194e+00    3.594e-06      1.609e-03    1.605e-03    3.337e+00    1.526e-05          True
     14762      3   2474  -2.659071e+00  -2.659071e+00  -2.659072e+00  -2.656367e+00    1.204e-06      2.704e-03    2.705e-03    4.258e+00    3.052e-05          True
     14764      3   2476   2.267368e-01   2.267368e-01   2.267349e-01   2.299355e-01    1.909e-06      3.199e-03    3.201e-03    5.249e+00    3.052e-05          True
     14771      3   2483  -1.874146e+00  -1.874146e+00  -1.874149e+00  -1.876399e+00    3.066e-06      2.253e-03    2.250e-03    4.571e+00    3.052e-05          True
     14774      3   2486   2.628135e-03   2.628135e-03   2.627582e-03  -1.316666e-03    5.532e-07      3.945e-03    3.944e-03    4.156e+00    3.052e-05          True
     14777      3   2489   8.254771e-01   8.254771e-01   8.254726e-01   8.237297e-01    4.511e-06      1.747e-03    1.743e-03    7.788e+00    3.052e-05          True
     14797      3   2509  -2.681090e+00  -2.681090e+00  -2.681088e+00  -2.684057e+00    1.389e-06      2.967e-03    2.969e-03    3.610e+00    1.526e-05          True
     14800      3   2512  -1.799096e-01  -1.799096e-01  -1.799048e-01  -1.788598e-01    4.793e-06      1.050e-03    1.045e-03    5.026e+00    3.052e-05          True
     14801      3   2513  -1.258815e-02  -1.258815e-02  -1.258729e-02  -1.142443e-02    8.611e-07      1.164e-03    1.163e-03    3.020e+00    1.526e-05          True
     14803      3   2515   4.435013e-02   4.435013e-02   4.435065e-02   4.573217e-02    5.255e-07      1.382e-03    1.382e-03    5.503e+00    3.052e-05          True
     14805      3   2517   3.738804e-01   3.738804e-01   3.738796e-01   3.730440e-01    8.684e-07      8.364e-04    8.355e-04    4.041e+00    3.052e-05          True
     14807      3   2519   6.037371e-01   6.037371e-01   6.037387e-01   6.051490e-01    1.552e-06      1.412e-03    1.410e-03    3.375e+00    1.526e-05          True
     14810      3   2522   1.095383e+00   1.095383e+00   1.095379e+00   1.093958e+00    3.282e-06      1.425e-03    1.421e-03    3.532e+00    1.526e-05          True
     14812      3   2524   1.341110e+00   1.341110e+00   1.341109e+00   1.339624e+00    1.720e-06      1.486e-03    1.484e-03    4.145e+00    3.052e-05          True
     14833      3   2545  -1.680091e+00  -1.680091e+00  -1.680094e+00  -1.682332e+00    3.314e-06      2.241e-03    2.238e-03    4.427e+00    3.052e-05          True
     14839      3   2551  -2.793378e-01  -2.793378e-01  -2.793370e-01  -2.786432e-01    8.549e-07      6.947e-04    6.938e-04    3.110e+00    1.526e-05          True
     14845      3   2557   4.534997e-01   4.534997e-01   4.535033e-01   4.563413e-01    3.636e-06      2.842e-03    2.838e-03    3.032e+00    1.526e-05          True
     14860      3   2572   1.594186e+00   1.594186e+00   1.594184e+00   1.591894e+00    2.410e-06      2.293e-03    2.290e-03    3.794e+00    1.526e-05          True
     14869      3   2581  -7.067910e-01  -7.067910e-01  -7.067950e-01  -7.060118e-01    3.975e-06      7.792e-04    7.832e-04    5.940e+00    3.052e-05          True
     14872      3   2584   1.266556e+00   1.266556e+00   1.266554e+00   1.268127e+00    1.525e-06      1.571e-03    1.573e-03    4.087e+00    3.052e-05          True
     14873      3   2585  -1.448347e+00  -1.448347e+00  -1.448351e+00  -1.449812e+00    3.385e-06      1.464e-03    1.461e-03    3.137e+00    1.526e-05          True
     14881      3   2593  -1.305927e+00  -1.305927e+00  -1.305926e+00  -1.304502e+00    1.504e-06      1.425e-03    1.424e-03    5.961e+00    3.052e-05          True
     14885      3   2597  -1.091763e-01  -1.091763e-01  -1.091772e-01  -1.088496e-01    9.863e-07      3.267e-04    3.276e-04    3.899e+00    1.526e-05          True
     14894      3   2606  -8.518500e-01  -8.518500e-01  -8.518494e-01  -8.529148e-01    6.504e-07      1.065e-03    1.065e-03    2.801e+00    1.526e-05          True
     14906      3   2618   1.115278e+00   1.115278e+00   1.115277e+00   1.113817e+00    1.647e-06      1.461e-03    1.459e-03    5.159e+00    3.052e-05          True
     14908      3   2620   1.864486e-01   1.864486e-01   1.864489e-01   1.876809e-01    3.075e-07      1.232e-03    1.232e-03    2.736e+00    1.526e-05          True
     14921      3   2633  -6.765170e-01  -6.765170e-01  -6.765127e-01  -6.754485e-01    4.389e-06      1.069e-03    1.064e-03    5.562e+00    3.052e-05          True
     14922      3   2634   1.729616e-01   1.729616e-01   1.729707e-01   1.726097e-01    9.125e-06      3.519e-04    3.610e-04    5.295e+00    3.052e-05          True
     14932      3   2644  -6.500650e-01  -6.500650e-01  -6.500641e-01  -6.526142e-01    8.825e-07      2.549e-03    2.550e-03    3.874e+00    1.526e-05          True
     14934      3   2646  -3.422399e-01  -3.422399e-01  -3.422363e-01  -3.405715e-01    3.619e-06      1.668e-03    1.665e-03    4.944e+00    3.052e-05          True
     14942      3   2654   2.676537e-01   2.676537e-01   2.676561e-01   2.660071e-01    2.403e-06      1.647e-03    1.649e-03    3.646e+00    1.526e-05          True
     14943      3   2655  -1.805066e+00  -1.805066e+00  -1.805067e+00  -1.807353e+00    7.237e-07      2.287e-03    2.286e-03    3.758e+00    1.526e-05          True
     14945      3   2657  -2.771776e+00  -2.771776e+00  -2.771777e+00  -2.775919e+00    8.162e-07      4.143e-03    4.142e-03    5.665e+00    3.052e-05          True
     14946      3   2658   8.473889e-01   8.473889e-01   8.473880e-01   8.447312e-01    8.894e-07      2.658e-03    2.657e-03    4.236e+00    3.052e-05          True
     14948      3   2660   2.466939e+00   2.466939e+00   2.466938e+00   2.471164e+00    1.113e-06      4.225e-03    4.226e-03    4.117e+00    3.052e-05          True
     14952      3   2664  -1.465851e+00  -1.465851e+00  -1.465854e+00  -1.469210e+00    2.750e-06      3.358e-03    3.356e-03    4.065e+00    3.052e-05          True
     14958      3   2670   9.424115e-01   9.424115e-01   9.424092e-01   9.407138e-01    2.274e-06      1.698e-03    1.695e-03    3.421e+00    1.526e-05          True
     14966      3   2678   1.334342e-01   1.334342e-01   1.334327e-01   1.325100e-01    1.542e-06      9.242e-04    9.227e-04    3.235e+00    1.526e-05          True
     14980      3   2692   9.118863e-01   9.118863e-01   9.118873e-01   9.158029e-01    1.054e-06      3.917e-03    3.916e-03    3.812e+00    1.526e-05          True
     15007      3   2719  -9.265283e-01  -9.265283e-01  -9.265283e-01  -9.275024e-01    1.589e-08      9.741e-04    9.741e-04    6.688e+00    3.052e-05          True
     15011      3   2723   3.656033e-01   3.656033e-01   3.656027e-01   3.647863e-01    6.455e-07      8.171e-04    8.164e-04    5.683e+00    3.052e-05          True
     15016      3   2728   1.039440e+00   1.039440e+00   1.039438e+00   1.040604e+00    1.630e-06      1.164e-03    1.166e-03    4.070e+00    3.052e-05          True
     15017      3   2729  -3.197902e-01  -3.197902e-01  -3.197907e-01  -3.203478e-01    5.003e-07      5.576e-04    5.571e-04    5.228e+00    3.052e-05          True
     15026      3   2738   8.648418e-01   8.648418e-01   8.648453e-01   8.638590e-01    3.466e-06      9.828e-04    9.863e-04    4.600e+00    3.052e-05          True
     15028      3   2740  -1.619464e-01  -1.619464e-01  -1.619471e-01  -1.613113e-01    6.682e-07      6.352e-04    6.358e-04    4.077e+00    3.052e-05          True
     15029      3   2741   4.632845e-01   4.632845e-01   4.632831e-01   4.624752e-01    1.336e-06      8.092e-04    8.079e-04    4.723e+00    3.052e-05          True
     15032      3   2744  -4.769645e-01  -4.769645e-01  -4.769624e-01  -4.762397e-01    2.041e-06      7.247e-04    7.227e-04    3.143e+00    1.526e-05          True
     15035      3   2747  -1.373860e-02  -1.373860e-02  -1.373540e-02  -1.671383e-02    3.201e-06      2.975e-03    2.978e-03    3.454e+00    1.526e-05          True
     15041      3   2753  -1.306609e-01  -1.306609e-01  -1.306573e-01  -1.304044e-01    3.564e-06      2.565e-04    2.529e-04    3.943e+00    1.526e-05          True
     15043      3   2755  -1.419332e-01  -1.419332e-01  -1.419344e-01  -1.403981e-01    1.251e-06      1.535e-03    1.536e-03    4.162e+00    3.052e-05          True
     15048      3   2760  -7.552573e-01  -7.552573e-01  -7.552513e-01  -7.568966e-01    5.913e-06      1.639e-03    1.645e-03    2.602e+00    1.526e-05          True
     15050      3   2762  -3.330865e-01  -3.330865e-01  -3.330857e-01  -3.347849e-01    7.488e-07      1.698e-03    1.699e-03    2.776e+00    1.526e-05          True
     15054      3   2766  -3.193056e+00  -3.193056e+00  -3.193057e+00  -3.189704e+00    8.977e-07      3.352e-03    3.353e-03    7.745e+00    3.052e-05          True
     15067      3   2779  -1.537013e-01  -1.537013e-01  -1.537082e-01  -1.526163e-01    6.901e-06      1.085e-03    1.092e-03    5.973e+00    3.052e-05          True
     15080      3   2792   2.899117e-01   2.899117e-01   2.899122e-01   2.865093e-01    5.090e-07      3.402e-03    3.403e-03    3.656e+00    1.526e-05          True
     15086      3   2798  -1.916091e+00  -1.916091e+00  -1.916087e+00  -1.912043e+00    3.437e-06      4.048e-03    4.045e-03    4.887e+00    3.052e-05          True
     15088      3   2800   2.051429e-01   2.051429e-01   2.051391e-01   2.038888e-01    3.743e-06      1.254e-03    1.250e-03    6.853e+00    3.052e-05          True
     15108      3   2820   2.089388e+00   2.089388e+00   2.089387e+00   2.092113e+00    3.144e-07      2.726e-03    2.726e-03    4.936e+00    3.052e-05          True
     15111      3   2823   1.844767e+00   1.844767e+00   1.844766e+00   1.847951e+00    3.716e-07      3.185e-03    3.185e-03    3.265e+00    1.526e-05          True
     15117      3   2829   1.404491e+00   1.404491e+00   1.404482e+00   1.402724e+00    8.621e-06      1.766e-03    1.758e-03    6.037e+00    3.052e-05          True
     15120      3   2832   1.364630e+00   1.364630e+00   1.364627e+00   1.367510e+00    2.755e-06      2.880e-03    2.883e-03    6.111e+00    3.052e-05          True
     15132      3   2844  -4.718077e-01  -4.718077e-01  -4.718138e-01  -4.728936e-01    6.101e-06      1.086e-03    1.080e-03    3.552e+00    1.526e-05          True
     15144      3   2856   9.031957e-01   9.031957e-01   9.031981e-01   9.048555e-01    2.376e-06      1.660e-03    1.657e-03    7.582e+00    3.052e-05          True
     15146      3   2858  -1.425052e+00  -1.425052e+00  -1.425047e+00  -1.423110e+00    4.483e-06      1.942e-03    1.938e-03    4.468e+00    3.052e-05          True
     15151      3   2863   2.395630e-01   2.395630e-01   2.395599e-01   2.415923e-01    3.191e-06      2.029e-03    2.032e-03    3.835e+00    1.526e-05          True
     15171      3   2883  -8.683507e-01  -8.683507e-01  -8.683469e-01  -8.694935e-01    3.817e-06      1.143e-03    1.147e-03    5.367e+00    3.052e-05          True
     15175      3   2887  -6.202515e-01  -6.202515e-01  -6.202553e-01  -6.190689e-01    3.817e-06      1.183e-03    1.186e-03    4.797e+00    3.052e-05          True
     15184      3   2896  -1.005527e-01  -1.005527e-01  -1.005597e-01  -1.009385e-01    7.019e-06      3.858e-04    3.788e-04    4.794e+00    3.052e-05          True
     15189      3   2901  -3.468187e-01  -3.468187e-01  -3.468190e-01  -3.483231e-01    2.707e-07      1.504e-03    1.504e-03    5.541e+00    3.052e-05          True
     15196      3   2908   5.859311e-02   5.859311e-02   5.859420e-02   5.885115e-02    1.096e-06      2.580e-04    2.569e-04    7.745e+00    3.052e-05          True
     15209      3   2921   1.228345e+00   1.228345e+00   1.228344e+00   1.230592e+00    8.873e-07      2.246e-03    2.247e-03    3.470e+00    1.526e-05          True
     15219      3   2931  -1.281208e-01  -1.281208e-01  -1.281190e-01  -1.291403e-01    1.797e-06      1.020e-03    1.021e-03    3.097e+00    1.526e-05          True
     15228      3   2940   2.920003e-01   2.920003e-01   2.919997e-01   2.911550e-01    5.882e-07      8.453e-04    8.447e-04    4.182e+00    3.052e-05          True
     15237      3   2949  -1.449842e+00  -1.449842e+00  -1.449838e+00  -1.447442e+00    4.177e-06      2.400e-03    2.396e-03    3.411e+00    1.526e-05          True
     15242      3   2954  -1.859574e+00  -1.859574e+00  -1.859574e+00  -1.863975e+00    9.827e-08      4.401e-03    4.401e-03    5.300e+00    3.052e-05          True
     15247      3   2959  -1.379709e-01  -1.379709e-01  -1.379723e-01  -1.354751e-01    1.452e-06      2.496e-03    2.497e-03    4.954e+00    3.052e-05          True
     15248      3   2960  -5.241490e-01  -5.241490e-01  -5.241522e-01  -5.234916e-01    3.209e-06      6.574e-04    6.606e-04    3.139e+00    1.526e-05          True
     15253      3   2965  -7.454581e-03  -7.454581e-03  -7.453666e-03  -7.272378e-03    9.154e-07      1.822e-04    1.813e-04    3.435e+00    1.526e-05          True
     15254      3   2966  -2.811618e-01  -2.811618e-01  -2.811637e-01  -2.805277e-01    1.850e-06      6.341e-04    6.359e-04    2.811e+00    1.526e-05          True
     15255      3   2967   1.221449e-01   1.221449e-01   1.221463e-01   1.223839e-01    1.369e-06      2.390e-04    2.376e-04    7.182e+00    3.052e-05          True
     15270      3   2982   3.734536e-01   3.734536e-01   3.734527e-01   3.723263e-01    9.796e-07      1.127e-03    1.126e-03    3.660e+00    1.526e-05          True
     15273      3   2985   3.767481e-01   3.767481e-01   3.767479e-01   3.797899e-01    2.047e-07      3.042e-03    3.042e-03    2.736e+00    1.526e-05          True
     15274      3   2986  -1.599311e+00  -1.599311e+00  -1.599311e+00  -1.596554e+00    2.704e-07      2.757e-03    2.757e-03    3.432e+00    1.526e-05          True
     15275      3   2987  -1.507371e+00  -1.507371e+00  -1.507367e+00  -1.510036e+00    3.759e-06      2.665e-03    2.668e-03    5.113e+00    3.052e-05          True
     15278      3   2990  -7.252527e-01  -7.252527e-01  -7.252563e-01  -7.243775e-01    3.591e-06      8.752e-04    8.788e-04    5.893e+00    3.052e-05          True
     15280      3   2992   2.679314e+00   2.679314e+00   2.679309e+00   2.684058e+00    5.106e-06      4.744e-03    4.749e-03    6.169e+00    3.052e-05          True
     15281      3   2993  -3.916511e-01  -3.916511e-01  -3.916520e-01  -3.935100e-01    9.187e-07      1.859e-03    1.858e-03    2.753e+00    1.526e-05          True
     15285      3   2997  -9.346376e-01  -9.346376e-01  -9.346420e-01  -9.371570e-01    4.332e-06      2.519e-03    2.515e-03    6.298e+00    3.052e-05          True
     15292      3   3004   3.293153e-01   3.293153e-01   3.293109e-01   3.288729e-01    4.392e-06      4.424e-04    4.380e-04    5.841e+00    3.052e-05          True
     15296      3   3008  -4.027668e-01  -4.027668e-01  -4.027637e-01  -4.017958e-01    3.098e-06      9.710e-04    9.679e-04    5.146e+00    3.052e-05          True
     15300      3   3012   1.064890e+00   1.064890e+00   1.064890e+00   1.065985e+00    1.927e-07      1.095e-03    1.095e-03    3.348e+00    1.526e-05          True
     15303      3   3015  -1.401853e+00  -1.401853e+00  -1.401854e+00  -1.403306e+00    1.063e-06      1.453e-03    1.452e-03    5.155e+00    3.052e-05          True
     15304      3   3016  -2.495050e+00  -2.495050e+00  -2.495052e+00  -2.498122e+00    1.228e-06      3.072e-03    3.070e-03    5.870e+00    3.052e-05          True
     15307      3   3019  -9.919304e-01  -9.919304e-01  -9.919279e-01  -9.944860e-01    2.495e-06      2.556e-03    2.558e-03    5.215e+00    3.052e-05          True
     15314      3   3026   8.137828e-01   8.137828e-01   8.137826e-01   8.160589e-01    2.161e-07      2.276e-03    2.276e-03    3.879e+00    1.526e-05          True
     15317      3   3029   1.947680e+00   1.947680e+00   1.947678e+00   1.951247e+00    1.879e-06      3.567e-03    3.569e-03    4.247e+00    3.052e-05          True
     15319      3   3031   3.295470e-01   3.295470e-01   3.295425e-01   3.306278e-01    4.488e-06      1.081e-03    1.085e-03    4.939e+00    3.052e-05          True
     15320      3   3032  -3.364071e-01  -3.364071e-01  -3.363954e-01  -3.371600e-01    1.173e-05      7.529e-04    7.646e-04    5.651e+00    3.052e-05          True
     15324      3   3036  -5.303459e-01  -5.303459e-01  -5.303423e-01  -5.277762e-01    3.543e-06      2.570e-03    2.566e-03    3.431e+00    1.526e-05          True
     15331      3   3043  -3.632660e-01  -3.632660e-01  -3.632647e-01  -3.641118e-01    1.366e-06      8.458e-04    8.471e-04    3.372e+00    1.526e-05          True
     15332      3   3044   6.284364e-01   6.284364e-01   6.284363e-01   6.270171e-01    1.736e-07      1.419e-03    1.419e-03    2.668e+00    1.526e-05          True
     15353      3   3065   6.550665e-01   6.550665e-01   6.550698e-01   6.528841e-01    3.291e-06      2.182e-03    2.186e-03    6.629e+00    3.052e-05          True
     15356      3   3068   7.270534e-01   7.270534e-01   7.270529e-01   7.287618e-01    5.115e-07      1.708e-03    1.709e-03    2.629e+00    1.526e-05          True
     15363      3   3075  -3.078686e-01  -3.078686e-01  -3.078688e-01  -3.084595e-01    2.244e-07      5.909e-04    5.907e-04    4.717e+00    3.052e-05          True
     15377      3   3089  -1.403395e+00  -1.403395e+00  -1.403397e+00  -1.400721e+00    1.921e-06      2.674e-03    2.676e-03    7.199e+00    3.052e-05          True
     15382      3   3094  -4.886509e-01  -4.886509e-01  -4.886548e-01  -4.880275e-01    3.848e-06      6.234e-04    6.272e-04    4.561e+00    3.052e-05          True
     15388      3   3100  -3.931017e-01  -3.931017e-01  -3.930999e-01  -3.909693e-01    1.794e-06      2.132e-03    2.131e-03    3.568e+00    1.526e-05          True
     15392      3   3104  -2.023217e-01  -2.023217e-01  -2.023232e-01  -2.018203e-01    1.435e-06      5.014e-04    5.028e-04    4.303e+00    3.052e-05          True
     15396      3   3108   2.785445e-01   2.785445e-01   2.785418e-01   2.798328e-01    2.740e-06      1.288e-03    1.291e-03    3.310e+00    1.526e-05          True
     15402      3   3114  -4.943049e-01  -4.943049e-01  -4.943036e-01  -4.927007e-01    1.307e-06      1.604e-03    1.603e-03    2.677e+00    1.526e-05          True
     15415      3   3127  -1.479294e+00  -1.479294e+00  -1.479291e+00  -1.476394e+00    3.310e-06      2.901e-03    2.897e-03    4.290e+00    3.052e-05          True
     15421      3   3133   4.662992e-01   4.662992e-01   4.663021e-01   4.646927e-01    2.891e-06      1.606e-03    1.609e-03    3.252e+00    1.526e-05          True
     15422      3   3134  -7.419669e-01  -7.419669e-01  -7.419707e-01  -7.431758e-01    3.734e-06      1.209e-03    1.205e-03    4.629e+00    3.052e-05          True
     15425      3   3137   1.213428e+00   1.213428e+00   1.213427e+00   1.215442e+00    1.106e-06      2.014e-03    2.015e-03    4.436e+00    3.052e-05          True
     15427      3   3139  -1.080152e-01  -1.080152e-01  -1.080144e-01  -1.070020e-01    7.582e-07      1.013e-03    1.012e-03    4.598e+00    3.052e-05          True
     15429      3   3141  -6.149455e-02  -6.149455e-02  -6.149566e-02  -6.190050e-02    1.112e-06      4.060e-04    4.048e-04    2.878e+00    1.526e-05          True
     15434      3   3146  -6.096941e-01  -6.096941e-01  -6.096972e-01  -6.103338e-01    3.064e-06      6.397e-04    6.366e-04    3.248e+00    1.526e-05          True
     15462      3   3174   2.099049e-01   2.099049e-01   2.099071e-01   2.118672e-01    2.162e-06      1.962e-03    1.960e-03    4.234e+00    3.052e-05          True
     15466      3   3178   9.217325e-01   9.217325e-01   9.217337e-01   9.204157e-01    1.196e-06      1.317e-03    1.318e-03    3.066e+00    1.526e-05          True
     15475      3   3187   1.014472e+00   1.014472e+00   1.014477e+00   1.015661e+00    5.215e-06      1.189e-03    1.184e-03    7.208e+00    3.052e-05          True
     15476      3   3188   1.758455e+00   1.758455e+00   1.758469e+00   1.761622e+00    1.412e-05      3.168e-03    3.153e-03    5.896e+00    3.052e-05          True
     15480      3   3192  -1.794600e+00  -1.794600e+00  -1.794599e+00  -1.797646e+00    7.260e-07      3.046e-03    3.047e-03    5.882e+00    3.052e-05          True
     15481      3   3193   4.584485e-01   4.584485e-01   4.584461e-01   4.594947e-01    2.367e-06      1.046e-03    1.049e-03    3.844e+00    1.526e-05          True
     15493      3   3205   6.711563e-01   6.711563e-01   6.711586e-01   6.742066e-01    2.293e-06      3.050e-03    3.048e-03    4.753e+00    3.052e-05          True
     15501      3   3213  -2.549513e+00  -2.549513e+00  -2.549516e+00  -2.552485e+00    2.380e-06      2.971e-03    2.969e-03    4.431e+00    3.052e-05          True
     15502      3   3214   1.418613e+00   1.418613e+00   1.418608e+00   1.415395e+00    5.194e-06      3.218e-03    3.213e-03    4.428e+00    3.052e-05          True
     15504      3   3216  -4.204775e-02  -4.204775e-02  -4.204421e-02  -4.137348e-02    3.538e-06      6.743e-04    6.707e-04    3.585e+00    1.526e-05          True
     15506      3   3218   1.091316e-01   1.091316e-01   1.091308e-01   1.110051e-01    7.689e-07      1.873e-03    1.874e-03    3.701e+00    1.526e-05          True
     15514      3   3226  -1.188592e+00  -1.188592e+00  -1.188593e+00  -1.189999e+00    1.402e-06      1.407e-03    1.405e-03    3.226e+00    1.526e-05          True
     15529      3   3241  -7.822547e-01  -7.822547e-01  -7.822461e-01  -7.806265e-01    8.606e-06      1.628e-03    1.620e-03    5.318e+00    3.052e-05          True
     15531      3   3243  -1.644234e+00  -1.644234e+00  -1.644228e+00  -1.639596e+00    6.476e-06      4.638e-03    4.631e-03    4.552e+00    3.052e-05          True
     15535      3   3247  -1.988337e-01  -1.988337e-01  -1.988317e-01  -1.973847e-01    2.012e-06      1.449e-03    1.447e-03    4.499e+00    3.052e-05          True
     15541      3   3253  -1.104907e-01  -1.104907e-01  -1.104894e-01  -1.092478e-01    1.289e-06      1.243e-03    1.242e-03    3.916e+00    1.526e-05          True
     15547      3   3259  -9.282474e-01  -9.282474e-01  -9.282479e-01  -9.261423e-01    4.877e-07      2.105e-03    2.106e-03    5.603e+00    3.052e-05          True
     15549      3   3261   1.076961e+00   1.076961e+00   1.076963e+00   1.078763e+00    1.587e-06      1.802e-03    1.801e-03    4.673e+00    3.052e-05          True
     15551      3   3263  -2.335589e+00  -2.335589e+00  -2.335590e+00  -2.338501e+00    1.383e-06      2.912e-03    2.911e-03    3.352e+00    1.526e-05          True
     15554      3   3266  -8.236123e-01  -8.236123e-01  -8.236115e-01  -8.253572e-01    8.271e-07      1.745e-03    1.746e-03    4.564e+00    3.052e-05          True
     15560      3   3272   1.756373e+00   1.756373e+00   1.756369e+00   1.758282e+00    3.939e-06      1.909e-03    1.913e-03    5.346e+00    3.052e-05          True
     15564      3   3276  -9.806408e-01  -9.806408e-01  -9.806392e-01  -9.837812e-01    1.662e-06      3.140e-03    3.142e-03    4.170e+00    3.052e-05          True
     15570      3   3282  -2.459212e-02  -2.459212e-02  -2.459013e-02  -2.627773e-02    1.995e-06      1.686e-03    1.688e-03    5.272e+00    3.052e-05          True
     15571      3   3283   1.448119e+00   1.448119e+00   1.448123e+00   1.446128e+00    3.436e-06      1.991e-03    1.994e-03    3.696e+00    1.526e-05          True
     15575      3   3287   2.757403e-01   2.757403e-01   2.757408e-01   2.776113e-01    4.593e-07      1.871e-03    1.870e-03    7.461e+00    3.052e-05          True
     15580      3   3292   3.122619e-01   3.122619e-01   3.122624e-01   3.108836e-01    4.915e-07      1.378e-03    1.379e-03    2.744e+00    1.526e-05          True
     15582      3   3294  -1.680959e+00  -1.680959e+00  -1.680958e+00  -1.678504e+00    1.054e-06      2.455e-03    2.454e-03    5.001e+00    3.052e-05          True
     15602      3   3314  -8.983969e-01  -8.983969e-01  -8.983988e-01  -8.996971e-01    1.895e-06      1.300e-03    1.298e-03    4.955e+00    3.052e-05          True
     15615      3   3327   2.155324e-01   2.155324e-01   2.155327e-01   2.159003e-01    2.715e-07      3.679e-04    3.676e-04    4.072e+00    3.052e-05          True
     15622      3   3334  -5.151787e-01  -5.151787e-01  -5.151809e-01  -5.121522e-01    2.238e-06      3.027e-03    3.029e-03    3.992e+00    1.526e-05          True
     15625      3   3337  -3.287150e-01  -3.287150e-01  -3.287171e-01  -3.296405e-01    2.111e-06      9.255e-04    9.234e-04    4.324e+00    3.052e-05          True
     15632      3   3344   1.289640e+00   1.289640e+00   1.289638e+00   1.286610e+00    1.606e-06      3.029e-03    3.028e-03    6.088e+00    3.052e-05          True
     15645      3   3357  -6.773829e-01  -6.773829e-01  -6.773850e-01  -6.765438e-01    2.116e-06      8.391e-04    8.412e-04    6.510e+00    3.052e-05          True
     15648      3   3360   1.147602e+00   1.147602e+00   1.147602e+00   1.150759e+00    6.536e-07      3.157e-03    3.157e-03    3.855e+00    1.526e-05          True
     15652      3   3364   3.269899e-02   3.269899e-02   3.270107e-02   3.527924e-02    2.079e-06      2.580e-03    2.578e-03    4.135e+00    3.052e-05          True
     15658      3   3370  -2.810552e+00  -2.810552e+00  -2.810549e+00  -2.815009e+00    2.842e-06      4.457e-03    4.460e-03    3.407e+00    1.526e-05          True
     15661      3   3373  -1.508968e+00  -1.508968e+00  -1.508970e+00  -1.507297e+00    1.489e-06      1.671e-03    1.673e-03    6.509e+00    3.052e-05          True
     15668      3   3380  -2.212369e+00  -2.212369e+00  -2.212370e+00  -2.215383e+00    1.570e-06      3.014e-03    3.012e-03    4.674e+00    3.052e-05          True
     15687      3   3399   4.236431e-01   4.236431e-01   4.236416e-01   4.252697e-01    1.433e-06      1.627e-03    1.628e-03    2.145e+00    1.526e-05          True
     15689      3   3401  -5.561757e-01  -5.561757e-01  -5.561733e-01  -5.546772e-01    2.417e-06      1.498e-03    1.496e-03    4.387e+00    3.052e-05          True
     15690      3   3402   5.171248e-01   5.171248e-01   5.171243e-01   5.183845e-01    5.450e-07      1.260e-03    1.260e-03    4.205e+00    3.052e-05          True
     15703      3   3415   4.435890e-01   4.435890e-01   4.435983e-01   4.447807e-01    9.303e-06      1.192e-03    1.182e-03    5.785e+00    3.052e-05          True
     15707      3   3419   9.331971e-01   9.331971e-01   9.331961e-01   9.315895e-01    9.395e-07      1.608e-03    1.607e-03    4.826e+00    3.052e-05          True
     15709      3   3421   4.365569e-01   4.365569e-01   4.365585e-01   4.340601e-01    1.592e-06      2.497e-03    2.498e-03    3.447e+00    1.526e-05          True
     15720      3   3432   5.835315e-01   5.835315e-01   5.835327e-01   5.859607e-01    1.191e-06      2.429e-03    2.428e-03    3.038e+00    1.526e-05          True
     15722      3   3434   5.776921e-03   5.776921e-03   5.787068e-03   5.924255e-03    1.015e-05      1.473e-04    1.372e-04    5.342e+00    3.052e-05          True
     15723      3   3435   7.813973e-01   7.813973e-01   7.813952e-01   7.823715e-01    2.149e-06      9.742e-04    9.763e-04    3.118e+00    1.526e-05          True
     15731      3   3443   1.243180e+00   1.243180e+00   1.243179e+00   1.241821e+00    1.128e-06      1.360e-03    1.359e-03    2.612e+00    1.526e-05          True
     15739      3   3451   9.794821e-01   9.794821e-01   9.794846e-01   9.784063e-01    2.470e-06      1.076e-03    1.078e-03    5.086e+00    3.052e-05          True
     15742      3   3454  -1.853729e+00  -1.853729e+00  -1.853729e+00  -1.856556e+00    3.891e-08      2.827e-03    2.827e-03    4.196e+00    3.052e-05          True
     15747      3   3459   7.333012e-01   7.333012e-01   7.333004e-01   7.345455e-01    7.064e-07      1.244e-03    1.245e-03    4.181e+00    3.052e-05          True
     15756      3   3468  -1.838424e-01  -1.838424e-01  -1.838395e-01  -1.831426e-01    2.952e-06      6.998e-04    6.968e-04    5.350e+00    3.052e-05          True
     15760      3   3472   8.268335e-01   8.268335e-01   8.268372e-01   8.299712e-01    3.750e-06      3.138e-03    3.134e-03    5.032e+00    3.052e-05          True
     15763      3   3475  -1.075758e+00  -1.075758e+00  -1.075758e+00  -1.078846e+00    4.496e-08      3.088e-03    3.088e-03    2.925e+00    1.526e-05          True
     15769      3   3481  -1.355769e+00  -1.355769e+00  -1.355772e+00  -1.354137e+00    3.029e-06      1.632e-03    1.635e-03    6.177e+00    3.052e-05          True
     15786      3   3498  -1.545244e-01  -1.545244e-01  -1.545217e-01  -1.576061e-01    2.664e-06      3.082e-03    3.084e-03    5.104e+00    3.052e-05          True
     15795      3   3507   1.937237e+00   1.937237e+00   1.937232e+00   1.939383e+00    5.114e-06      2.146e-03    2.151e-03    6.644e+00    3.052e-05          True
     15804      3   3516  -8.768259e-01  -8.768259e-01  -8.768296e-01  -8.744773e-01    3.692e-06      2.349e-03    2.352e-03    4.927e+00    3.052e-05          True
     15813      3   3525   1.062408e+00   1.062408e+00   1.062399e+00   1.065464e+00    9.276e-06      3.056e-03    3.066e-03    6.104e+00    3.052e-05          True
     15815      3   3527  -1.550826e-01  -1.550826e-01  -1.550829e-01  -1.533690e-01    3.095e-07      1.714e-03    1.714e-03    4.213e+00    3.052e-05          True
     15823      3   3535  -5.462990e-01  -5.462990e-01  -5.463003e-01  -5.456688e-01    1.277e-06      6.302e-04    6.315e-04    2.980e+00    1.526e-05          True
     15828      3   3540  -1.545738e+00  -1.545738e+00  -1.545737e+00  -1.543886e+00    1.555e-06      1.852e-03    1.851e-03    5.296e+00    3.052e-05          True
     15838      3   3550   7.627070e-01   7.627070e-01   7.627077e-01   7.641490e-01    6.482e-07      1.442e-03    1.441e-03    2.761e+00    1.526e-05          True
     15848      3   3560  -7.024752e-01  -7.024752e-01  -7.024789e-01  -6.997558e-01    3.712e-06      2.719e-03    2.723e-03    3.332e+00    1.526e-05          True
     15849      3   3561   4.258393e-01   4.258393e-01   4.258413e-01   4.238720e-01    2.047e-06      1.967e-03    1.969e-03    5.456e+00    3.052e-05          True
     15855      3   3567  -1.771905e+00  -1.771905e+00  -1.771906e+00  -1.773680e+00    1.221e-06      1.775e-03    1.774e-03    4.116e+00    3.052e-05          True
     15859      3   3571  -2.115024e-01  -2.115024e-01  -2.115024e-01  -2.101397e-01    4.247e-08      1.363e-03    1.363e-03    4.044e+00    3.052e-05          True
     15865      3   3577   3.073498e-01   3.073498e-01   3.073618e-01   3.049697e-01    1.200e-05      2.380e-03    2.392e-03    6.845e+00    3.052e-05          True
     15866      3   3578  -2.316808e+00  -2.316808e+00  -2.316816e+00  -2.320976e+00    7.784e-06      4.168e-03    4.160e-03    5.256e+00    3.052e-05          True
     15869      3   3581   6.196509e-01   6.196509e-01   6.196533e-01   6.183074e-01    2.355e-06      1.344e-03    1.346e-03    3.403e+00    1.526e-05          True
     15877      3   3589  -3.952190e-01  -3.952190e-01  -3.952199e-01  -3.971628e-01    9.094e-07      1.944e-03    1.943e-03    3.536e+00    1.526e-05          True
     15880      3   3592  -3.918342e+00  -3.918342e+00  -3.918343e+00  -3.914399e+00    7.841e-07      3.943e-03    3.943e-03    5.518e+00    3.052e-05          True
     15896      3   3608  -1.001079e+00  -1.001079e+00  -1.001076e+00  -9.997245e-01    3.292e-06      1.355e-03    1.351e-03    3.528e+00    1.526e-05          True
     15919      3   3631   3.550563e-01   3.550563e-01   3.550568e-01   3.586572e-01    5.716e-07      3.601e-03    3.600e-03    4.113e+00    3.052e-05          True
     15920      3   3632  -8.605714e-01  -8.605714e-01  -8.605710e-01  -8.589817e-01    4.747e-07      1.590e-03    1.589e-03    3.739e+00    1.526e-05          True
     15927      3   3639   1.044501e+00   1.044501e+00   1.044498e+00   1.042373e+00    3.267e-06      2.129e-03    2.126e-03    4.867e+00    3.052e-05          True
     15931      3   3643  -1.184816e+00  -1.184816e+00  -1.184814e+00  -1.186300e+00    1.909e-06      1.485e-03    1.486e-03    4.846e+00    3.052e-05          True
     15933      3   3645  -6.289250e-01  -6.289250e-01  -6.289257e-01  -6.263824e-01    7.147e-07      2.543e-03    2.543e-03    4.168e+00    3.052e-05          True
     15935      3   3647  -7.625835e-02  -7.625835e-02  -7.625823e-02  -7.491510e-02    1.276e-07      1.343e-03    1.343e-03    5.478e+00    3.052e-05          True
     15948      3   3660   9.470290e-01   9.470290e-01   9.470280e-01   9.436364e-01    9.499e-07      3.393e-03    3.392e-03    6.463e+00    3.052e-05          True
     15952      3   3664  -7.099542e-01  -7.099542e-01  -7.099531e-01  -7.066692e-01    1.082e-06      3.285e-03    3.284e-03    6.786e+00    3.052e-05          True
     15955      3   3667  -8.788857e-01  -8.788857e-01  -8.788880e-01  -8.807597e-01    2.323e-06      1.874e-03    1.872e-03    2.993e+00    1.526e-05          True
     15956      3   3668   8.793325e-01   8.793325e-01   8.793366e-01   8.820429e-01    4.133e-06      2.710e-03    2.706e-03    6.544e+00    3.052e-05          True
     15961      3   3673   1.359902e+00   1.359902e+00   1.359899e+00   1.361669e+00    3.113e-06      1.767e-03    1.770e-03    7.923e+00    3.052e-05          True
     15965      3   3677  -4.451046e-01  -4.451046e-01  -4.451079e-01  -4.463351e-01    3.296e-06      1.230e-03    1.227e-03    3.385e+00    1.526e-05          True
     15966      3   3678  -9.557519e-01  -9.557519e-01  -9.557431e-01  -9.571933e-01    8.810e-06      1.441e-03    1.450e-03    6.170e+00    3.052e-05          True
     15974      3   3686   1.264638e-01   1.264638e-01   1.264649e-01   1.283929e-01    1.120e-06      1.929e-03    1.928e-03    7.361e+00    3.052e-05          True
     15985      3   3697   1.533733e+00   1.533733e+00   1.533731e+00   1.536500e+00    2.075e-06      2.767e-03    2.769e-03    3.723e+00    1.526e-05          True
     15987      3   3699   7.245671e-02   7.245671e-02   7.246052e-02   7.196008e-02    3.810e-06      4.966e-04    5.004e-04    6.311e+00    3.052e-05          True
     15989      3   3701  -9.958781e-01  -9.958781e-01  -9.958811e-01  -9.968796e-01    2.943e-06      1.001e-03    9.985e-04    7.097e+00    3.052e-05          True
     15991      3   3703  -6.042489e-01  -6.042489e-01  -6.042485e-01  -6.024695e-01    3.407e-07      1.779e-03    1.779e-03    3.571e+00    1.526e-05          True
     16001      3   3713   1.541691e+00   1.541691e+00   1.541693e+00   1.543667e+00    2.435e-06      1.976e-03    1.974e-03    5.658e+00    3.052e-05          True
     16004      3   3716   5.153881e-01   5.153881e-01   5.153911e-01   5.169883e-01    2.957e-06      1.600e-03    1.597e-03    5.371e+00    3.052e-05          True
     16011      3   3723   1.835890e+00   1.835890e+00   1.835891e+00   1.833604e+00    1.769e-06      2.285e-03    2.287e-03    4.014e+00    3.052e-05          True
     16022      3   3734   4.426898e-02   4.426898e-02   4.426825e-02   4.369985e-02    7.319e-07      5.691e-04    5.684e-04    3.547e+00    1.526e-05          True
     16027      3   3739  -1.030986e+00  -1.030986e+00  -1.030972e+00  -1.029672e+00    1.460e-05      1.314e-03    1.300e-03    7.058e+00    3.052e-05          True
     16032      3   3744  -1.149022e+00  -1.149022e+00  -1.149023e+00  -1.151457e+00    1.116e-06      2.435e-03    2.434e-03    4.426e+00    3.052e-05          True
     16033      3   3745   2.081789e+00   2.081789e+00   2.081792e+00   2.079050e+00    3.217e-06      2.740e-03    2.743e-03    4.097e+00    3.052e-05          True
     16048      3   3760   1.284225e-01   1.284225e-01   1.284192e-01   1.295424e-01    3.266e-06      1.120e-03    1.123e-03    3.678e+00    1.526e-05          True
     16057      3   3769   1.480510e-01   1.480510e-01   1.480557e-01   1.516663e-01    4.713e-06      3.615e-03    3.611e-03    4.898e+00    3.052e-05          True
     16068      3   3780   1.232200e+00   1.232200e+00   1.232202e+00   1.237036e+00    2.644e-06      4.836e-03    4.834e-03    4.961e+00    3.052e-05          True
     16073      3   3785   1.348603e+00   1.348603e+00   1.348603e+00   1.345685e+00    1.917e-07      2.918e-03    2.918e-03    4.636e+00    3.052e-05          True
     16078      3   3790  -7.584464e-01  -7.584464e-01  -7.584510e-01  -7.557785e-01    4.600e-06      2.668e-03    2.673e-03    6.514e+00    3.052e-05          True
     16082      3   3794  -8.315111e-02  -8.315111e-02  -8.315111e-02  -8.214469e-02    2.663e-09      1.006e-03    1.006e-03    3.792e+00    1.526e-05          True
     16083      3   3795  -5.576221e-01  -5.576221e-01  -5.576274e-01  -5.569651e-01    5.284e-06      6.570e-04    6.623e-04    4.931e+00    3.052e-05          True
     16084      3   3796   1.597609e+00   1.597609e+00   1.597605e+00   1.595642e+00    4.146e-06      1.967e-03    1.963e-03    7.298e+00    3.052e-05          True
     16085      3   3797   1.159271e+00   1.159271e+00   1.159269e+00   1.160753e+00    1.868e-06      1.482e-03    1.484e-03    2.835e+00    1.526e-05          True
     16119      3   3831  -3.333771e-01  -3.333771e-01  -3.333683e-01  -3.348097e-01    8.786e-06      1.433e-03    1.441e-03    4.912e+00    3.052e-05          True
     16121      3   3833   7.412071e-01   7.412071e-01   7.412080e-01   7.400449e-01    8.957e-07      1.162e-03    1.163e-03    4.635e+00    3.052e-05          True
     16128      3   3840   1.502466e+00   1.502466e+00   1.502471e+00   1.504522e+00    4.697e-06      2.055e-03    2.051e-03    5.166e+00    3.052e-05          True
     16145      3   3857   2.302584e-02   2.302584e-02   2.302426e-02   2.517846e-02    1.572e-06      2.153e-03    2.154e-03    3.053e+00    1.526e-05          True
     16150      3   3862  -3.393713e-01  -3.393713e-01  -3.393690e-01  -3.413296e-01    2.252e-06      1.958e-03    1.961e-03    3.994e+00    1.526e-05          True
     16163      3   3875  -3.742795e-01  -3.742795e-01  -3.742732e-01  -3.735760e-01    6.334e-06      7.036e-04    6.972e-04    5.742e+00    3.052e-05          True
     16170      3   3882   2.378377e+00   2.378377e+00   2.378381e+00   2.375026e+00    3.528e-06      3.351e-03    3.355e-03    7.763e+00    3.052e-05          True
     16172      3   3884  -5.591569e-01  -5.591569e-01  -5.591557e-01  -5.599154e-01    1.195e-06      7.585e-04    7.597e-04    3.110e+00    1.526e-05          True
     16175      3   3887   1.561884e+00   1.561884e+00   1.561889e+00   1.560012e+00    5.342e-06      1.872e-03    1.877e-03    5.733e+00    3.052e-05          True
     16182      3   3894   1.250994e+00   1.250994e+00   1.250998e+00   1.249225e+00    3.948e-06      1.769e-03    1.773e-03    7.155e+00    3.052e-05          True
     16186      3   3898   1.749610e+00   1.749610e+00   1.749608e+00   1.747709e+00    2.207e-06      1.901e-03    1.899e-03    6.162e+00    3.052e-05          True
     16188      3   3900  -8.849406e-02  -8.849406e-02  -8.849213e-02  -8.738057e-02    1.932e-06      1.113e-03    1.112e-03    3.165e+00    1.526e-05          True
     16192      3   3904  -4.533589e-01  -4.533589e-01  -4.533625e-01  -4.528151e-01    3.536e-06      5.438e-04    5.474e-04    6.514e+00    3.052e-05          True
     16195      3   3907  -1.690533e+00  -1.690533e+00  -1.690530e+00  -1.692378e+00    3.325e-06      1.845e-03    1.849e-03    4.323e+00    3.052e-05          True
     16218      3   3930  -4.665620e-02  -4.665620e-02  -4.665223e-02  -4.874311e-02    3.974e-06      2.087e-03    2.091e-03    3.942e+00    1.526e-05          True
     16219      3   3931  -6.132685e-02  -6.132685e-02  -6.132467e-02  -6.219503e-02    2.182e-06      8.682e-04    8.704e-04    4.230e+00    3.052e-05          True
     16229      3   3941  -1.399651e+00  -1.399651e+00  -1.399655e+00  -1.402103e+00    3.836e-06      2.452e-03    2.448e-03    4.654e+00    3.052e-05          True
     16232      3   3944   1.398706e+00   1.398706e+00   1.398704e+00   1.396595e+00    1.681e-06      2.110e-03    2.109e-03    4.376e+00    3.052e-05          True
     16240      3   3952  -2.215546e+00  -2.215546e+00  -2.215549e+00  -2.212835e+00    3.107e-06      2.711e-03    2.714e-03    5.391e+00    3.052e-05          True
     16253      3   3965  -8.812151e-01  -8.812151e-01  -8.812153e-01  -8.795552e-01    2.230e-07      1.660e-03    1.660e-03    3.743e+00    1.526e-05          True
     16256      3   3968  -2.195008e-01  -2.195008e-01  -2.194997e-01  -2.173701e-01    1.080e-06      2.131e-03    2.130e-03    3.419e+00    1.526e-05          True
     16265      3   3977   9.342246e-01   9.342246e-01   9.342180e-01   9.332299e-01    6.506e-06      9.946e-04    9.881e-04    5.743e+00    3.052e-05          True
     16271      3   3983  -1.341045e+00  -1.341045e+00  -1.341040e+00  -1.342849e+00    4.778e-06      1.804e-03    1.809e-03    4.380e+00    3.052e-05          True
     16283      3   3995   2.334466e+00   2.334466e+00   2.334467e+00   2.332109e+00    1.116e-06      2.356e-03    2.357e-03    3.436e+00    1.526e-05          True
     16284      3   3996   4.141217e-02   4.141217e-02   4.139877e-02   4.300230e-02    1.340e-05      1.590e-03    1.604e-03    9.371e+00    6.104e-05          True
     16288      3   4000  -5.818594e-01  -5.818594e-01  -5.818611e-01  -5.804135e-01    1.698e-06      1.446e-03    1.448e-03    3.752e+00    1.526e-05          True
     16291      3   4003   2.251504e+00   2.251504e+00   2.251505e+00   2.254521e+00    1.519e-06      3.018e-03    3.016e-03    3.796e+00    1.526e-05          True
     16304      3   4016   3.295843e+00   3.295843e+00   3.295841e+00   3.292115e+00    1.081e-06      3.727e-03    3.726e-03    4.254e+00    3.052e-05          True
     16305      3   4017  -2.177511e+00  -2.177511e+00  -2.177511e+00  -2.174443e+00    5.095e-07      3.068e-03    3.068e-03    2.521e+00    1.526e-05          True
     16314      3   4026  -4.185963e-01  -4.185963e-01  -4.185947e-01  -4.171219e-01    1.682e-06      1.474e-03    1.473e-03    5.824e+00    3.052e-05          True
     16318      3   4030   3.109612e-01   3.109612e-01   3.109613e-01   3.097573e-01    1.738e-07      1.204e-03    1.204e-03    3.860e+00    1.526e-05          True
     16320      3   4032  -1.352138e+00  -1.352138e+00  -1.352139e+00  -1.350517e+00    1.502e-06      1.621e-03    1.622e-03    4.729e+00    3.052e-05          True
     16321      3   4033  -6.462945e-01  -6.462945e-01  -6.462954e-01  -6.454443e-01    8.964e-07      8.502e-04    8.511e-04    3.633e+00    1.526e-05          True
     16340      3   4052   3.534213e-01   3.534213e-01   3.534197e-01   3.537842e-01    1.585e-06      3.629e-04    3.645e-04    3.721e+00    1.526e-05          True
     16342      3   4054   1.893651e-02   1.893651e-02   1.893381e-02   1.993335e-02    2.706e-06      9.968e-04    9.995e-04    5.879e+00    3.052e-05          True
     16346      3   4058  -1.225142e+00  -1.225142e+00  -1.225143e+00  -1.222766e+00    1.454e-06      2.376e-03    2.377e-03    3.234e+00    1.526e-05          True
     16350      3   4062   2.405919e-02   2.405919e-02   2.406136e-02   2.608848e-02    2.176e-06      2.029e-03    2.027e-03    3.481e+00    1.526e-05          True
     16351      3   4063  -4.142867e-01  -4.142867e-01  -4.142858e-01  -4.161434e-01    8.609e-07      1.857e-03    1.858e-03    7.584e+00    3.052e-05          True
     16358      3   4070  -5.754789e-04  -5.754789e-04  -5.783802e-04   5.736835e-04    2.901e-06      1.149e-03    1.152e-03    2.509e+00    1.526e-05          True
     16361      3   4073  -1.042348e+00  -1.042348e+00  -1.042350e+00  -1.039363e+00    2.221e-06      2.985e-03    2.987e-03    3.066e+00    1.526e-05          True
     16362      3   4074   2.175937e+00   2.175937e+00   2.175942e+00   2.178247e+00    4.504e-06      2.309e-03    2.305e-03    3.294e+00    1.526e-05          True
     16366      3   4078  -5.635147e-01  -5.635147e-01  -5.635175e-01  -5.643064e-01    2.729e-06      7.917e-04    7.890e-04    4.101e+00    3.052e-05          True
     16372      3   4084  -1.043099e-02  -1.043099e-02  -1.043842e-02  -1.025074e-02    7.432e-06      1.802e-04    1.877e-04    5.306e+00    3.052e-05          True
     16377      3   4089  -1.428170e+00  -1.428170e+00  -1.428173e+00  -1.430710e+00    3.316e-06      2.540e-03    2.537e-03    5.426e+00    3.052e-05          True
     16381      3   4093   1.645775e+00   1.645775e+00   1.645780e+00   1.642968e+00    4.634e-06      2.807e-03    2.812e-03    3.312e+00    1.526e-05          True
     16384      4      0   1.393576e-01   1.393576e-01   1.393547e-01   1.379539e-01    2.871e-06      1.404e-03    1.401e-03    5.378e+00    3.052e-05          True
     16389      4      5  -1.522260e-01  -1.522260e-01  -1.522244e-01  -1.503870e-01    1.638e-06      1.839e-03    1.837e-03    3.750e+00    1.526e-05          True
     16400      4     16  -1.138685e-02  -1.138685e-02  -1.138464e-02  -1.180622e-02    2.211e-06      4.194e-04    4.216e-04    3.553e+00    1.526e-05          True
     16405      4     21  -2.068560e+00  -2.068560e+00  -2.068557e+00  -2.071871e+00    2.850e-06      3.310e-03    3.313e-03    4.717e+00    3.052e-05          True
     16407      4     23  -1.900779e+00  -1.900779e+00  -1.900780e+00  -1.903340e+00    1.568e-06      2.561e-03    2.559e-03    5.050e+00    3.052e-05          True
     16416      4     32  -2.294162e+00  -2.294162e+00  -2.294160e+00  -2.297945e+00    2.282e-06      3.783e-03    3.785e-03    3.669e+00    1.526e-05          True
     16420      4     36  -2.517863e-01  -2.517863e-01  -2.517843e-01  -2.540960e-01    1.958e-06      2.310e-03    2.312e-03    4.423e+00    3.052e-05          True
     16423      4     39   9.327879e-01   9.327879e-01   9.327884e-01   9.351856e-01    4.916e-07      2.398e-03    2.397e-03    4.458e+00    3.052e-05          True
     16429      4     45   1.169600e+00   1.169600e+00   1.169596e+00   1.167687e+00    3.442e-06      1.912e-03    1.909e-03    8.254e+00    6.104e-05          True
     16433      4     49  -1.841843e-02  -1.841843e-02  -1.841419e-02  -1.556019e-02    4.240e-06      2.858e-03    2.854e-03    3.386e+00    1.526e-05          True
     16450      4     66  -2.786709e+00  -2.786709e+00  -2.786711e+00  -2.790698e+00    2.143e-06      3.989e-03    3.987e-03    4.715e+00    3.052e-05          True
     16461      4     77   1.720585e-01   1.720585e-01   1.720491e-01   1.732450e-01    9.364e-06      1.187e-03    1.196e-03    8.765e+00    6.104e-05          True
     16463      4     79  -5.240706e+00  -5.240706e+00  -5.240716e+00  -5.235278e+00    9.996e-06      5.428e-03    5.438e-03    1.031e+01    6.104e-05          True
     16472      4     88   1.709897e-01   1.709897e-01   1.709888e-01   1.690815e-01    9.254e-07      1.908e-03    1.907e-03    3.331e+00    1.526e-05          True
     16479      4     95  -5.148465e-02  -5.148465e-02  -5.148561e-02  -4.882863e-02    9.556e-07      2.656e-03    2.657e-03    4.488e+00    3.052e-05          True
     16483      4     99  -4.136084e-01  -4.136084e-01  -4.136150e-01  -4.159239e-01    6.624e-06      2.316e-03    2.309e-03    7.993e+00    3.052e-05          True
     16485      4    101  -4.381861e-02  -4.381861e-02  -4.382610e-02  -4.244056e-02    7.486e-06      1.378e-03    1.386e-03    5.063e+00    3.052e-05          True
     16486      4    102   2.390740e-01   2.390740e-01   2.390736e-01   2.403995e-01    4.111e-07      1.325e-03    1.326e-03    6.387e+00    3.052e-05          True
     16488      4    104  -6.412036e-01  -6.412036e-01  -6.412058e-01  -6.400928e-01    2.140e-06      1.111e-03    1.113e-03    3.889e+00    1.526e-05          True
     16491      4    107   2.428728e+00   2.428728e+00   2.428728e+00   2.431560e+00    1.429e-07      2.832e-03    2.832e-03    2.734e+00    1.526e-05          True
     16494      4    110  -6.242306e-01  -6.242306e-01  -6.242289e-01  -6.256651e-01    1.718e-06      1.434e-03    1.436e-03    2.640e+00    1.526e-05          True
     16495      4    111  -9.865029e-01  -9.865029e-01  -9.865022e-01  -9.884873e-01    7.366e-07      1.984e-03    1.985e-03    3.286e+00    1.526e-05          True
     16497      4    113   7.712840e-01   7.712840e-01   7.712857e-01   7.700617e-01    1.656e-06      1.222e-03    1.224e-03    4.563e+00    3.052e-05          True
     16508      4    124  -8.439931e-01  -8.439931e-01  -8.439943e-01  -8.464276e-01    1.267e-06      2.435e-03    2.433e-03    3.428e+00    1.526e-05          True
     16510      4    126  -1.081419e+00  -1.081419e+00  -1.081417e+00  -1.079777e+00    2.474e-06      1.642e-03    1.640e-03    4.435e+00    3.052e-05          True
     16518      4    134  -2.118918e-02  -2.118918e-02  -2.118733e-02  -2.140825e-02    1.853e-06      2.191e-04    2.209e-04    4.045e+00    3.052e-05          True
     16520      4    136   6.288090e-02   6.288090e-02   6.288075e-02   6.311107e-02    1.513e-07      2.302e-04    2.303e-04    4.270e+00    3.052e-05          True
     16529      4    145  -1.896366e-02  -1.896366e-02  -1.896551e-02  -1.808311e-02    1.858e-06      8.805e-04    8.824e-04    4.442e+00    3.052e-05          True
     16537      4    153   6.401376e-01   6.401376e-01   6.401453e-01   6.411657e-01    7.665e-06      1.028e-03    1.020e-03    6.962e+00    3.052e-05          True
     16546      4    162  -4.775036e-01  -4.775036e-01  -4.774968e-01  -4.794469e-01    6.814e-06      1.943e-03    1.950e-03    4.774e+00    3.052e-05          True
     16555      4    171   1.257221e-01   1.257221e-01   1.257213e-01   1.272502e-01    8.311e-07      1.528e-03    1.529e-03    5.328e+00    3.052e-05          True
     16557      4    173  -1.532329e+00  -1.532329e+00  -1.532328e+00  -1.535414e+00    1.075e-06      3.085e-03    3.086e-03    4.384e+00    3.052e-05          True
     16562      4    178  -3.547123e-01  -3.547123e-01  -3.547168e-01  -3.535186e-01    4.439e-06      1.194e-03    1.198e-03    5.336e+00    3.052e-05          True
     16566      4    182   1.863999e-01   1.863999e-01   1.863965e-01   1.880611e-01    3.357e-06      1.661e-03    1.665e-03    6.287e+00    3.052e-05          True
     16570      4    186  -5.427343e-01  -5.427343e-01  -5.427316e-01  -5.409961e-01    2.680e-06      1.738e-03    1.736e-03    3.105e+00    1.526e-05          True
     16571      4    187   1.746369e-01   1.746369e-01   1.746398e-01   1.758635e-01    2.860e-06      1.227e-03    1.224e-03    2.966e+00    1.526e-05          True
     16572      4    188  -7.187358e-01  -7.187358e-01  -7.187344e-01  -7.179507e-01    1.365e-06      7.851e-04    7.837e-04    5.742e+00    3.052e-05          True
     16574      4    190   9.464913e-01   9.464913e-01   9.464993e-01   9.430616e-01    8.094e-06      3.430e-03    3.438e-03    7.174e+00    3.052e-05          True
     16585      4    201  -2.049789e+00  -2.049789e+00  -2.049790e+00  -2.052373e+00    7.327e-07      2.584e-03    2.583e-03    2.717e+00    1.526e-05          True
     16586      4    202  -2.257086e-01  -2.257086e-01  -2.257087e-01  -2.265562e-01    1.375e-07      8.477e-04    8.475e-04    3.595e+00    1.526e-05          True
     16588      4    204   2.185078e+00   2.185078e+00   2.185086e+00   2.182862e+00    7.212e-06      2.217e-03    2.224e-03    5.088e+00    3.052e-05          True
     16601      4    217   2.963241e+00   2.963241e+00   2.963237e+00   2.967014e+00    4.016e-06      3.773e-03    3.777e-03    6.618e+00    3.052e-05          True
     16605      4    221   5.686052e-01   5.686052e-01   5.686035e-01   5.671932e-01    1.708e-06      1.412e-03    1.410e-03    3.072e+00    1.526e-05          True
     16614      4    230   3.060111e-01   3.060111e-01   3.060105e-01   3.049446e-01    6.284e-07      1.067e-03    1.066e-03    5.689e+00    3.052e-05          True
     16628      4    244  -2.027759e+00  -2.027759e+00  -2.027756e+00  -2.025499e+00    3.059e-06      2.260e-03    2.257e-03    6.167e+00    3.052e-05          True
     16630      4    246   2.892883e-01   2.892883e-01   2.892892e-01   2.896414e-01    9.146e-07      3.531e-04    3.521e-04    3.979e+00    1.526e-05          True
     16634      4    250  -7.057039e-01  -7.057039e-01  -7.057040e-01  -7.064833e-01    1.498e-07      7.794e-04    7.793e-04    5.011e+00    3.052e-05          True
     16671      4    287  -1.373886e+00  -1.373886e+00  -1.373887e+00  -1.375356e+00    1.402e-06      1.470e-03    1.468e-03    5.669e+00    3.052e-05          True
     16679      4    295  -5.784630e-01  -5.784630e-01  -5.784631e-01  -5.777462e-01    1.030e-07      7.168e-04    7.169e-04    5.907e+00    3.052e-05          True
     16682      4    298   3.795708e-01   3.795708e-01   3.795687e-01   3.791462e-01    2.118e-06      4.247e-04    4.225e-04    5.371e+00    3.052e-05          True
     16685      4    301   1.115412e+00   1.115412e+00   1.115411e+00   1.112705e+00    7.276e-07      2.707e-03    2.706e-03    5.557e+00    3.052e-05          True
     16689      4    305   2.338390e+00   2.338390e+00   2.338390e+00   2.335459e+00    4.189e-08      2.931e-03    2.931e-03    5.179e+00    3.052e-05          True
     16699      4    315   4.378633e-01   4.378633e-01   4.378633e-01   4.387444e-01    3.009e-08      8.811e-04    8.811e-04    4.948e+00    3.052e-05          True
     16701      4    317   8.504333e-01   8.504333e-01   8.504320e-01   8.494359e-01    1.302e-06      9.974e-04    9.961e-04    5.302e+00    3.052e-05          True
     16712      4    328   2.271970e-01   2.271970e-01   2.271998e-01   2.282982e-01    2.820e-06      1.101e-03    1.098e-03    3.922e+00    1.526e-05          True
     16714      4    330  -1.503184e+00  -1.503184e+00  -1.503178e+00  -1.500907e+00    5.759e-06      2.277e-03    2.271e-03    3.842e+00    1.526e-05          True
     16720      4    336   2.442532e-01   2.442532e-01   2.442514e-01   2.458573e-01    1.726e-06      1.604e-03    1.606e-03    5.969e+00    3.052e-05          True
     16723      4    339   3.902192e-01   3.902192e-01   3.902199e-01   3.884011e-01    6.306e-07      1.818e-03    1.819e-03    3.744e+00    1.526e-05          True
     16751      4    367  -1.600673e+00  -1.600673e+00  -1.600671e+00  -1.598462e+00    2.316e-06      2.212e-03    2.209e-03    7.478e+00    3.052e-05          True
     16758      4    374   2.659052e-02   2.659052e-02   2.658930e-02   2.753900e-02    1.221e-06      9.485e-04    9.497e-04    4.245e+00    3.052e-05          True
     16760      4    376   1.020103e+00   1.020103e+00   1.020105e+00   1.022352e+00    2.236e-06      2.248e-03    2.246e-03    3.601e+00    1.526e-05          True
     16767      4    383  -4.660608e-01  -4.660608e-01  -4.660637e-01  -4.655142e-01    2.921e-06      5.465e-04    5.495e-04    7.117e+00    3.052e-05          True
     16783      4    399  -5.888106e-01  -5.888106e-01  -5.888159e-01  -5.925859e-01    5.306e-06      3.775e-03    3.770e-03    4.407e+00    3.052e-05          True
     16787      4    403  -6.026530e-01  -6.026530e-01  -6.026463e-01  -6.014201e-01    6.665e-06      1.233e-03    1.226e-03    5.659e+00    3.052e-05          True
     16799      4    415   1.109057e+00   1.109057e+00   1.109049e+00   1.110372e+00    8.839e-06      1.315e-03    1.324e-03    6.800e+00    3.052e-05          True
     16802      4    418  -4.867898e-01  -4.867898e-01  -4.867941e-01  -4.874220e-01    4.306e-06      6.322e-04    6.278e-04    5.116e+00    3.052e-05          True
     16808      4    424  -7.227792e-01  -7.227792e-01  -7.227764e-01  -7.199487e-01    2.885e-06      2.831e-03    2.828e-03    4.549e+00    3.052e-05          True
     16809      4    425  -4.157035e-01  -4.157035e-01  -4.157022e-01  -4.169459e-01    1.325e-06      1.242e-03    1.244e-03    4.961e+00    3.052e-05          True
     16824      4    440   1.301721e+00   1.301721e+00   1.301724e+00   1.304519e+00    3.651e-06      2.798e-03    2.794e-03    4.557e+00    3.052e-05          True
     16829      4    445  -2.867117e+00  -2.867117e+00  -2.867120e+00  -2.870271e+00    2.807e-06      3.154e-03    3.151e-03    6.106e+00    3.052e-05          True
     16837      4    453  -3.205343e-01  -3.205343e-01  -3.205324e-01  -3.211692e-01    1.967e-06      6.348e-04    6.368e-04    4.739e+00    3.052e-05          True
     16849      4    465   5.094308e-01   5.094308e-01   5.094266e-01   5.078642e-01    4.184e-06      1.567e-03    1.562e-03    3.646e+00    1.526e-05          True
     16853      4    469   1.622751e-01   1.622751e-01   1.622753e-01   1.633090e-01    2.257e-07      1.034e-03    1.034e-03    4.724e+00    3.052e-05          True
     16855      4    471  -7.171093e-01  -7.171093e-01  -7.171072e-01  -7.180427e-01    2.084e-06      9.334e-04    9.355e-04    3.227e+00    1.526e-05          True
     16856      4    472   9.598615e-01   9.598615e-01   9.598579e-01   9.585649e-01    3.585e-06      1.297e-03    1.293e-03    4.432e+00    3.052e-05          True
     16860      4    476   2.670956e-02   2.670956e-02   2.670994e-02   2.788502e-02    3.818e-07      1.175e-03    1.175e-03    2.928e+00    1.526e-05          True
     16861      4    477   1.419958e+00   1.419958e+00   1.419956e+00   1.418277e+00    2.643e-06      1.681e-03    1.679e-03    6.222e+00    3.052e-05          True
     16862      4    478  -7.916815e-01  -7.916815e-01  -7.916794e-01  -7.903369e-01    2.072e-06      1.345e-03    1.342e-03    8.045e+00    6.104e-05          True
     16880      4    496   4.868153e-02   4.868153e-02   4.868425e-02   4.830383e-02    2.718e-06      3.777e-04    3.804e-04    4.027e+00    3.052e-05          True
     16884      4    500  -7.428569e-02  -7.428569e-02  -7.428395e-02  -7.470548e-02    1.739e-06      4.198e-04    4.215e-04    7.052e+00    3.052e-05          True
     16903      4    519   1.040115e-01   1.040115e-01   1.040126e-01   1.028743e-01    1.065e-06      1.137e-03    1.138e-03    4.382e+00    3.052e-05          True
     16911      4    527   1.050684e+00   1.050684e+00   1.050686e+00   1.052024e+00    1.746e-06      1.340e-03    1.338e-03    5.166e+00    3.052e-05          True
     16915      4    531   2.774206e-02   2.774206e-02   2.774170e-02   2.872106e-02    3.653e-07      9.790e-04    9.794e-04    3.753e+00    1.526e-05          True
     16920      4    536   1.273914e-01   1.273914e-01   1.273879e-01   1.286797e-01    3.495e-06      1.288e-03    1.292e-03    3.635e+00    1.526e-05          True
     16923      4    539  -1.248248e+00  -1.248248e+00  -1.248247e+00  -1.250098e+00    1.518e-06      1.850e-03    1.851e-03    3.246e+00    1.526e-05          True
     16931      4    547   7.550770e-01   7.550770e-01   7.550711e-01   7.565258e-01    5.938e-06      1.449e-03    1.455e-03    5.537e+00    3.052e-05          True
     16934      4    550   8.577454e-02   8.577454e-02   8.576861e-02   8.664275e-02    5.926e-06      8.682e-04    8.741e-04    6.989e+00    3.052e-05          True
     16937      4    553   2.221949e+00   2.221949e+00   2.221951e+00   2.224207e+00    2.664e-06      2.259e-03    2.256e-03    5.003e+00    3.052e-05          True
     16939      4    555  -8.213336e-01  -8.213336e-01  -8.213300e-01  -8.198923e-01    3.631e-06      1.441e-03    1.438e-03    4.571e+00    3.052e-05          True
     16945      4    561   1.587373e+00   1.587373e+00   1.587373e+00   1.589116e+00    2.922e-07      1.744e-03    1.744e-03    3.146e+00    1.526e-05          True
     16954      4    570   1.358037e-01   1.358037e-01   1.358061e-01   1.377943e-01    2.435e-06      1.991e-03    1.988e-03    3.998e+00    1.526e-05          True
     16963      4    579  -2.884602e+00  -2.884602e+00  -2.884602e+00  -2.888847e+00    4.210e-07      4.244e-03    4.245e-03    3.144e+00    1.526e-05          True
     16965      4    581  -3.333425e-01  -3.333425e-01  -3.333384e-01  -3.324754e-01    4.091e-06      8.672e-04    8.631e-04    3.445e+00    1.526e-05          True
     16978      4    594   1.156303e+00   1.156303e+00   1.156307e+00   1.157668e+00    4.220e-06      1.365e-03    1.360e-03    3.151e+00    1.526e-05          True
     16980      4    596   4.526164e-01   4.526164e-01   4.525981e-01   4.533769e-01    1.832e-05      7.605e-04    7.788e-04    1.051e+01    6.104e-05          True
     16981      4    597  -1.896129e+00  -1.896129e+00  -1.896132e+00  -1.893991e+00    3.089e-06      2.137e-03    2.140e-03    4.310e+00    3.052e-05          True
     16994      4    610  -8.302866e-01  -8.302866e-01  -8.302862e-01  -8.320976e-01    3.758e-07      1.811e-03    1.811e-03    3.554e+00    1.526e-05          True
     16995      4    611  -1.164745e+00  -1.164745e+00  -1.164741e+00  -1.166509e+00    4.254e-06      1.763e-03    1.768e-03    5.358e+00    3.052e-05          True
     17002      4    618  -8.622858e-01  -8.622858e-01  -8.622793e-01  -8.604543e-01    6.483e-06      1.831e-03    1.825e-03    7.173e+00    3.052e-05          True
     17011      4    627   1.129964e+00   1.129964e+00   1.129960e+00   1.132766e+00    4.164e-06      2.802e-03    2.806e-03    7.054e+00    3.052e-05          True
     17013      4    629  -4.722933e-01  -4.722933e-01  -4.722953e-01  -4.739437e-01    1.907e-06      1.650e-03    1.648e-03    4.345e+00    3.052e-05          True
     17016      4    632   3.490178e-01   3.490178e-01   3.490176e-01   3.472362e-01    2.614e-07      1.782e-03    1.781e-03    3.384e+00    1.526e-05          True
     17018      4    634  -1.101691e-01  -1.101691e-01  -1.101670e-01  -1.093242e-01    2.131e-06      8.450e-04    8.428e-04    5.145e+00    3.052e-05          True
     17030      4    646   1.282597e-01   1.282597e-01   1.282599e-01   1.291019e-01    1.987e-07      8.422e-04    8.420e-04    6.926e+00    3.052e-05          True
     17039      4    655  -2.577930e-01  -2.577930e-01  -2.577940e-01  -2.580645e-01    9.814e-07      2.715e-04    2.705e-04    7.214e+00    3.052e-05          True
     17049      4    665   1.551792e-01   1.551792e-01   1.551735e-01   1.538408e-01    5.672e-06      1.338e-03    1.333e-03    4.912e+00    3.052e-05          True
     17051      4    667   5.663321e-01   5.663321e-01   5.663325e-01   5.657550e-01    3.949e-07      5.772e-04    5.776e-04    3.543e+00    1.526e-05          True
     17055      4    671  -1.361503e+00  -1.361503e+00  -1.361510e+00  -1.363306e+00    7.212e-06      1.803e-03    1.795e-03    7.009e+00    3.052e-05          True
     17059      4    675  -3.578806e-01  -3.578806e-01  -3.578725e-01  -3.561701e-01    8.098e-06      1.710e-03    1.702e-03    4.970e+00    3.052e-05          True
     17060      4    676   9.505317e-01   9.505317e-01   9.505257e-01   9.492797e-01    5.983e-06      1.252e-03    1.246e-03    6.325e+00    3.052e-05          True
     17068      4    684  -1.250793e+00  -1.250793e+00  -1.250798e+00  -1.248341e+00    4.844e-06      2.452e-03    2.457e-03    4.955e+00    3.052e-05          True
     17074      4    690   3.167076e-02   3.167076e-02   3.166305e-02   3.131586e-02    7.717e-06      3.549e-04    3.472e-04    5.318e+00    3.052e-05          True
     17075      4    691   2.515614e-01   2.515614e-01   2.515594e-01   2.519575e-01    1.984e-06      3.961e-04    3.980e-04    5.211e+00    3.052e-05          True
     17078      4    694   1.275159e+00   1.275159e+00   1.275151e+00   1.277552e+00    7.356e-06      2.393e-03    2.401e-03    7.280e+00    3.052e-05          True
     17091      4    707   5.396904e-01   5.396904e-01   5.396862e-01   5.405889e-01    4.243e-06      8.984e-04    9.027e-04    8.597e+00    6.104e-05          True
     17095      4    711  -2.426154e+00  -2.426154e+00  -2.426154e+00  -2.423385e+00    8.211e-08      2.769e-03    2.769e-03    3.422e+00    1.526e-05          True
     17097      4    713   5.275655e-01   5.275655e-01   5.275617e-01   5.305070e-01    3.822e-06      2.941e-03    2.945e-03    8.307e+00    6.104e-05          True
     17099      4    715  -3.194981e+00  -3.194981e+00  -3.194976e+00  -3.191691e+00    4.789e-06      3.289e-03    3.284e-03    3.919e+00    1.526e-05          True
     17102      4    718   1.029708e+00   1.029708e+00   1.029710e+00   1.031848e+00    2.257e-06      2.140e-03    2.137e-03    5.642e+00    3.052e-05          True
     17105      4    721  -8.564111e-01  -8.564111e-01  -8.564081e-01  -8.550397e-01    3.021e-06      1.371e-03    1.368e-03    6.076e+00    3.052e-05          True
     17108      4    724   7.782605e-01   7.782605e-01   7.782595e-01   7.790566e-01    1.030e-06      7.961e-04    7.971e-04    3.957e+00    1.526e-05          True
     17111      4    727   8.382756e-01   8.382756e-01   8.382767e-01   8.406166e-01    1.160e-06      2.341e-03    2.340e-03    3.040e+00    1.526e-05          True
     17113      4    729   2.096760e+00   2.096760e+00   2.096762e+00   2.094412e+00    2.355e-06      2.348e-03    2.350e-03    4.707e+00    3.052e-05          True
     17116      4    732  -7.726381e-01  -7.726381e-01  -7.726385e-01  -7.713416e-01    4.209e-07      1.296e-03    1.297e-03    4.759e+00    3.052e-05          True
     17121      4    737  -9.038194e-01  -9.038194e-01  -9.038200e-01  -9.022148e-01    6.093e-07      1.605e-03    1.605e-03    2.954e+00    1.526e-05          True
     17123      4    739  -2.787586e+00  -2.787586e+00  -2.787589e+00  -2.790862e+00    3.065e-06      3.276e-03    3.273e-03    6.201e+00    3.052e-05          True
     17124      4    740  -7.537665e-01  -7.537665e-01  -7.537669e-01  -7.519451e-01    3.539e-07      1.821e-03    1.822e-03    2.656e+00    1.526e-05          True
     17125      4    741  -2.526937e-01  -2.526937e-01  -2.526974e-01  -2.491600e-01    3.687e-06      3.534e-03    3.537e-03    3.420e+00    1.526e-05          True
     17137      4    753  -1.819553e+00  -1.819553e+00  -1.819563e+00  -1.822921e+00    1.001e-05      3.368e-03    3.358e-03    7.170e+00    3.052e-05          True
     17138      4    754   5.532211e-01   5.532211e-01   5.532173e-01   5.516750e-01    3.821e-06      1.546e-03    1.542e-03    4.218e+00    3.052e-05          True
     17140      4    756   1.695573e-01   1.695573e-01   1.695567e-01   1.693192e-01    6.000e-07      2.381e-04    2.375e-04    4.161e+00    3.052e-05          True
     17144      4    760   1.355286e+00   1.355286e+00   1.355283e+00   1.353517e+00    3.286e-06      1.768e-03    1.765e-03    3.512e+00    1.526e-05          True
     17160      4    776   8.044637e-01   8.044637e-01   8.044665e-01   8.053735e-01    2.761e-06      9.098e-04    9.070e-04    3.836e+00    1.526e-05          True
     17164      4    780   3.794716e-01   3.794716e-01   3.794740e-01   3.803947e-01    2.307e-06      9.230e-04    9.207e-04    4.963e+00    3.052e-05          True
     17167      4    783  -1.231263e+00  -1.231263e+00  -1.231256e+00  -1.232490e+00    6.683e-06      1.227e-03    1.234e-03    8.153e+00    6.104e-05          True
     17170      4    786   7.085008e-01   7.085008e-01   7.085004e-01   7.098359e-01    3.873e-07      1.335e-03    1.336e-03    4.222e+00    3.052e-05          True
     17177      4    793  -1.424172e+00  -1.424172e+00  -1.424170e+00  -1.425992e+00    1.588e-06      1.820e-03    1.822e-03    5.841e+00    3.052e-05          True
     17179      4    795   2.437466e-02   2.437466e-02   2.437283e-02   2.511002e-02    1.833e-06      7.354e-04    7.372e-04    3.514e+00    1.526e-05          True
     17183      4    799  -7.236072e-01  -7.236072e-01  -7.236060e-01  -7.225205e-01    1.251e-06      1.087e-03    1.085e-03    3.637e+00    1.526e-05          True
     17185      4    801  -5.224753e-01  -5.224753e-01  -5.224743e-01  -5.231773e-01    9.846e-07      7.020e-04    7.030e-04    5.490e+00    3.052e-05          True
     17187      4    803   5.437414e-01   5.437414e-01   5.437390e-01   5.431718e-01    2.386e-06      5.696e-04    5.673e-04    4.865e+00    3.052e-05          True
     17195      4    811   2.468752e+00   2.468752e+00   2.468752e+00   2.466266e+00    1.413e-07      2.486e-03    2.486e-03    5.466e+00    3.052e-05          True
     17207      4    823   2.855066e-01   2.855066e-01   2.855066e-01   2.832488e-01    3.395e-09      2.258e-03    2.258e-03    6.215e+00    3.052e-05          True
     17210      4    826   2.075389e+00   2.075389e+00   2.075389e+00   2.071801e+00    2.951e-07      3.588e-03    3.588e-03    3.229e+00    1.526e-05          True
     17219      4    835  -2.425775e+00  -2.425775e+00  -2.425777e+00  -2.428232e+00    1.959e-06      2.457e-03    2.455e-03    4.929e+00    3.052e-05          True
     17222      4    838   4.834151e-01   4.834151e-01   4.834143e-01   4.825387e-01    8.290e-07      8.764e-04    8.756e-04    3.680e+00    1.526e-05          True
     17228      4    844  -5.451898e-01  -5.451898e-01  -5.451923e-01  -5.468816e-01    2.525e-06      1.692e-03    1.689e-03    4.447e+00    3.052e-05          True
     17234      4    850   1.485830e+00   1.485830e+00   1.485830e+00   1.484119e+00    8.866e-08      1.711e-03    1.711e-03    5.186e+00    3.052e-05          True
     17235      4    851  -1.792746e-01  -1.792746e-01  -1.792752e-01  -1.788713e-01    5.097e-07      4.033e-04    4.039e-04    3.025e+00    1.526e-05          True
     17241      4    857   5.996321e-01   5.996321e-01   5.996300e-01   6.011054e-01    2.079e-06      1.473e-03    1.475e-03    3.674e+00    1.526e-05          True
     17244      4    860   1.513728e+00   1.513728e+00   1.513734e+00   1.512118e+00    5.513e-06      1.610e-03    1.616e-03    5.247e+00    3.052e-05          True
     17246      4    862  -6.796045e-01  -6.796045e-01  -6.796074e-01  -6.771012e-01    2.918e-06      2.503e-03    2.506e-03    5.194e+00    3.052e-05          True
     17270      4    886   2.116984e+00   2.116984e+00   2.116982e+00   2.119818e+00    1.921e-06      2.835e-03    2.837e-03    3.834e+00    1.526e-05          True
     17286      4    902   1.009581e+00   1.009581e+00   1.009576e+00   1.008545e+00    4.607e-06      1.036e-03    1.032e-03    6.526e+00    3.052e-05          True
     17290      4    906   1.113700e+00   1.113700e+00   1.113695e+00   1.116735e+00    5.382e-06      3.035e-03    3.041e-03    6.470e+00    3.052e-05          True
     17293      4    909  -1.442410e-01  -1.442410e-01  -1.442405e-01  -1.408435e-01    5.070e-07      3.397e-03    3.397e-03    3.891e+00    1.526e-05          True
     17303      4    919   3.714503e-01   3.714503e-01   3.714485e-01   3.708108e-01    1.800e-06      6.396e-04    6.378e-04    4.572e+00    3.052e-05          True
     17315      4    931   4.674229e-01   4.674229e-01   4.674245e-01   4.679994e-01    1.533e-06      5.765e-04    5.749e-04    3.935e+00    1.526e-05          True
     17317      4    933  -3.114899e-01  -3.114899e-01  -3.114937e-01  -3.095765e-01    3.795e-06      1.913e-03    1.917e-03    3.914e+00    1.526e-05          True
     17320      4    936   4.147815e-01   4.147815e-01   4.147793e-01   4.139790e-01    2.213e-06      8.025e-04    8.003e-04    5.853e+00    3.052e-05          True
     17321      4    937  -1.584128e+00  -1.584128e+00  -1.584123e+00  -1.581809e+00    5.081e-06      2.319e-03    2.314e-03    4.190e+00    3.052e-05          True
     17327      4    943  -5.206325e-01  -5.206325e-01  -5.206345e-01  -5.211874e-01    2.006e-06      5.549e-04    5.529e-04    5.287e+00    3.052e-05          True
     17331      4    947   1.239610e-01   1.239610e-01   1.239498e-01   1.245236e-01    1.123e-05      5.626e-04    5.738e-04    7.089e+00    3.052e-05          True
     17333      4    949   1.512343e+00   1.512343e+00   1.512343e+00   1.510463e+00    3.962e-07      1.880e-03    1.880e-03    5.025e+00    3.052e-05          True
     17340      4    956  -2.319178e-01  -2.319178e-01  -2.319197e-01  -2.301547e-01    1.878e-06      1.763e-03    1.765e-03    4.012e+00    3.052e-05          True
     17343      4    959  -1.176144e+00  -1.176144e+00  -1.176139e+00  -1.178646e+00    4.515e-06      2.503e-03    2.507e-03    5.371e+00    3.052e-05          True
     17347      4    963   7.736619e-01   7.736619e-01   7.736608e-01   7.712577e-01    1.131e-06      2.404e-03    2.403e-03    3.519e+00    1.526e-05          True
     17349      4    965   9.582119e-01   9.582119e-01   9.582154e-01   9.593674e-01    3.440e-06      1.155e-03    1.152e-03    3.581e+00    1.526e-05          True
     17353      4    969   1.657397e-01   1.657397e-01   1.657406e-01   1.645474e-01    8.920e-07      1.192e-03    1.193e-03    2.634e+00    1.526e-05          True
     17356      4    972   3.098621e-01   3.098621e-01   3.098606e-01   3.083153e-01    1.498e-06      1.547e-03    1.545e-03    4.083e+00    3.052e-05          True
     17359      4    975  -1.195256e-01  -1.195256e-01  -1.195224e-01  -1.171275e-01    3.268e-06      2.398e-03    2.395e-03    4.525e+00    3.052e-05          True
     17361      4    977  -1.439776e+00  -1.439776e+00  -1.439775e+00  -1.437837e+00    9.851e-07      1.939e-03    1.938e-03    3.134e+00    1.526e-05          True
     17380      4    996  -1.114802e+00  -1.114802e+00  -1.114808e+00  -1.113354e+00    5.478e-06      1.449e-03    1.454e-03    4.456e+00    3.052e-05          True
     17392      4   1008  -1.023131e+00  -1.023131e+00  -1.023126e+00  -1.021826e+00    5.241e-06      1.305e-03    1.300e-03    3.490e+00    1.526e-05          True
     17394      4   1010  -4.010392e-01  -4.010392e-01  -4.010400e-01  -3.986548e-01    7.968e-07      2.384e-03    2.385e-03    5.236e+00    3.052e-05          True
     17397      4   1013   1.844870e+00   1.844870e+00   1.844871e+00   1.846882e+00    6.941e-07      2.012e-03    2.011e-03    5.334e+00    3.052e-05          True
     17412      4   1028  -1.863342e+00  -1.863342e+00  -1.863341e+00  -1.865270e+00    1.113e-06      1.928e-03    1.929e-03    4.164e+00    3.052e-05          True
     17430      4   1046   8.350980e-01   8.350980e-01   8.351023e-01   8.338578e-01    4.281e-06      1.240e-03    1.244e-03    6.143e+00    3.052e-05          True
     17445      4   1061   1.015407e-01   1.015407e-01   1.015353e-01   9.996128e-02    5.400e-06      1.579e-03    1.574e-03    5.825e+00    3.052e-05          True
     17447      4   1063   1.476736e-01   1.476736e-01   1.476745e-01   1.481793e-01    8.657e-07      5.057e-04    5.049e-04    2.519e+00    1.526e-05          True
     17451      4   1067  -2.066263e+00  -2.066263e+00  -2.066255e+00  -2.062628e+00    7.701e-06      3.635e-03    3.628e-03    5.768e+00    3.052e-05          True
     17461      4   1077  -4.027086e-01  -4.027086e-01  -4.027031e-01  -4.018074e-01    5.497e-06      9.013e-04    8.958e-04    4.874e+00    3.052e-05          True
     17463      4   1079  -2.049235e+00  -2.049235e+00  -2.049240e+00  -2.046817e+00    5.211e-06      2.418e-03    2.424e-03    6.223e+00    3.052e-05          True
     17465      4   1081  -1.812549e-01  -1.812549e-01  -1.812543e-01  -1.807305e-01    5.947e-07      5.244e-04    5.238e-04    3.836e+00    1.526e-05          True
     17466      4   1082  -9.008240e-02  -9.008240e-02  -9.008043e-02  -8.878443e-02    1.971e-06      1.298e-03    1.296e-03    3.640e+00    1.526e-05          True
     17475      4   1091  -4.677394e-01  -4.677394e-01  -4.677420e-01  -4.697207e-01    2.603e-06      1.981e-03    1.979e-03    8.937e+00    6.104e-05          True
     17484      4   1100  -3.231114e-01  -3.231114e-01  -3.231160e-01  -3.244374e-01    4.611e-06      1.326e-03    1.321e-03    4.502e+00    3.052e-05          True
     17485      4   1101  -6.811900e-01  -6.811900e-01  -6.811881e-01  -6.823373e-01    1.908e-06      1.147e-03    1.149e-03    2.624e+00    1.526e-05          True
     17487      4   1103   1.718032e+00   1.718032e+00   1.718032e+00   1.720785e+00    5.005e-07      2.753e-03    2.753e-03    3.098e+00    1.526e-05          True
     17492      4   1108   9.631829e-01   9.631829e-01   9.631749e-01   9.648265e-01    7.999e-06      1.644e-03    1.652e-03    7.939e+00    3.052e-05          True
     17505      4   1121   2.501295e+00   2.501295e+00   2.501302e+00   2.498464e+00    6.853e-06      2.831e-03    2.838e-03    8.645e+00    6.104e-05          True
     17511      4   1127   2.447368e+00   2.447368e+00   2.447367e+00   2.444769e+00    1.262e-06      2.599e-03    2.597e-03    4.642e+00    3.052e-05          True
     17512      4   1128   6.983766e-01   6.983766e-01   6.983814e-01   6.967010e-01    4.766e-06      1.676e-03    1.680e-03    9.793e+00    6.104e-05          True
     17516      4   1132   2.063077e+00   2.063077e+00   2.063076e+00   2.060929e+00    9.083e-07      2.147e-03    2.146e-03    3.486e+00    1.526e-05          True
     17521      4   1137   7.300720e-01   7.300720e-01   7.300771e-01   7.310183e-01    5.120e-06      9.463e-04    9.412e-04    4.894e+00    3.052e-05          True
     17528      4   1144  -4.588099e-01  -4.588099e-01  -4.588035e-01  -4.571086e-01    6.381e-06      1.701e-03    1.695e-03    4.630e+00    3.052e-05          True
     17529      4   1145  -9.748573e-01  -9.748573e-01  -9.748555e-01  -9.734884e-01    1.768e-06      1.369e-03    1.367e-03    4.244e+00    3.052e-05          True
     17532      4   1148   1.779613e+00   1.779613e+00   1.779603e+00   1.782555e+00    1.060e-05      2.942e-03    2.952e-03    6.180e+00    3.052e-05          True
     17534      4   1150  -9.064530e-01  -9.064530e-01  -9.064555e-01  -9.050774e-01    2.473e-06      1.376e-03    1.378e-03    4.731e+00    3.052e-05          True
     17542      4   1158   3.954410e-01   3.954410e-01   3.954414e-01   3.976639e-01    4.228e-07      2.223e-03    2.222e-03    2.865e+00    1.526e-05          True
     17556      4   1172  -1.310373e+00  -1.310373e+00  -1.310367e+00  -1.311764e+00    6.041e-06      1.391e-03    1.397e-03    6.654e+00    3.052e-05          True
     17558      4   1174   7.598860e-01   7.598860e-01   7.598876e-01   7.581035e-01    1.683e-06      1.782e-03    1.784e-03    6.803e+00    3.052e-05          True
     17568      4   1184  -2.635469e-01  -2.635469e-01  -2.635472e-01  -2.625153e-01    2.075e-07      1.032e-03    1.032e-03    8.303e+00    6.104e-05          True
     17569      4   1185   5.077335e-01   5.077335e-01   5.077338e-01   5.066691e-01    3.448e-07      1.064e-03    1.065e-03    3.561e+00    1.526e-05          True
     17576      4   1192   6.566868e-02   6.566868e-02   6.567374e-02   6.521347e-02    5.061e-06      4.552e-04    4.603e-04    4.468e+00    3.052e-05          True
     17578      4   1194   1.009313e+00   1.009313e+00   1.009314e+00   1.010530e+00    1.181e-06      1.217e-03    1.216e-03    3.466e+00    1.526e-05          True
     17592      4   1208   9.872147e-02   9.872147e-02   9.872418e-02   9.965235e-02    2.713e-06      9.309e-04    9.282e-04    3.276e+00    1.526e-05          True
     17602      4   1218   6.820709e-01   6.820709e-01   6.820719e-01   6.838171e-01    9.275e-07      1.746e-03    1.745e-03    3.285e+00    1.526e-05          True
     17604      4   1220   1.544206e-01   1.544206e-01   1.544127e-01   1.534039e-01    7.876e-06      1.017e-03    1.009e-03    4.224e+00    3.052e-05          True
     17607      4   1223  -3.645113e-01  -3.645113e-01  -3.645135e-01  -3.639811e-01    2.248e-06      5.302e-04    5.324e-04    5.416e+00    3.052e-05          True
     17608      4   1224   8.047709e-01   8.047709e-01   8.047686e-01   8.074409e-01    2.339e-06      2.670e-03    2.672e-03    2.843e+00    1.526e-05          True
     17615      4   1231   9.725892e-02   9.725892e-02   9.726299e-02   9.782904e-02    4.068e-06      5.701e-04    5.661e-04    5.108e+00    3.052e-05          True
     17634      4   1250   6.923913e-01   6.923913e-01   6.923995e-01   6.914843e-01    8.210e-06      9.070e-04    9.152e-04    5.958e+00    3.052e-05          True
     17636      4   1252   3.638297e-01   3.638297e-01   3.638255e-01   3.645174e-01    4.202e-06      6.877e-04    6.919e-04    4.335e+00    3.052e-05          True
     17654      4   1270  -6.812352e-01  -6.812352e-01  -6.812330e-01  -6.825591e-01    2.116e-06      1.324e-03    1.326e-03    4.676e+00    3.052e-05          True
     17661      4   1277   5.989287e-01   5.989287e-01   5.989298e-01   5.971634e-01    1.144e-06      1.765e-03    1.766e-03    5.994e+00    3.052e-05          True
     17667      4   1283  -1.747029e+00  -1.747029e+00  -1.747024e+00  -1.750104e+00    4.749e-06      3.075e-03    3.079e-03    5.645e+00    3.052e-05          True
     17672      4   1288   1.884447e+00   1.884447e+00   1.884447e+00   1.886752e+00    3.265e-07      2.305e-03    2.305e-03    3.146e+00    1.526e-05          True
     17674      4   1290  -2.159875e+00  -2.159875e+00  -2.159874e+00  -2.157646e+00    1.195e-06      2.229e-03    2.228e-03    5.703e+00    3.052e-05          True
     17677      4   1293   2.315461e-01   2.315461e-01   2.315412e-01   2.309061e-01    4.906e-06      6.400e-04    6.351e-04    4.160e+00    3.052e-05          True
     17679      4   1295   3.633285e-01   3.633285e-01   3.633308e-01   3.625173e-01    2.298e-06      8.111e-04    8.134e-04    5.846e+00    3.052e-05          True
     17693      4   1309  -8.373479e-01  -8.373479e-01  -8.373452e-01  -8.359779e-01    2.746e-06      1.370e-03    1.367e-03    4.767e+00    3.052e-05          True
     17697      4   1313  -6.864716e-02  -6.864716e-02  -6.864610e-02  -6.768939e-02    1.058e-06      9.578e-04    9.567e-04    3.430e+00    1.526e-05          True
     17717      4   1333  -1.189179e+00  -1.189179e+00  -1.189181e+00  -1.191367e+00    1.921e-06      2.188e-03    2.186e-03    4.251e+00    3.052e-05          True
     17723      4   1339  -7.474099e-01  -7.474099e-01  -7.474096e-01  -7.481661e-01    2.184e-07      7.563e-04    7.565e-04    4.396e+00    3.052e-05          True
     17737      4   1353   2.556055e-01   2.556055e-01   2.556020e-01   2.534770e-01    3.554e-06      2.129e-03    2.125e-03    3.545e+00    1.526e-05          True
     17738      4   1354   4.139570e-01   4.139570e-01   4.139574e-01   4.128231e-01    3.980e-07      1.134e-03    1.134e-03    6.426e+00    3.052e-05          True
     17749      4   1365  -5.302558e-01  -5.302558e-01  -5.302531e-01  -5.311145e-01    2.736e-06      8.587e-04    8.614e-04    6.711e+00    3.052e-05          True
     17751      4   1367  -3.162492e+00  -3.162492e+00  -3.162492e+00  -3.159148e+00    6.434e-07      3.344e-03    3.343e-03    7.266e+00    3.052e-05          True
     17758      4   1374   4.989265e-01   4.989265e-01   4.989273e-01   4.973940e-01    7.511e-07      1.533e-03    1.533e-03    4.182e+00    3.052e-05          True
     17759      4   1375  -1.965747e+00  -1.965747e+00  -1.965747e+00  -1.968290e+00    4.300e-07      2.543e-03    2.543e-03    4.715e+00    3.052e-05          True
     17761      4   1377  -1.166692e+00  -1.166692e+00  -1.166691e+00  -1.164273e+00    5.316e-07      2.419e-03    2.419e-03    4.244e+00    3.052e-05          True
     17762      4   1378  -4.907896e-01  -4.907896e-01  -4.907880e-01  -4.925167e-01    1.642e-06      1.727e-03    1.729e-03    5.476e+00    3.052e-05          True
     17770      4   1386   7.671563e-01   7.671563e-01   7.671564e-01   7.680413e-01    5.324e-08      8.850e-04    8.850e-04    3.738e+00    1.526e-05          True
     17771      4   1387  -8.954765e-01  -8.954765e-01  -8.954813e-01  -8.968119e-01    4.837e-06      1.335e-03    1.331e-03    2.564e+00    1.526e-05          True
     17778      4   1394   1.824815e+00   1.824815e+00   1.824820e+00   1.822444e+00    4.811e-06      2.371e-03    2.376e-03    6.186e+00    3.052e-05          True
     17779      4   1395   6.187418e-01   6.187418e-01   6.187412e-01   6.175948e-01    5.366e-07      1.147e-03    1.146e-03    2.533e+00    1.526e-05          True
     17781      4   1397   1.233252e+00   1.233252e+00   1.233259e+00   1.231912e+00    6.741e-06      1.340e-03    1.347e-03    7.115e+00    3.052e-05          True
     17801      4   1417  -8.137135e-02  -8.137135e-02  -8.136689e-02  -8.235584e-02    4.461e-06      9.845e-04    9.890e-04    4.036e+00    3.052e-05          True
     17803      4   1419   7.192291e-01   7.192291e-01   7.192243e-01   7.183309e-01    4.798e-06      8.983e-04    8.935e-04    5.260e+00    3.052e-05          True
     17810      4   1426   1.192174e+00   1.192174e+00   1.192178e+00   1.190271e+00    3.779e-06      1.903e-03    1.907e-03    4.727e+00    3.052e-05          True
     17811      4   1427  -2.664643e+00  -2.664643e+00  -2.664638e+00  -2.667449e+00    5.525e-06      2.806e-03    2.811e-03    5.859e+00    3.052e-05          True
     17814      4   1430   1.937953e+00   1.937953e+00   1.937954e+00   1.940392e+00    8.431e-07      2.439e-03    2.438e-03    3.629e+00    1.526e-05          True
     17815      4   1431   9.853858e-02   9.853858e-02   9.853981e-02   9.822711e-02    1.231e-06      3.115e-04    3.127e-04    5.122e+00    3.052e-05          True
     17821      4   1437  -2.740401e-01  -2.740401e-01  -2.740405e-01  -2.720571e-01    3.596e-07      1.983e-03    1.983e-03    3.090e+00    1.526e-05          True
     17827      4   1443   6.579920e-01   6.579920e-01   6.579947e-01   6.571359e-01    2.706e-06      8.561e-04    8.588e-04    4.740e+00    3.052e-05          True
     17828      4   1444  -6.364612e-02  -6.364612e-02  -6.364009e-02  -6.395039e-02    6.029e-06      3.043e-04    3.103e-04    5.534e+00    3.052e-05          True
     17834      4   1450  -6.891305e-01  -6.891305e-01  -6.891295e-01  -6.882814e-01    1.065e-06      8.492e-04    8.481e-04    3.640e+00    1.526e-05          True
     17853      4   1469  -7.694968e-01  -7.694968e-01  -7.694954e-01  -7.711818e-01    1.326e-06      1.685e-03    1.686e-03    3.643e+00    1.526e-05          True
     17855      4   1471  -1.389130e+00  -1.389130e+00  -1.389132e+00  -1.390936e+00    2.189e-06      1.807e-03    1.804e-03    2.742e+00    1.526e-05          True
     17867      4   1483   2.622424e+00   2.622424e+00   2.622434e+00   2.619690e+00    9.967e-06      2.734e-03    2.744e-03    7.132e+00    3.052e-05          True
     17868      4   1484  -1.403390e+00  -1.403390e+00  -1.403385e+00  -1.399073e+00    4.581e-06      4.317e-03    4.312e-03    6.679e+00    3.052e-05          True
     17869      4   1485   2.528543e-01   2.528543e-01   2.528545e-01   2.532755e-01    1.553e-07      4.212e-04    4.210e-04    6.411e+00    3.052e-05          True
     17871      4   1487  -1.443154e-01  -1.443154e-01  -1.443162e-01  -1.461066e-01    8.044e-07      1.791e-03    1.790e-03    2.499e+00    1.526e-05          True
     17875      4   1491   2.950801e-01   2.950801e-01   2.950804e-01   2.939473e-01    2.883e-07      1.133e-03    1.133e-03    5.166e+00    3.052e-05          True
     17881      4   1497  -4.552019e-01  -4.552019e-01  -4.552028e-01  -4.562449e-01    9.249e-07      1.043e-03    1.042e-03    2.820e+00    1.526e-05          True
     17888      4   1504   3.312190e+00   3.312190e+00   3.312188e+00   3.316107e+00    1.701e-06      3.916e-03    3.918e-03    5.141e+00    3.052e-05          True
     17890      4   1506  -9.965264e-01  -9.965264e-01  -9.965207e-01  -9.977157e-01    5.709e-06      1.189e-03    1.195e-03    6.082e+00    3.052e-05          True
     17891      4   1507  -3.366175e-01  -3.366175e-01  -3.366207e-01  -3.360337e-01    3.219e-06      5.838e-04    5.870e-04    5.406e+00    3.052e-05          True
     17895      4   1511   2.124186e-01   2.124186e-01   2.124117e-01   2.142389e-01    6.870e-06      1.820e-03    1.827e-03    5.186e+00    3.052e-05          True
     17897      4   1513   6.654418e-01   6.654418e-01   6.654380e-01   6.668283e-01    3.830e-06      1.387e-03    1.390e-03    3.226e+00    1.526e-05          True
     17899      4   1515   1.827248e+00   1.827248e+00   1.827250e+00   1.829208e+00    1.860e-06      1.960e-03    1.958e-03    4.274e+00    3.052e-05          True
     17900      4   1516  -8.116317e-01  -8.116317e-01  -8.116313e-01  -8.106660e-01    4.233e-07      9.658e-04    9.654e-04    6.817e+00    3.052e-05          True
     17902      4   1518   3.146618e-01   3.146618e-01   3.146597e-01   3.128349e-01    2.065e-06      1.827e-03    1.825e-03    4.843e+00    3.052e-05          True
     17904      4   1520  -2.188537e+00  -2.188537e+00  -2.188541e+00  -2.191198e+00    4.020e-06      2.661e-03    2.657e-03    4.376e+00    3.052e-05          True
     17907      4   1523   1.487860e-01   1.487860e-01   1.487922e-01   1.508204e-01    6.176e-06      2.034e-03    2.028e-03    4.807e+00    3.052e-05          True
     17935      4   1551  -1.080204e+00  -1.080204e+00  -1.080203e+00  -1.081653e+00    9.277e-07      1.448e-03    1.449e-03    3.043e+00    1.526e-05          True
     17939      4   1555   9.128275e-01   9.128275e-01   9.128235e-01   9.104342e-01    4.035e-06      2.393e-03    2.389e-03    4.453e+00    3.052e-05          True
     17946      4   1562  -2.453525e-01  -2.453525e-01  -2.453551e-01  -2.457339e-01    2.626e-06      3.814e-04    3.788e-04    4.381e+00    3.052e-05          True
     17959      4   1575  -1.992831e-01  -1.992831e-01  -1.992918e-01  -1.986393e-01    8.766e-06      6.438e-04    6.526e-04    6.263e+00    3.052e-05          True
     17961      4   1577   1.715935e+00   1.715935e+00   1.715937e+00   1.718577e+00    1.509e-06      2.642e-03    2.640e-03    4.067e+00    3.052e-05          True
     17988      4   1604  -2.919550e-01  -2.919550e-01  -2.919547e-01  -2.940957e-01    2.679e-07      2.141e-03    2.141e-03    5.294e+00    3.052e-05          True
     17989      4   1605  -7.666325e-01  -7.666325e-01  -7.666318e-01  -7.647141e-01    7.087e-07      1.918e-03    1.918e-03    3.256e+00    1.526e-05          True
     17995      4   1611   2.694741e-01   2.694741e-01   2.694784e-01   2.714274e-01    4.248e-06      1.953e-03    1.949e-03    3.431e+00    1.526e-05          True
     18000      4   1616  -1.353991e-01  -1.353991e-01  -1.353963e-01  -1.349521e-01    2.842e-06      4.470e-04    4.442e-04    3.656e+00    1.526e-05          True
     18005      4   1621  -4.085362e-01  -4.085362e-01  -4.085311e-01  -4.098761e-01    5.119e-06      1.340e-03    1.345e-03    6.854e+00    3.052e-05          True
     18013      4   1629   7.694745e-02   7.694745e-02   7.695039e-02   7.622321e-02    2.946e-06      7.242e-04    7.272e-04    3.218e+00    1.526e-05          True
     18017      4   1633   3.088125e-01   3.088125e-01   3.088108e-01   3.101785e-01    1.681e-06      1.366e-03    1.368e-03    2.523e+00    1.526e-05          True
     18020      4   1636  -6.569965e-01  -6.569965e-01  -6.569918e-01  -6.581274e-01    4.703e-06      1.131e-03    1.136e-03    4.780e+00    3.052e-05          True
     18022      4   1638  -2.002050e+00  -2.002050e+00  -2.002061e+00  -2.004668e+00    1.037e-05      2.617e-03    2.607e-03    4.035e+00    3.052e-05          True
     18026      4   1642  -6.637057e-01  -6.637057e-01  -6.636943e-01  -6.658909e-01    1.142e-05      2.185e-03    2.197e-03    8.221e+00    6.104e-05          True
     18038      4   1654  -3.562312e-01  -3.562312e-01  -3.562315e-01  -3.595904e-01    2.842e-07      3.359e-03    3.359e-03    3.500e+00    1.526e-05          True
     18048      4   1664  -1.506649e+00  -1.506649e+00  -1.506648e+00  -1.509214e+00    1.287e-06      2.565e-03    2.566e-03    4.964e+00    3.052e-05          True
     18054      4   1670   5.659542e-01   5.659542e-01   5.659585e-01   5.671719e-01    4.263e-06      1.218e-03    1.213e-03    4.886e+00    3.052e-05          True
     18063      4   1679  -1.037867e+00  -1.037867e+00  -1.037865e+00  -1.035843e+00    2.145e-06      2.024e-03    2.022e-03    4.103e+00    3.052e-05          True
     18066      4   1682  -1.324415e+00  -1.324415e+00  -1.324416e+00  -1.327719e+00    1.061e-06      3.304e-03    3.303e-03    3.767e+00    1.526e-05          True
     18067      4   1683   1.361345e+00   1.361345e+00   1.361341e+00   1.359707e+00    4.457e-06      1.638e-03    1.634e-03    5.315e+00    3.052e-05          True
     18073      4   1689  -1.285275e-01  -1.285275e-01  -1.285274e-01  -1.271778e-01    8.235e-08      1.350e-03    1.350e-03    4.708e+00    3.052e-05          True
     18083      4   1699  -3.911426e-01  -3.911426e-01  -3.911436e-01  -3.880036e-01    9.905e-07      3.139e-03    3.140e-03    4.138e+00    3.052e-05          True
     18085      4   1701   7.568413e-01   7.568413e-01   7.568379e-01   7.576254e-01    3.369e-06      7.841e-04    7.875e-04    5.385e+00    3.052e-05          True
     18087      4   1703  -7.140498e-01  -7.140498e-01  -7.140493e-01  -7.129887e-01    5.371e-07      1.061e-03    1.061e-03    4.283e+00    3.052e-05          True
     18098      4   1714  -6.447060e-01  -6.447060e-01  -6.447059e-01  -6.470900e-01    8.050e-08      2.384e-03    2.384e-03    2.774e+00    1.526e-05          True
     18099      4   1715   4.766627e-01   4.766627e-01   4.766628e-01   4.777242e-01    1.466e-07      1.062e-03    1.061e-03    3.363e+00    1.526e-05          True
     18108      4   1724   4.447847e-01   4.447847e-01   4.447841e-01   4.452777e-01    5.497e-07      4.930e-04    4.936e-04    6.496e+00    3.052e-05          True
     18124      4   1740  -4.865242e-01  -4.865242e-01  -4.865241e-01  -4.859863e-01    1.452e-07      5.379e-04    5.378e-04    4.821e+00    3.052e-05          True
     18138      4   1754  -5.585131e-01  -5.585131e-01  -5.585052e-01  -5.553347e-01    7.880e-06      3.178e-03    3.170e-03    5.567e+00    3.052e-05          True
     18144      4   1760   9.907358e-02   9.907358e-02   9.907272e-02   9.802113e-02    8.575e-07      1.052e-03    1.052e-03    3.481e+00    1.526e-05          True
     18153      4   1769   5.822792e-01   5.822792e-01   5.822767e-01   5.807778e-01    2.474e-06      1.501e-03    1.499e-03    3.724e+00    1.526e-05          True
     18156      4   1772  -1.353345e-02  -1.353345e-02  -1.353452e-02  -1.550726e-02    1.076e-06      1.974e-03    1.973e-03    5.493e+00    3.052e-05          True
     18168      4   1784   9.134140e-01   9.134140e-01   9.134077e-01   9.149275e-01    6.338e-06      1.514e-03    1.520e-03    5.640e+00    3.052e-05          True
     18170      4   1786  -2.464493e-01  -2.464493e-01  -2.464511e-01  -2.473416e-01    1.759e-06      8.923e-04    8.905e-04    3.433e+00    1.526e-05          True
     18177      4   1793  -3.097612e+00  -3.097612e+00  -3.097602e+00  -3.094486e+00    1.007e-05      3.125e-03    3.115e-03    6.761e+00    3.052e-05          True
     18181      4   1797  -6.650939e-01  -6.650939e-01  -6.650946e-01  -6.627154e-01    6.111e-07      2.379e-03    2.379e-03    5.856e+00    3.052e-05          True
     18187      4   1803   1.131867e+00   1.131867e+00   1.131869e+00   1.134210e+00    2.122e-06      2.343e-03    2.340e-03    3.296e+00    1.526e-05          True
     18188      4   1804   9.381449e-02   9.381449e-02   9.381396e-02   9.571025e-02    5.249e-07      1.896e-03    1.896e-03    4.463e+00    3.052e-05          True
     18189      4   1805  -1.490629e+00  -1.490629e+00  -1.490628e+00  -1.488200e+00    7.395e-07      2.429e-03    2.428e-03    9.000e+00    6.104e-05          True
     18192      4   1808  -2.568902e+00  -2.568902e+00  -2.568895e+00  -2.564998e+00    7.291e-06      3.904e-03    3.897e-03    8.770e+00    6.104e-05          True
     18197      4   1813   5.776097e-01   5.776097e-01   5.776104e-01   5.765361e-01    7.295e-07      1.074e-03    1.074e-03    4.780e+00    3.052e-05          True
     18204      4   1820  -1.209631e+00  -1.209631e+00  -1.209630e+00  -1.211492e+00    8.261e-07      1.861e-03    1.862e-03    4.535e+00    3.052e-05          True
     18207      4   1823   1.701043e+00   1.701043e+00   1.701033e+00   1.699262e+00    1.011e-05      1.781e-03    1.771e-03    8.533e+00    6.104e-05          True
     18217      4   1833   1.309744e+00   1.309744e+00   1.309743e+00   1.311744e+00    7.636e-07      2.000e-03    2.001e-03    2.836e+00    1.526e-05          True
     18222      4   1838  -1.780408e+00  -1.780408e+00  -1.780409e+00  -1.777794e+00    8.150e-07      2.614e-03    2.614e-03    5.369e+00    3.052e-05          True
     18223      4   1839  -5.539301e-01  -5.539301e-01  -5.539282e-01  -5.532878e-01    1.934e-06      6.423e-04    6.404e-04    4.820e+00    3.052e-05          True
     18225      4   1841   5.980448e-01   5.980448e-01   5.980395e-01   6.002205e-01    5.270e-06      2.176e-03    2.181e-03    4.145e+00    3.052e-05          True
     18226      4   1842   3.309387e-01   3.309387e-01   3.309352e-01   3.290414e-01    3.488e-06      1.897e-03    1.894e-03    4.350e+00    3.052e-05          True
     18233      4   1849  -1.450087e-01  -1.450087e-01  -1.450113e-01  -1.451637e-01    2.580e-06      1.549e-04    1.524e-04    4.888e+00    3.052e-05          True
     18246      4   1862  -1.787169e+00  -1.787169e+00  -1.787168e+00  -1.789012e+00    7.689e-07      1.843e-03    1.844e-03    5.277e+00    3.052e-05          True
     18256      4   1872  -5.760144e-01  -5.760144e-01  -5.760143e-01  -5.748335e-01    1.136e-07      1.181e-03    1.181e-03    4.817e+00    3.052e-05          True
     18258      4   1874  -3.661820e-01  -3.661820e-01  -3.661785e-01  -3.674380e-01    3.512e-06      1.256e-03    1.260e-03    4.842e+00    3.052e-05          True
     18260      4   1876   2.376806e+00   2.376806e+00   2.376809e+00   2.379736e+00    3.125e-06      2.930e-03    2.927e-03    6.928e+00    3.052e-05          True
     18262      4   1878   8.769734e-01   8.769734e-01   8.769709e-01   8.757607e-01    2.412e-06      1.213e-03    1.210e-03    5.869e+00    3.052e-05          True
     18266      4   1882   4.327696e-02   4.327696e-02   4.327668e-02   4.169272e-02    2.824e-07      1.584e-03    1.584e-03    2.824e+00    1.526e-05          True
     18275      4   1891   3.530799e-01   3.530799e-01   3.530759e-01   3.534379e-01    4.009e-06      3.581e-04    3.621e-04    4.852e+00    3.052e-05          True
     18280      4   1896  -9.291410e-01  -9.291410e-01  -9.291461e-01  -9.279477e-01    5.120e-06      1.193e-03    1.198e-03    2.946e+00    1.526e-05          True
     18293      4   1909   1.526520e+00   1.526520e+00   1.526521e+00   1.528235e+00    6.405e-07      1.715e-03    1.714e-03    4.792e+00    3.052e-05          True
     18315      4   1931   3.234386e-01   3.234386e-01   3.234419e-01   3.226022e-01    3.287e-06      8.365e-04    8.397e-04    3.547e+00    1.526e-05          True
     18330      4   1946   6.374508e-01   6.374508e-01   6.374480e-01   6.383801e-01    2.790e-06      9.293e-04    9.321e-04    3.693e+00    1.526e-05          True
     18335      4   1951  -1.282234e+00  -1.282234e+00  -1.282232e+00  -1.284317e+00    2.487e-06      2.083e-03    2.085e-03    5.064e+00    3.052e-05          True
     18340      4   1956   2.976960e-01   2.976960e-01   2.976951e-01   2.983836e-01    9.412e-07      6.876e-04    6.885e-04    3.658e+00    1.526e-05          True
     18342      4   1958   2.517937e-01   2.517937e-01   2.517990e-01   2.529958e-01    5.344e-06      1.202e-03    1.197e-03    6.013e+00    3.052e-05          True
     18353      4   1969  -4.226005e-01  -4.226005e-01  -4.225976e-01  -4.255978e-01    2.921e-06      2.997e-03    3.000e-03    3.983e+00    1.526e-05          True
     18358      4   1974   1.849552e+00   1.849552e+00   1.849551e+00   1.851555e+00    1.249e-06      2.002e-03    2.003e-03    3.954e+00    1.526e-05          True
     18371      4   1987   4.164916e-01   4.164916e-01   4.164901e-01   4.171400e-01    1.539e-06      6.484e-04    6.499e-04    3.757e+00    1.526e-05          True
     18372      4   1988  -3.176094e-02  -3.176094e-02  -3.175962e-02  -2.942699e-02    1.327e-06      2.334e-03    2.333e-03    5.059e+00    3.052e-05          True
     18374      4   1990   3.547136e-01   3.547136e-01   3.547139e-01   3.550988e-01    3.474e-07      3.852e-04    3.849e-04    4.543e+00    3.052e-05          True
     18385      4   2001   3.447233e-01   3.447233e-01   3.447213e-01   3.458769e-01    2.032e-06      1.154e-03    1.156e-03    3.845e+00    1.526e-05          True
     18407      4   2023   2.677168e+00   2.677168e+00   2.677171e+00   2.673293e+00    3.936e-06      3.875e-03    3.879e-03    6.139e+00    3.052e-05          True
     18421      4   2037  -9.512871e-01  -9.512871e-01  -9.512941e-01  -9.523903e-01    7.054e-06      1.103e-03    1.096e-03    4.966e+00    3.052e-05          True
     18427      4   2043  -2.390975e-01  -2.390975e-01  -2.391006e-01  -2.396321e-01    3.079e-06      5.346e-04    5.315e-04    4.906e+00    3.052e-05          True
     18430      4   2046   7.924660e-01   7.924660e-01   7.924652e-01   7.894770e-01    7.822e-07      2.989e-03    2.988e-03    2.956e+00    1.526e-05          True
     18447      4   2063  -2.766360e-01  -2.766360e-01  -2.766336e-01  -2.774903e-01    2.488e-06      8.542e-04    8.567e-04    3.160e+00    1.526e-05          True
     18449      4   2065  -1.180065e+00  -1.180065e+00  -1.180060e+00  -1.181454e+00    4.642e-06      1.390e-03    1.394e-03    3.996e+00    1.526e-05          True
     18450      4   2066  -3.408219e-01  -3.408219e-01  -3.408306e-01  -3.436134e-01    8.712e-06      2.792e-03    2.783e-03    6.128e+00    3.052e-05          True
     18451      4   2067   6.300819e-02   6.300819e-02   6.300967e-02   6.428725e-02    1.478e-06      1.279e-03    1.278e-03    2.832e+00    1.526e-05          True
     18452      4   2068  -1.040868e+00  -1.040868e+00  -1.040879e+00  -1.036841e+00    1.035e-05      4.028e-03    4.038e-03    8.376e+00    6.104e-05          True
     18454      4   2070   1.408289e+00   1.408289e+00   1.408292e+00   1.406870e+00    2.964e-06      1.419e-03    1.422e-03    7.447e+00    3.052e-05          True
     18459      4   2075   3.371823e+00   3.371823e+00   3.371848e+00   3.375669e+00    2.522e-05      3.846e-03    3.821e-03    1.004e+01    6.104e-05          True
     18460      4   2076   6.324425e-01   6.324425e-01   6.324382e-01   6.332658e-01    4.208e-06      8.233e-04    8.276e-04    8.593e+00    6.104e-05          True
     18461      4   2077   9.350758e-01   9.350758e-01   9.350712e-01   9.329687e-01    4.675e-06      2.107e-03    2.102e-03    8.060e+00    6.104e-05          True
     18467      4   2083  -1.016216e+00  -1.016216e+00  -1.016217e+00  -1.013722e+00    9.383e-07      2.493e-03    2.494e-03    5.779e+00    3.052e-05          True
     18469      4   2085   7.975079e-01   7.975079e-01   7.975116e-01   7.959838e-01    3.663e-06      1.524e-03    1.528e-03    5.789e+00    3.052e-05          True
     18475      4   2091   4.179161e-02   4.179161e-02   4.179291e-02   4.166099e-02    1.300e-06      1.306e-04    1.319e-04    4.001e+00    3.052e-05          True
     18487      4   2103  -2.332812e-01  -2.332812e-01  -2.332834e-01  -2.336412e-01    2.171e-06      3.600e-04    3.579e-04    6.083e+00    3.052e-05          True
     18490      4   2106  -3.261398e+00  -3.261398e+00  -3.261394e+00  -3.264735e+00    3.240e-06      3.337e-03    3.341e-03    3.963e+00    1.526e-05          True
     18493      4   2109   4.555718e-01   4.555718e-01   4.555736e-01   4.535898e-01    1.830e-06      1.982e-03    1.984e-03    3.464e+00    1.526e-05          True
     18494      4   2110   1.092431e+00   1.092431e+00   1.092424e+00   1.089253e+00    7.758e-06      3.179e-03    3.171e-03    7.063e+00    3.052e-05          True
     18496      4   2112  -3.813343e-01  -3.813343e-01  -3.813388e-01  -3.803989e-01    4.467e-06      9.354e-04    9.399e-04    3.452e+00    1.526e-05          True
     18507      4   2123   1.037288e+00   1.037288e+00   1.037287e+00   1.038547e+00    1.759e-06      1.259e-03    1.260e-03    2.941e+00    1.526e-05          True
     18509      4   2125  -3.708558e-01  -3.708558e-01  -3.708546e-01  -3.697796e-01    1.228e-06      1.076e-03    1.075e-03    3.181e+00    1.526e-05          True
     18513      4   2129   5.434074e-02   5.434074e-02   5.434126e-02   5.452664e-02    5.185e-07      1.859e-04    1.854e-04    3.399e+00    1.526e-05          True
     18514      4   2130  -8.873427e-01  -8.873427e-01  -8.873419e-01  -8.860825e-01    8.111e-07      1.260e-03    1.259e-03    4.558e+00    3.052e-05          True
     18525      4   2141   2.830225e-01   2.830225e-01   2.830160e-01   2.835075e-01    6.484e-06      4.850e-04    4.915e-04    4.532e+00    3.052e-05          True
     18528      4   2144   1.416086e+00   1.416086e+00   1.416094e+00   1.414569e+00    8.014e-06      1.518e-03    1.526e-03    6.741e+00    3.052e-05          True
     18529      4   2145   2.062835e-01   2.062835e-01   2.062827e-01   2.050682e-01    7.970e-07      1.215e-03    1.214e-03    2.962e+00    1.526e-05          True
     18534      4   2150  -1.615097e+00  -1.615097e+00  -1.615099e+00  -1.611930e+00    1.416e-06      3.167e-03    3.169e-03    4.061e+00    3.052e-05          True
     18542      4   2158   1.279454e+00   1.279454e+00   1.279451e+00   1.281724e+00    2.820e-06      2.270e-03    2.273e-03    4.876e+00    3.052e-05          True
     18557      4   2173   7.410961e-01   7.410961e-01   7.410949e-01   7.397761e-01    1.161e-06      1.320e-03    1.319e-03    3.283e+00    1.526e-05          True
     18560      4   2176   3.167131e-01   3.167131e-01   3.167113e-01   3.177643e-01    1.748e-06      1.051e-03    1.053e-03    3.218e+00    1.526e-05          True
     18563      4   2179  -1.647590e+00  -1.647590e+00  -1.647590e+00  -1.645458e+00    3.793e-07      2.132e-03    2.132e-03    4.239e+00    3.052e-05          True
     18576      4   2192   2.254225e-01   2.254225e-01   2.254256e-01   2.238910e-01    3.100e-06      1.531e-03    1.535e-03    3.864e+00    1.526e-05          True
     18578      4   2194   9.926678e-01   9.926678e-01   9.926640e-01   9.943218e-01    3.806e-06      1.654e-03    1.658e-03    5.049e+00    3.052e-05          True
     18579      4   2195  -1.143972e+00  -1.143972e+00  -1.143970e+00  -1.145847e+00    1.841e-06      1.875e-03    1.877e-03    3.223e+00    1.526e-05          True
     18581      4   2197   3.628458e-01   3.628458e-01   3.628481e-01   3.637318e-01    2.325e-06      8.861e-04    8.837e-04    4.320e+00    3.052e-05          True
     18593      4   2209   1.100143e+00   1.100143e+00   1.100144e+00   1.098656e+00    1.234e-06      1.488e-03    1.489e-03    3.320e+00    1.526e-05          True
     18595      4   2211   3.532683e-01   3.532683e-01   3.532667e-01   3.549923e-01    1.578e-06      1.724e-03    1.726e-03    5.020e+00    3.052e-05          True
     18599      4   2215   1.799406e-01   1.799406e-01   1.799378e-01   1.778083e-01    2.758e-06      2.132e-03    2.129e-03    5.403e+00    3.052e-05          True
     18601      4   2217  -7.712902e-01  -7.712902e-01  -7.712902e-01  -7.741888e-01    6.257e-08      2.899e-03    2.899e-03    3.308e+00    1.526e-05          True
     18609      4   2225  -1.218513e+00  -1.218513e+00  -1.218512e+00  -1.216046e+00    9.579e-07      2.467e-03    2.466e-03    4.329e+00    3.052e-05          True
     18610      4   2226  -5.520595e-01  -5.520595e-01  -5.520645e-01  -5.548679e-01    5.008e-06      2.808e-03    2.803e-03    7.597e+00    3.052e-05          True
     18613      4   2229  -2.777314e-01  -2.777314e-01  -2.777305e-01  -2.789184e-01    8.672e-07      1.187e-03    1.188e-03    3.108e+00    1.526e-05          True
     18614      4   2230  -8.510576e-01  -8.510576e-01  -8.510580e-01  -8.483112e-01    4.152e-07      2.746e-03    2.747e-03    3.371e+00    1.526e-05          True
     18618      4   2234  -6.812742e-02  -6.812742e-02  -6.812899e-02  -6.697305e-02    1.566e-06      1.154e-03    1.156e-03    4.902e+00    3.052e-05          True
     18624      4   2240  -1.165524e+00  -1.165524e+00  -1.165529e+00  -1.163489e+00    4.713e-06      2.036e-03    2.040e-03    4.484e+00    3.052e-05          True
     18629      4   2245   2.708492e+00   2.708492e+00   2.708491e+00   2.705768e+00    4.721e-07      2.723e-03    2.723e-03    3.033e+00    1.526e-05          True
     18631      4   2247   7.935847e-01   7.935847e-01   7.935845e-01   7.917999e-01    1.564e-07      1.785e-03    1.785e-03    6.222e+00    3.052e-05          True
     18648      4   2264   6.725858e-02   6.725858e-02   6.725466e-02   6.615908e-02    3.919e-06      1.099e-03    1.096e-03    6.909e+00    3.052e-05          True
     18658      4   2274   1.054888e+00   1.054888e+00   1.054890e+00   1.056949e+00    2.256e-06      2.061e-03    2.059e-03    3.720e+00    1.526e-05          True
     18666      4   2282  -4.484549e-02  -4.484549e-02  -4.484797e-02  -4.657502e-02    2.476e-06      1.730e-03    1.727e-03    2.793e+00    1.526e-05          True
     18672      4   2288  -6.450182e-01  -6.450182e-01  -6.450191e-01  -6.456875e-01    8.334e-07      6.692e-04    6.684e-04    2.473e+00    1.526e-05          True
     18688      4   2304  -1.570644e+00  -1.570644e+00  -1.570646e+00  -1.573676e+00    1.700e-06      3.032e-03    3.031e-03    6.781e+00    3.052e-05          True
     18698      4   2314  -3.951829e-01  -3.951829e-01  -3.951850e-01  -3.946167e-01    2.107e-06      5.662e-04    5.683e-04    4.193e+00    3.052e-05          True
     18700      4   2316   1.628656e-01   1.628656e-01   1.628667e-01   1.639049e-01    1.147e-06      1.039e-03    1.038e-03    4.950e+00    3.052e-05          True
     18711      4   2327   7.541874e-01   7.541874e-01   7.541834e-01   7.556786e-01    3.982e-06      1.491e-03    1.495e-03    7.268e+00    3.052e-05          True
     18721      4   2337   6.139630e-01   6.139630e-01   6.139638e-01   6.124634e-01    7.683e-07      1.500e-03    1.500e-03    3.741e+00    1.526e-05          True
     18725      4   2341   3.516005e-01   3.516005e-01   3.516033e-01   3.522637e-01    2.849e-06      6.633e-04    6.604e-04    3.951e+00    1.526e-05          True
     18735      4   2351  -1.856397e+00  -1.856397e+00  -1.856397e+00  -1.853996e+00    2.403e-07      2.400e-03    2.400e-03    3.521e+00    1.526e-05          True
     18751      4   2367  -3.963717e-01  -3.963717e-01  -3.963786e-01  -3.974887e-01    6.832e-06      1.117e-03    1.110e-03    4.683e+00    3.052e-05          True
     18753      4   2369  -1.155858e-01  -1.155858e-01  -1.155844e-01  -1.168362e-01    1.436e-06      1.250e-03    1.252e-03    3.453e+00    1.526e-05          True
     18759      4   2375   8.499494e-01   8.499494e-01   8.499562e-01   8.511354e-01    6.823e-06      1.186e-03    1.179e-03    6.709e+00    3.052e-05          True
     18763      4   2379   7.283572e-02   7.283572e-02   7.283593e-02   7.193229e-02    2.110e-07      9.034e-04    9.036e-04    1.993e+00    7.629e-06          True
     18771      4   2387  -2.020534e-02  -2.020534e-02  -2.020068e-02  -1.998188e-02    4.660e-06      2.235e-04    2.188e-04    5.179e+00    3.052e-05          True
     18772      4   2388  -8.329487e-01  -8.329487e-01  -8.329512e-01  -8.316673e-01    2.516e-06      1.281e-03    1.284e-03    3.799e+00    1.526e-05          True
     18787      4   2403  -2.659987e-01  -2.659987e-01  -2.660045e-01  -2.637728e-01    5.802e-06      2.226e-03    2.232e-03    4.267e+00    3.052e-05          True
     18788      4   2404   5.555099e-01   5.555099e-01   5.555063e-01   5.578213e-01    3.646e-06      2.311e-03    2.315e-03    3.142e+00    1.526e-05          True
     18792      4   2408  -4.154125e-01  -4.154125e-01  -4.154107e-01  -4.148134e-01    1.807e-06      5.992e-04    5.974e-04    2.853e+00    1.526e-05          True
     18793      4   2409  -6.340046e-02  -6.340046e-02  -6.340257e-02  -6.530465e-02    2.111e-06      1.904e-03    1.902e-03    3.573e+00    1.526e-05          True
     18797      4   2413   6.039277e-01   6.039277e-01   6.039300e-01   6.049157e-01    2.314e-06      9.881e-04    9.857e-04    3.189e+00    1.526e-05          True
     18803      4   2419   1.918540e-01   1.918540e-01   1.918540e-01   1.923304e-01    1.756e-08      4.764e-04    4.764e-04    2.541e+00    1.526e-05          True
     18827      4   2443   4.671516e-01   4.671516e-01   4.671511e-01   4.698662e-01    4.385e-07      2.715e-03    2.715e-03    4.895e+00    3.052e-05          True
     18853      4   2469  -8.227551e-01  -8.227551e-01  -8.227555e-01  -8.206317e-01    4.195e-07      2.123e-03    2.124e-03    3.985e+00    1.526e-05          True
     18859      4   2475   9.153137e-01   9.153137e-01   9.153149e-01   9.138138e-01    1.195e-06      1.500e-03    1.501e-03    3.992e+00    1.526e-05          True
     18860      4   2476  -1.042539e+00  -1.042539e+00  -1.042539e+00  -1.044184e+00    3.198e-07      1.645e-03    1.645e-03    3.723e+00    1.526e-05          True
     18862      4   2478   8.623969e-01   8.623969e-01   8.623971e-01   8.635493e-01    2.368e-07      1.152e-03    1.152e-03    3.921e+00    1.526e-05          True
     18864      4   2480  -1.249562e+00  -1.249562e+00  -1.249557e+00  -1.251020e+00    5.596e-06      1.457e-03    1.463e-03    4.724e+00    3.052e-05          True
     18872      4   2488   1.511184e-01   1.511184e-01   1.511194e-01   1.499830e-01    9.556e-07      1.135e-03    1.136e-03    4.342e+00    3.052e-05          True
     18882      4   2498   2.507750e+00   2.507750e+00   2.507753e+00   2.505126e+00    2.227e-06      2.624e-03    2.626e-03    5.082e+00    3.052e-05          True
     18883      4   2499  -6.855196e-02  -6.855196e-02  -6.855534e-02  -6.870806e-02    3.383e-06      1.561e-04    1.527e-04    4.167e+00    3.052e-05          True
     18891      4   2507  -1.357219e+00  -1.357219e+00  -1.357220e+00  -1.358606e+00    1.039e-06      1.387e-03    1.386e-03    3.328e+00    1.526e-05          True
     18900      4   2516  -3.448459e-01  -3.448459e-01  -3.448498e-01  -3.439054e-01    3.873e-06      9.404e-04    9.443e-04    3.449e+00    1.526e-05          True
     18906      4   2522   5.124652e-01   5.124652e-01   5.124736e-01   5.131053e-01    8.427e-06      6.401e-04    6.317e-04    7.518e+00    3.052e-05          True
     18913      4   2529   7.680477e-01   7.680477e-01   7.680523e-01   7.698844e-01    4.607e-06      1.837e-03    1.832e-03    4.983e+00    3.052e-05          True
     18916      4   2532  -1.389435e+00  -1.389435e+00  -1.389436e+00  -1.390941e+00    1.328e-06      1.506e-03    1.505e-03    3.245e+00    1.526e-05          True
     18919      4   2535   1.085991e-01   1.085991e-01   1.086006e-01   1.084430e-01    1.501e-06      1.561e-04    1.576e-04    3.147e+00    1.526e-05          True
     18925      4   2541   4.100330e-01   4.100330e-01   4.100294e-01   4.074487e-01    3.675e-06      2.584e-03    2.581e-03    3.773e+00    1.526e-05          True
     18935      4   2551   1.043348e+00   1.043348e+00   1.043349e+00   1.044774e+00    1.619e-06      1.426e-03    1.425e-03    3.391e+00    1.526e-05          True
     18945      4   2561  -9.085244e-01  -9.085244e-01  -9.085268e-01  -9.066235e-01    2.424e-06      1.901e-03    1.903e-03    3.954e+00    1.526e-05          True
     18951      4   2567  -5.324256e-01  -5.324256e-01  -5.324212e-01  -5.354106e-01    4.417e-06      2.985e-03    2.989e-03    3.499e+00    1.526e-05          True
     18957      4   2573   7.447665e-01   7.447665e-01   7.447640e-01   7.460279e-01    2.453e-06      1.261e-03    1.264e-03    7.112e+00    3.052e-05          True
     18959      4   2575  -9.055903e-02  -9.055903e-02  -9.056005e-02  -8.792791e-02    1.016e-06      2.631e-03    2.632e-03    3.637e+00    1.526e-05          True
     18960      4   2576  -1.047373e+00  -1.047373e+00  -1.047364e+00  -1.046065e+00    9.163e-06      1.308e-03    1.299e-03    6.142e+00    3.052e-05          True
     18972      4   2588   7.793465e-01   7.793465e-01   7.793456e-01   7.811671e-01    9.037e-07      1.821e-03    1.821e-03    4.648e+00    3.052e-05          True
     18978      4   2594  -8.114407e-01  -8.114407e-01  -8.114394e-01  -8.127998e-01    1.292e-06      1.359e-03    1.360e-03    3.343e+00    1.526e-05          True
     18982      4   2598   7.751839e-01   7.751839e-01   7.751845e-01   7.759910e-01    5.078e-07      8.070e-04    8.065e-04    5.452e+00    3.052e-05          True
     18997      4   2613  -3.702016e-02  -3.702016e-02  -3.702200e-02  -3.762066e-02    1.836e-06      6.005e-04    5.987e-04    3.241e+00    1.526e-05          True
     19003      4   2619   1.220570e-01   1.220570e-01   1.220583e-01   1.215714e-01    1.348e-06      4.855e-04    4.869e-04    3.218e+00    1.526e-05          True
     19004      4   2620  -1.097027e-01  -1.097027e-01  -1.097015e-01  -1.107478e-01    1.212e-06      1.045e-03    1.046e-03    6.856e+00    3.052e-05          True
     19009      4   2625   8.511929e-01   8.511929e-01   8.511935e-01   8.487267e-01    5.430e-07      2.466e-03    2.467e-03    6.079e+00    3.052e-05          True
     19012      4   2628   6.138546e-01   6.138546e-01   6.138555e-01   6.130766e-01    9.325e-07      7.780e-04    7.790e-04    3.897e+00    1.526e-05          True
     19014      4   2630  -1.566157e+00  -1.566157e+00  -1.566163e+00  -1.567798e+00    5.954e-06      1.640e-03    1.634e-03    4.002e+00    3.052e-05          True
     19016      4   2632  -7.172678e-01  -7.172678e-01  -7.172738e-01  -7.181822e-01    6.055e-06      9.144e-04    9.084e-04    4.895e+00    3.052e-05          True
     19029      4   2645   1.882163e-01   1.882163e-01   1.882115e-01   1.857093e-01    4.820e-06      2.507e-03    2.502e-03    5.320e+00    3.052e-05          True
     19031      4   2647   8.994257e-01   8.994257e-01   8.994290e-01   8.983607e-01    3.277e-06      1.065e-03    1.068e-03    5.869e+00    3.052e-05          True
     19036      4   2652   3.320954e-01   3.320954e-01   3.320950e-01   3.315719e-01    3.512e-07      5.235e-04    5.231e-04    4.275e+00    3.052e-05          True
     19037      4   2653   9.429626e-01   9.429626e-01   9.429622e-01   9.411116e-01    4.179e-07      1.851e-03    1.851e-03    4.861e+00    3.052e-05          True
     19040      4   2656  -2.010695e+00  -2.010695e+00  -2.010694e+00  -2.015229e+00    9.872e-07      4.534e-03    4.535e-03    7.209e+00    3.052e-05          True
     19049      4   2665   2.341663e+00   2.341663e+00   2.341656e+00   2.345953e+00    7.525e-06      4.289e-03    4.297e-03    5.068e+00    3.052e-05          True
     19064      4   2680   2.232991e-01   2.232991e-01   2.233001e-01   2.225762e-01    1.002e-06      7.229e-04    7.239e-04    2.843e+00    1.526e-05          True
     19073      4   2689   1.099606e+00   1.099606e+00   1.099599e+00   1.098022e+00    7.114e-06      1.584e-03    1.577e-03    4.659e+00    3.052e-05          True
     19079      4   2695   1.683720e-01   1.683720e-01   1.683696e-01   1.686621e-01    2.410e-06      2.900e-04    2.924e-04    5.188e+00    3.052e-05          True
     19081      4   2697  -8.337978e-01  -8.337978e-01  -8.337986e-01  -8.324828e-01    8.807e-07      1.315e-03    1.316e-03    3.452e+00    1.526e-05          True
     19086      4   2702  -9.864579e-01  -9.864579e-01  -9.864555e-01  -9.883405e-01    2.410e-06      1.883e-03    1.885e-03    2.482e+00    1.526e-05          True
     19093      4   2709  -7.909902e-02  -7.909902e-02  -7.910339e-02  -7.783976e-02    4.369e-06      1.259e-03    1.264e-03    4.791e+00    3.052e-05          True
     19095      4   2711   5.074029e-01   5.074029e-01   5.074033e-01   5.067567e-01    3.952e-07      6.463e-04    6.467e-04    3.750e+00    1.526e-05          True
     19096      4   2712  -3.847583e-02  -3.847583e-02  -3.847805e-02  -4.018088e-02    2.224e-06      1.705e-03    1.703e-03    3.303e+00    1.526e-05          True
     19102      4   2718  -9.262236e-01  -9.262236e-01  -9.262216e-01  -9.296337e-01    1.946e-06      3.410e-03    3.412e-03    8.063e+00    6.104e-05          True
     19113      4   2729  -1.428568e+00  -1.428568e+00  -1.428565e+00  -1.430002e+00    3.332e-06      1.433e-03    1.437e-03    6.727e+00    3.052e-05          True
     19117      4   2733  -2.597586e+00  -2.597586e+00  -2.597585e+00  -2.594863e+00    9.410e-07      2.722e-03    2.722e-03    8.061e+00    6.104e-05          True
     19128      4   2744  -1.330305e+00  -1.330305e+00  -1.330302e+00  -1.332820e+00    3.641e-06      2.514e-03    2.518e-03    5.005e+00    3.052e-05          True
     19138      4   2754  -6.491640e-01  -6.491640e-01  -6.491603e-01  -6.481445e-01    3.760e-06      1.020e-03    1.016e-03    4.682e+00    3.052e-05          True
     19141      4   2757  -5.365487e-01  -5.365487e-01  -5.365505e-01  -5.374696e-01    1.777e-06      9.208e-04    9.190e-04    2.542e+00    1.526e-05          True
     19149      4   2765   3.135244e-01   3.135244e-01   3.135279e-01   3.129525e-01    3.565e-06      5.719e-04    5.755e-04    4.385e+00    3.052e-05          True
     19155      4   2771  -1.212197e+00  -1.212197e+00  -1.212196e+00  -1.214983e+00    4.957e-07      2.786e-03    2.787e-03    4.201e+00    3.052e-05          True
     19162      4   2778  -8.972021e-01  -8.972021e-01  -8.972028e-01  -8.957589e-01    7.094e-07      1.443e-03    1.444e-03    5.252e+00    3.052e-05          True
     19168      4   2784   8.066201e-02   8.066201e-02   8.066016e-02   8.170231e-02    1.849e-06      1.040e-03    1.042e-03    4.173e+00    3.052e-05          True
     19177      4   2793  -1.406773e+00  -1.406773e+00  -1.406776e+00  -1.405157e+00    2.640e-06      1.617e-03    1.619e-03    5.523e+00    3.052e-05          True
     19181      4   2797  -7.598164e-01  -7.598164e-01  -7.598117e-01  -7.619667e-01    4.689e-06      2.150e-03    2.155e-03    4.344e+00    3.052e-05          True
     19186      4   2802   1.180393e+00   1.180393e+00   1.180388e+00   1.183177e+00    4.983e-06      2.784e-03    2.789e-03    5.009e+00    3.052e-05          True
     19191      4   2807   9.883476e-01   9.883476e-01   9.883479e-01   9.895087e-01    3.740e-07      1.161e-03    1.161e-03    4.095e+00    3.052e-05          True
     19195      4   2811   2.014976e+00   2.014976e+00   2.014980e+00   2.012729e+00    4.165e-06      2.247e-03    2.251e-03    6.050e+00    3.052e-05          True
     19203      4   2819  -7.753351e-01  -7.753351e-01  -7.753356e-01  -7.741200e-01    4.856e-07      1.215e-03    1.216e-03    5.003e+00    3.052e-05          True
     19205      4   2821   3.343034e-01   3.343034e-01   3.343113e-01   3.338216e-01    7.947e-06      4.818e-04    4.897e-04    5.514e+00    3.052e-05          True
     19228      4   2844   9.374271e-01   9.374271e-01   9.374269e-01   9.355724e-01    1.373e-07      1.855e-03    1.854e-03    5.607e+00    3.052e-05          True
     19235      4   2851  -2.618763e-01  -2.618763e-01  -2.618773e-01  -2.609116e-01    9.582e-07      9.648e-04    9.657e-04    3.179e+00    1.526e-05          True
     19240      4   2856  -8.007863e-02  -8.007863e-02  -8.007856e-02  -8.233999e-02    6.883e-08      2.261e-03    2.261e-03    2.956e+00    1.526e-05          True
     19247      4   2863   5.949483e-01   5.949483e-01   5.949510e-01   5.934378e-01    2.640e-06      1.511e-03    1.513e-03    4.265e+00    3.052e-05          True
     19252      4   2868  -4.426200e-02  -4.426200e-02  -4.426369e-02  -4.657944e-02    1.689e-06      2.317e-03    2.316e-03    3.647e+00    1.526e-05          True
     19258      4   2874  -1.943474e+00  -1.943474e+00  -1.943473e+00  -1.945889e+00    1.686e-06      2.414e-03    2.416e-03    2.980e+00    1.526e-05          True
     19259      4   2875   9.994193e-03   9.994193e-03   9.995423e-03   1.088925e-02    1.231e-06      8.951e-04    8.938e-04    8.464e+00    6.104e-05          True
     19267      4   2883  -1.304400e+00  -1.304400e+00  -1.304398e+00  -1.305715e+00    2.530e-06      1.314e-03    1.317e-03    2.918e+00    1.526e-05          True
     19269      4   2885  -2.306887e+00  -2.306887e+00  -2.306889e+00  -2.304576e+00    2.353e-06      2.311e-03    2.313e-03    7.373e+00    3.052e-05          True
     19270      4   2886  -1.845329e-01  -1.845329e-01  -1.845305e-01  -1.830637e-01    2.394e-06      1.469e-03    1.467e-03    2.681e+00    1.526e-05          True
     19274      4   2890   1.304743e+00   1.304743e+00   1.304743e+00   1.306227e+00    2.928e-08      1.485e-03    1.485e-03    2.756e+00    1.526e-05          True
     19285      4   2901  -9.816894e-01  -9.816894e-01  -9.816952e-01  -9.796216e-01    5.825e-06      2.068e-03    2.074e-03    7.516e+00    3.052e-05          True
     19295      4   2911   5.405553e-01   5.405553e-01   5.405568e-01   5.418690e-01    1.479e-06      1.314e-03    1.312e-03    8.290e+00    6.104e-05          True
     19298      4   2914   2.095633e-02   2.095633e-02   2.095672e-02   2.184284e-02    3.968e-07      8.865e-04    8.861e-04    3.075e+00    1.526e-05          True
     19304      4   2920   1.082680e-01   1.082680e-01   1.082756e-01   1.077078e-01    7.573e-06      5.603e-04    5.678e-04    7.506e+00    3.052e-05          True
     19307      4   2923  -5.920869e-01  -5.920869e-01  -5.920850e-01  -5.891751e-01    1.870e-06      2.912e-03    2.910e-03    3.860e+00    1.526e-05          True
     19312      4   2928   9.214382e-01   9.214382e-01   9.214296e-01   9.233732e-01    8.582e-06      1.935e-03    1.944e-03    4.953e+00    3.052e-05          True
     19315      4   2931  -4.280478e-01  -4.280478e-01  -4.280435e-01  -4.266695e-01    4.394e-06      1.378e-03    1.374e-03    5.297e+00    3.052e-05          True
     19317      4   2933  -1.506314e+00  -1.506314e+00  -1.506317e+00  -1.504678e+00    3.154e-06      1.636e-03    1.639e-03    4.048e+00    3.052e-05          True
     19322      4   2938  -1.465304e+00  -1.465304e+00  -1.465308e+00  -1.466884e+00    4.129e-06      1.581e-03    1.576e-03    6.424e+00    3.052e-05          True
     19328      4   2944   1.956293e-01   1.956293e-01   1.956255e-01   1.984503e-01    3.827e-06      2.821e-03    2.825e-03    3.431e+00    1.526e-05          True
     19338      4   2954  -3.105712e-01  -3.105712e-01  -3.105649e-01  -3.100086e-01    6.244e-06      5.626e-04    5.563e-04    7.336e+00    3.052e-05          True
     19341      4   2957  -8.285344e-01  -8.285344e-01  -8.285337e-01  -8.274878e-01    7.355e-07      1.047e-03    1.046e-03    5.005e+00    3.052e-05          True
     19347      4   2963   2.352031e+00   2.352031e+00   2.352026e+00   2.355018e+00    5.478e-06      2.987e-03    2.992e-03    4.776e+00    3.052e-05          True
     19351      4   2967  -2.050477e-01  -2.050477e-01  -2.050508e-01  -2.057888e-01    3.092e-06      7.411e-04    7.380e-04    8.378e+00    6.104e-05          True
     19352      4   2968   3.823231e-02   3.823231e-02   3.823249e-02   3.905842e-02    1.789e-07      8.261e-04    8.259e-04    3.451e+00    1.526e-05          True
     19354      4   2970  -4.666139e-01  -4.666139e-01  -4.666143e-01  -4.639901e-01    4.129e-07      2.624e-03    2.624e-03    6.805e+00    3.052e-05          True
     19361      4   2977  -9.629173e-02  -9.629173e-02  -9.628982e-02  -9.710728e-02    1.910e-06      8.156e-04    8.175e-04    3.059e+00    1.526e-05          True
     19362      4   2978   2.527861e+00   2.527861e+00   2.527862e+00   2.530579e+00    8.976e-07      2.718e-03    2.717e-03    3.887e+00    1.526e-05          True
     19366      4   2982   3.704194e-01   3.704194e-01   3.704207e-01   3.717535e-01    1.276e-06      1.334e-03    1.333e-03    5.297e+00    3.052e-05          True
     19371      4   2987   5.607555e-01   5.607555e-01   5.607522e-01   5.616030e-01    3.302e-06      8.475e-04    8.508e-04    4.553e+00    3.052e-05          True
     19380      4   2996   8.389399e-01   8.389399e-01   8.389387e-01   8.402228e-01    1.203e-06      1.283e-03    1.284e-03    5.255e+00    3.052e-05          True
     19381      4   2997   6.747796e-01   6.747796e-01   6.747822e-01   6.761240e-01    2.582e-06      1.344e-03    1.342e-03    2.877e+00    1.526e-05          True
     19383      4   2999   1.530001e+00   1.530001e+00   1.529996e+00   1.531592e+00    5.491e-06      1.591e-03    1.597e-03    4.200e+00    3.052e-05          True
     19387      4   3003  -1.221682e+00  -1.221682e+00  -1.221680e+00  -1.224597e+00    2.125e-06      2.915e-03    2.917e-03    3.294e+00    1.526e-05          True
     19392      4   3008  -1.193427e+00  -1.193427e+00  -1.193427e+00  -1.195310e+00    2.302e-07      1.883e-03    1.882e-03    4.459e+00    3.052e-05          True
     19399      4   3015  -1.663306e+00  -1.663306e+00  -1.663304e+00  -1.661569e+00    1.836e-06      1.736e-03    1.734e-03    4.363e+00    3.052e-05          True
     19401      4   3017   9.464694e-01   9.464694e-01   9.464702e-01   9.476834e-01    7.510e-07      1.214e-03    1.213e-03    3.703e+00    1.526e-05          True
     19404      4   3020   7.357750e-01   7.357750e-01   7.357738e-01   7.337734e-01    1.228e-06      2.002e-03    2.000e-03    3.916e+00    1.526e-05          True
     19405      4   3021   6.872867e-01   6.872867e-01   6.872869e-01   6.886801e-01    1.610e-07      1.393e-03    1.393e-03    6.646e+00    3.052e-05          True
     19416      4   3032  -4.955730e-02  -4.955730e-02  -4.956130e-02  -4.801196e-02    3.996e-06      1.545e-03    1.549e-03    4.727e+00    3.052e-05          True
     19425      4   3041   2.349297e-02   2.349297e-02   2.349602e-02   2.312632e-02    3.053e-06      3.667e-04    3.697e-04    5.325e+00    3.052e-05          True
     19430      4   3046  -1.858950e+00  -1.858950e+00  -1.858949e+00  -1.861861e+00    1.628e-06      2.910e-03    2.912e-03    3.520e+00    1.526e-05          True
     19434      4   3050  -3.961549e-01  -3.961549e-01  -3.961574e-01  -4.002439e-01    2.593e-06      4.089e-03    4.086e-03    3.660e+00    1.526e-05          True
     19438      4   3054  -1.444130e+00  -1.444130e+00  -1.444133e+00  -1.442664e+00    2.865e-06      1.467e-03    1.469e-03    3.973e+00    1.526e-05          True
     19441      4   3057   1.091969e+00   1.091969e+00   1.091968e+00   1.090340e+00    1.050e-06      1.629e-03    1.628e-03    2.884e+00    1.526e-05          True
     19451      4   3067   6.043884e-01   6.043884e-01   6.043900e-01   6.027379e-01    1.660e-06      1.650e-03    1.652e-03    4.105e+00    3.052e-05          True
     19453      4   3069   1.080764e+00   1.080764e+00   1.080760e+00   1.083611e+00    3.796e-06      2.847e-03    2.851e-03    5.792e+00    3.052e-05          True
     19460      4   3076   6.970037e-01   6.970037e-01   6.970046e-01   6.986748e-01    8.413e-07      1.671e-03    1.670e-03    3.147e+00    1.526e-05          True
     19474      4   3090  -8.183931e-01  -8.183931e-01  -8.183957e-01  -8.171180e-01    2.573e-06      1.275e-03    1.278e-03    4.676e+00    3.052e-05          True
     19475      4   3091  -3.480436e-01  -3.480436e-01  -3.480432e-01  -3.494787e-01    3.437e-07      1.435e-03    1.435e-03    4.318e+00    3.052e-05          True
     19489      4   3105   3.775644e-01   3.775644e-01   3.775657e-01   3.768699e-01    1.279e-06      6.945e-04    6.958e-04    5.102e+00    3.052e-05          True
     19495      4   3111   1.317707e+00   1.317707e+00   1.317710e+00   1.315500e+00    2.580e-06      2.207e-03    2.210e-03    4.557e+00    3.052e-05          True
     19498      4   3114  -4.734229e-01  -4.734229e-01  -4.734235e-01  -4.757797e-01    6.130e-07      2.357e-03    2.356e-03    4.863e+00    3.052e-05          True
     19515      4   3131  -1.427944e-01  -1.427944e-01  -1.427909e-01  -1.446713e-01    3.419e-06      1.877e-03    1.880e-03    5.247e+00    3.052e-05          True
     19529      4   3145  -1.404052e+00  -1.404052e+00  -1.404053e+00  -1.401964e+00    1.305e-06      2.088e-03    2.089e-03    4.900e+00    3.052e-05          True
     19531      4   3147  -1.413147e+00  -1.413147e+00  -1.413148e+00  -1.411638e+00    1.120e-06      1.509e-03    1.510e-03    3.246e+00    1.526e-05          True
     19540      4   3156  -4.985629e-01  -4.985629e-01  -4.985621e-01  -4.970652e-01    7.972e-07      1.498e-03    1.497e-03    3.260e+00    1.526e-05          True
     19547      4   3163  -1.031967e+00  -1.031967e+00  -1.031969e+00  -1.034496e+00    1.357e-06      2.529e-03    2.528e-03    2.637e+00    1.526e-05          True
     19552      4   3168  -1.316934e-01  -1.316934e-01  -1.316887e-01  -1.334712e-01    4.743e-06      1.778e-03    1.783e-03    4.288e+00    3.052e-05          True
     19568      4   3184   8.322351e-01   8.322351e-01   8.322377e-01   8.337559e-01    2.665e-06      1.521e-03    1.518e-03    2.375e+00    1.526e-05          True
     19570      4   3186  -3.017990e-01  -3.017990e-01  -3.017968e-01  -2.998881e-01    2.205e-06      1.911e-03    1.909e-03    5.357e+00    3.052e-05          True
     19583      4   3199   2.552694e+00   2.552694e+00   2.552693e+00   2.555370e+00    1.726e-06      2.675e-03    2.677e-03    4.611e+00    3.052e-05          True
     19584      4   3200   1.246096e+00   1.246096e+00   1.246099e+00   1.243788e+00    3.289e-06      2.307e-03    2.311e-03    3.969e+00    1.526e-05          True
     19586      4   3202  -1.988097e+00  -1.988097e+00  -1.988101e+00  -1.990504e+00    3.209e-06      2.407e-03    2.403e-03    5.522e+00    3.052e-05          True
     19596      4   3212  -1.171691e+00  -1.171691e+00  -1.171694e+00  -1.173655e+00    2.497e-06      1.963e-03    1.961e-03    3.408e+00    1.526e-05          True
     19599      4   3215  -1.068506e+00  -1.068506e+00  -1.068504e+00  -1.070557e+00    2.266e-06      2.051e-03    2.053e-03    5.008e+00    3.052e-05          True
     19605      4   3221  -2.472318e-01  -2.472318e-01  -2.472326e-01  -2.465521e-01    8.293e-07      6.797e-04    6.805e-04    2.728e+00    1.526e-05          True
     19615      4   3231   4.800950e-01   4.800950e-01   4.800974e-01   4.817029e-01    2.395e-06      1.608e-03    1.605e-03    6.536e+00    3.052e-05          True
     19619      4   3235  -9.574430e-01  -9.574430e-01  -9.574448e-01  -9.592727e-01    1.806e-06      1.830e-03    1.828e-03    3.439e+00    1.526e-05          True
     19620      4   3236   2.658515e+00   2.658515e+00   2.658518e+00   2.661623e+00    3.772e-06      3.109e-03    3.105e-03    5.590e+00    3.052e-05          True
     19622      4   3238  -1.363770e+00  -1.363770e+00  -1.363772e+00  -1.367412e+00    2.134e-06      3.642e-03    3.640e-03    4.262e+00    3.052e-05          True
     19635      4   3251  -6.250085e-01  -6.250085e-01  -6.250042e-01  -6.213158e-01    4.230e-06      3.693e-03    3.688e-03    5.478e+00    3.052e-05          True
     19643      4   3259   1.604459e+00   1.604459e+00   1.604456e+00   1.602719e+00    2.566e-06      1.740e-03    1.737e-03    4.764e+00    3.052e-05          True
     19650      4   3266   7.796713e-01   7.796713e-01   7.796677e-01   7.780202e-01    3.672e-06      1.651e-03    1.647e-03    6.003e+00    3.052e-05          True
     19663      4   3279   1.682678e+00   1.682678e+00   1.682679e+00   1.679987e+00    7.336e-07      2.691e-03    2.692e-03    4.636e+00    3.052e-05          True
     19667      4   3283  -7.003560e-01  -7.003560e-01  -7.003572e-01  -6.979568e-01    1.216e-06      2.399e-03    2.400e-03    3.290e+00    1.526e-05          True
     19668      4   3284   1.464825e-01   1.464825e-01   1.464816e-01   1.461132e-01    9.279e-07      3.693e-04    3.683e-04    7.114e+00    3.052e-05          True
     19674      4   3290   2.044967e+00   2.044967e+00   2.044967e+00   2.042334e+00    7.966e-08      2.633e-03    2.633e-03    6.602e+00    3.052e-05          True
     19682      4   3298  -1.423062e+00  -1.423062e+00  -1.423063e+00  -1.421032e+00    8.789e-07      2.030e-03    2.031e-03    3.146e+00    1.526e-05          True
     19685      4   3301  -1.363251e-01  -1.363251e-01  -1.363213e-01  -1.345204e-01    3.831e-06      1.805e-03    1.801e-03    8.157e+00    6.104e-05          True
     19688      4   3304   2.134814e+00   2.134814e+00   2.134812e+00   2.132177e+00    1.231e-06      2.637e-03    2.636e-03    2.486e+00    1.526e-05          True
     19694      4   3310   1.690241e+00   1.690241e+00   1.690241e+00   1.688427e+00    7.719e-07      1.815e-03    1.814e-03    3.821e+00    1.526e-05          True
     19702      4   3318  -2.014195e+00  -2.014195e+00  -2.014194e+00  -2.011461e+00    1.299e-06      2.735e-03    2.733e-03    5.450e+00    3.052e-05          True
     19703      4   3319   6.106844e-01   6.106844e-01   6.106891e-01   6.131488e-01    4.670e-06      2.464e-03    2.460e-03    5.642e+00    3.052e-05          True
     19717      4   3333   1.855869e+00   1.855869e+00   1.855871e+00   1.853617e+00    2.162e-06      2.252e-03    2.255e-03    7.010e+00    3.052e-05          True
     19738      4   3354  -1.834762e+00  -1.834762e+00  -1.834759e+00  -1.832594e+00    2.918e-06      2.168e-03    2.165e-03    3.942e+00    1.526e-05          True
     19744      4   3360   1.059807e-01   1.059807e-01   1.059791e-01   1.048444e-01    1.623e-06      1.136e-03    1.135e-03    5.888e+00    3.052e-05          True
     19758      4   3374   6.567566e-01   6.567566e-01   6.567533e-01   6.581708e-01    3.256e-06      1.414e-03    1.417e-03    3.549e+00    1.526e-05          True
     19767      4   3383  -2.608990e-01  -2.608990e-01  -2.608970e-01  -2.593192e-01    2.079e-06      1.580e-03    1.578e-03    4.492e+00    3.052e-05          True
     19770      4   3386  -1.445392e+00  -1.445392e+00  -1.445390e+00  -1.443075e+00    1.665e-06      2.317e-03    2.315e-03    5.146e+00    3.052e-05          True
     19772      4   3388  -1.452969e+00  -1.452969e+00  -1.452971e+00  -1.454813e+00    2.552e-06      1.844e-03    1.842e-03    4.090e+00    3.052e-05          True
     19774      4   3390   1.085138e+00   1.085138e+00   1.085137e+00   1.083975e+00    1.015e-06      1.163e-03    1.162e-03    5.097e+00    3.052e-05          True
     19785      4   3401  -5.570163e-01  -5.570163e-01  -5.570140e-01  -5.543657e-01    2.207e-06      2.651e-03    2.648e-03    3.475e+00    1.526e-05          True
     19788      4   3404  -4.006205e-01  -4.006205e-01  -4.006229e-01  -4.023120e-01    2.395e-06      1.692e-03    1.689e-03    2.987e+00    1.526e-05          True
     19793      4   3409  -1.108951e-01  -1.108951e-01  -1.108973e-01  -1.104679e-01    2.133e-06      4.272e-04    4.294e-04    4.822e+00    3.052e-05          True
     19794      4   3410  -2.970330e-01  -2.970330e-01  -2.970316e-01  -2.965485e-01    1.351e-06      4.844e-04    4.831e-04    4.091e+00    3.052e-05          True
     19800      4   3416   1.441642e-02   1.441642e-02   1.441066e-02   1.514608e-02    5.757e-06      7.297e-04    7.354e-04    5.628e+00    3.052e-05          True
     19807      4   3423  -5.316460e-01  -5.316460e-01  -5.316467e-01  -5.294099e-01    7.496e-07      2.236e-03    2.237e-03    3.571e+00    1.526e-05          True
     19808      4   3424   2.639346e-01   2.639346e-01   2.639361e-01   2.663271e-01    1.576e-06      2.392e-03    2.391e-03    4.359e+00    3.052e-05          True
     19809      4   3425  -4.239311e-02  -4.239311e-02  -4.240514e-02  -4.373949e-02    1.202e-05      1.346e-03    1.334e-03    5.771e+00    3.052e-05          True
     19814      4   3430  -2.135738e+00  -2.135738e+00  -2.135737e+00  -2.132741e+00    8.261e-07      2.996e-03    2.995e-03    4.103e+00    3.052e-05          True
     19815      4   3431   1.778974e+00   1.778974e+00   1.778971e+00   1.780806e+00    3.575e-06      1.832e-03    1.836e-03    3.765e+00    1.526e-05          True
     19817      4   3433   1.987657e+00   1.987657e+00   1.987661e+00   1.985424e+00    4.009e-06      2.233e-03    2.237e-03    3.177e+00    1.526e-05          True
     19823      4   3439   2.131686e-01   2.131686e-01   2.131648e-01   2.128549e-01    3.849e-06      3.137e-04    3.099e-04    3.447e+00    1.526e-05          True
     19827      4   3443  -3.658206e-02  -3.658206e-02  -3.657759e-02  -3.729312e-02    4.473e-06      7.111e-04    7.155e-04    5.518e+00    3.052e-05          True
     19836      4   3452  -2.244805e-01  -2.244805e-01  -2.244797e-01  -2.224850e-01    7.565e-07      1.995e-03    1.995e-03    3.675e+00    1.526e-05          True
     19845      4   3461   2.376906e+00   2.376906e+00   2.376907e+00   2.373680e+00    1.402e-06      3.226e-03    3.227e-03    6.135e+00    3.052e-05          True
     19847      4   3463   4.921794e-01   4.921794e-01   4.921781e-01   4.916608e-01    1.359e-06      5.186e-04    5.173e-04    5.133e+00    3.052e-05          True
     19861      4   3477  -3.937722e-01  -3.937722e-01  -3.937721e-01  -3.931071e-01    7.197e-08      6.651e-04    6.650e-04    3.545e+00    1.526e-05          True
     19865      4   3481  -8.232937e-01  -8.232937e-01  -8.232892e-01  -8.222619e-01    4.564e-06      1.032e-03    1.027e-03    5.631e+00    3.052e-05          True
     19873      4   3489   3.255928e-01   3.255928e-01   3.255924e-01   3.282083e-01    4.430e-07      2.615e-03    2.616e-03    3.811e+00    1.526e-05          True
     19875      4   3491   1.397593e+00   1.397593e+00   1.397589e+00   1.399627e+00    3.475e-06      2.034e-03    2.038e-03    3.066e+00    1.526e-05          True
     19876      4   3492   7.272722e-01   7.272722e-01   7.272675e-01   7.280104e-01    4.721e-06      7.381e-04    7.429e-04    6.030e+00    3.052e-05          True
     19886      4   3502   7.176365e-01   7.176365e-01   7.176363e-01   7.159769e-01    1.098e-07      1.660e-03    1.659e-03    3.707e+00    1.526e-05          True
     19894      4   3510  -1.376014e-01  -1.376014e-01  -1.376023e-01  -1.340262e-01    8.399e-07      3.575e-03    3.576e-03    2.150e+00    1.526e-05          True
     19899      4   3515  -6.079967e-01  -6.079967e-01  -6.079984e-01  -6.111672e-01    1.689e-06      3.171e-03    3.169e-03    3.514e+00    1.526e-05          True
     19932      4   3548   1.384790e+00   1.384790e+00   1.384793e+00   1.386836e+00    2.429e-06      2.046e-03    2.043e-03    3.136e+00    1.526e-05          True
     19934      4   3550  -3.591524e-01  -3.591524e-01  -3.591501e-01  -3.573841e-01    2.344e-06      1.768e-03    1.766e-03    2.982e+00    1.526e-05          True
     19935      4   3551   8.264199e-02   8.264199e-02   8.264232e-02   8.292161e-02    3.218e-07      2.796e-04    2.793e-04    3.926e+00    1.526e-05          True
     19936      4   3552   2.653199e+00   2.653199e+00   2.653200e+00   2.649888e+00    1.388e-06      3.311e-03    3.312e-03    5.231e+00    3.052e-05          True
     19945      4   3561  -2.148127e-01  -2.148127e-01  -2.148111e-01  -2.145565e-01    1.577e-06      2.562e-04    2.546e-04    3.256e+00    1.526e-05          True
     19946      4   3562  -4.512288e-01  -4.512288e-01  -4.512288e-01  -4.517909e-01    1.428e-08      5.621e-04    5.621e-04    3.237e+00    1.526e-05          True
     19966      4   3582   7.940319e-01   7.940319e-01   7.940297e-01   7.924635e-01    2.220e-06      1.568e-03    1.566e-03    3.790e+00    1.526e-05          True
     19970      4   3586  -1.242250e+00  -1.242250e+00  -1.242248e+00  -1.240474e+00    2.481e-06      1.776e-03    1.774e-03    4.672e+00    3.052e-05          True
     19971      4   3587   8.000509e-01   8.000509e-01   8.000491e-01   7.986047e-01    1.798e-06      1.446e-03    1.444e-03    7.047e+00    3.052e-05          True
     19978      4   3594   9.177039e-01   9.177039e-01   9.177055e-01   9.161152e-01    1.535e-06      1.589e-03    1.590e-03    3.399e+00    1.526e-05          True
     19984      4   3600  -1.349556e+00  -1.349556e+00  -1.349564e+00  -1.350985e+00    7.827e-06      1.429e-03    1.422e-03    5.992e+00    3.052e-05          True
     19988      4   3604   9.228969e-02   9.228969e-02   9.227858e-02   9.140229e-02    1.110e-05      8.874e-04    8.763e-04    5.297e+00    3.052e-05          True
     19992      4   3608  -2.217827e+00  -2.217827e+00  -2.217827e+00  -2.215588e+00    7.837e-07      2.240e-03    2.239e-03    3.547e+00    1.526e-05          True
     19996      4   3612  -2.064426e-01  -2.064426e-01  -2.064374e-01  -2.045644e-01    5.217e-06      1.878e-03    1.873e-03    6.079e+00    3.052e-05          True
     19999      4   3615  -8.395853e-01  -8.395853e-01  -8.395868e-01  -8.407406e-01    1.532e-06      1.155e-03    1.154e-03    5.459e+00    3.052e-05          True
     20000      4   3616   2.842154e+00   2.842154e+00   2.842151e+00   2.845200e+00    3.204e-06      3.045e-03    3.049e-03    3.900e+00    1.526e-05          True
     20009      4   3625   4.481583e-01   4.481583e-01   4.481704e-01   4.472143e-01    1.202e-05      9.440e-04    9.561e-04    6.065e+00    3.052e-05          True
     20013      4   3629  -8.134811e-01  -8.134811e-01  -8.134839e-01  -8.155337e-01    2.776e-06      2.053e-03    2.050e-03    3.956e+00    1.526e-05          True
     20019      4   3635   4.958132e-01   4.958132e-01   4.958140e-01   4.967083e-01    8.101e-07      8.951e-04    8.943e-04    3.749e+00    1.526e-05          True
     20024      4   3640  -3.096918e-01  -3.096918e-01  -3.096923e-01  -3.106637e-01    4.743e-07      9.719e-04    9.714e-04    4.504e+00    3.052e-05          True
     20026      4   3642   6.286208e-01   6.286208e-01   6.286210e-01   6.273822e-01    2.194e-07      1.239e-03    1.239e-03    5.145e+00    3.052e-05          True
     20047      4   3663  -1.296784e+00  -1.296784e+00  -1.296781e+00  -1.298938e+00    2.841e-06      2.154e-03    2.157e-03    4.509e+00    3.052e-05          True
     20054      4   3670   3.515059e-01   3.515059e-01   3.515047e-01   3.496473e-01    1.268e-06      1.859e-03    1.857e-03    4.885e+00    3.052e-05          True
     20059      4   3675  -2.144124e+00  -2.144124e+00  -2.144122e+00  -2.141823e+00    1.553e-06      2.301e-03    2.299e-03    3.427e+00    1.526e-05          True
     20064      4   3680   1.025158e+00   1.025158e+00   1.025158e+00   1.026414e+00    3.096e-07      1.256e-03    1.256e-03    4.954e+00    3.052e-05          True
     20066      4   3682  -1.610451e-03  -1.610451e-03  -1.613300e-03  -1.913354e-03    2.849e-06      3.029e-04    3.001e-04    4.772e+00    3.052e-05          True
     20067      4   3683  -1.732135e+00  -1.732135e+00  -1.732138e+00  -1.730310e+00    3.317e-06      1.824e-03    1.828e-03    4.269e+00    3.052e-05          True
     20070      4   3686   5.726010e-01   5.726010e-01   5.726087e-01   5.698598e-01    7.714e-06      2.741e-03    2.749e-03    5.005e+00    3.052e-05          True
     20073      4   3689  -2.353995e-01  -2.353995e-01  -2.353995e-01  -2.338371e-01    6.356e-08      1.562e-03    1.562e-03    3.715e+00    1.526e-05          True
     20085      4   3701   9.887201e-01   9.887201e-01   9.887279e-01   9.877185e-01    7.768e-06      1.002e-03    1.009e-03    6.165e+00    3.052e-05          True
     20088      4   3704   1.642122e+00   1.642122e+00   1.642123e+00   1.645620e+00    9.345e-07      3.498e-03    3.497e-03    6.169e+00    3.052e-05          True
     20090      4   3706  -7.552298e-01  -7.552298e-01  -7.552246e-01  -7.543233e-01    5.213e-06      9.065e-04    9.013e-04    2.607e+00    1.526e-05          True
     20091      4   3707  -9.531387e-01  -9.531387e-01  -9.531385e-01  -9.545290e-01    2.015e-07      1.390e-03    1.391e-03    5.511e+00    3.052e-05          True
     20092      4   3708   3.717355e-01   3.717355e-01   3.717351e-01   3.749872e-01    4.482e-07      3.252e-03    3.252e-03    3.015e+00    1.526e-05          True
     20094      4   3710   1.818999e+00   1.818999e+00   1.818996e+00   1.821469e+00    2.758e-06      2.470e-03    2.473e-03    3.374e+00    1.526e-05          True
     20097      4   3713  -1.010742e+00  -1.010742e+00  -1.010747e+00  -1.012019e+00    4.770e-06      1.276e-03    1.272e-03    1.008e+01    6.104e-05          True
     20099      4   3715  -2.038745e-01  -2.038745e-01  -2.038750e-01  -2.027442e-01    5.629e-07      1.130e-03    1.131e-03    4.826e+00    3.052e-05          True
     20105      4   3721   1.753751e+00   1.753751e+00   1.753751e+00   1.751696e+00    8.919e-07      2.055e-03    2.055e-03    3.808e+00    1.526e-05          True
     20106      4   3722   9.111248e-01   9.111248e-01   9.111236e-01   9.126917e-01    1.175e-06      1.567e-03    1.568e-03    4.388e+00    3.052e-05          True
     20109      4   3725   1.114757e+00   1.114757e+00   1.114760e+00   1.116895e+00    3.155e-06      2.138e-03    2.135e-03    5.403e+00    3.052e-05          True
     20115      4   3731   1.092641e+00   1.092641e+00   1.092639e+00   1.093883e+00    1.996e-06      1.241e-03    1.243e-03    3.686e+00    1.526e-05          True
     20122      4   3738  -3.087559e-01  -3.087559e-01  -3.087541e-01  -3.084012e-01    1.798e-06      3.547e-04    3.529e-04    2.705e+00    1.526e-05          True
     20125      4   3741   3.059856e-01   3.059856e-01   3.059850e-01   3.034912e-01    5.783e-07      2.494e-03    2.494e-03    5.622e+00    3.052e-05          True
     20132      4   3748   1.620999e+00   1.620999e+00   1.620996e+00   1.618617e+00    3.228e-06      2.382e-03    2.379e-03    6.531e+00    3.052e-05          True
     20137      4   3753  -5.803505e-01  -5.803505e-01  -5.803537e-01  -5.824458e-01    3.269e-06      2.095e-03    2.092e-03    4.367e+00    3.052e-05          True
     20141      4   3757  -5.076996e-01  -5.076996e-01  -5.076987e-01  -5.059202e-01    8.700e-07      1.779e-03    1.778e-03    6.647e+00    3.052e-05          True
     20147      4   3763  -4.986801e-01  -4.986801e-01  -4.986801e-01  -5.001847e-01    5.468e-08      1.505e-03    1.505e-03    4.969e+00    3.052e-05          True
     20154      4   3770  -1.078627e+00  -1.078627e+00  -1.078628e+00  -1.076918e+00    1.843e-06      1.709e-03    1.710e-03    6.175e+00    3.052e-05          True
     20168      4   3784   9.923345e-01   9.923345e-01   9.923380e-01   9.898137e-01    3.474e-06      2.521e-03    2.524e-03    5.504e+00    3.052e-05          True
     20172      4   3788  -1.410962e+00  -1.410962e+00  -1.410966e+00  -1.409096e+00    3.803e-06      1.867e-03    1.870e-03    3.411e+00    1.526e-05          True
     20177      4   3793   9.491909e-01   9.491909e-01   9.491921e-01   9.519078e-01    1.253e-06      2.717e-03    2.716e-03    6.900e+00    3.052e-05          True
     20178      4   3794   9.863613e-02   9.863613e-02   9.863742e-02   9.826324e-02    1.290e-06      3.729e-04    3.742e-04    5.070e+00    3.052e-05          True
     20185      4   3801   1.999622e+00   1.999622e+00   1.999621e+00   1.995978e+00    5.024e-07      3.643e-03    3.643e-03    6.347e+00    3.052e-05          True
     20200      4   3816   2.228155e+00   2.228155e+00   2.228154e+00   2.225748e+00    1.038e-06      2.407e-03    2.406e-03    5.022e+00    3.052e-05          True
     20210      4   3826   4.798594e-01   4.798594e-01   4.798563e-01   4.808471e-01    3.028e-06      9.877e-04    9.907e-04    3.696e+00    1.526e-05          True
     20211      4   3827  -8.070590e-02  -8.070590e-02  -8.070338e-02  -8.167507e-02    2.518e-06      9.692e-04    9.717e-04    2.488e+00    1.526e-05          True
     20227      4   3843   1.194732e-01   1.194732e-01   1.194704e-01   1.197629e-01    2.825e-06      2.897e-04    2.926e-04    5.071e+00    3.052e-05          True
     20233      4   3849   6.726207e-01   6.726207e-01   6.726206e-01   6.737232e-01    1.440e-07      1.102e-03    1.103e-03    4.728e+00    3.052e-05          True
     20234      4   3850  -1.169481e-02  -1.169481e-02  -1.168894e-02  -1.281141e-02    5.871e-06      1.117e-03    1.122e-03    4.629e+00    3.052e-05          True
     20237      4   3853  -1.951631e-01  -1.951631e-01  -1.951623e-01  -1.940832e-01    8.817e-07      1.080e-03    1.079e-03    4.514e+00    3.052e-05          True
     20250      4   3866  -1.449672e+00  -1.449672e+00  -1.449674e+00  -1.451307e+00    1.378e-06      1.635e-03    1.633e-03    3.208e+00    1.526e-05          True
     20254      4   3870  -1.163975e-01  -1.163975e-01  -1.163885e-01  -1.173465e-01    9.049e-06      9.490e-04    9.580e-04    6.183e+00    3.052e-05          True
     20267      4   3883  -6.777256e-01  -6.777256e-01  -6.777189e-01  -6.788994e-01    6.749e-06      1.174e-03    1.181e-03    7.045e+00    3.052e-05          True
     20272      4   3888  -3.369268e-01  -3.369268e-01  -3.369286e-01  -3.375836e-01    1.828e-06      6.569e-04    6.550e-04    4.256e+00    3.052e-05          True
     20287      4   3903   1.794626e+00   1.794626e+00   1.794624e+00   1.792364e+00    2.377e-06      2.263e-03    2.260e-03    4.558e+00    3.052e-05          True
     20292      4   3908   4.971780e-01   4.971780e-01   4.971794e-01   4.949439e-01    1.411e-06      2.234e-03    2.236e-03    3.804e+00    1.526e-05          True
     20294      4   3910  -6.399233e-01  -6.399233e-01  -6.399235e-01  -6.379309e-01    1.956e-07      1.992e-03    1.993e-03    3.822e+00    1.526e-05          True
     20297      4   3913  -1.160688e+00  -1.160688e+00  -1.160689e+00  -1.159275e+00    1.456e-06      1.413e-03    1.414e-03    3.538e+00    1.526e-05          True
     20299      4   3915   1.608553e+00   1.608553e+00   1.608560e+00   1.604669e+00    7.268e-06      3.883e-03    3.891e-03    4.814e+00    3.052e-05          True
     20307      4   3923  -4.082715e-02  -4.082715e-02  -4.082864e-02  -3.989821e-02    1.487e-06      9.289e-04    9.304e-04    3.386e+00    1.526e-05          True
     20314      4   3930  -4.375097e-01  -4.375097e-01  -4.375096e-01  -4.341044e-01    1.377e-07      3.405e-03    3.405e-03    3.528e+00    1.526e-05          True
     20317      4   3933  -2.122030e-01  -2.122030e-01  -2.122034e-01  -2.114974e-01    4.481e-07      7.056e-04    7.061e-04    4.177e+00    3.052e-05          True
     20324      4   3940   9.603335e-01   9.603335e-01   9.603306e-01   9.615723e-01    2.930e-06      1.239e-03    1.242e-03    4.098e+00    3.052e-05          True
     20330      4   3946  -1.091575e+00  -1.091575e+00  -1.091577e+00  -1.089714e+00    2.010e-06      1.861e-03    1.863e-03    3.797e+00    1.526e-05          True
     20331      4   3947   3.421934e-01   3.421934e-01   3.421982e-01   3.432741e-01    4.744e-06      1.081e-03    1.076e-03    5.691e+00    3.052e-05          True
     20335      4   3951   1.321887e-01   1.321887e-01   1.321930e-01   1.312103e-01    4.277e-06      9.784e-04    9.827e-04    5.727e+00    3.052e-05          True
     20345      4   3961   2.204203e+00   2.204203e+00   2.204202e+00   2.207392e+00    3.608e-07      3.190e-03    3.190e-03    2.692e+00    1.526e-05          True
     20356      4   3972  -2.324936e-01  -2.324936e-01  -2.324983e-01  -2.316663e-01    4.705e-06      8.273e-04    8.320e-04    4.494e+00    3.052e-05          True
     20360      4   3976  -3.058481e-01  -3.058481e-01  -3.058384e-01  -3.075629e-01    9.651e-06      1.715e-03    1.725e-03    5.319e+00    3.052e-05          True
     20363      4   3979   1.743440e+00   1.743440e+00   1.743441e+00   1.746794e+00    4.107e-07      3.354e-03    3.354e-03    2.433e+00    1.526e-05          True
     20385      4   4001  -1.454625e+00  -1.454625e+00  -1.454616e+00  -1.452651e+00    8.996e-06      1.973e-03    1.964e-03    5.113e+00    3.052e-05          True
     20388      4   4004  -8.476490e-02  -8.476490e-02  -8.476570e-02  -8.380362e-02    7.916e-07      9.613e-04    9.621e-04    3.527e+00    1.526e-05          True
     20401      4   4017  -5.197655e-01  -5.197655e-01  -5.197629e-01  -5.189362e-01    2.658e-06      8.293e-04    8.267e-04    4.112e+00    3.052e-05          True
     20405      4   4021  -8.850048e-01  -8.850048e-01  -8.850061e-01  -8.863029e-01    1.303e-06      1.298e-03    1.297e-03    3.091e+00    1.526e-05          True
     20406      4   4022   1.316555e-01   1.316555e-01   1.316611e-01   1.325199e-01    5.643e-06      8.645e-04    8.588e-04    7.536e+00    3.052e-05          True
     20409      4   4025  -1.987758e-01  -1.987758e-01  -1.987783e-01  -1.984659e-01    2.591e-06      3.098e-04    3.124e-04    5.504e+00    3.052e-05          True
     20424      4   4040   1.928971e-01   1.928971e-01   1.928950e-01   1.937954e-01    2.139e-06      8.983e-04    9.004e-04    3.663e+00    1.526e-05          True
     20427      4   4043   1.483777e+00   1.483777e+00   1.483781e+00   1.481712e+00    3.947e-06      2.065e-03    2.069e-03    5.011e+00    3.052e-05          True
     20441      4   4057   6.695325e-01   6.695325e-01   6.695324e-01   6.679578e-01    8.486e-08      1.575e-03    1.575e-03    3.911e+00    1.526e-05          True
     20443      4   4059  -7.195047e-01  -7.195047e-01  -7.195039e-01  -7.183869e-01    8.034e-07      1.118e-03    1.117e-03    5.136e+00    3.052e-05          True
     20449      4   4065   3.737448e-01   3.737448e-01   3.737434e-01   3.726217e-01    1.379e-06      1.123e-03    1.122e-03    4.326e+00    3.052e-05          True
     20460      4   4076   4.483812e-01   4.483812e-01   4.483812e-01   4.463513e-01    3.990e-08      2.030e-03    2.030e-03    6.527e+00    3.052e-05          True
     20468      4   4084   1.379923e+00   1.379923e+00   1.379924e+00   1.376743e+00    1.595e-06      3.180e-03    3.181e-03    5.378e+00    3.052e-05          True
     20475      4   4091  -1.312292e+00  -1.312292e+00  -1.312291e+00  -1.310893e+00    9.222e-07      1.399e-03    1.398e-03    6.080e+00    3.052e-05          True
     20479      4   4095  -8.711217e-01  -8.711217e-01  -8.711228e-01  -8.721153e-01    1.049e-06      9.936e-04    9.925e-04    4.821e+00    3.052e-05          True
     20480      5      0  -3.690438e-01  -3.690438e-01  -3.690457e-01  -3.680485e-01    1.834e-06      9.953e-04    9.971e-04    6.704e+00    3.052e-05          True
     20485      5      5   2.305671e+00   2.305671e+00   2.305671e+00   2.308130e+00    3.199e-07      2.459e-03    2.459e-03    4.515e+00    3.052e-05          True
     20489      5      9   1.087153e-01   1.087153e-01   1.087151e-01   1.083226e-01    2.114e-07      3.926e-04    3.924e-04    2.703e+00    1.526e-05          True
     20494      5     14  -1.468328e+00  -1.468328e+00  -1.468333e+00  -1.470550e+00    4.195e-06      2.221e-03    2.217e-03    6.327e+00    3.052e-05          True
     20495      5     15   6.343094e-01   6.343094e-01   6.343077e-01   6.335927e-01    1.721e-06      7.167e-04    7.150e-04    2.414e+00    1.526e-05          True
     20498      5     18   9.683227e-01   9.683227e-01   9.683230e-01   9.671852e-01    2.843e-07      1.138e-03    1.138e-03    3.270e+00    1.526e-05          True
     20500      5     20  -1.851015e+00  -1.851015e+00  -1.851017e+00  -1.849115e+00    2.299e-06      1.900e-03    1.902e-03    3.449e+00    1.526e-05          True
     20508      5     28   4.946061e-01   4.946061e-01   4.946011e-01   4.937106e-01    4.986e-06      8.955e-04    8.906e-04    4.960e+00    3.052e-05          True
     20510      5     30  -1.168728e-01  -1.168728e-01  -1.168768e-01  -1.171565e-01    3.985e-06      2.837e-04    2.797e-04    4.127e+00    3.052e-05          True
     20516      5     36   1.401928e+00   1.401928e+00   1.401930e+00   1.400098e+00    2.207e-06      1.830e-03    1.832e-03    3.194e+00    1.526e-05          True
     20521      5     41   9.441911e-01   9.441911e-01   9.441909e-01   9.419520e-01    2.309e-07      2.239e-03    2.239e-03    6.389e+00    3.052e-05          True
     20522      5     42   7.612852e-01   7.612852e-01   7.612861e-01   7.633731e-01    9.317e-07      2.088e-03    2.087e-03    2.522e+00    1.526e-05          True
     20523      5     43  -5.195100e-01  -5.195100e-01  -5.195071e-01  -5.201624e-01    2.904e-06      6.524e-04    6.554e-04    3.143e+00    1.526e-05          True
     20531      5     51   7.839242e-01   7.839242e-01   7.839255e-01   7.830608e-01    1.317e-06      8.633e-04    8.646e-04    2.607e+00    1.526e-05          True
     20535      5     55  -7.178843e-01  -7.178843e-01  -7.178912e-01  -7.169876e-01    6.936e-06      8.967e-04    9.036e-04    7.024e+00    3.052e-05          True
     20547      5     67  -1.234312e+00  -1.234312e+00  -1.234309e+00  -1.236768e+00    2.723e-06      2.456e-03    2.458e-03    7.591e+00    3.052e-05          True
     20549      5     69   8.818464e-01   8.818464e-01   8.818472e-01   8.842216e-01    8.439e-07      2.375e-03    2.374e-03    4.472e+00    3.052e-05          True
     20550      5     70  -1.865095e+00  -1.865095e+00  -1.865096e+00  -1.867548e+00    8.706e-07      2.453e-03    2.452e-03    3.303e+00    1.526e-05          True
     20556      5     76  -1.940251e+00  -1.940251e+00  -1.940250e+00  -1.943109e+00    1.245e-06      2.858e-03    2.859e-03    3.653e+00    1.526e-05          True
     20559      5     79  -1.679218e+00  -1.679218e+00  -1.679217e+00  -1.677333e+00    1.087e-06      1.886e-03    1.884e-03    3.816e+00    1.526e-05          True
     20569      5     89  -1.183062e+00  -1.183062e+00  -1.183070e+00  -1.184618e+00    8.094e-06      1.556e-03    1.547e-03    6.739e+00    3.052e-05          True
     20574      5     94   1.406913e+00   1.406913e+00   1.406911e+00   1.408501e+00    1.507e-06      1.588e-03    1.589e-03    3.448e+00    1.526e-05          True
     20580      5    100  -4.373747e-03  -4.373747e-03  -4.367765e-03  -3.582358e-03    5.982e-06      7.914e-04    7.854e-04    4.937e+00    3.052e-05          True
     20586      5    106   1.118127e+00   1.118127e+00   1.118119e+00   1.116600e+00    7.192e-06      1.527e-03    1.519e-03    6.375e+00    3.052e-05          True
     20592      5    112   1.794748e-01   1.794748e-01   1.794728e-01   1.802241e-01    1.976e-06      7.493e-04    7.513e-04    4.262e+00    3.052e-05          True
     20597      5    117   1.185331e+00   1.185331e+00   1.185330e+00   1.182909e+00    4.876e-07      2.421e-03    2.421e-03    2.734e+00    1.526e-05          True
     20611      5    131  -1.113365e+00  -1.113365e+00  -1.113364e+00  -1.115359e+00    9.635e-07      1.994e-03    1.995e-03    3.140e+00    1.526e-05          True
     20615      5    135   1.542260e-01   1.542260e-01   1.542324e-01   1.552274e-01    6.416e-06      1.001e-03    9.950e-04    5.486e+00    3.052e-05          True
     20637      5    157  -2.656072e-01  -2.656072e-01  -2.656072e-01  -2.644746e-01    4.019e-08      1.133e-03    1.133e-03    2.051e+00    1.526e-05          True
     20642      5    162  -4.298369e-01  -4.298369e-01  -4.298371e-01  -4.309222e-01    1.837e-07      1.085e-03    1.085e-03    4.985e+00    3.052e-05          True
     20652      5    172  -3.510763e-01  -3.510763e-01  -3.510768e-01  -3.506453e-01    5.039e-07      4.310e-04    4.315e-04    3.222e+00    1.526e-05          True
     20655      5    175   2.937194e-01   2.937194e-01   2.937097e-01   2.940118e-01    9.695e-06      2.924e-04    3.021e-04    5.796e+00    3.052e-05          True
     20658      5    178   1.365167e-01   1.365167e-01   1.365227e-01   1.357303e-01    5.962e-06      7.865e-04    7.924e-04    4.029e+00    3.052e-05          True
     20660      5    180  -1.300926e+00  -1.300926e+00  -1.300926e+00  -1.302552e+00    3.824e-07      1.626e-03    1.626e-03    3.727e+00    1.526e-05          True
     20665      5    185   2.441515e-01   2.441515e-01   2.441524e-01   2.419202e-01    8.966e-07      2.231e-03    2.232e-03    4.955e+00    3.052e-05          True
     20668      5    188   5.962722e-01   5.962722e-01   5.962716e-01   5.972006e-01    6.277e-07      9.284e-04    9.291e-04    5.695e+00    3.052e-05          True
     20672      5    192  -1.157532e+00  -1.157532e+00  -1.157531e+00  -1.155095e+00    1.660e-06      2.438e-03    2.436e-03    2.986e+00    1.526e-05          True
     20673      5    193  -2.885526e-02  -2.885526e-02  -2.885610e-02  -2.641933e-02    8.429e-07      2.436e-03    2.437e-03    4.863e+00    3.052e-05          True
     20674      5    194  -5.135596e-02  -5.135596e-02  -5.134957e-02  -5.387847e-02    6.392e-06      2.523e-03    2.529e-03    4.292e+00    3.052e-05          True
     20682      5    202   9.588296e-01   9.588296e-01   9.588268e-01   9.575924e-01    2.809e-06      1.237e-03    1.234e-03    3.143e+00    1.526e-05          True
     20686      5    206   1.186855e+00   1.186855e+00   1.186854e+00   1.189004e+00    1.084e-06      2.149e-03    2.150e-03    6.314e+00    3.052e-05          True
     20694      5    214   1.940069e+00   1.940069e+00   1.940062e+00   1.942142e+00    6.936e-06      2.073e-03    2.080e-03    4.955e+00    3.052e-05          True
     20697      5    217  -1.249422e+00  -1.249422e+00  -1.249423e+00  -1.247985e+00    1.270e-06      1.436e-03    1.437e-03    3.675e+00    1.526e-05          True
     20706      5    226  -9.251968e-01  -9.251968e-01  -9.252006e-01  -9.219611e-01    3.849e-06      3.236e-03    3.240e-03    5.550e+00    3.052e-05          True
     20707      5    227  -1.152741e+00  -1.152741e+00  -1.152740e+00  -1.154198e+00    7.521e-07      1.458e-03    1.458e-03    6.553e+00    3.052e-05          True
     20715      5    235  -6.934824e-02  -6.934824e-02  -6.934979e-02  -6.779176e-02    1.548e-06      1.556e-03    1.558e-03    4.730e+00    3.052e-05          True
     20727      5    247  -2.479960e+00  -2.479960e+00  -2.479951e+00  -2.482719e+00    8.485e-06      2.760e-03    2.768e-03    6.296e+00    3.052e-05          True
     20732      5    252  -2.254268e+00  -2.254268e+00  -2.254270e+00  -2.251297e+00    1.628e-06      2.971e-03    2.973e-03    4.006e+00    3.052e-05          True
     20733      5    253   1.318673e-01   1.318673e-01   1.318688e-01   1.321741e-01    1.574e-06      3.069e-04    3.053e-04    3.494e+00    1.526e-05          True
     20738      5    258   3.799408e-01   3.799408e-01   3.799390e-01   3.779788e-01    1.710e-06      1.962e-03    1.960e-03    4.866e+00    3.052e-05          True
     20741      5    261   1.925056e+00   1.925056e+00   1.925053e+00   1.927498e+00    2.962e-06      2.442e-03    2.445e-03    3.685e+00    1.526e-05          True
     20746      5    266  -2.918795e-01  -2.918795e-01  -2.918805e-01  -2.940279e-01    1.033e-06      2.148e-03    2.147e-03    4.125e+00    3.052e-05          True
     20758      5    278   5.943715e-01   5.943715e-01   5.943736e-01   5.967224e-01    2.083e-06      2.351e-03    2.349e-03    5.545e+00    3.052e-05          True
     20764      5    284   6.532904e-01   6.532904e-01   6.532950e-01   6.564546e-01    4.687e-06      3.164e-03    3.160e-03    4.087e+00    3.052e-05          True
     20768      5    288  -2.228243e-01  -2.228243e-01  -2.228281e-01  -2.216626e-01    3.813e-06      1.162e-03    1.166e-03    4.879e+00    3.052e-05          True
     20770      5    290  -1.758190e+00  -1.758190e+00  -1.758189e+00  -1.755108e+00    8.537e-07      3.081e-03    3.080e-03    3.431e+00    1.526e-05          True
     20774      5    294  -4.301382e-01  -4.301382e-01  -4.301375e-01  -4.279729e-01    6.982e-07      2.165e-03    2.165e-03    4.444e+00    3.052e-05          True
     20786      5    306   2.657039e-02   2.657039e-02   2.656772e-02   2.829690e-02    2.673e-06      1.727e-03    1.729e-03    3.278e+00    1.526e-05          True
     20793      5    313   4.163784e-01   4.163784e-01   4.163762e-01   4.139329e-01    2.166e-06      2.445e-03    2.443e-03    5.710e+00    3.052e-05          True
     20795      5    315  -1.944683e-01  -1.944683e-01  -1.944684e-01  -1.930424e-01    1.239e-07      1.426e-03    1.426e-03    2.559e+00    1.526e-05          True
     20814      5    334   1.485473e+00   1.485473e+00   1.485480e+00   1.482329e+00    7.601e-06      3.144e-03    3.151e-03    5.665e+00    3.052e-05          True
     20818      5    338   1.451652e+00   1.451652e+00   1.451654e+00   1.456107e+00    2.141e-06      4.455e-03    4.453e-03    3.534e+00    1.526e-05          True
     20819      5    339   2.229008e+00   2.229008e+00   2.229008e+00   2.226556e+00    4.858e-07      2.452e-03    2.452e-03    4.609e+00    3.052e-05          True
     20832      5    352  -1.811912e+00  -1.811912e+00  -1.811912e+00  -1.809995e+00    4.815e-07      1.917e-03    1.917e-03    6.437e+00    3.052e-05          True
     20847      5    367  -1.683784e+00  -1.683784e+00  -1.683790e+00  -1.685954e+00    5.628e-06      2.170e-03    2.165e-03    6.012e+00    3.052e-05          True
     20848      5    368   2.019958e+00   2.019958e+00   2.019957e+00   2.022152e+00    7.304e-07      2.194e-03    2.195e-03    3.082e+00    1.526e-05          True
     20855      5    375  -1.032745e+00  -1.032745e+00  -1.032746e+00  -1.030373e+00    1.913e-06      2.372e-03    2.374e-03    3.041e+00    1.526e-05          True
     20872      5    392  -2.654633e+00  -2.654633e+00  -2.654634e+00  -2.658000e+00    7.936e-07      3.366e-03    3.365e-03    4.058e+00    3.052e-05          True
     20879      5    399  -1.215249e+00  -1.215249e+00  -1.215249e+00  -1.212379e+00    2.012e-07      2.870e-03    2.870e-03    4.780e+00    3.052e-05          True
     20899      5    419   2.952683e-01   2.952683e-01   2.952651e-01   2.961931e-01    3.261e-06      9.248e-04    9.280e-04    3.766e+00    1.526e-05          True
     20900      5    420   3.324357e+00   3.324357e+00   3.324356e+00   3.328481e+00    1.460e-06      4.124e-03    4.125e-03    4.869e+00    3.052e-05          True
     20904      5    424   8.145819e-01   8.145819e-01   8.145820e-01   8.125135e-01    4.402e-08      2.068e-03    2.068e-03    6.291e+00    3.052e-05          True
     20908      5    428  -1.260288e+00  -1.260288e+00  -1.260291e+00  -1.258686e+00    2.897e-06      1.601e-03    1.604e-03    4.374e+00    3.052e-05          True
     20922      5    442  -1.310797e+00  -1.310797e+00  -1.310795e+00  -1.312292e+00    1.657e-06      1.495e-03    1.496e-03    3.124e+00    1.526e-05          True
     20923      5    443  -4.683262e-01  -4.683262e-01  -4.683242e-01  -4.669964e-01    2.035e-06      1.330e-03    1.328e-03    4.573e+00    3.052e-05          True
     20924      5    444  -2.237603e+00  -2.237603e+00  -2.237604e+00  -2.235209e+00    5.310e-07      2.395e-03    2.395e-03    3.181e+00    1.526e-05          True
     20925      5    445  -2.425156e+00  -2.425156e+00  -2.425157e+00  -2.421865e+00    5.905e-07      3.291e-03    3.292e-03    3.108e+00    1.526e-05          True
     20927      5    447   6.605027e-01   6.605027e-01   6.604990e-01   6.598316e-01    3.655e-06      6.710e-04    6.674e-04    4.689e+00    3.052e-05          True
     20933      5    453  -5.388857e-01  -5.388857e-01  -5.388851e-01  -5.399027e-01    5.569e-07      1.017e-03    1.018e-03    4.884e+00    3.052e-05          True
     20952      5    472   6.768621e-01   6.768621e-01   6.768667e-01   6.745483e-01    4.658e-06      2.314e-03    2.318e-03    4.755e+00    3.052e-05          True
     20957      5    477   1.227631e+00   1.227631e+00   1.227630e+00   1.229162e+00    2.490e-07      1.532e-03    1.532e-03    4.175e+00    3.052e-05          True
     20959      5    479  -9.663698e-02  -9.663698e-02  -9.663412e-02  -9.930655e-02    2.856e-06      2.670e-03    2.672e-03    4.422e+00    3.052e-05          True
     20978      5    498  -2.534743e-01  -2.534743e-01  -2.534760e-01  -2.544933e-01    1.670e-06      1.019e-03    1.017e-03    3.158e+00    1.526e-05          True
     20980      5    500  -8.313543e-01  -8.313543e-01  -8.313562e-01  -8.321925e-01    1.866e-06      8.382e-04    8.363e-04    3.734e+00    1.526e-05          True
     20983      5    503  -3.955709e-02  -3.955709e-02  -3.955976e-02  -4.215619e-02    2.667e-06      2.599e-03    2.596e-03    5.621e+00    3.052e-05          True
     20987      5    507  -5.782500e-01  -5.782500e-01  -5.782475e-01  -5.770748e-01    2.439e-06      1.175e-03    1.173e-03    4.368e+00    3.052e-05          True
     20992      5    512   2.581890e-01   2.581890e-01   2.581935e-01   2.577499e-01    4.476e-06      4.392e-04    4.437e-04    7.434e+00    3.052e-05          True
     20993      5    513  -1.576037e+00  -1.576037e+00  -1.576036e+00  -1.573207e+00    1.992e-07      2.829e-03    2.829e-03    4.172e+00    3.052e-05          True
     20994      5    514   5.651535e-02   5.651535e-02   5.652217e-02   5.815922e-02    6.814e-06      1.644e-03    1.637e-03    5.485e+00    3.052e-05          True
     21000      5    520   3.474713e-02   3.474713e-02   3.474939e-02   3.407736e-02    2.254e-06      6.698e-04    6.720e-04    3.859e+00    1.526e-05          True
     21008      5    528   6.929616e-01   6.929616e-01   6.929660e-01   6.912200e-01    4.398e-06      1.742e-03    1.746e-03    4.675e+00    3.052e-05          True
     21009      5    529   1.058250e+00   1.058250e+00   1.058248e+00   1.056254e+00    1.808e-06      1.996e-03    1.994e-03    7.459e+00    3.052e-05          True
     21015      5    535   1.982456e-01   1.982456e-01   1.982420e-01   1.967125e-01    3.574e-06      1.533e-03    1.529e-03    3.013e+00    1.526e-05          True
     21030      5    550  -6.493202e-01  -6.493202e-01  -6.493205e-01  -6.504163e-01    3.233e-07      1.096e-03    1.096e-03    9.880e+00    6.104e-05          True
     21033      5    553   4.573061e-01   4.573061e-01   4.573079e-01   4.544758e-01    1.795e-06      2.830e-03    2.832e-03    5.990e+00    3.052e-05          True
     21034      5    554  -4.200393e-01  -4.200393e-01  -4.200434e-01  -4.219403e-01    4.171e-06      1.901e-03    1.897e-03    6.209e+00    3.052e-05          True
     21037      5    557  -1.814674e+00  -1.814674e+00  -1.814664e+00  -1.812149e+00    9.527e-06      2.525e-03    2.516e-03    7.381e+00    3.052e-05          True
     21044      5    564   4.073140e-01   4.073140e-01   4.073110e-01   4.042600e-01    2.965e-06      3.054e-03    3.051e-03    3.133e+00    1.526e-05          True
     21051      5    571  -1.198615e+00  -1.198615e+00  -1.198620e+00  -1.200107e+00    4.308e-06      1.491e-03    1.487e-03    4.674e+00    3.052e-05          True
     21056      5    576   6.983880e-01   6.983880e-01   6.983905e-01   6.968642e-01    2.483e-06      1.524e-03    1.526e-03    2.417e+00    1.526e-05          True
     21061      5    581  -1.547163e+00  -1.547163e+00  -1.547159e+00  -1.548888e+00    4.135e-06      1.725e-03    1.729e-03    4.531e+00    3.052e-05          True
     21064      5    584  -2.827360e-01  -2.827360e-01  -2.827343e-01  -2.800137e-01    1.728e-06      2.722e-03    2.721e-03    4.035e+00    3.052e-05          True
     21066      5    586   1.221446e+00   1.221446e+00   1.221447e+00   1.220207e+00    1.279e-06      1.239e-03    1.240e-03    3.643e+00    1.526e-05          True
     21067      5    587  -1.363646e-01  -1.363646e-01  -1.363702e-01  -1.357600e-01    5.613e-06      6.045e-04    6.102e-04    6.769e+00    3.052e-05          True
     21074      5    594   7.430098e-02   7.430098e-02   7.430361e-02   7.309968e-02    2.630e-06      1.201e-03    1.204e-03    3.517e+00    1.526e-05          True
     21085      5    605   4.212219e-01   4.212219e-01   4.212223e-01   4.231302e-01    3.966e-07      1.908e-03    1.908e-03    3.886e+00    1.526e-05          True
     21086      5    606  -2.001436e+00  -2.001436e+00  -2.001441e+00  -1.999272e+00    5.014e-06      2.165e-03    2.170e-03    6.515e+00    3.052e-05          True
     21090      5    610  -3.044922e+00  -3.044922e+00  -3.044924e+00  -3.041653e+00    2.177e-06      3.268e-03    3.271e-03    6.392e+00    3.052e-05          True
     21091      5    611  -1.453249e+00  -1.453249e+00  -1.453255e+00  -1.450969e+00    5.879e-06      2.280e-03    2.286e-03    5.234e+00    3.052e-05          True
     21092      5    612  -1.283858e+00  -1.283858e+00  -1.283856e+00  -1.281796e+00    2.180e-06      2.062e-03    2.060e-03    3.350e+00    1.526e-05          True
     21093      5    613  -1.119318e-01  -1.119318e-01  -1.119319e-01  -1.112515e-01    1.548e-07      6.803e-04    6.804e-04    3.379e+00    1.526e-05          True
     21096      5    616   2.107577e+00   2.107577e+00   2.107574e+00   2.110335e+00    3.499e-06      2.758e-03    2.762e-03    3.949e+00    1.526e-05          True
     21098      5    618   9.333927e-02   9.333927e-02   9.334040e-02   9.364853e-02    1.131e-06      3.093e-04    3.081e-04    2.871e+00    1.526e-05          True
     21100      5    620  -1.785234e+00  -1.785234e+00  -1.785228e+00  -1.788868e+00    6.123e-06      3.634e-03    3.640e-03    5.468e+00    3.052e-05          True
     21104      5    624   7.582516e-01   7.582516e-01   7.582496e-01   7.590454e-01    2.005e-06      7.938e-04    7.958e-04    5.522e+00    3.052e-05          True
     21108      5    628  -1.297159e+00  -1.297159e+00  -1.297155e+00  -1.295411e+00    3.550e-06      1.748e-03    1.745e-03    6.940e+00    3.052e-05          True
     21110      5    630   2.758306e-01   2.758306e-01   2.758290e-01   2.743123e-01    1.536e-06      1.518e-03    1.517e-03    6.376e+00    3.052e-05          True
     21122      5    642   3.362829e+00   3.362829e+00   3.362835e+00   3.359345e+00    5.460e-06      3.484e-03    3.490e-03    5.377e+00    3.052e-05          True
     21123      5    643   1.175667e+00   1.175667e+00   1.175670e+00   1.176900e+00    2.794e-06      1.233e-03    1.230e-03    4.078e+00    3.052e-05          True
     21137      5    657  -1.079515e+00  -1.079515e+00  -1.079515e+00  -1.078239e+00    1.007e-07      1.276e-03    1.276e-03    5.491e+00    3.052e-05          True
     21138      5    658  -1.289964e+00  -1.289964e+00  -1.289969e+00  -1.292827e+00    4.593e-06      2.863e-03    2.858e-03    6.501e+00    3.052e-05          True
     21154      5    674   1.339860e+00   1.339860e+00   1.339860e+00   1.338203e+00    2.574e-07      1.657e-03    1.657e-03    4.507e+00    3.052e-05          True
     21158      5    678   1.374775e-01   1.374775e-01   1.374761e-01   1.368152e-01    1.332e-06      6.623e-04    6.610e-04    4.536e+00    3.052e-05          True
     21164      5    684  -2.658664e-01  -2.658664e-01  -2.658606e-01  -2.650308e-01    5.810e-06      8.356e-04    8.298e-04    5.071e+00    3.052e-05          True
     21196      5    716   3.227982e-01   3.227982e-01   3.227993e-01   3.214849e-01    1.119e-06      1.313e-03    1.314e-03    3.732e+00    1.526e-05          True
     21201      5    721   1.339922e+00   1.339922e+00   1.339923e+00   1.337885e+00    1.295e-06      2.036e-03    2.038e-03    3.890e+00    1.526e-05          True
     21204      5    724   3.127692e-01   3.127692e-01   3.127707e-01   3.113965e-01    1.479e-06      1.373e-03    1.374e-03    4.733e+00    3.052e-05          True
     21217      5    737  -2.762038e-01  -2.762038e-01  -2.762080e-01  -2.750151e-01    4.223e-06      1.189e-03    1.193e-03    4.338e+00    3.052e-05          True
     21225      5    745   1.682653e+00   1.682653e+00   1.682657e+00   1.678359e+00    3.196e-06      4.294e-03    4.298e-03    4.256e+00    3.052e-05          True
     21233      5    753   1.930138e-01   1.930138e-01   1.930123e-01   1.941850e-01    1.499e-06      1.171e-03    1.173e-03    3.463e+00    1.526e-05          True
     21234      5    754  -2.152065e-01  -2.152065e-01  -2.152124e-01  -2.126614e-01    5.879e-06      2.545e-03    2.551e-03    4.939e+00    3.052e-05          True
     21248      5    768  -2.427876e+00  -2.427876e+00  -2.427876e+00  -2.425233e+00    4.150e-07      2.643e-03    2.644e-03    5.529e+00    3.052e-05          True
     21250      5    770   2.836378e+00   2.836378e+00   2.836380e+00   2.840198e+00    1.993e-06      3.820e-03    3.818e-03    3.450e+00    1.526e-05          True
     21256      5    776   1.387814e+00   1.387814e+00   1.387814e+00   1.383019e+00    1.814e-07      4.795e-03    4.795e-03    4.152e+00    3.052e-05          True
     21258      5    778   3.983044e-01   3.983044e-01   3.982992e-01   3.972707e-01    5.223e-06      1.034e-03    1.028e-03    2.900e+00    1.526e-05          True
     21264      5    784  -8.101025e-01  -8.101025e-01  -8.101051e-01  -8.124936e-01    2.652e-06      2.391e-03    2.388e-03    4.646e+00    3.052e-05          True
     21272      5    792   1.088549e+00   1.088549e+00   1.088556e+00   1.090207e+00    6.301e-06      1.657e-03    1.651e-03    7.085e+00    3.052e-05          True
     21292      5    812  -2.508990e-01  -2.508990e-01  -2.508965e-01  -2.511611e-01    2.561e-06      2.621e-04    2.646e-04    2.850e+00    1.526e-05          True
     21296      5    816   7.744380e-01   7.744380e-01   7.744362e-01   7.755157e-01    1.824e-06      1.078e-03    1.079e-03    3.329e+00    1.526e-05          True
     21319      5    839  -1.041917e+00  -1.041917e+00  -1.041914e+00  -1.039751e+00    2.479e-06      2.165e-03    2.163e-03    4.001e+00    3.052e-05          True
     21325      5    845   9.649110e-01   9.649110e-01   9.649057e-01   9.661207e-01    5.360e-06      1.210e-03    1.215e-03    7.022e+00    3.052e-05          True
     21327      5    847   2.312695e+00   2.312695e+00   2.312698e+00   2.309628e+00    3.033e-06      3.068e-03    3.071e-03    5.761e+00    3.052e-05          True
     21333      5    853   7.525041e-01   7.525041e-01   7.525027e-01   7.543384e-01    1.432e-06      1.834e-03    1.836e-03    3.887e+00    1.526e-05          True
     21335      5    855   4.747630e-01   4.747630e-01   4.747699e-01   4.752482e-01    6.897e-06      4.852e-04    4.783e-04    6.807e+00    3.052e-05          True
     21340      5    860   1.036401e+00   1.036401e+00   1.036401e+00   1.038802e+00    2.724e-07      2.401e-03    2.401e-03    3.596e+00    1.526e-05          True
     21341      5    861   1.186563e+00   1.186563e+00   1.186565e+00   1.185307e+00    2.277e-06      1.256e-03    1.258e-03    6.720e+00    3.052e-05          True
     21345      5    865   7.800221e-01   7.800221e-01   7.800266e-01   7.786924e-01    4.546e-06      1.330e-03    1.334e-03    7.409e+00    3.052e-05          True
     21348      5    868   4.656513e-01   4.656513e-01   4.656537e-01   4.641815e-01    2.329e-06      1.470e-03    1.472e-03    4.167e+00    3.052e-05          True
     21359      5    879   4.202741e-01   4.202741e-01   4.202732e-01   4.214882e-01    9.901e-07      1.214e-03    1.215e-03    3.083e+00    1.526e-05          True
     21372      5    892   4.171364e-01   4.171364e-01   4.171392e-01   4.160320e-01    2.790e-06      1.104e-03    1.107e-03    3.255e+00    1.526e-05          True
     21380      5    900   1.036842e+00   1.036842e+00   1.036836e+00   1.038655e+00    5.875e-06      1.813e-03    1.819e-03    5.066e+00    3.052e-05          True
     21381      5    901   2.601400e-01   2.601400e-01   2.601398e-01   2.604449e-01    1.387e-07      3.049e-04    3.051e-04    4.591e+00    3.052e-05          True
     21387      5    907  -1.287495e-01  -1.287495e-01  -1.287487e-01  -1.300337e-01    7.574e-07      1.284e-03    1.285e-03    3.462e+00    1.526e-05          True
     21391      5    911  -1.006487e+00  -1.006487e+00  -1.006489e+00  -1.004950e+00    2.367e-06      1.537e-03    1.540e-03    6.527e+00    3.052e-05          True
     21393      5    913   2.009181e+00   2.009181e+00   2.009187e+00   2.011257e+00    5.861e-06      2.076e-03    2.070e-03    4.980e+00    3.052e-05          True
     21396      5    916  -5.139201e-01  -5.139201e-01  -5.139199e-01  -5.130341e-01    2.450e-07      8.860e-04    8.858e-04    4.066e+00    3.052e-05          True
     21405      5    925   1.065842e-02   1.065842e-02   1.065819e-02   1.015903e-02    2.294e-07      4.994e-04    4.992e-04    6.535e+00    3.052e-05          True
     21412      5    932  -1.616299e+00  -1.616299e+00  -1.616301e+00  -1.614271e+00    2.225e-06      2.027e-03    2.030e-03    3.704e+00    1.526e-05          True
     21414      5    934   2.394215e-01   2.394215e-01   2.394226e-01   2.397011e-01    1.118e-06      2.797e-04    2.786e-04    4.108e+00    3.052e-05          True
     21415      5    935   1.008200e+00   1.008200e+00   1.008208e+00   1.009691e+00    8.189e-06      1.491e-03    1.483e-03    6.971e+00    3.052e-05          True
     21416      5    936   2.262873e-01   2.262873e-01   2.262892e-01   2.249625e-01    1.872e-06      1.325e-03    1.327e-03    3.687e+00    1.526e-05          True
     21419      5    939   1.086966e+00   1.086966e+00   1.086970e+00   1.085043e+00    4.902e-06      1.923e-03    1.927e-03    5.385e+00    3.052e-05          True
     21420      5    940  -5.418727e-01  -5.418727e-01  -5.418745e-01  -5.438734e-01    1.794e-06      2.001e-03    1.999e-03    3.143e+00    1.526e-05          True
     21422      5    942   2.138249e-01   2.138249e-01   2.138264e-01   2.132618e-01    1.474e-06      5.631e-04    5.646e-04    5.433e+00    3.052e-05          True
     21428      5    948  -1.457328e+00  -1.457328e+00  -1.457326e+00  -1.458805e+00    2.263e-06      1.477e-03    1.479e-03    3.442e+00    1.526e-05          True
     21431      5    951  -3.284624e-01  -3.284624e-01  -3.284637e-01  -3.296942e-01    1.370e-06      1.232e-03    1.230e-03    3.398e+00    1.526e-05          True
     21439      5    959   1.182501e+00   1.182501e+00   1.182503e+00   1.183785e+00    1.188e-06      1.284e-03    1.283e-03    4.942e+00    3.052e-05          True
     21442      5    962  -1.697438e+00  -1.697438e+00  -1.697433e+00  -1.699275e+00    4.530e-06      1.837e-03    1.841e-03    4.957e+00    3.052e-05          True
     21445      5    965  -1.871529e+00  -1.871529e+00  -1.871529e+00  -1.875442e+00    5.015e-07      3.913e-03    3.912e-03    1.104e+01    6.104e-05          True
     21451      5    971   2.754306e+00   2.754306e+00   2.754305e+00   2.750656e+00    9.765e-07      3.650e-03    3.649e-03    3.801e+00    1.526e-05          True
     21456      5    976   2.231008e+00   2.231008e+00   2.231007e+00   2.228680e+00    8.962e-07      2.328e-03    2.327e-03    3.701e+00    1.526e-05          True
     21459      5    979   2.397035e+00   2.397035e+00   2.397034e+00   2.394201e+00    7.648e-07      2.834e-03    2.833e-03    3.969e+00    1.526e-05          True
     21462      5    982  -3.508472e-01  -3.508472e-01  -3.508468e-01  -3.525595e-01    3.632e-07      1.712e-03    1.713e-03    3.446e+00    1.526e-05          True
     21464      5    984   1.216299e-01   1.216299e-01   1.216293e-01   1.210893e-01    5.895e-07      5.406e-04    5.400e-04    4.516e+00    3.052e-05          True
     21472      5    992   7.788123e-01   7.788123e-01   7.788109e-01   7.776397e-01    1.353e-06      1.173e-03    1.171e-03    4.814e+00    3.052e-05          True
     21475      5    995  -2.718536e-01  -2.718536e-01  -2.718541e-01  -2.714026e-01    4.892e-07      4.510e-04    4.514e-04    4.984e+00    3.052e-05          True
     21479      5    999   1.466787e+00   1.466787e+00   1.466789e+00   1.468542e+00    1.696e-06      1.755e-03    1.754e-03    4.556e+00    3.052e-05          True
     21483      5   1003   4.322841e-01   4.322841e-01   4.322793e-01   4.350792e-01    4.827e-06      2.795e-03    2.800e-03    5.167e+00    3.052e-05          True
     21484      5   1004  -2.660690e+00  -2.660690e+00  -2.660686e+00  -2.663363e+00    4.585e-06      2.672e-03    2.677e-03    6.375e+00    3.052e-05          True
     21497      5   1017  -2.588856e-01  -2.588856e-01  -2.588879e-01  -2.564592e-01    2.370e-06      2.426e-03    2.429e-03    2.726e+00    1.526e-05          True
     21498      5   1018   4.265982e-01   4.265982e-01   4.265992e-01   4.241798e-01    1.036e-06      2.418e-03    2.419e-03    2.621e+00    1.526e-05          True
     21502      5   1022   6.517805e-01   6.517805e-01   6.517835e-01   6.535121e-01    3.030e-06      1.732e-03    1.729e-03    3.334e+00    1.526e-05          True
     21512      5   1032   9.801425e-01   9.801425e-01   9.801423e-01   9.822695e-01    2.066e-07      2.127e-03    2.127e-03    5.122e+00    3.052e-05          True
     21527      5   1047   1.187384e+00   1.187384e+00   1.187383e+00   1.185500e+00    9.652e-07      1.884e-03    1.883e-03    4.614e+00    3.052e-05          True
     21534      5   1054  -6.737322e-01  -6.737322e-01  -6.737337e-01  -6.730054e-01    1.520e-06      7.268e-04    7.283e-04    3.514e+00    1.526e-05          True
     21539      5   1059  -8.484956e-02  -8.484956e-02  -8.484485e-02  -8.269955e-02    4.709e-06      2.150e-03    2.145e-03    6.129e+00    3.052e-05          True
     21548      5   1068  -1.508805e+00  -1.508805e+00  -1.508805e+00  -1.506595e+00    7.334e-07      2.210e-03    2.209e-03    3.492e+00    1.526e-05          True
     21555      5   1075   1.153472e+00   1.153472e+00   1.153468e+00   1.151230e+00    3.956e-06      2.242e-03    2.238e-03    6.219e+00    3.052e-05          True
     21568      5   1088  -1.638221e+00  -1.638221e+00  -1.638223e+00  -1.640075e+00    1.326e-06      1.854e-03    1.853e-03    4.325e+00    3.052e-05          True
     21581      5   1101   6.341576e-02   6.341576e-02   6.341377e-02   6.579756e-02    1.995e-06      2.382e-03    2.384e-03    3.158e+00    1.526e-05          True
     21585      5   1105  -4.556174e-01  -4.556174e-01  -4.556165e-01  -4.563190e-01    9.405e-07      7.015e-04    7.025e-04    4.262e+00    3.052e-05          True
     21604      5   1124  -5.312667e-01  -5.312667e-01  -5.312680e-01  -5.280606e-01    1.303e-06      3.206e-03    3.207e-03    6.454e+00    3.052e-05          True
     21606      5   1126   9.688001e-01   9.688001e-01   9.688011e-01   9.653010e-01    9.691e-07      3.499e-03    3.500e-03    3.095e+00    1.526e-05          True
     21611      5   1131  -4.650568e-01  -4.650568e-01  -4.650597e-01  -4.663115e-01    2.917e-06      1.255e-03    1.252e-03    3.908e+00    1.526e-05          True
     21615      5   1135  -6.701882e-01  -6.701882e-01  -6.701856e-01  -6.714361e-01    2.600e-06      1.248e-03    1.250e-03    4.906e+00    3.052e-05          True
     21622      5   1142   6.176756e-01   6.176756e-01   6.176789e-01   6.195986e-01    3.271e-06      1.923e-03    1.920e-03    3.787e+00    1.526e-05          True
     21638      5   1158   8.891759e-01   8.891759e-01   8.891792e-01   8.915119e-01    3.238e-06      2.336e-03    2.333e-03    3.453e+00    1.526e-05          True
     21639      5   1159  -9.923324e-01  -9.923324e-01  -9.923314e-01  -9.943462e-01    1.009e-06      2.014e-03    2.015e-03    6.571e+00    3.052e-05          True
     21644      5   1164  -4.185597e-01  -4.185597e-01  -4.185643e-01  -4.179680e-01    4.655e-06      5.917e-04    5.964e-04    7.562e+00    3.052e-05          True
     21658      5   1178   7.349847e-01   7.349847e-01   7.349883e-01   7.333055e-01    3.525e-06      1.679e-03    1.683e-03    4.326e+00    3.052e-05          True
     21671      5   1191  -7.411475e-01  -7.411475e-01  -7.411461e-01  -7.394341e-01    1.337e-06      1.713e-03    1.712e-03    2.792e+00    1.526e-05          True
     21682      5   1202  -6.734631e-01  -6.734631e-01  -6.734627e-01  -6.748724e-01    3.657e-07      1.409e-03    1.410e-03    4.545e+00    3.052e-05          True
     21684      5   1204  -1.426590e+00  -1.426590e+00  -1.426589e+00  -1.424827e+00    1.618e-06      1.763e-03    1.762e-03    3.285e+00    1.526e-05          True
     21688      5   1208   1.020080e+00   1.020080e+00   1.020082e+00   1.021297e+00    1.527e-06      1.216e-03    1.215e-03    3.551e+00    1.526e-05          True
     21693      5   1213  -3.546657e-01  -3.546657e-01  -3.546737e-01  -3.554163e-01    7.995e-06      7.506e-04    7.426e-04    8.284e+00    6.104e-05          True
     21713      5   1233   5.935512e-01   5.935512e-01   5.935527e-01   5.920467e-01    1.477e-06      1.505e-03    1.506e-03    3.592e+00    1.526e-05          True
     21717      5   1237  -8.507922e-01  -8.507922e-01  -8.507941e-01  -8.489171e-01    1.970e-06      1.875e-03    1.877e-03    4.287e+00    3.052e-05          True
     21723      5   1243  -1.268536e+00  -1.268536e+00  -1.268532e+00  -1.267233e+00    3.525e-06      1.303e-03    1.299e-03    6.847e+00    3.052e-05          True
     21744      5   1264   7.963374e-01   7.963374e-01   7.963427e-01   7.944788e-01    5.302e-06      1.859e-03    1.864e-03    8.252e+00    6.104e-05          True
     21756      5   1276   1.671131e+00   1.671131e+00   1.671129e+00   1.668978e+00    1.438e-06      2.153e-03    2.151e-03    4.224e+00    3.052e-05          True
     21760      5   1280   5.140986e-01   5.140986e-01   5.141005e-01   5.126872e-01    1.898e-06      1.411e-03    1.413e-03    3.226e+00    1.526e-05          True
     21761      5   1281  -9.195223e-01  -9.195223e-01  -9.195201e-01  -9.207976e-01    2.130e-06      1.275e-03    1.277e-03    4.851e+00    3.052e-05          True
     21764      5   1284  -7.578966e-01  -7.578966e-01  -7.578971e-01  -7.557610e-01    4.554e-07      2.136e-03    2.136e-03    4.150e+00    3.052e-05          True
     21768      5   1288  -3.911843e-01  -3.911843e-01  -3.911852e-01  -3.892239e-01    9.420e-07      1.960e-03    1.961e-03    2.727e+00    1.526e-05          True
     21769      5   1289   1.149142e+00   1.149142e+00   1.149143e+00   1.151439e+00    8.384e-07      2.297e-03    2.296e-03    5.263e+00    3.052e-05          True
     21770      5   1290   2.033400e-01   2.033400e-01   2.033346e-01   2.024138e-01    5.383e-06      9.262e-04    9.209e-04    6.591e+00    3.052e-05          True
     21772      5   1292  -1.260041e+00  -1.260041e+00  -1.260045e+00  -1.257975e+00    4.472e-06      2.065e-03    2.070e-03    4.308e+00    3.052e-05          True
     21779      5   1299  -5.690065e-01  -5.690065e-01  -5.690053e-01  -5.709791e-01    1.257e-06      1.973e-03    1.974e-03    3.490e+00    1.526e-05          True
     21783      5   1303   1.222779e+00   1.222779e+00   1.222776e+00   1.221363e+00    3.097e-06      1.416e-03    1.413e-03    7.251e+00    3.052e-05          True
     21784      5   1304  -7.001133e-02  -7.001133e-02  -7.001188e-02  -7.221056e-02    5.415e-07      2.199e-03    2.199e-03    4.524e+00    3.052e-05          True
     21787      5   1307  -8.529164e-01  -8.529164e-01  -8.529155e-01  -8.518774e-01    9.185e-07      1.039e-03    1.038e-03    4.196e+00    3.052e-05          True
     21791      5   1311  -6.416330e-01  -6.416330e-01  -6.416310e-01  -6.451135e-01    1.988e-06      3.480e-03    3.482e-03    3.912e+00    1.526e-05          True
     21801      5   1321  -2.287165e+00  -2.287165e+00  -2.287163e+00  -2.289604e+00    1.813e-06      2.440e-03    2.442e-03    5.834e+00    3.052e-05          True
     21803      5   1323   1.388741e+00   1.388741e+00   1.388741e+00   1.387128e+00    1.903e-07      1.613e-03    1.613e-03    4.789e+00    3.052e-05          True
     21808      5   1328  -7.639666e-01  -7.639666e-01  -7.639687e-01  -7.630211e-01    2.126e-06      9.455e-04    9.477e-04    4.756e+00    3.052e-05          True
     21810      5   1330  -1.272353e+00  -1.272353e+00  -1.272348e+00  -1.273980e+00    5.487e-06      1.626e-03    1.632e-03    4.844e+00    3.052e-05          True
     21813      5   1333   6.814019e-01   6.814019e-01   6.814030e-01   6.839775e-01    1.180e-06      2.576e-03    2.575e-03    2.273e+00    1.526e-05          True
     21820      5   1340  -1.864836e+00  -1.864836e+00  -1.864838e+00  -1.862265e+00    1.946e-06      2.571e-03    2.573e-03    4.963e+00    3.052e-05          True
     21833      5   1353  -1.104517e+00  -1.104517e+00  -1.104515e+00  -1.102504e+00    1.990e-06      2.013e-03    2.011e-03    6.103e+00    3.052e-05          True
     21843      5   1363   1.248125e-01   1.248125e-01   1.248185e-01   1.249720e-01    5.939e-06      1.594e-04    1.535e-04    5.529e+00    3.052e-05          True
     21856      5   1376   1.017582e+00   1.017582e+00   1.017577e+00   1.018934e+00    5.081e-06      1.352e-03    1.357e-03    4.718e+00    3.052e-05          True
     21857      5   1377   2.419985e+00   2.419985e+00   2.419986e+00   2.422863e+00    1.838e-06      2.879e-03    2.877e-03    6.142e+00    3.052e-05          True
     21869      5   1389   3.563249e-01   3.563249e-01   3.563269e-01   3.553170e-01    2.047e-06      1.008e-03    1.010e-03    3.984e+00    1.526e-05          True
     21878      5   1398  -3.419385e-01  -3.419385e-01  -3.419367e-01  -3.430108e-01    1.769e-06      1.072e-03    1.074e-03    4.569e+00    3.052e-05          True
     21881      5   1401  -1.985779e+00  -1.985779e+00  -1.985787e+00  -1.988190e+00    7.552e-06      2.411e-03    2.403e-03    5.249e+00    3.052e-05          True
     21883      5   1403  -2.265985e+00  -2.265985e+00  -2.265986e+00  -2.268532e+00    1.355e-06      2.548e-03    2.546e-03    4.744e+00    3.052e-05          True
     21896      5   1416  -1.670338e+00  -1.670338e+00  -1.670331e+00  -1.667004e+00    7.406e-06      3.334e-03    3.327e-03    5.115e+00    3.052e-05          True
     21905      5   1425   2.213087e-01   2.213087e-01   2.213090e-01   2.216311e-01    3.527e-07      3.225e-04    3.221e-04    5.161e+00    3.052e-05          True
     21907      5   1427  -5.484703e-01  -5.484703e-01  -5.484763e-01  -5.492528e-01    6.020e-06      7.825e-04    7.765e-04    5.293e+00    3.052e-05          True
     21929      5   1449  -2.418622e+00  -2.418622e+00  -2.418619e+00  -2.415885e+00    3.288e-06      2.737e-03    2.734e-03    5.661e+00    3.052e-05          True
     21931      5   1451   5.819261e-02   5.819261e-02   5.819060e-02   5.683145e-02    2.008e-06      1.361e-03    1.359e-03    3.621e+00    1.526e-05          True
     21938      5   1458  -2.325977e-01  -2.325977e-01  -2.325934e-01  -2.339089e-01    4.235e-06      1.311e-03    1.316e-03    4.166e+00    3.052e-05          True
     21943      5   1463   9.056962e-01   9.056962e-01   9.056986e-01   9.037766e-01    2.432e-06      1.920e-03    1.922e-03    4.267e+00    3.052e-05          True
     21955      5   1475  -4.501228e-01  -4.501228e-01  -4.501228e-01  -4.493459e-01    2.798e-08      7.769e-04    7.769e-04    2.724e+00    1.526e-05          True
     21957      5   1477   1.465445e-01   1.465445e-01   1.465434e-01   1.457643e-01    1.162e-06      7.803e-04    7.791e-04    1.774e+00    7.629e-06          True
     21964      5   1484  -5.028879e-01  -5.028879e-01  -5.028961e-01  -5.049768e-01    8.195e-06      2.089e-03    2.081e-03    9.054e+00    6.104e-05          True
     21968      5   1488   4.078195e-01   4.078195e-01   4.078263e-01   4.059688e-01    6.778e-06      1.851e-03    1.858e-03    5.341e+00    3.052e-05          True
     21972      5   1492  -3.014747e-01  -3.014747e-01  -3.014752e-01  -3.032431e-01    5.132e-07      1.768e-03    1.768e-03    4.369e+00    3.052e-05          True
     21977      5   1497  -8.390248e-01  -8.390248e-01  -8.390245e-01  -8.404767e-01    3.263e-07      1.452e-03    1.452e-03    6.470e+00    3.052e-05          True
     21979      5   1499  -4.546789e-01  -4.546789e-01  -4.546772e-01  -4.534915e-01    1.708e-06      1.187e-03    1.186e-03    2.731e+00    1.526e-05          True
     21984      5   1504  -2.391667e+00  -2.391667e+00  -2.391667e+00  -2.389220e+00    3.803e-08      2.447e-03    2.447e-03    7.136e+00    3.052e-05          True
     21992      5   1512   2.438245e-01   2.438245e-01   2.438196e-01   2.454792e-01    4.848e-06      1.655e-03    1.660e-03    5.031e+00    3.052e-05          True
     22007      5   1527  -2.299084e+00  -2.299084e+00  -2.299084e+00  -2.301451e+00    2.236e-07      2.367e-03    2.367e-03    5.958e+00    3.052e-05          True
     22014      5   1534  -1.534638e+00  -1.534638e+00  -1.534638e+00  -1.536786e+00    6.443e-07      2.148e-03    2.149e-03    4.216e+00    3.052e-05          True
     22015      5   1535  -2.013039e+00  -2.013039e+00  -2.013042e+00  -2.010702e+00    3.243e-06      2.337e-03    2.340e-03    7.495e+00    3.052e-05          True
     22019      5   1539  -7.944960e-01  -7.944960e-01  -7.944927e-01  -7.930929e-01    3.291e-06      1.403e-03    1.400e-03    4.841e+00    3.052e-05          True
     22052      5   1572  -4.305654e-01  -4.305654e-01  -4.305659e-01  -4.289631e-01    4.182e-07      1.602e-03    1.603e-03    4.762e+00    3.052e-05          True
     22056      5   1576   6.038463e-01   6.038463e-01   6.038508e-01   6.031323e-01    4.448e-06      7.140e-04    7.185e-04    7.166e+00    3.052e-05          True
     22057      5   1577  -1.367705e+00  -1.367705e+00  -1.367701e+00  -1.370379e+00    3.938e-06      2.674e-03    2.678e-03    4.480e+00    3.052e-05          True
     22060      5   1580   3.296789e-01   3.296789e-01   3.296779e-01   3.302943e-01    9.902e-07      6.154e-04    6.164e-04    5.418e+00    3.052e-05          True
     22066      5   1586   1.205947e+00   1.205947e+00   1.205949e+00   1.207401e+00    2.258e-06      1.454e-03    1.452e-03    4.690e+00    3.052e-05          True
     22072      5   1592  -2.286187e+00  -2.286187e+00  -2.286185e+00  -2.288930e+00    1.423e-06      2.743e-03    2.745e-03    3.695e+00    1.526e-05          True
     22074      5   1594  -1.037198e+00  -1.037198e+00  -1.037198e+00  -1.038264e+00    6.517e-08      1.067e-03    1.067e-03    4.071e+00    3.052e-05          True
     22093      5   1613   1.328248e+00   1.328248e+00   1.328245e+00   1.326302e+00    3.109e-06      1.946e-03    1.943e-03    3.964e+00    1.526e-05          True
     22094      5   1614  -1.153900e+00  -1.153900e+00  -1.153897e+00  -1.156738e+00    3.151e-06      2.837e-03    2.841e-03    4.070e+00    3.052e-05          True
     22095      5   1615   1.203804e-01   1.203804e-01   1.203789e-01   1.195751e-01    1.507e-06      8.053e-04    8.038e-04    2.723e+00    1.526e-05          True
     22098      5   1618  -9.654816e-01  -9.654816e-01  -9.654841e-01  -9.668039e-01    2.584e-06      1.322e-03    1.320e-03    2.974e+00    1.526e-05          True
     22106      5   1626   2.888953e-01   2.888953e-01   2.888952e-01   2.907411e-01    8.139e-08      1.846e-03    1.846e-03    5.403e+00    3.052e-05          True
     22110      5   1630   1.538831e+00   1.538831e+00   1.538826e+00   1.540667e+00    5.431e-06      1.836e-03    1.841e-03    4.684e+00    3.052e-05          True
     22112      5   1632   7.706658e-01   7.706658e-01   7.706663e-01   7.739148e-01    5.034e-07      3.249e-03    3.248e-03    4.723e+00    3.052e-05          True
     22119      5   1639   9.081732e-01   9.081732e-01   9.081713e-01   9.101696e-01    1.949e-06      1.996e-03    1.998e-03    3.614e+00    1.526e-05          True
     22129      5   1649  -8.287579e-01  -8.287579e-01  -8.287624e-01  -8.300707e-01    4.460e-06      1.313e-03    1.308e-03    6.359e+00    3.052e-05          True
     22137      5   1657  -5.892928e-01  -5.892928e-01  -5.892891e-01  -5.907171e-01    3.754e-06      1.424e-03    1.428e-03    4.025e+00    3.052e-05          True
     22145      5   1665   1.012694e+00   1.012694e+00   1.012694e+00   1.014272e+00    2.764e-07      1.578e-03    1.577e-03    7.665e+00    3.052e-05          True
     22156      5   1676  -4.800531e-01  -4.800531e-01  -4.800595e-01  -4.818316e-01    6.351e-06      1.778e-03    1.772e-03    6.220e+00    3.052e-05          True
     22175      5   1695  -9.022970e-02  -9.022970e-02  -9.022906e-02  -8.933635e-02    6.474e-07      8.934e-04    8.927e-04    5.242e+00    3.052e-05          True
     22181      5   1701  -5.684003e-01  -5.684003e-01  -5.684025e-01  -5.690360e-01    2.237e-06      6.357e-04    6.335e-04    3.996e+00    1.526e-05          True
     22185      5   1705   7.052680e-01   7.052680e-01   7.052709e-01   7.067828e-01    2.855e-06      1.515e-03    1.512e-03    4.694e+00    3.052e-05          True
     22193      5   1713   1.529603e+00   1.529603e+00   1.529603e+00   1.527123e+00    6.739e-07      2.480e-03    2.481e-03    4.011e+00    3.052e-05          True
     22195      5   1715   7.501980e-01   7.501980e-01   7.501915e-01   7.486319e-01    6.579e-06      1.566e-03    1.560e-03    5.763e+00    3.052e-05          True
     22198      5   1718   1.376121e-01   1.376121e-01   1.376154e-01   1.380995e-01    3.216e-06      4.873e-04    4.841e-04    4.365e+00    3.052e-05          True
     22199      5   1719   6.738798e-01   6.738798e-01   6.738812e-01   6.755013e-01    1.421e-06      1.621e-03    1.620e-03    3.192e+00    1.526e-05          True
     22202      5   1722  -8.652037e-01  -8.652037e-01  -8.652057e-01  -8.638232e-01    1.971e-06      1.381e-03    1.383e-03    4.495e+00    3.052e-05          True
     22212      5   1732   1.555095e+00   1.555095e+00   1.555096e+00   1.553422e+00    1.449e-06      1.673e-03    1.674e-03    3.552e+00    1.526e-05          True
     22218      5   1738   2.333534e+00   2.333534e+00   2.333533e+00   2.335940e+00    1.424e-06      2.406e-03    2.407e-03    4.351e+00    3.052e-05          True
     22222      5   1742  -4.856661e-01  -4.856661e-01  -4.856666e-01  -4.837449e-01    4.794e-07      1.921e-03    1.922e-03    1.877e+00    7.629e-06          True
     22230      5   1750  -8.824229e-01  -8.824229e-01  -8.824217e-01  -8.838982e-01    1.221e-06      1.475e-03    1.477e-03    3.639e+00    1.526e-05          True
     22232      5   1752  -1.482088e+00  -1.482088e+00  -1.482087e+00  -1.480574e+00    6.923e-07      1.514e-03    1.513e-03    3.261e+00    1.526e-05          True
     22239      5   1759  -9.881501e-01  -9.881501e-01  -9.881551e-01  -9.865006e-01    4.974e-06      1.650e-03    1.655e-03    7.057e+00    3.052e-05          True
     22246      5   1766   1.194900e+00   1.194900e+00   1.194906e+00   1.196689e+00    5.759e-06      1.789e-03    1.783e-03    4.526e+00    3.052e-05          True
     22252      5   1772   7.049324e-01   7.049324e-01   7.049336e-01   7.036960e-01    1.207e-06      1.236e-03    1.238e-03    3.153e+00    1.526e-05          True
     22254      5   1774   2.630565e+00   2.630565e+00   2.630567e+00   2.627775e+00    1.780e-06      2.790e-03    2.792e-03    4.071e+00    3.052e-05          True
     22269      5   1789   4.660833e-01   4.660833e-01   4.660815e-01   4.649971e-01    1.729e-06      1.086e-03    1.084e-03    4.806e+00    3.052e-05          True
     22272      5   1792   1.078613e+00   1.078613e+00   1.078611e+00   1.081842e+00    2.035e-06      3.229e-03    3.231e-03    1.046e+01    6.104e-05          True
     22274      5   1794   6.142593e-01   6.142593e-01   6.142599e-01   6.103313e-01    5.539e-07      3.928e-03    3.929e-03    3.524e+00    1.526e-05          True
     22278      5   1798   4.217306e-01   4.217306e-01   4.217351e-01   4.206659e-01    4.500e-06      1.065e-03    1.069e-03    3.306e+00    1.526e-05          True
     22281      5   1801  -1.416537e+00  -1.416537e+00  -1.416536e+00  -1.419241e+00    1.017e-06      2.704e-03    2.705e-03    4.536e+00    3.052e-05          True
     22284      5   1804   4.145027e-01   4.145027e-01   4.145068e-01   4.170204e-01    4.120e-06      2.518e-03    2.514e-03    4.531e+00    3.052e-05          True
     22301      5   1821   9.444401e-01   9.444401e-01   9.444410e-01   9.424903e-01    8.985e-07      1.950e-03    1.951e-03    5.326e+00    3.052e-05          True
     22306      5   1826  -4.266649e+00  -4.266649e+00  -4.266646e+00  -4.262233e+00    2.767e-06      4.416e-03    4.413e-03    8.735e+00    6.104e-05          True
     22309      5   1829  -2.826984e-01  -2.826984e-01  -2.826923e-01  -2.819563e-01    6.070e-06      7.421e-04    7.361e-04    4.948e+00    3.052e-05          True
     22312      5   1832   6.468800e-04   6.468800e-04   6.478770e-04   2.001151e-03    9.970e-07      1.354e-03    1.353e-03    2.452e+00    1.526e-05          True
     22321      5   1841   2.181954e+00   2.181954e+00   2.181955e+00   2.179676e+00    1.247e-07      2.279e-03    2.279e-03    3.939e+00    1.526e-05          True
     22326      5   1846   3.411876e-02   3.411876e-02   3.411716e-02   3.459118e-02    1.593e-06      4.724e-04    4.740e-04    5.008e+00    3.052e-05          True
     22332      5   1852  -7.219930e-01  -7.219930e-01  -7.219920e-01  -7.190796e-01    1.065e-06      2.913e-03    2.912e-03    4.809e+00    3.052e-05          True
     22334      5   1854  -7.139371e-01  -7.139371e-01  -7.139356e-01  -7.162941e-01    1.595e-06      2.357e-03    2.358e-03    3.694e+00    1.526e-05          True
     22338      5   1858   4.675016e-01   4.675016e-01   4.675049e-01   4.686252e-01    3.239e-06      1.124e-03    1.120e-03    4.044e+00    3.052e-05          True
     22340      5   1860  -2.034272e+00  -2.034272e+00  -2.034270e+00  -2.036316e+00    1.893e-06      2.045e-03    2.047e-03    3.883e+00    1.526e-05          True
     22354      5   1874  -4.437975e-01  -4.437975e-01  -4.437939e-01  -4.421632e-01    3.614e-06      1.634e-03    1.631e-03    2.496e+00    1.526e-05          True
     22361      5   1881   3.185790e-01   3.185790e-01   3.185768e-01   3.198678e-01    2.209e-06      1.289e-03    1.291e-03    3.358e+00    1.526e-05          True
     22368      5   1888   2.184658e-02   2.184658e-02   2.184125e-02   2.211189e-02    5.328e-06      2.653e-04    2.706e-04    4.165e+00    3.052e-05          True
     22372      5   1892  -8.734464e-01  -8.734464e-01  -8.734419e-01  -8.724468e-01    4.499e-06      9.996e-04    9.951e-04    4.524e+00    3.052e-05          True
     22377      5   1897   9.424661e-03   9.424661e-03   9.423574e-03   7.343635e-03    1.087e-06      2.081e-03    2.080e-03    3.395e+00    1.526e-05          True
     22384      5   1904  -1.075877e+00  -1.075877e+00  -1.075882e+00  -1.077527e+00    4.775e-06      1.650e-03    1.645e-03    6.057e+00    3.052e-05          True
     22393      5   1913  -2.493197e+00  -2.493197e+00  -2.493198e+00  -2.489943e+00    7.266e-07      3.254e-03    3.255e-03    6.388e+00    3.052e-05          True
     22399      5   1919  -9.860546e-01  -9.860546e-01  -9.860546e-01  -9.878611e-01    9.884e-09      1.806e-03    1.806e-03    3.326e+00    1.526e-05          True
     22401      5   1921  -1.522269e-01  -1.522269e-01  -1.522266e-01  -1.524267e-01    3.039e-07      1.998e-04    2.001e-04    5.456e+00    3.052e-05          True
     22405      5   1925  -1.721834e+00  -1.721834e+00  -1.721834e+00  -1.723919e+00    4.061e-08      2.085e-03    2.085e-03    5.697e+00    3.052e-05          True
     22406      5   1926   1.830779e+00   1.830779e+00   1.830779e+00   1.828358e+00    1.162e-07      2.421e-03    2.421e-03    3.662e+00    1.526e-05          True
     22428      5   1948   4.519608e-01   4.519608e-01   4.519618e-01   4.504359e-01    9.686e-07      1.525e-03    1.526e-03    3.419e+00    1.526e-05          True
     22433      5   1953  -4.163640e-02  -4.163640e-02  -4.164100e-02  -4.194111e-02    4.600e-06      3.047e-04    3.001e-04    5.022e+00    3.052e-05          True
     22442      5   1962   1.771141e+00   1.771141e+00   1.771144e+00   1.773157e+00    2.989e-06      2.016e-03    2.013e-03    4.605e+00    3.052e-05          True
     22446      5   1966   1.077227e+00   1.077227e+00   1.077225e+00   1.078642e+00    2.149e-06      1.415e-03    1.417e-03    5.270e+00    3.052e-05          True
     22457      5   1977   2.337320e-01   2.337320e-01   2.337355e-01   2.323312e-01    3.447e-06      1.401e-03    1.404e-03    7.874e+00    3.052e-05          True
     22461      5   1981   5.361802e-01   5.361802e-01   5.361731e-01   5.372607e-01    7.127e-06      1.080e-03    1.088e-03    5.234e+00    3.052e-05          True
     22473      5   1993  -2.233450e-02  -2.233450e-02  -2.233361e-02  -2.244939e-02    8.877e-07      1.149e-04    1.158e-04    3.542e+00    1.526e-05          True
     22475      5   1995   2.426607e+00   2.426607e+00   2.426602e+00   2.429897e+00    4.860e-06      3.290e-03    3.295e-03    4.992e+00    3.052e-05          True
     22486      5   2006   4.628569e-02   4.628569e-02   4.628687e-02   4.603469e-02    1.179e-06      2.510e-04    2.522e-04    2.030e+00    1.526e-05          True
     22488      5   2008   1.613102e+00   1.613102e+00   1.613098e+00   1.611369e+00    4.117e-06      1.732e-03    1.728e-03    3.856e+00    1.526e-05          True
     22511      5   2031  -3.405310e-01  -3.405310e-01  -3.405274e-01  -3.428857e-01    3.590e-06      2.355e-03    2.358e-03    3.351e+00    1.526e-05          True
     22512      5   2032   6.444445e-01   6.444445e-01   6.444431e-01   6.432332e-01    1.380e-06      1.211e-03    1.210e-03    2.955e+00    1.526e-05          True
     22514      5   2034  -3.734435e-01  -3.734435e-01  -3.734488e-01  -3.727591e-01    5.311e-06      6.844e-04    6.897e-04    5.388e+00    3.052e-05          True
     22519      5   2039   5.786690e-01   5.786690e-01   5.786639e-01   5.767018e-01    5.084e-06      1.967e-03    1.962e-03    6.452e+00    3.052e-05          True
     22529      5   2049  -5.483940e-01  -5.483940e-01  -5.483999e-01  -5.495760e-01    5.887e-06      1.182e-03    1.176e-03    5.231e+00    3.052e-05          True
     22535      5   2055   2.809012e-01   2.809012e-01   2.808998e-01   2.804554e-01    1.385e-06      4.458e-04    4.444e-04    8.244e+00    6.104e-05          True
     22538      5   2058   1.252923e+00   1.252923e+00   1.252920e+00   1.251574e+00    3.653e-06      1.350e-03    1.346e-03    6.227e+00    3.052e-05          True
     22547      5   2067   1.065788e+00   1.065788e+00   1.065797e+00   1.066950e+00    9.033e-06      1.162e-03    1.153e-03    6.758e+00    3.052e-05          True
     22552      5   2072   7.803188e-01   7.803188e-01   7.803190e-01   7.789778e-01    1.986e-07      1.341e-03    1.341e-03    3.426e+00    1.526e-05          True
     22556      5   2076  -1.818392e+00  -1.818392e+00  -1.818386e+00  -1.815838e+00    6.113e-06      2.554e-03    2.548e-03    4.237e+00    3.052e-05          True
     22561      5   2081   1.138949e+00   1.138949e+00   1.138954e+00   1.141549e+00    4.577e-06      2.600e-03    2.595e-03    5.476e+00    3.052e-05          True
     22564      5   2084   2.568906e-02   2.568906e-02   2.568712e-02   2.559589e-02    1.937e-06      9.317e-05    9.124e-05    5.063e+00    3.052e-05          True
     22572      5   2092  -6.940417e-01  -6.940417e-01  -6.940465e-01  -6.925205e-01    4.775e-06      1.521e-03    1.526e-03    4.992e+00    3.052e-05          True
     22575      5   2095   4.838824e-01   4.838824e-01   4.838793e-01   4.848682e-01    3.105e-06      9.857e-04    9.888e-04    6.486e+00    3.052e-05          True
     22578      5   2098   1.924507e+00   1.924507e+00   1.924508e+00   1.922457e+00    1.852e-06      2.050e-03    2.051e-03    5.274e+00    3.052e-05          True
     22588      5   2108  -1.108576e+00  -1.108576e+00  -1.108578e+00  -1.111362e+00    1.634e-06      2.786e-03    2.784e-03    3.929e+00    1.526e-05          True
     22599      5   2119   3.920537e-01   3.920537e-01   3.920536e-01   3.936924e-01    8.721e-08      1.639e-03    1.639e-03    3.710e+00    1.526e-05          True
     22601      5   2121  -6.691395e-01  -6.691395e-01  -6.691458e-01  -6.707940e-01    6.346e-06      1.655e-03    1.648e-03    6.775e+00    3.052e-05          True
     22602      5   2122   1.035532e+00   1.035532e+00   1.035535e+00   1.033706e+00    3.411e-06      1.826e-03    1.830e-03    3.179e+00    1.526e-05          True
     22603      5   2123   6.202581e-01   6.202581e-01   6.202531e-01   6.225705e-01    5.011e-06      2.312e-03    2.317e-03    6.806e+00    3.052e-05          True
     22609      5   2129  -7.741104e-01  -7.741104e-01  -7.741074e-01  -7.730309e-01    2.997e-06      1.080e-03    1.077e-03    4.025e+00    3.052e-05          True
     22613      5   2133   3.077113e+00   3.077113e+00   3.077114e+00   3.080792e+00    7.006e-07      3.679e-03    3.678e-03    6.035e+00    3.052e-05          True
     22629      5   2149  -1.340923e+00  -1.340923e+00  -1.340923e+00  -1.342775e+00    4.119e-07      1.852e-03    1.852e-03    8.149e+00    6.104e-05          True
     22632      5   2152   3.408599e-01   3.408599e-01   3.408643e-01   3.405016e-01    4.391e-06      3.583e-04    3.627e-04    5.417e+00    3.052e-05          True
     22638      5   2158   2.091372e+00   2.091372e+00   2.091371e+00   2.089222e+00    1.722e-06      2.151e-03    2.149e-03    4.824e+00    3.052e-05          True
     22641      5   2161   1.777114e+00   1.777114e+00   1.777110e+00   1.774541e+00    3.762e-06      2.572e-03    2.569e-03    6.868e+00    3.052e-05          True
     22644      5   2164   2.779583e-01   2.779583e-01   2.779551e-01   2.765805e-01    3.117e-06      1.378e-03    1.375e-03    3.804e+00    1.526e-05          True
     22646      5   2166   3.985050e-01   3.985050e-01   3.985021e-01   3.964658e-01    2.951e-06      2.039e-03    2.036e-03    3.714e+00    1.526e-05          True
     22652      5   2172   1.171766e-01   1.171766e-01   1.171736e-01   1.178998e-01    2.992e-06      7.233e-04    7.263e-04    3.174e+00    1.526e-05          True
     22653      5   2173  -2.827667e-01  -2.827667e-01  -2.827699e-01  -2.798563e-01    3.141e-06      2.910e-03    2.914e-03    4.362e+00    3.052e-05          True
     22654      5   2174   2.952800e-01   2.952800e-01   2.952808e-01   2.956735e-01    8.604e-07      3.936e-04    3.927e-04    3.366e+00    1.526e-05          True
     22655      5   2175  -4.438557e-01  -4.438557e-01  -4.438583e-01  -4.476534e-01    2.531e-06      3.798e-03    3.795e-03    4.140e+00    3.052e-05          True
     22659      5   2179   8.349359e-01   8.349359e-01   8.349375e-01   8.364115e-01    1.579e-06      1.476e-03    1.474e-03    4.296e+00    3.052e-05          True
     22660      5   2180   7.948425e-02   7.948425e-02   7.948569e-02   8.055492e-02    1.443e-06      1.071e-03    1.069e-03    4.488e+00    3.052e-05          True
     22683      5   2203   1.624594e+00   1.624594e+00   1.624595e+00   1.622744e+00    3.383e-07      1.850e-03    1.850e-03    5.721e+00    3.052e-05          True
     22717      5   2237  -7.835127e-01  -7.835127e-01  -7.835101e-01  -7.865087e-01    2.616e-06      2.996e-03    2.999e-03    4.313e+00    3.052e-05          True
     22725      5   2245  -1.514923e+00  -1.514923e+00  -1.514922e+00  -1.513288e+00    6.002e-07      1.635e-03    1.634e-03    3.091e+00    1.526e-05          True
     22741      5   2261  -2.030409e-01  -2.030409e-01  -2.030403e-01  -2.044505e-01    6.731e-07      1.410e-03    1.410e-03    4.723e+00    3.052e-05          True
     22742      5   2262  -7.916215e-02  -7.916215e-02  -7.915796e-02  -7.726932e-02    4.187e-06      1.893e-03    1.889e-03    4.683e+00    3.052e-05          True
     22745      5   2265  -1.603113e+00  -1.603113e+00  -1.603113e+00  -1.600844e+00    2.866e-07      2.269e-03    2.269e-03    3.139e+00    1.526e-05          True
     22759      5   2279  -1.045408e+00  -1.045408e+00  -1.045400e+00  -1.043468e+00    7.503e-06      1.940e-03    1.933e-03    4.972e+00    3.052e-05          True
     22761      5   2281   8.954091e-01   8.954091e-01   8.954054e-01   8.936127e-01    3.670e-06      1.796e-03    1.793e-03    4.238e+00    3.052e-05          True
     22789      5   2309  -5.271595e-01  -5.271595e-01  -5.271607e-01  -5.248237e-01    1.181e-06      2.336e-03    2.337e-03    3.303e+00    1.526e-05          True
     22797      5   2317  -5.545961e-01  -5.545961e-01  -5.545987e-01  -5.526107e-01    2.579e-06      1.985e-03    1.988e-03    3.294e+00    1.526e-05          True
     22819      5   2339   5.906460e-01   5.906460e-01   5.906422e-01   5.941010e-01    3.751e-06      3.455e-03    3.459e-03    4.151e+00    3.052e-05          True
     22826      5   2346   7.266459e-01   7.266459e-01   7.266473e-01   7.282586e-01    1.378e-06      1.613e-03    1.611e-03    3.152e+00    1.526e-05          True
     22846      5   2366   5.980990e-01   5.980990e-01   5.980990e-01   6.002381e-01    1.044e-08      2.139e-03    2.139e-03    2.998e+00    1.526e-05          True
     22857      5   2377   2.040980e+00   2.040980e+00   2.040982e+00   2.038818e+00    2.243e-06      2.162e-03    2.164e-03    2.573e+00    1.526e-05          True
     22860      5   2380   2.292448e-01   2.292448e-01   2.292446e-01   2.283756e-01    2.173e-07      8.692e-04    8.690e-04    5.851e+00    3.052e-05          True
     22866      5   2386  -9.605161e-01  -9.605161e-01  -9.605173e-01  -9.614900e-01    1.224e-06      9.739e-04    9.727e-04    3.397e+00    1.526e-05          True
     22879      5   2399  -1.100781e+00  -1.100781e+00  -1.100778e+00  -1.104643e+00    2.426e-06      3.862e-03    3.865e-03    5.028e+00    3.052e-05          True
     22902      5   2422  -7.234444e-01  -7.234444e-01  -7.234387e-01  -7.266123e-01    5.658e-06      3.168e-03    3.174e-03    6.484e+00    3.052e-05          True
     22907      5   2427  -3.325496e-01  -3.325496e-01  -3.325530e-01  -3.337585e-01    3.390e-06      1.209e-03    1.206e-03    3.937e+00    1.526e-05          True
     22910      5   2430   4.123254e-01   4.123254e-01   4.123258e-01   4.117504e-01    3.517e-07      5.750e-04    5.753e-04    4.402e+00    3.052e-05          True
     22913      5   2433   3.685051e-01   3.685051e-01   3.685104e-01   3.704740e-01    5.263e-06      1.969e-03    1.964e-03    2.651e+00    1.526e-05          True
     22915      5   2435  -5.861803e-01  -5.861803e-01  -5.861805e-01  -5.852492e-01    2.082e-07      9.311e-04    9.313e-04    4.417e+00    3.052e-05          True
     22920      5   2440  -1.616089e+00  -1.616089e+00  -1.616096e+00  -1.614375e+00    6.293e-06      1.715e-03    1.721e-03    5.279e+00    3.052e-05          True
     22924      5   2444   1.009754e+00   1.009754e+00   1.009751e+00   1.008456e+00    2.823e-06      1.298e-03    1.295e-03    4.433e+00    3.052e-05          True
     22926      5   2446  -3.298522e-01  -3.298522e-01  -3.298479e-01  -3.307914e-01    4.321e-06      9.393e-04    9.436e-04    3.790e+00    1.526e-05          True
     22930      5   2450   3.771395e-01   3.771395e-01   3.771366e-01   3.779829e-01    2.851e-06      8.434e-04    8.463e-04    3.060e+00    1.526e-05          True
     22933      5   2453   3.577198e-01   3.577198e-01   3.577223e-01   3.584869e-01    2.558e-06      7.671e-04    7.646e-04    4.812e+00    3.052e-05          True
     22936      5   2456  -3.732416e-01  -3.732416e-01  -3.732400e-01  -3.724965e-01    1.542e-06      7.451e-04    7.435e-04    3.367e+00    1.526e-05          True
     22940      5   2460  -1.169724e-01  -1.169724e-01  -1.169697e-01  -1.175764e-01    2.769e-06      6.040e-04    6.067e-04    4.624e+00    3.052e-05          True
     22944      5   2464  -1.498544e+00  -1.498544e+00  -1.498549e+00  -1.500785e+00    5.285e-06      2.241e-03    2.236e-03    5.666e+00    3.052e-05          True
     22955      5   2475   1.825895e+00   1.825895e+00   1.825896e+00   1.828088e+00    4.732e-07      2.192e-03    2.192e-03    3.709e+00    1.526e-05          True
     22962      5   2482  -5.078851e-01  -5.078851e-01  -5.078855e-01  -5.070730e-01    3.987e-07      8.121e-04    8.125e-04    4.534e+00    3.052e-05          True
     22968      5   2488  -2.848157e-02  -2.848157e-02  -2.848706e-02  -2.740743e-02    5.490e-06      1.074e-03    1.080e-03    4.297e+00    3.052e-05          True
     22974      5   2494  -1.284397e+00  -1.284397e+00  -1.284398e+00  -1.286295e+00    9.221e-07      1.898e-03    1.897e-03    2.374e+00    1.526e-05          True
     22979      5   2499   1.524275e-01   1.524275e-01   1.524295e-01   1.510261e-01    2.002e-06      1.401e-03    1.403e-03    3.964e+00    1.526e-05          True
     22980      5   2500   7.476838e-01   7.476838e-01   7.476865e-01   7.457818e-01    2.673e-06      1.902e-03    1.905e-03    3.215e+00    1.526e-05          True
     22981      5   2501  -1.795435e+00  -1.795435e+00  -1.795443e+00  -1.797592e+00    7.909e-06      2.157e-03    2.149e-03    5.574e+00    3.052e-05          True
     22982      5   2502  -1.936234e+00  -1.936234e+00  -1.936237e+00  -1.932762e+00    3.290e-06      3.472e-03    3.475e-03    1.017e+01    6.104e-05          True
     22992      5   2512  -1.328642e+00  -1.328642e+00  -1.328639e+00  -1.330453e+00    3.004e-06      1.811e-03    1.814e-03    7.512e+00    3.052e-05          True
     23002      5   2522   6.242902e-01   6.242902e-01   6.242889e-01   6.226831e-01    1.283e-06      1.607e-03    1.606e-03    4.319e+00    3.052e-05          True
     23004      5   2524  -6.554551e-02  -6.554551e-02  -6.554516e-02  -6.720198e-02    3.508e-07      1.656e-03    1.657e-03    3.957e+00    1.526e-05          True
     23010      5   2530   3.770792e+00   3.770792e+00   3.770794e+00   3.766880e+00    1.529e-06      3.912e-03    3.914e-03    5.309e+00    3.052e-05          True
     23011      5   2531  -9.324501e-02  -9.324501e-02  -9.324279e-02  -9.382773e-02    2.219e-06      5.827e-04    5.849e-04    5.890e+00    3.052e-05          True
     23017      5   2537  -6.509671e-01  -6.509671e-01  -6.509722e-01  -6.478642e-01    5.171e-06      3.103e-03    3.108e-03    6.955e+00    3.052e-05          True
     23019      5   2539  -3.205631e-01  -3.205631e-01  -3.205657e-01  -3.194771e-01    2.563e-06      1.086e-03    1.089e-03    3.560e+00    1.526e-05          True
     23033      5   2553  -7.989881e-01  -7.989881e-01  -7.989849e-01  -7.964656e-01    3.140e-06      2.522e-03    2.519e-03    3.776e+00    1.526e-05          True
     23037      5   2557   1.497087e+00   1.497087e+00   1.497087e+00   1.495130e+00    1.936e-07      1.956e-03    1.956e-03    4.465e+00    3.052e-05          True
     23042      5   2562  -8.621773e-01  -8.621773e-01  -8.621775e-01  -8.610380e-01    1.888e-07      1.139e-03    1.139e-03    3.576e+00    1.526e-05          True
     23048      5   2568  -6.740540e-01  -6.740540e-01  -6.740516e-01  -6.729549e-01    2.332e-06      1.099e-03    1.097e-03    5.211e+00    3.052e-05          True
     23049      5   2569  -1.378245e+00  -1.378245e+00  -1.378248e+00  -1.376784e+00    3.429e-06      1.461e-03    1.464e-03    8.188e+00    6.104e-05          True
     23054      5   2574   8.304448e-01   8.304448e-01   8.304454e-01   8.323453e-01    6.291e-07      1.901e-03    1.900e-03    3.016e+00    1.526e-05          True
     23062      5   2582  -8.789821e-01  -8.789821e-01  -8.789871e-01  -8.778440e-01    5.010e-06      1.138e-03    1.143e-03    5.859e+00    3.052e-05          True
     23064      5   2584   4.017242e-01   4.017242e-01   4.017139e-01   4.038485e-01    1.030e-05      2.124e-03    2.135e-03    7.963e+00    3.052e-05          True
     23076      5   2596  -2.703479e+00  -2.703479e+00  -2.703484e+00  -2.700485e+00    5.049e-06      2.995e-03    3.000e-03    4.946e+00    3.052e-05          True
     23077      5   2597  -8.591047e-01  -8.591047e-01  -8.590999e-01  -8.603261e-01    4.791e-06      1.221e-03    1.226e-03    2.861e+00    1.526e-05          True
     23080      5   2600   6.306133e-01   6.306133e-01   6.306108e-01   6.284406e-01    2.508e-06      2.173e-03    2.170e-03    3.512e+00    1.526e-05          True
     23088      5   2608  -1.076789e+00  -1.076789e+00  -1.076790e+00  -1.078416e+00    1.338e-06      1.627e-03    1.626e-03    3.466e+00    1.526e-05          True
     23095      5   2615  -5.045666e-01  -5.045666e-01  -5.045649e-01  -5.052359e-01    1.688e-06      6.692e-04    6.709e-04    4.928e+00    3.052e-05          True
     23101      5   2621   1.838903e+00   1.838903e+00   1.838911e+00   1.837068e+00    8.051e-06      1.835e-03    1.843e-03    5.464e+00    3.052e-05          True
     23109      5   2629  -4.664373e-01  -4.664373e-01  -4.664298e-01  -4.677216e-01    7.438e-06      1.284e-03    1.292e-03    6.208e+00    3.052e-05          True
     23113      5   2633  -9.721579e-01  -9.721579e-01  -9.721569e-01  -9.739790e-01    1.009e-06      1.821e-03    1.822e-03    3.563e+00    1.526e-05          True
     23117      5   2637  -1.034058e+00  -1.034058e+00  -1.034052e+00  -1.032905e+00    6.295e-06      1.153e-03    1.146e-03    4.726e+00    3.052e-05          True
     23122      5   2642  -1.006138e+00  -1.006138e+00  -1.006135e+00  -1.008177e+00    3.219e-06      2.039e-03    2.042e-03    3.649e+00    1.526e-05          True
     23135      5   2655  -2.494908e+00  -2.494908e+00  -2.494905e+00  -2.492185e+00    3.138e-06      2.723e-03    2.720e-03    6.555e+00    3.052e-05          True
     23139      5   2659   5.613551e-01   5.613551e-01   5.613539e-01   5.589916e-01    1.154e-06      2.363e-03    2.362e-03    4.441e+00    3.052e-05          True
     23140      5   2660   4.587131e-01   4.587131e-01   4.587131e-01   4.597726e-01    6.004e-09      1.060e-03    1.060e-03    4.542e+00    3.052e-05          True
     23141      5   2661   1.432410e+00   1.432410e+00   1.432407e+00   1.430742e+00    2.639e-06      1.668e-03    1.665e-03    3.616e+00    1.526e-05          True
     23152      5   2672   1.021375e+00   1.021375e+00   1.021376e+00   1.023991e+00    1.978e-06      2.617e-03    2.615e-03    5.447e+00    3.052e-05          True
     23153      5   2673  -1.789741e+00  -1.789741e+00  -1.789741e+00  -1.791609e+00    5.867e-07      1.868e-03    1.867e-03    3.374e+00    1.526e-05          True
     23160      5   2680   1.190520e+00   1.190520e+00   1.190524e+00   1.191721e+00    3.901e-06      1.202e-03    1.198e-03    4.753e+00    3.052e-05          True
     23161      5   2681   2.918947e-01   2.918947e-01   2.918891e-01   2.942273e-01    5.537e-06      2.333e-03    2.338e-03    4.354e+00    3.052e-05          True
     23170      5   2690  -8.735670e-01  -8.735670e-01  -8.735665e-01  -8.748636e-01    4.669e-07      1.297e-03    1.297e-03    5.410e+00    3.052e-05          True
     23172      5   2692  -7.822716e-01  -7.822716e-01  -7.822683e-01  -7.855673e-01    3.254e-06      3.296e-03    3.299e-03    5.721e+00    3.052e-05          True
     23182      5   2702   2.158707e+00   2.158707e+00   2.158709e+00   2.161480e+00    1.925e-06      2.774e-03    2.772e-03    5.635e+00    3.052e-05          True
     23184      5   2704   1.134840e+00   1.134840e+00   1.134848e+00   1.136559e+00    8.244e-06      1.719e-03    1.711e-03    4.520e+00    3.052e-05          True
     23192      5   2712  -1.100536e+00  -1.100536e+00  -1.100537e+00  -1.102679e+00    6.888e-07      2.143e-03    2.142e-03    4.573e+00    3.052e-05          True
     23198      5   2718  -1.534502e+00  -1.534502e+00  -1.534499e+00  -1.531096e+00    3.307e-06      3.406e-03    3.402e-03    4.503e+00    3.052e-05          True
     23201      5   2721   8.304449e-01   8.304449e-01   8.304514e-01   8.322546e-01    6.437e-06      1.810e-03    1.803e-03    3.865e+00    1.526e-05          True
     23212      5   2732  -9.292652e-01  -9.292652e-01  -9.292679e-01  -9.310765e-01    2.716e-06      1.811e-03    1.809e-03    3.912e+00    1.526e-05          True
     23214      5   2734  -1.157232e+00  -1.157232e+00  -1.157226e+00  -1.155222e+00    5.795e-06      2.009e-03    2.004e-03    4.771e+00    3.052e-05          True
     23217      5   2737   4.408082e-01   4.408082e-01   4.408148e-01   4.419883e-01    6.634e-06      1.180e-03    1.173e-03    5.095e+00    3.052e-05          True
     23224      5   2744  -2.765353e-01  -2.765353e-01  -2.765353e-01  -2.750780e-01    3.879e-08      1.457e-03    1.457e-03    5.967e+00    3.052e-05          True
     23226      5   2746   3.796199e-02   3.796199e-02   3.796022e-02   3.881092e-02    1.770e-06      8.489e-04    8.507e-04    2.479e+00    1.526e-05          True
     23229      5   2749   8.128235e-01   8.128235e-01   8.128222e-01   8.143105e-01    1.272e-06      1.487e-03    1.488e-03    3.871e+00    1.526e-05          True
     23242      5   2762  -1.532886e+00  -1.532886e+00  -1.532886e+00  -1.534796e+00    2.601e-07      1.910e-03    1.910e-03    2.480e+00    1.526e-05          True
     23245      5   2765   9.372216e-01   9.372216e-01   9.372218e-01   9.355544e-01    1.346e-07      1.667e-03    1.667e-03    6.133e+00    3.052e-05          True
     23257      5   2777  -1.786700e+00  -1.786700e+00  -1.786696e+00  -1.789673e+00    3.187e-06      2.974e-03    2.977e-03    4.713e+00    3.052e-05          True
     23262      5   2782  -6.443530e-01  -6.443530e-01  -6.443470e-01  -6.428110e-01    6.090e-06      1.542e-03    1.536e-03    3.685e+00    1.526e-05          True
     23269      5   2789  -1.126362e+00  -1.126362e+00  -1.126364e+00  -1.128767e+00    1.539e-06      2.405e-03    2.403e-03    4.563e+00    3.052e-05          True
     23273      5   2793  -4.628587e-01  -4.628587e-01  -4.628598e-01  -4.619754e-01    1.106e-06      8.832e-04    8.844e-04    4.669e+00    3.052e-05          True
     23275      5   2795  -1.088003e+00  -1.088003e+00  -1.088009e+00  -1.085578e+00    6.043e-06      2.425e-03    2.431e-03    6.200e+00    3.052e-05          True
     23285      5   2805  -1.594530e+00  -1.594530e+00  -1.594529e+00  -1.596166e+00    1.663e-06      1.636e-03    1.638e-03    4.201e+00    3.052e-05          True
     23293      5   2813   1.469865e+00   1.469865e+00   1.469860e+00   1.471923e+00    5.203e-06      2.058e-03    2.063e-03    4.231e+00    3.052e-05          True
     23295      5   2815   3.524713e-01   3.524713e-01   3.524708e-01   3.513361e-01    5.896e-07      1.135e-03    1.135e-03    4.191e+00    3.052e-05          True
     23305      5   2825   6.718595e-01   6.718595e-01   6.718620e-01   6.689699e-01    2.484e-06      2.890e-03    2.892e-03    4.489e+00    3.052e-05          True
     23312      5   2832  -4.945570e-01  -4.945570e-01  -4.945568e-01  -4.975090e-01    2.149e-07      2.952e-03    2.952e-03    3.152e+00    1.526e-05          True
     23315      5   2835   4.232209e-01   4.232209e-01   4.232193e-01   4.243202e-01    1.645e-06      1.099e-03    1.101e-03    4.839e+00    3.052e-05          True
     23319      5   2839  -6.535348e-01  -6.535348e-01  -6.535398e-01  -6.517192e-01    5.012e-06      1.816e-03    1.821e-03    6.545e+00    3.052e-05          True
     23331      5   2851   2.400535e+00   2.400535e+00   2.400539e+00   2.397985e+00    3.972e-06      2.549e-03    2.553e-03    3.747e+00    1.526e-05          True
     23333      5   2853   5.250932e-01   5.250932e-01   5.250980e-01   5.229145e-01    4.799e-06      2.179e-03    2.183e-03    5.437e+00    3.052e-05          True
     23334      5   2854   4.039941e-02   4.039941e-02   4.039856e-02   3.942941e-02    8.451e-07      9.700e-04    9.692e-04    4.105e+00    3.052e-05          True
     23335      5   2855  -8.043513e-01  -8.043513e-01  -8.043573e-01  -8.025958e-01    6.003e-06      1.755e-03    1.761e-03    4.250e+00    3.052e-05          True
     23345      5   2865   8.797115e-02   8.797115e-02   8.797289e-02   8.729115e-02    1.742e-06      6.800e-04    6.817e-04    5.645e+00    3.052e-05          True
     23349      5   2869  -9.863769e-01  -9.863769e-01  -9.863729e-01  -9.882418e-01    4.059e-06      1.865e-03    1.869e-03    4.690e+00    3.052e-05          True
     23354      5   2874   1.299660e-04   1.299660e-04   1.320638e-04   1.273353e-03    2.098e-06      1.143e-03    1.141e-03    4.670e+00    3.052e-05          True
     23358      5   2878   5.880931e-01   5.880931e-01   5.881007e-01   5.890341e-01    7.524e-06      9.410e-04    9.335e-04    6.785e+00    3.052e-05          True
     23366      5   2886   7.373025e-01   7.373025e-01   7.372958e-01   7.401236e-01    6.740e-06      2.821e-03    2.828e-03    7.358e+00    3.052e-05          True
     23372      5   2892  -4.527566e-01  -4.527566e-01  -4.527537e-01  -4.534550e-01    2.891e-06      6.984e-04    7.013e-04    4.995e+00    3.052e-05          True
     23373      5   2893  -1.420946e+00  -1.420946e+00  -1.420946e+00  -1.419026e+00    5.177e-07      1.919e-03    1.920e-03    5.365e+00    3.052e-05          True
     23381      5   2901  -5.947490e-01  -5.947490e-01  -5.947350e-01  -5.932661e-01    1.408e-05      1.483e-03    1.469e-03    7.434e+00    3.052e-05          True
     23383      5   2903   6.198224e-01   6.198224e-01   6.198180e-01   6.182629e-01    4.330e-06      1.559e-03    1.555e-03    4.977e+00    3.052e-05          True
     23392      5   2912   2.305302e-01   2.305302e-01   2.305301e-01   2.316825e-01    8.566e-08      1.152e-03    1.152e-03    4.057e+00    3.052e-05          True
     23400      5   2920  -4.377948e-01  -4.377948e-01  -4.377953e-01  -4.368993e-01    5.852e-07      8.955e-04    8.960e-04    3.566e+00    1.526e-05          True
     23403      5   2923  -1.433374e+00  -1.433374e+00  -1.433367e+00  -1.431868e+00    7.201e-06      1.506e-03    1.499e-03    8.198e+00    6.104e-05          True
     23433      5   2953   2.067894e-01   2.067894e-01   2.067920e-01   2.065461e-01    2.589e-06      2.433e-04    2.459e-04    5.675e+00    3.052e-05          True
     23444      5   2964  -1.917369e-01  -1.917369e-01  -1.917359e-01  -1.906475e-01    9.796e-07      1.089e-03    1.088e-03    4.617e+00    3.052e-05          True
     23459      5   2979  -1.716625e+00  -1.716625e+00  -1.716630e+00  -1.718509e+00    4.497e-06      1.883e-03    1.879e-03    7.469e+00    3.052e-05          True
     23484      5   3004  -1.047593e-02  -1.047593e-02  -1.047563e-02  -9.389102e-03    2.978e-07      1.087e-03    1.087e-03    2.206e+00    1.526e-05          True
     23487      5   3007  -6.032691e-01  -6.032691e-01  -6.032742e-01  -6.014671e-01    5.097e-06      1.802e-03    1.807e-03    4.422e+00    3.052e-05          True
     23488      5   3008   1.154583e+00   1.154583e+00   1.154579e+00   1.157079e+00    4.280e-06      2.496e-03    2.500e-03    7.506e+00    3.052e-05          True
     23505      5   3025   1.744692e+00   1.744692e+00   1.744694e+00   1.742347e+00    2.353e-06      2.345e-03    2.347e-03    3.145e+00    1.526e-05          True
     23518      5   3038   3.582291e-01   3.582291e-01   3.582340e-01   3.569484e-01    4.875e-06      1.281e-03    1.286e-03    4.779e+00    3.052e-05          True
     23519      5   3039  -4.936850e-01  -4.936850e-01  -4.936863e-01  -4.953162e-01    1.342e-06      1.631e-03    1.630e-03    3.978e+00    1.526e-05          True
     23524      5   3044  -7.075340e-01  -7.075340e-01  -7.075399e-01  -7.051953e-01    5.872e-06      2.339e-03    2.345e-03    6.259e+00    3.052e-05          True
     23532      5   3052   2.741458e+00   2.741458e+00   2.741463e+00   2.744554e+00    5.632e-06      3.096e-03    3.090e-03    7.284e+00    3.052e-05          True
     23533      5   3053   9.362466e-01   9.362466e-01   9.362414e-01   9.384760e-01    5.250e-06      2.229e-03    2.235e-03    3.630e+00    1.526e-05          True
     23538      5   3058   2.736770e+00   2.736770e+00   2.736773e+00   2.733788e+00    2.919e-06      2.982e-03    2.985e-03    6.920e+00    3.052e-05          True
     23539      5   3059   1.052949e+00   1.052949e+00   1.052942e+00   1.051180e+00    7.358e-06      1.769e-03    1.762e-03    5.636e+00    3.052e-05          True
     23543      5   3063   1.514829e+00   1.514829e+00   1.514830e+00   1.516739e+00    1.434e-06      1.910e-03    1.909e-03    4.563e+00    3.052e-05          True
     23544      5   3064   4.365868e-01   4.365868e-01   4.365881e-01   4.373009e-01    1.284e-06      7.141e-04    7.128e-04    4.068e+00    3.052e-05          True
     23548      5   3068  -9.392443e-02  -9.392443e-02  -9.392548e-02  -9.439095e-02    1.053e-06      4.665e-04    4.655e-04    5.446e+00    3.052e-05          True
     23562      5   3082   1.971918e+00   1.971918e+00   1.971919e+00   1.973977e+00    7.167e-07      2.059e-03    2.058e-03    4.891e+00    3.052e-05          True
     23565      5   3085  -4.452732e-01  -4.452732e-01  -4.452754e-01  -4.447826e-01    2.159e-06      4.906e-04    4.928e-04    5.597e+00    3.052e-05          True
     23569      5   3089  -1.400984e-02  -1.400984e-02  -1.400964e-02  -1.153251e-02    2.026e-07      2.477e-03    2.477e-03    2.525e+00    1.526e-05          True
     23574      5   3094  -2.016430e-01  -2.016430e-01  -2.016430e-01  -2.023392e-01    6.110e-08      6.963e-04    6.962e-04    3.186e+00    1.526e-05          True
     23577      5   3097   1.019360e+00   1.019360e+00   1.019362e+00   1.020897e+00    2.004e-06      1.537e-03    1.535e-03    6.150e+00    3.052e-05          True
     23585      5   3105  -1.781900e-01  -1.781900e-01  -1.781950e-01  -1.766027e-01    4.976e-06      1.587e-03    1.592e-03    3.342e+00    1.526e-05          True
     23590      5   3110   2.668665e-01   2.668665e-01   2.668640e-01   2.655366e-01    2.534e-06      1.330e-03    1.327e-03    4.268e+00    3.052e-05          True
     23604      5   3124  -1.658971e+00  -1.658971e+00  -1.658973e+00  -1.662539e+00    2.673e-06      3.568e-03    3.565e-03    4.772e+00    3.052e-05          True
     23605      5   3125   1.003898e+00   1.003898e+00   1.003899e+00   1.002599e+00    7.001e-07      1.299e-03    1.299e-03    3.865e+00    1.526e-05          True
     23626      5   3146  -2.521423e-01  -2.521423e-01  -2.521412e-01  -2.511619e-01    1.129e-06      9.804e-04    9.793e-04    6.199e+00    3.052e-05          True
     23633      5   3153   8.981829e-01   8.981829e-01   8.981829e-01   8.992593e-01    6.176e-09      1.076e-03    1.076e-03    5.989e+00    3.052e-05          True
     23637      5   3157  -2.760515e+00  -2.760515e+00  -2.760524e+00  -2.757716e+00    8.855e-06      2.799e-03    2.808e-03    4.093e+00    3.052e-05          True
     23640      5   3160   1.451658e-01   1.451658e-01   1.451666e-01   1.443453e-01    8.033e-07      8.205e-04    8.213e-04    4.985e+00    3.052e-05          True
     23647      5   3167  -3.157502e-01  -3.157502e-01  -3.157500e-01  -3.170677e-01    2.233e-07      1.317e-03    1.318e-03    2.643e+00    1.526e-05          True
     23648      5   3168   7.826391e-01   7.826391e-01   7.826325e-01   7.800278e-01    6.538e-06      2.611e-03    2.605e-03    7.695e+00    3.052e-05          True
     23656      5   3176   4.759738e-01   4.759738e-01   4.759727e-01   4.744279e-01    1.093e-06      1.546e-03    1.545e-03    3.060e+00    1.526e-05          True
     23680      5   3200  -2.374249e-01  -2.374249e-01  -2.374190e-01  -2.377413e-01    5.853e-06      3.164e-04    3.222e-04    4.106e+00    3.052e-05          True
     23685      5   3205   1.472495e+00   1.472495e+00   1.472490e+00   1.470654e+00    5.415e-06      1.841e-03    1.836e-03    5.859e+00    3.052e-05          True
     23687      5   3207   1.233479e+00   1.233479e+00   1.233479e+00   1.235023e+00    6.084e-07      1.544e-03    1.544e-03    3.892e+00    1.526e-05          True
     23690      5   3210  -8.216697e-02  -8.216697e-02  -8.216446e-02  -8.441070e-02    2.506e-06      2.244e-03    2.246e-03    5.335e+00    3.052e-05          True
     23691      5   3211   1.285377e+00   1.285377e+00   1.285377e+00   1.287436e+00    2.750e-07      2.059e-03    2.058e-03    3.587e+00    1.526e-05          True
     23716      5   3236  -3.636962e-02  -3.636962e-02  -3.636795e-02  -3.466624e-02    1.678e-06      1.703e-03    1.702e-03    4.832e+00    3.052e-05          True
     23727      5   3247  -3.189770e-01  -3.189770e-01  -3.189754e-01  -3.196526e-01    1.581e-06      6.756e-04    6.772e-04    3.291e+00    1.526e-05          True
     23728      5   3248  -4.907580e-01  -4.907580e-01  -4.907584e-01  -4.924632e-01    3.840e-07      1.705e-03    1.705e-03    5.172e+00    3.052e-05          True
     23733      5   3253   1.558914e+00   1.558914e+00   1.558917e+00   1.561849e+00    2.300e-06      2.935e-03    2.932e-03    4.372e+00    3.052e-05          True
     23745      5   3265   1.654214e+00   1.654214e+00   1.654216e+00   1.657031e+00    2.497e-06      2.818e-03    2.815e-03    4.222e+00    3.052e-05          True
     23748      5   3268   1.620850e+00   1.620850e+00   1.620852e+00   1.618060e+00    1.889e-06      2.790e-03    2.792e-03    2.942e+00    1.526e-05          True
     23755      5   3275   3.843716e-01   3.843716e-01   3.843733e-01   3.864771e-01    1.699e-06      2.105e-03    2.104e-03    4.153e+00    3.052e-05          True
     23763      5   3283   5.973168e-01   5.973168e-01   5.973169e-01   5.964745e-01    9.773e-08      8.424e-04    8.425e-04    5.773e+00    3.052e-05          True
     23779      5   3299  -4.342541e-01  -4.342541e-01  -4.342552e-01  -4.328460e-01    1.115e-06      1.408e-03    1.409e-03    4.638e+00    3.052e-05          True
     23782      5   3302  -5.602718e-01  -5.602718e-01  -5.602763e-01  -5.585967e-01    4.490e-06      1.675e-03    1.680e-03    4.885e+00    3.052e-05          True
     23783      5   3303  -2.537641e-01  -2.537641e-01  -2.537595e-01  -2.542201e-01    4.519e-06      4.560e-04    4.605e-04    6.033e+00    3.052e-05          True
     23786      5   3306   5.789773e-01   5.789773e-01   5.789788e-01   5.778981e-01    1.516e-06      1.079e-03    1.081e-03    3.977e+00    1.526e-05          True
     23794      5   3314  -1.980505e+00  -1.980505e+00  -1.980507e+00  -1.978251e+00    1.892e-06      2.254e-03    2.256e-03    2.943e+00    1.526e-05          True
     23801      5   3321  -1.177932e+00  -1.177932e+00  -1.177930e+00  -1.176640e+00    2.164e-06      1.292e-03    1.290e-03    2.318e+00    1.526e-05          True
     23802      5   3322   3.967430e-01   3.967430e-01   3.967388e-01   3.955752e-01    4.126e-06      1.168e-03    1.164e-03    4.658e+00    3.052e-05          True
     23804      5   3324  -1.916331e-01  -1.916331e-01  -1.916295e-01  -1.922348e-01    3.622e-06      6.017e-04    6.053e-04    5.472e+00    3.052e-05          True
     23807      5   3327  -1.424027e+00  -1.424027e+00  -1.424026e+00  -1.422340e+00    6.901e-07      1.687e-03    1.686e-03    5.826e+00    3.052e-05          True
     23810      5   3330  -4.362247e-01  -4.362247e-01  -4.362245e-01  -4.368230e-01    2.257e-07      5.983e-04    5.985e-04    2.484e+00    1.526e-05          True
     23815      5   3335  -1.822302e-01  -1.822302e-01  -1.822257e-01  -1.818112e-01    4.474e-06      4.190e-04    4.145e-04    5.475e+00    3.052e-05          True
     23816      5   3336  -5.854261e-01  -5.854261e-01  -5.854297e-01  -5.880836e-01    3.551e-06      2.657e-03    2.654e-03    4.379e+00    3.052e-05          True
     23817      5   3337   1.857134e+00   1.857134e+00   1.857131e+00   1.854233e+00    2.984e-06      2.901e-03    2.898e-03    7.377e+00    3.052e-05          True
     23818      5   3338  -6.445919e-01  -6.445919e-01  -6.445898e-01  -6.436203e-01    2.075e-06      9.715e-04    9.695e-04    5.279e+00    3.052e-05          True
     23819      5   3339  -4.439636e-01  -4.439636e-01  -4.439591e-01  -4.449947e-01    4.524e-06      1.031e-03    1.036e-03    3.927e+00    1.526e-05          True
     23824      5   3344  -1.048552e+00  -1.048552e+00  -1.048556e+00  -1.049883e+00    3.431e-06      1.331e-03    1.327e-03    6.266e+00    3.052e-05          True
     23829      5   3349   5.096735e-01   5.096735e-01   5.096739e-01   5.108374e-01    4.404e-07      1.164e-03    1.163e-03    2.790e+00    1.526e-05          True
     23831      5   3351   1.420067e+00   1.420067e+00   1.420068e+00   1.418382e+00    1.255e-06      1.684e-03    1.686e-03    4.638e+00    3.052e-05          True
     23833      5   3353   7.196963e-01   7.196963e-01   7.197002e-01   7.187396e-01    3.848e-06      9.567e-04    9.605e-04    4.716e+00    3.052e-05          True
     23846      5   3366   2.096854e-01   2.096854e-01   2.096823e-01   2.102450e-01    3.119e-06      5.595e-04    5.627e-04    3.153e+00    1.526e-05          True
     23856      5   3376   2.177354e+00   2.177354e+00   2.177355e+00   2.174359e+00    7.232e-07      2.995e-03    2.996e-03    4.321e+00    3.052e-05          True
     23860      5   3380  -6.422968e-01  -6.422968e-01  -6.422994e-01  -6.431162e-01    2.619e-06      8.194e-04    8.168e-04    2.685e+00    1.526e-05          True
     23884      5   3404  -4.052336e-01  -4.052336e-01  -4.052348e-01  -4.048015e-01    1.277e-06      4.320e-04    4.333e-04    5.121e+00    3.052e-05          True
     23896      5   3416   6.734235e-01   6.734235e-01   6.734221e-01   6.724194e-01    1.443e-06      1.004e-03    1.003e-03    4.121e+00    3.052e-05          True
     23899      5   3419   3.669250e+00   3.669250e+00   3.669254e+00   3.673860e+00    3.460e-06      4.609e-03    4.606e-03    3.669e+00    1.526e-05          True
     23906      5   3426  -3.991382e-01  -3.991382e-01  -3.991383e-01  -4.008556e-01    1.734e-07      1.717e-03    1.717e-03    3.706e+00    1.526e-05          True
     23908      5   3428  -6.620752e-02  -6.620752e-02  -6.620803e-02  -6.578795e-02    5.138e-07      4.196e-04    4.201e-04    4.300e+00    3.052e-05          True
     23921      5   3441   2.405953e-01   2.405953e-01   2.405962e-01   2.421736e-01    9.168e-07      1.578e-03    1.577e-03    3.564e+00    1.526e-05          True
     23924      5   3444   5.839354e-01   5.839354e-01   5.839362e-01   5.821787e-01    7.784e-07      1.757e-03    1.757e-03    5.162e+00    3.052e-05          True
     23927      5   3447  -7.085279e-01  -7.085279e-01  -7.085295e-01  -7.101334e-01    1.643e-06      1.605e-03    1.604e-03    3.747e+00    1.526e-05          True
     23933      5   3453  -2.560598e-01  -2.560598e-01  -2.560598e-01  -2.565998e-01    3.824e-08      5.400e-04    5.400e-04    4.034e+00    3.052e-05          True
     23946      5   3466   2.627323e-01   2.627323e-01   2.627343e-01   2.638862e-01    2.011e-06      1.154e-03    1.152e-03    3.294e+00    1.526e-05          True
     23960      5   3480   2.245433e+00   2.245433e+00   2.245436e+00   2.242865e+00    2.755e-06      2.569e-03    2.572e-03    3.751e+00    1.526e-05          True
     23962      5   3482  -2.947398e+00  -2.947398e+00  -2.947394e+00  -2.944391e+00    3.438e-06      3.006e-03    3.003e-03    4.609e+00    3.052e-05          True
     23967      5   3487  -1.859076e-01  -1.859076e-01  -1.859007e-01  -1.880232e-01    6.935e-06      2.116e-03    2.123e-03    5.718e+00    3.052e-05          True
     23968      5   3488  -2.148314e-01  -2.148314e-01  -2.148327e-01  -2.137195e-01    1.358e-06      1.112e-03    1.113e-03    4.422e+00    3.052e-05          True
     23969      5   3489   1.773203e+00   1.773203e+00   1.773208e+00   1.775263e+00    5.289e-06      2.060e-03    2.055e-03    6.368e+00    3.052e-05          True
     23974      5   3494  -2.172225e-01  -2.172225e-01  -2.172244e-01  -2.191289e-01    1.948e-06      1.906e-03    1.904e-03    4.951e+00    3.052e-05          True
     23975      5   3495  -5.832521e-01  -5.832521e-01  -5.832554e-01  -5.786839e-01    3.268e-06      4.568e-03    4.572e-03    4.072e+00    3.052e-05          True
     23981      5   3501   4.426519e-01   4.426519e-01   4.426555e-01   4.439717e-01    3.646e-06      1.320e-03    1.316e-03    3.192e+00    1.526e-05          True
     23985      5   3505  -3.064693e-01  -3.064693e-01  -3.064696e-01  -3.060597e-01    2.554e-07      4.096e-04    4.099e-04    6.583e+00    3.052e-05          True
     23989      5   3509  -6.728924e-01  -6.728924e-01  -6.728904e-01  -6.750402e-01    2.014e-06      2.148e-03    2.150e-03    4.116e+00    3.052e-05          True
     23991      5   3511  -2.206422e-01  -2.206422e-01  -2.206440e-01  -2.196349e-01    1.712e-06      1.007e-03    1.009e-03    4.462e+00    3.052e-05          True
     23998      5   3518   3.433773e-01   3.433773e-01   3.433823e-01   3.437466e-01    4.965e-06      3.693e-04    3.643e-04    3.641e+00    1.526e-05          True
     24008      5   3528  -4.590819e-02  -4.590819e-02  -4.589718e-02  -4.607017e-02    1.101e-05      1.620e-04    1.730e-04    6.033e+00    3.052e-05          True
     24009      5   3529  -8.230134e-01  -8.230134e-01  -8.230150e-01  -8.238817e-01    1.624e-06      8.683e-04    8.667e-04    3.280e+00    1.526e-05          True
     24016      5   3536  -7.309188e-01  -7.309188e-01  -7.309178e-01  -7.295510e-01    9.576e-07      1.368e-03    1.367e-03    4.335e+00    3.052e-05          True
     24032      5   3552  -4.204748e-02  -4.204748e-02  -4.204753e-02  -3.916200e-02    4.340e-08      2.885e-03    2.886e-03    4.346e+00    3.052e-05          True
     24035      5   3555  -9.418100e-01  -9.418100e-01  -9.418083e-01  -9.408399e-01    1.642e-06      9.701e-04    9.685e-04    4.984e+00    3.052e-05          True
     24039      5   3559  -1.031081e+00  -1.031081e+00  -1.031073e+00  -1.029067e+00    7.516e-06      2.014e-03    2.007e-03    4.495e+00    3.052e-05          True
     24041      5   3561  -3.497316e-01  -3.497316e-01  -3.497329e-01  -3.478455e-01    1.327e-06      1.886e-03    1.887e-03    3.853e+00    1.526e-05          True
     24051      5   3571   4.720770e-01   4.720770e-01   4.720795e-01   4.727156e-01    2.470e-06      6.385e-04    6.361e-04    4.800e+00    3.052e-05          True
     24056      5   3576   2.616435e-01   2.616435e-01   2.616434e-01   2.589515e-01    1.191e-07      2.692e-03    2.692e-03    6.246e+00    3.052e-05          True
     24059      5   3579   1.312607e+00   1.312607e+00   1.312605e+00   1.314665e+00    1.766e-06      2.057e-03    2.059e-03    3.655e+00    1.526e-05          True
     24062      5   3582   3.751717e-01   3.751717e-01   3.751704e-01   3.735011e-01    1.354e-06      1.671e-03    1.669e-03    4.979e+00    3.052e-05          True
     24064      5   3584  -2.334856e-01  -2.334856e-01  -2.334864e-01  -2.341263e-01    8.125e-07      6.406e-04    6.398e-04    2.886e+00    1.526e-05          True
     24067      5   3587  -3.551179e-03  -3.551179e-03  -3.551618e-03  -3.518447e-03    4.394e-07      3.273e-05    3.317e-05    3.419e+00    1.526e-05          True
     24071      5   3591   2.881907e-01   2.881907e-01   2.881934e-01   2.888700e-01    2.742e-06      6.793e-04    6.766e-04    6.014e+00    3.052e-05          True
     24075      5   3595   3.556507e-02   3.556507e-02   3.556526e-02   3.402435e-02    1.950e-07      1.541e-03    1.541e-03    9.290e+00    6.104e-05          True
     24083      5   3603  -1.511075e+00  -1.511075e+00  -1.511082e+00  -1.508847e+00    7.039e-06      2.228e-03    2.235e-03    7.376e+00    3.052e-05          True
     24086      5   3606   1.235055e+00   1.235055e+00   1.235057e+00   1.232946e+00    2.825e-06      2.108e-03    2.111e-03    7.811e+00    3.052e-05          True
     24089      5   3609  -5.691032e-01  -5.691032e-01  -5.691001e-01  -5.684556e-01    3.144e-06      6.476e-04    6.444e-04    5.177e+00    3.052e-05          True
     24100      5   3620   1.062121e+00   1.062121e+00   1.062114e+00   1.063894e+00    7.056e-06      1.773e-03    1.780e-03    6.448e+00    3.052e-05          True
     24102      5   3622   1.905151e-01   1.905151e-01   1.905148e-01   1.886758e-01    3.239e-07      1.839e-03    1.839e-03    3.298e+00    1.526e-05          True
     24105      5   3625   6.392515e-01   6.392515e-01   6.392566e-01   6.370262e-01    5.094e-06      2.225e-03    2.230e-03    5.290e+00    3.052e-05          True
     24111      5   3631   5.332136e-01   5.332136e-01   5.332085e-01   5.354090e-01    5.040e-06      2.195e-03    2.200e-03    5.717e+00    3.052e-05          True
     24114      5   3634   1.579899e+00   1.579899e+00   1.579896e+00   1.582685e+00    2.768e-06      2.786e-03    2.789e-03    3.870e+00    1.526e-05          True
     24121      5   3641  -1.542170e-01  -1.542170e-01  -1.542176e-01  -1.566109e-01    5.580e-07      2.394e-03    2.393e-03    4.033e+00    3.052e-05          True
     24139      5   3659  -2.502782e-01  -2.502782e-01  -2.502835e-01  -2.507642e-01    5.309e-06      4.859e-04    4.806e-04    4.866e+00    3.052e-05          True
     24144      5   3664  -1.170617e-01  -1.170617e-01  -1.170582e-01  -1.195531e-01    3.475e-06      2.491e-03    2.495e-03    3.937e+00    1.526e-05          True
     24151      5   3671  -8.434908e-01  -8.434908e-01  -8.434893e-01  -8.400193e-01    1.530e-06      3.471e-03    3.470e-03    3.852e+00    1.526e-05          True
     24166      5   3686   2.192459e+00   2.192459e+00   2.192464e+00   2.190257e+00    5.477e-06      2.201e-03    2.207e-03    6.787e+00    3.052e-05          True
     24169      5   3689  -2.902832e-01  -2.902832e-01  -2.902800e-01  -2.913403e-01    3.220e-06      1.057e-03    1.060e-03    4.031e+00    3.052e-05          True
     24170      5   3690  -9.775148e-01  -9.775148e-01  -9.775148e-01  -9.797015e-01    2.263e-08      2.187e-03    2.187e-03    5.634e+00    3.052e-05          True
     24172      5   3692   9.567873e-01   9.567873e-01   9.567865e-01   9.557154e-01    7.780e-07      1.072e-03    1.071e-03    4.215e+00    3.052e-05          True
     24178      5   3698  -2.387423e+00  -2.387423e+00  -2.387420e+00  -2.384744e+00    3.430e-06      2.679e-03    2.676e-03    2.972e+00    1.526e-05          True
     24181      5   3701  -2.313503e-01  -2.313503e-01  -2.313480e-01  -2.295446e-01    2.294e-06      1.806e-03    1.803e-03    2.960e+00    1.526e-05          True
     24185      5   3705   9.074684e-01   9.074684e-01   9.074647e-01   9.049305e-01    3.687e-06      2.538e-03    2.534e-03    3.476e+00    1.526e-05          True
     24188      5   3708  -2.982795e-01  -2.982795e-01  -2.982799e-01  -2.968191e-01    4.515e-07      1.460e-03    1.461e-03    3.881e+00    1.526e-05          True
     24195      5   3715  -1.324617e-01  -1.324617e-01  -1.324613e-01  -1.318270e-01    3.657e-07      6.347e-04    6.343e-04    5.255e+00    3.052e-05          True
     24196      5   3716   8.134144e-01   8.134144e-01   8.134115e-01   8.123264e-01    2.911e-06      1.088e-03    1.085e-03    6.474e+00    3.052e-05          True
     24200      5   3720  -6.071669e-01  -6.071669e-01  -6.071684e-01  -6.083967e-01    1.501e-06      1.230e-03    1.228e-03    4.229e+00    3.052e-05          True
     24202      5   3722   5.359968e-01   5.359968e-01   5.359946e-01   5.376677e-01    2.242e-06      1.671e-03    1.673e-03    6.490e+00    3.052e-05          True
     24211      5   3731   2.992657e-01   2.992657e-01   2.992636e-01   3.010198e-01    2.079e-06      1.754e-03    1.756e-03    3.015e+00    1.526e-05          True
     24216      5   3736   9.051441e-01   9.051441e-01   9.051462e-01   9.031615e-01    2.167e-06      1.983e-03    1.985e-03    3.424e+00    1.526e-05          True
     24223      5   3743   7.735551e-02   7.735551e-02   7.735166e-02   7.926687e-02    3.846e-06      1.911e-03    1.915e-03    3.232e+00    1.526e-05          True
     24236      5   3756  -2.303843e-01  -2.303843e-01  -2.303828e-01  -2.307513e-01    1.497e-06      3.670e-04    3.685e-04    4.528e+00    3.052e-05          True
     24242      5   3762  -9.648816e-01  -9.648816e-01  -9.648813e-01  -9.627808e-01    3.257e-07      2.101e-03    2.100e-03    4.080e+00    3.052e-05          True
     24247      5   3767   2.338259e+00   2.338259e+00   2.338260e+00   2.340927e+00    9.902e-07      2.668e-03    2.667e-03    4.185e+00    3.052e-05          True
     24250      5   3770  -1.452124e+00  -1.452124e+00  -1.452125e+00  -1.449588e+00    6.316e-07      2.536e-03    2.537e-03    3.028e+00    1.526e-05          True
     24251      5   3771   2.121898e-01   2.121898e-01   2.121931e-01   2.158633e-01    3.380e-06      3.674e-03    3.670e-03    5.226e+00    3.052e-05          True
     24263      5   3783  -3.730652e-01  -3.730652e-01  -3.730676e-01  -3.735271e-01    2.445e-06      4.619e-04    4.595e-04    4.230e+00    3.052e-05          True
     24266      5   3786   9.048854e-02   9.048854e-02   9.048891e-02   9.083015e-02    3.728e-07      3.416e-04    3.412e-04    5.156e+00    3.052e-05          True
     24269      5   3789   2.173892e-02   2.173892e-02   2.173569e-02   2.420195e-02    3.230e-06      2.463e-03    2.466e-03    7.757e+00    3.052e-05          True
     24271      5   3791   6.425727e-02   6.425727e-02   6.425485e-02   6.521646e-02    2.420e-06      9.592e-04    9.616e-04    3.206e+00    1.526e-05          True
     24275      5   3795  -2.703935e-01  -2.703935e-01  -2.703936e-01  -2.689803e-01    9.014e-08      1.413e-03    1.413e-03    5.614e+00    3.052e-05          True
     24286      5   3806   8.591844e-02   8.591844e-02   8.592052e-02   8.713177e-02    2.079e-06      1.213e-03    1.211e-03    3.244e+00    1.526e-05          True
     24293      5   3813   9.841036e-01   9.841036e-01   9.841074e-01   9.821205e-01    3.854e-06      1.983e-03    1.987e-03    3.271e+00    1.526e-05          True
     24299      5   3819   1.473998e+00   1.473998e+00   1.473999e+00   1.471829e+00    9.332e-07      2.169e-03    2.170e-03    3.765e+00    1.526e-05          True
     24301      5   3821   4.421270e-01   4.421270e-01   4.421329e-01   4.406678e-01    5.827e-06      1.459e-03    1.465e-03    5.610e+00    3.052e-05          True
     24311      5   3831  -1.491960e+00  -1.491960e+00  -1.491969e+00  -1.494233e+00    8.520e-06      2.272e-03    2.264e-03    5.170e+00    3.052e-05          True
     24319      5   3839  -1.104508e+00  -1.104508e+00  -1.104504e+00  -1.102858e+00    4.218e-06      1.650e-03    1.646e-03    4.558e+00    3.052e-05          True
     24326      5   3846   5.911871e-01   5.911871e-01   5.911865e-01   5.902557e-01    6.283e-07      9.314e-04    9.308e-04    2.833e+00    1.526e-05          True
     24331      5   3851   1.827441e-01   1.827441e-01   1.827433e-01   1.823591e-01    8.413e-07      3.850e-04    3.842e-04    3.088e+00    1.526e-05          True
     24336      5   3856   1.551537e+00   1.551537e+00   1.551536e+00   1.549322e+00    2.991e-07      2.215e-03    2.214e-03    2.925e+00    1.526e-05          True
     24362      5   3882   1.649652e+00   1.649652e+00   1.649652e+00   1.647933e+00    5.229e-07      1.719e-03    1.719e-03    4.417e+00    3.052e-05          True
     24368      5   3888  -7.438698e-01  -7.438698e-01  -7.438727e-01  -7.447089e-01    2.951e-06      8.391e-04    8.362e-04    3.006e+00    1.526e-05          True
     24377      5   3897  -3.216769e-01  -3.216769e-01  -3.216739e-01  -3.223664e-01    3.016e-06      6.894e-04    6.924e-04    4.439e+00    3.052e-05          True
     24380      5   3900  -1.286981e+00  -1.286981e+00  -1.286986e+00  -1.285604e+00    4.995e-06      1.376e-03    1.381e-03    5.140e+00    3.052e-05          True
     24393      5   3913  -2.069764e+00  -2.069764e+00  -2.069763e+00  -2.072636e+00    3.769e-07      2.872e-03    2.872e-03    4.006e+00    3.052e-05          True
     24395      5   3915  -5.690076e-01  -5.690076e-01  -5.690054e-01  -5.696287e-01    2.228e-06      6.211e-04    6.233e-04    3.798e+00    1.526e-05          True
     24405      5   3925   1.806064e-01   1.806064e-01   1.806034e-01   1.817458e-01    2.999e-06      1.139e-03    1.142e-03    3.581e+00    1.526e-05          True
     24409      5   3929   3.321800e-01   3.321800e-01   3.321775e-01   3.313002e-01    2.546e-06      8.798e-04    8.773e-04    3.216e+00    1.526e-05          True
     24410      5   3930  -4.052214e-01  -4.052214e-01  -4.052220e-01  -4.076626e-01    6.384e-07      2.441e-03    2.441e-03    6.977e+00    3.052e-05          True
     24419      5   3939   3.751199e-01   3.751199e-01   3.751188e-01   3.783258e-01    1.134e-06      3.206e-03    3.207e-03    5.600e+00    3.052e-05          True
     24424      5   3944   1.426465e+00   1.426465e+00   1.426473e+00   1.428798e+00    8.332e-06      2.333e-03    2.325e-03    7.907e+00    3.052e-05          True
     24432      5   3952   2.558933e-01   2.558933e-01   2.558904e-01   2.552502e-01    2.960e-06      6.431e-04    6.402e-04    3.818e+00    1.526e-05          True
     24437      5   3957  -1.128622e+00  -1.128622e+00  -1.128618e+00  -1.131179e+00    3.934e-06      2.557e-03    2.561e-03    4.573e+00    3.052e-05          True
     24461      5   3981  -4.813176e-01  -4.813176e-01  -4.813146e-01  -4.795255e-01    2.990e-06      1.792e-03    1.789e-03    6.060e+00    3.052e-05          True
     24465      5   3985  -1.481718e+00  -1.481718e+00  -1.481715e+00  -1.484567e+00    2.223e-06      2.850e-03    2.852e-03    5.812e+00    3.052e-05          True
     24478      5   3998  -1.033346e-01  -1.033346e-01  -1.033364e-01  -1.036008e-01    1.871e-06      2.663e-04    2.644e-04    4.151e+00    3.052e-05          True
     24480      5   4000  -1.070790e+00  -1.070790e+00  -1.070790e+00  -1.072504e+00    3.714e-07      1.714e-03    1.714e-03    3.928e+00    1.526e-05          True
     24492      5   4012  -1.596082e-01  -1.596082e-01  -1.596095e-01  -1.611032e-01    1.251e-06      1.495e-03    1.494e-03    5.762e+00    3.052e-05          True
     24499      5   4019   1.650022e-01   1.650022e-01   1.650039e-01   1.663349e-01    1.737e-06      1.333e-03    1.331e-03    4.008e+00    3.052e-05          True
     24509      5   4029  -1.429602e-01  -1.429602e-01  -1.429654e-01  -1.432670e-01    5.186e-06      3.068e-04    3.016e-04    4.326e+00    3.052e-05          True
     24521      5   4041  -1.468023e+00  -1.468023e+00  -1.468021e+00  -1.465551e+00    1.242e-06      2.472e-03    2.471e-03    6.672e+00    3.052e-05          True
     24532      5   4052   2.514281e-01   2.514281e-01   2.514335e-01   2.510729e-01    5.412e-06      3.552e-04    3.606e-04    6.751e+00    3.052e-05          True
     24535      5   4055  -8.836312e-02  -8.836312e-02  -8.836210e-02  -8.968952e-02    1.018e-06      1.326e-03    1.327e-03    7.442e+00    3.052e-05          True
     24536      5   4056   3.290389e-02   3.290389e-02   3.289488e-02   3.216578e-02    9.009e-06      7.381e-04    7.291e-04    5.459e+00    3.052e-05          True
     24547      5   4067   2.795879e-01   2.795879e-01   2.795841e-01   2.786409e-01    3.801e-06      9.470e-04    9.432e-04    4.547e+00    3.052e-05          True
     24555      5   4075   2.624109e+00   2.624109e+00   2.624112e+00   2.621321e+00    3.058e-06      2.789e-03    2.792e-03    4.808e+00    3.052e-05          True
     24573      5   4093   2.968001e-01   2.968001e-01   2.967982e-01   2.954297e-01    1.834e-06      1.370e-03    1.369e-03    5.969e+00    3.052e-05          True
     24577      6      1   4.662164e-01   4.662164e-01   4.662159e-01   4.649015e-01    5.191e-07      1.315e-03    1.314e-03    3.843e+00    1.526e-05          True
     24579      6      3  -1.835338e+00  -1.835338e+00  -1.835338e+00  -1.838609e+00    4.433e-07      3.271e-03    3.271e-03    4.025e+00    3.052e-05          True
     24584      6      8   4.613583e-01   4.613583e-01   4.613581e-01   4.598950e-01    2.235e-07      1.463e-03    1.463e-03    6.659e+00    3.052e-05          True
     24610      6     34  -1.032148e+00  -1.032148e+00  -1.032151e+00  -1.034012e+00    3.830e-06      1.865e-03    1.861e-03    6.238e+00    3.052e-05          True
     24623      6     47  -8.751633e-01  -8.751633e-01  -8.751617e-01  -8.760459e-01    1.570e-06      8.826e-04    8.842e-04    5.485e+00    3.052e-05          True
     24626      6     50  -6.787310e-01  -6.787310e-01  -6.787349e-01  -6.744264e-01    3.874e-06      4.305e-03    4.308e-03    5.081e+00    3.052e-05          True
     24627      6     51  -1.244203e+00  -1.244203e+00  -1.244203e+00  -1.241385e+00    3.407e-07      2.818e-03    2.817e-03    4.956e+00    3.052e-05          True
     24636      6     60  -1.358310e+00  -1.358310e+00  -1.358307e+00  -1.361989e+00    3.246e-06      3.678e-03    3.682e-03    4.400e+00    3.052e-05          True
     24645      6     69   3.062700e-01   3.062700e-01   3.062705e-01   3.089468e-01    4.488e-07      2.677e-03    2.676e-03    4.104e+00    3.052e-05          True
     24652      6     76   8.014643e-01   8.014643e-01   8.014654e-01   7.994884e-01    1.095e-06      1.976e-03    1.977e-03    5.682e+00    3.052e-05          True
     24653      6     77   6.487212e-01   6.487212e-01   6.487213e-01   6.500315e-01    1.501e-07      1.310e-03    1.310e-03    4.014e+00    3.052e-05          True
     24654      6     78   1.040920e+00   1.040920e+00   1.040918e+00   1.042552e+00    2.605e-06      1.632e-03    1.634e-03    4.749e+00    3.052e-05          True
     24665      6     89  -1.576060e+00  -1.576060e+00  -1.576060e+00  -1.573180e+00    6.604e-07      2.880e-03    2.879e-03    3.584e+00    1.526e-05          True
     24669      6     93   8.060304e-01   8.060304e-01   8.060275e-01   8.050954e-01    2.954e-06      9.351e-04    9.321e-04    5.601e+00    3.052e-05          True
     24688      6    112  -1.142752e+00  -1.142752e+00  -1.142751e+00  -1.141421e+00    1.009e-06      1.331e-03    1.330e-03    3.060e+00    1.526e-05          True
     24690      6    114  -2.340140e-01  -2.340140e-01  -2.340102e-01  -2.342877e-01    3.715e-06      2.737e-04    2.775e-04    4.362e+00    3.052e-05          True
     24696      6    120  -8.939925e-01  -8.939925e-01  -8.939922e-01  -8.927673e-01    2.109e-07      1.225e-03    1.225e-03    4.194e+00    3.052e-05          True
     24708      6    132   1.576609e+00   1.576609e+00   1.576609e+00   1.580426e+00    2.172e-08      3.817e-03    3.817e-03    3.038e+00    1.526e-05          True
     24722      6    146  -1.215513e+00  -1.215513e+00  -1.215513e+00  -1.214025e+00    1.485e-07      1.488e-03    1.488e-03    2.595e+00    1.526e-05          True
     24725      6    149   7.542678e-01   7.542678e-01   7.542657e-01   7.564585e-01    2.135e-06      2.191e-03    2.193e-03    5.768e+00    3.052e-05          True
     24734      6    158  -3.699697e-01  -3.699697e-01  -3.699662e-01  -3.705537e-01    3.450e-06      5.840e-04    5.874e-04    3.698e+00    1.526e-05          True
     24739      6    163  -9.097676e-01  -9.097676e-01  -9.097688e-01  -9.088200e-01    1.189e-06      9.476e-04    9.488e-04    6.376e+00    3.052e-05          True
     24751      6    175   1.167048e+00   1.167048e+00   1.167051e+00   1.169088e+00    3.012e-06      2.041e-03    2.038e-03    3.575e+00    1.526e-05          True
     24754      6    178   2.838216e+00   2.838216e+00   2.838212e+00   2.835197e+00    3.127e-06      3.019e-03    3.016e-03    3.085e+00    1.526e-05          True
     24758      6    182   7.935418e-01   7.935418e-01   7.935450e-01   7.943600e-01    3.177e-06      8.182e-04    8.150e-04    2.442e+00    1.526e-05          True
     24761      6    185   2.511430e+00   2.511430e+00   2.511432e+00   2.513988e+00    2.181e-06      2.559e-03    2.556e-03    5.782e+00    3.052e-05          True
     24766      6    190   1.385704e+00   1.385704e+00   1.385706e+00   1.384240e+00    2.478e-06      1.464e-03    1.466e-03    3.776e+00    1.526e-05          True
     24770      6    194   1.146500e+00   1.146500e+00   1.146503e+00   1.144843e+00    3.481e-06      1.657e-03    1.660e-03    2.482e+00    1.526e-05          True
     24776      6    200   2.981416e-01   2.981416e-01   2.981404e-01   2.962024e-01    1.191e-06      1.939e-03    1.938e-03    8.072e+00    6.104e-05          True
     24781      6    205   1.439306e+00   1.439306e+00   1.439306e+00   1.436990e+00    2.804e-07      2.315e-03    2.316e-03    3.683e+00    1.526e-05          True
     24782      6    206  -2.379500e+00  -2.379500e+00  -2.379502e+00  -2.376810e+00    1.784e-06      2.690e-03    2.692e-03    5.874e+00    3.052e-05          True
     24792      6    216   9.102099e-01   9.102099e-01   9.102216e-01   9.084876e-01    1.178e-05      1.722e-03    1.734e-03    6.252e+00    3.052e-05          True
     24796      6    220  -2.847959e+00  -2.847959e+00  -2.847955e+00  -2.845076e+00    4.013e-06      2.882e-03    2.878e-03    5.689e+00    3.052e-05          True
     24808      6    232   1.404632e+00   1.404632e+00   1.404633e+00   1.402497e+00    6.179e-07      2.135e-03    2.136e-03    3.965e+00    1.526e-05          True
     24822      6    246   1.282513e-01   1.282513e-01   1.282430e-01   1.244368e-01    8.315e-06      3.814e-03    3.806e-03    9.127e+00    6.104e-05          True
     24831      6    255   1.355231e+00   1.355231e+00   1.355227e+00   1.356601e+00    4.635e-06      1.370e-03    1.375e-03    4.870e+00    3.052e-05          True
     24838      6    262  -1.399696e+00  -1.399696e+00  -1.399697e+00  -1.401849e+00    2.103e-07      2.153e-03    2.153e-03    7.064e+00    3.052e-05          True
     24845      6    269  -1.261043e+00  -1.261043e+00  -1.261046e+00  -1.262337e+00    3.286e-06      1.294e-03    1.290e-03    2.902e+00    1.526e-05          True
     24856      6    280   2.974740e-01   2.974740e-01   2.974717e-01   2.999089e-01    2.285e-06      2.435e-03    2.437e-03    3.467e+00    1.526e-05          True
     24863      6    287   1.158400e-01   1.158400e-01   1.158369e-01   1.153663e-01    3.144e-06      4.737e-04    4.705e-04    4.506e+00    3.052e-05          True
     24864      6    288  -2.161233e-01  -2.161233e-01  -2.161219e-01  -2.154597e-01    1.427e-06      6.636e-04    6.621e-04    3.689e+00    1.526e-05          True
     24869      6    293  -2.113846e+00  -2.113846e+00  -2.113847e+00  -2.116074e+00    1.230e-06      2.228e-03    2.227e-03    3.454e+00    1.526e-05          True
     24875      6    299   1.383288e+00   1.383288e+00   1.383289e+00   1.381355e+00    1.319e-06      1.932e-03    1.934e-03    3.694e+00    1.526e-05          True
     24878      6    302   8.306829e-01   8.306829e-01   8.306825e-01   8.323654e-01    3.782e-07      1.682e-03    1.683e-03    3.989e+00    1.526e-05          True
     24889      6    313  -6.623793e-01  -6.623793e-01  -6.623802e-01  -6.641471e-01    9.060e-07      1.768e-03    1.767e-03    3.807e+00    1.526e-05          True
     24893      6    317  -7.470990e-01  -7.470990e-01  -7.470958e-01  -7.455661e-01    3.194e-06      1.533e-03    1.530e-03    7.488e+00    3.052e-05          True
     24894      6    318   2.065246e+00   2.065246e+00   2.065247e+00   2.067485e+00    5.994e-07      2.239e-03    2.239e-03    4.495e+00    3.052e-05          True
     24898      6    322  -1.201489e+00  -1.201489e+00  -1.201485e+00  -1.197968e+00    3.609e-06      3.521e-03    3.517e-03    3.668e+00    1.526e-05          True
     24908      6    332  -8.579026e-01  -8.579026e-01  -8.579081e-01  -8.589400e-01    5.426e-06      1.037e-03    1.032e-03    6.142e+00    3.052e-05          True
     24916      6    340  -1.104157e+00  -1.104157e+00  -1.104154e+00  -1.107265e+00    3.002e-06      3.109e-03    3.112e-03    4.826e+00    3.052e-05          True
     24921      6    345  -5.603470e-01  -5.603470e-01  -5.603450e-01  -5.593134e-01    2.051e-06      1.034e-03    1.032e-03    3.773e+00    1.526e-05          True
     24926      6    350  -1.748094e-01  -1.748094e-01  -1.748100e-01  -1.755326e-01    5.495e-07      7.232e-04    7.227e-04    4.495e+00    3.052e-05          True
     24944      6    368  -6.577929e-01  -6.577929e-01  -6.577953e-01  -6.589144e-01    2.415e-06      1.121e-03    1.119e-03    3.887e+00    1.526e-05          True
     24946      6    370  -2.973700e-01  -2.973700e-01  -2.973707e-01  -2.977091e-01    6.475e-07      3.391e-04    3.384e-04    6.735e+00    3.052e-05          True
     24947      6    371   9.818576e-03   9.818576e-03   9.819591e-03   8.012712e-03    1.016e-06      1.806e-03    1.807e-03    3.719e+00    1.526e-05          True
     24949      6    373   3.261305e+00   3.261305e+00   3.261289e+00   3.257133e+00    1.670e-05      4.172e-03    4.155e-03    7.404e+00    3.052e-05          True
     24951      6    375  -7.465542e-03  -7.465542e-03  -7.459667e-03  -5.821154e-03    5.875e-06      1.644e-03    1.639e-03    4.740e+00    3.052e-05          True
     24955      6    379  -1.605808e-01  -1.605808e-01  -1.605805e-01  -1.620513e-01    2.776e-07      1.471e-03    1.471e-03    4.263e+00    3.052e-05          True
     24957      6    381   6.433375e-01   6.433375e-01   6.433385e-01   6.423001e-01    1.007e-06      1.037e-03    1.038e-03    3.962e+00    1.526e-05          True
     24963      6    387  -2.260014e-01  -2.260014e-01  -2.260035e-01  -2.277247e-01    2.058e-06      1.723e-03    1.721e-03    4.067e+00    3.052e-05          True
     24966      6    390  -5.225273e-01  -5.225273e-01  -5.225284e-01  -5.210688e-01    1.016e-06      1.459e-03    1.460e-03    3.555e+00    1.526e-05          True
     24970      6    394  -1.774016e+00  -1.774016e+00  -1.774017e+00  -1.771111e+00    1.372e-06      2.905e-03    2.906e-03    6.287e+00    3.052e-05          True
     24973      6    397  -7.061118e-02  -7.061118e-02  -7.061842e-02  -7.127459e-02    7.245e-06      6.634e-04    6.562e-04    3.338e+00    1.526e-05          True
     24988      6    412   3.857544e-01   3.857544e-01   3.857518e-01   3.839554e-01    2.538e-06      1.799e-03    1.796e-03    4.803e+00    3.052e-05          True
     24989      6    413   8.033850e-01   8.033850e-01   8.033845e-01   8.013299e-01    4.978e-07      2.055e-03    2.055e-03    3.794e+00    1.526e-05          True
     25005      6    429   1.406885e+00   1.406885e+00   1.406891e+00   1.403007e+00    6.231e-06      3.878e-03    3.884e-03    6.601e+00    3.052e-05          True
     25012      6    436   2.014234e+00   2.014234e+00   2.014233e+00   2.012125e+00    4.285e-07      2.109e-03    2.108e-03    3.171e+00    1.526e-05          True
     25018      6    442   1.989027e+00   1.989027e+00   1.989030e+00   1.991500e+00    3.250e-06      2.473e-03    2.470e-03    4.192e+00    3.052e-05          True
     25029      6    453   2.139706e+00   2.139706e+00   2.139702e+00   2.142320e+00    3.724e-06      2.615e-03    2.619e-03    3.895e+00    1.526e-05          True
     25031      6    455   1.427438e+00   1.427438e+00   1.427441e+00   1.430777e+00    2.816e-06      3.339e-03    3.337e-03    6.010e+00    3.052e-05          True
     25052      6    476  -3.137467e-01  -3.137467e-01  -3.137466e-01  -3.129688e-01    4.340e-08      7.779e-04    7.778e-04    4.360e+00    3.052e-05          True
     25055      6    479   9.249225e-01   9.249225e-01   9.249262e-01   9.264742e-01    3.657e-06      1.552e-03    1.548e-03    5.741e+00    3.052e-05          True
     25063      6    487  -1.432267e-01  -1.432267e-01  -1.432272e-01  -1.437373e-01    5.572e-07      5.106e-04    5.100e-04    6.729e+00    3.052e-05          True
     25065      6    489  -4.820255e-01  -4.820255e-01  -4.820257e-01  -4.814575e-01    1.985e-07      5.680e-04    5.682e-04    5.340e+00    3.052e-05          True
     25072      6    496   3.099639e-01   3.099639e-01   3.099606e-01   3.109033e-01    3.307e-06      9.393e-04    9.426e-04    9.276e+00    6.104e-05          True
     25078      6    502   4.917498e-01   4.917498e-01   4.917468e-01   4.895649e-01    2.995e-06      2.185e-03    2.182e-03    3.447e+00    1.526e-05          True
     25079      6    503  -1.584395e+00  -1.584395e+00  -1.584393e+00  -1.582749e+00    1.394e-06      1.645e-03    1.644e-03    3.718e+00    1.526e-05          True
     25088      6    512  -1.159032e-01  -1.159032e-01  -1.159037e-01  -1.152988e-01    4.799e-07      6.044e-04    6.049e-04    3.937e+00    1.526e-05          True
     25089      6    513   2.112370e-01   2.112370e-01   2.112329e-01   2.093171e-01    4.022e-06      1.920e-03    1.916e-03    4.997e+00    3.052e-05          True
     25093      6    517   1.670495e-01   1.670495e-01   1.670475e-01   1.677325e-01    1.993e-06      6.830e-04    6.849e-04    4.990e+00    3.052e-05          True
     25100      6    524  -5.827931e-01  -5.827931e-01  -5.827790e-01  -5.816883e-01    1.408e-05      1.105e-03    1.091e-03    6.744e+00    3.052e-05          True
     25101      6    525   3.161497e-01   3.161497e-01   3.161529e-01   3.153519e-01    3.152e-06      7.978e-04    8.010e-04    5.887e+00    3.052e-05          True
     25103      6    527   9.654061e-02   9.654061e-02   9.654106e-02   9.674816e-02    4.539e-07      2.076e-04    2.071e-04    1.962e+00    7.629e-06          True
     25104      6    528   3.931279e-01   3.931279e-01   3.931257e-01   3.922395e-01    2.161e-06      8.884e-04    8.862e-04    4.377e+00    3.052e-05          True
     25122      6    546  -1.972469e-01  -1.972469e-01  -1.972443e-01  -1.968503e-01    2.627e-06      3.966e-04    3.939e-04    3.701e+00    1.526e-05          True
     25124      6    548  -1.102089e-01  -1.102089e-01  -1.102113e-01  -1.100326e-01    2.453e-06      1.763e-04    1.788e-04    7.067e+00    3.052e-05          True
     25145      6    569  -1.060162e+00  -1.060162e+00  -1.060158e+00  -1.056905e+00    4.049e-06      3.257e-03    3.253e-03    6.356e+00    3.052e-05          True
     25152      6    576  -1.522882e-01  -1.522882e-01  -1.522901e-01  -1.529338e-01    1.984e-06      6.457e-04    6.437e-04    4.985e+00    3.052e-05          True
     25170      6    594  -2.577939e+00  -2.577939e+00  -2.577925e+00  -2.581372e+00    1.356e-05      3.433e-03    3.447e-03    5.554e+00    3.052e-05          True
     25174      6    598  -1.301147e+00  -1.301147e+00  -1.301144e+00  -1.302811e+00    2.258e-06      1.664e-03    1.667e-03    3.238e+00    1.526e-05          True
     25177      6    601   5.978647e-01   5.978647e-01   5.978624e-01   5.964942e-01    2.282e-06      1.371e-03    1.368e-03    3.542e+00    1.526e-05          True
     25178      6    602   5.738689e-01   5.738689e-01   5.738649e-01   5.724101e-01    4.070e-06      1.459e-03    1.455e-03    4.896e+00    3.052e-05          True
     25184      6    608   1.803239e+00   1.803239e+00   1.803235e+00   1.801379e+00    3.906e-06      1.860e-03    1.856e-03    4.507e+00    3.052e-05          True
     25185      6    609  -2.132667e-01  -2.132667e-01  -2.132682e-01  -2.135418e-01    1.494e-06      2.750e-04    2.735e-04    4.671e+00    3.052e-05          True
     25196      6    620   1.625425e+00   1.625425e+00   1.625422e+00   1.623628e+00    3.676e-06      1.797e-03    1.794e-03    8.118e+00    6.104e-05          True
     25199      6    623  -5.985541e-01  -5.985541e-01  -5.985512e-01  -5.991850e-01    2.932e-06      6.309e-04    6.338e-04    3.371e+00    1.526e-05          True
     25206      6    630  -5.121973e-01  -5.121973e-01  -5.121953e-01  -5.131053e-01    2.046e-06      9.080e-04    9.100e-04    4.493e+00    3.052e-05          True
     25212      6    636  -1.605507e-01  -1.605507e-01  -1.605502e-01  -1.594107e-01    4.852e-07      1.140e-03    1.139e-03    2.964e+00    1.526e-05          True
     25214      6    638  -1.717730e+00  -1.717730e+00  -1.717730e+00  -1.720368e+00    1.021e-07      2.638e-03    2.638e-03    4.981e+00    3.052e-05          True
     25216      6    640   2.210455e+00   2.210455e+00   2.210456e+00   2.213285e+00    1.429e-06      2.830e-03    2.829e-03    4.859e+00    3.052e-05          True
     25224      6    648   4.794319e-01   4.794319e-01   4.794325e-01   4.822808e-01    6.047e-07      2.849e-03    2.848e-03    3.805e+00    1.526e-05          True
     25231      6    655   5.527739e-01   5.527739e-01   5.527750e-01   5.499491e-01    1.077e-06      2.825e-03    2.826e-03    5.224e+00    3.052e-05          True
     25236      6    660   2.168071e+00   2.168071e+00   2.168072e+00   2.165766e+00    1.364e-06      2.305e-03    2.306e-03    3.183e+00    1.526e-05          True
     25252      6    676  -4.585136e-01  -4.585136e-01  -4.585108e-01  -4.565908e-01    2.774e-06      1.923e-03    1.920e-03    3.193e+00    1.526e-05          True
     25255      6    679  -1.740075e+00  -1.740075e+00  -1.740077e+00  -1.742446e+00    2.445e-06      2.371e-03    2.368e-03    4.742e+00    3.052e-05          True
     25276      6    700   9.597012e-01   9.597012e-01   9.597009e-01   9.585342e-01    2.912e-07      1.167e-03    1.167e-03    4.111e+00    3.052e-05          True
     25279      6    703  -2.412394e+00  -2.412394e+00  -2.412396e+00  -2.414877e+00    2.104e-06      2.483e-03    2.481e-03    4.002e+00    3.052e-05          True
     25280      6    704   5.287676e-01   5.287676e-01   5.287674e-01   5.300495e-01    1.605e-07      1.282e-03    1.282e-03    3.945e+00    1.526e-05          True
     25281      6    705   1.008163e+00   1.008163e+00   1.008163e+00   1.007056e+00    1.292e-07      1.107e-03    1.107e-03    6.198e+00    3.052e-05          True
     25282      6    706   2.065551e+00   2.065551e+00   2.065549e+00   2.062712e+00    2.092e-06      2.839e-03    2.836e-03    4.296e+00    3.052e-05          True
     25285      6    709   6.177066e-01   6.177066e-01   6.177095e-01   6.204047e-01    2.819e-06      2.698e-03    2.695e-03    4.686e+00    3.052e-05          True
     25291      6    715   1.874267e+00   1.874267e+00   1.874270e+00   1.877090e+00    2.542e-06      2.823e-03    2.820e-03    3.321e+00    1.526e-05          True
     25302      6    726  -4.287482e-01  -4.287482e-01  -4.287539e-01  -4.296294e-01    5.791e-06      8.812e-04    8.754e-04    5.555e+00    3.052e-05          True
     25315      6    739  -1.195500e+00  -1.195500e+00  -1.195503e+00  -1.193475e+00    3.833e-06      2.024e-03    2.028e-03    5.986e+00    3.052e-05          True
     25323      6    747   4.000692e+00   4.000692e+00   4.000694e+00   3.996626e+00    2.594e-06      4.066e-03    4.068e-03    4.104e+00    3.052e-05          True
     25324      6    748  -9.849728e-02  -9.849728e-02  -9.849504e-02  -9.961311e-02    2.247e-06      1.116e-03    1.118e-03    3.496e+00    1.526e-05          True
     25330      6    754   3.119852e+00   3.119852e+00   3.119852e+00   3.124206e+00    1.596e-07      4.354e-03    4.354e-03    5.405e+00    3.052e-05          True
     25341      6    765  -9.148208e-01  -9.148208e-01  -9.148189e-01  -9.166934e-01    1.959e-06      1.873e-03    1.875e-03    4.858e+00    3.052e-05          True
     25345      6    769   6.058815e-01   6.058815e-01   6.058812e-01   6.051514e-01    2.715e-07      7.301e-04    7.298e-04    5.681e+00    3.052e-05          True
     25358      6    782   1.403599e+00   1.403599e+00   1.403607e+00   1.405376e+00    8.801e-06      1.777e-03    1.768e-03    5.487e+00    3.052e-05          True
     25373      6    797   3.690013e-01   3.690013e-01   3.690026e-01   3.702414e-01    1.323e-06      1.240e-03    1.239e-03    5.488e+00    3.052e-05          True
     25379      6    803  -1.246748e+00  -1.246748e+00  -1.246750e+00  -1.248681e+00    2.664e-06      1.933e-03    1.930e-03    3.590e+00    1.526e-05          True
     25385      6    809   4.338095e-01   4.338095e-01   4.338044e-01   4.345360e-01    5.097e-06      7.265e-04    7.316e-04    4.849e+00    3.052e-05          True
     25389      6    813   4.434606e-01   4.434606e-01   4.434555e-01   4.410854e-01    5.138e-06      2.375e-03    2.370e-03    6.353e+00    3.052e-05          True
     25390      6    814  -2.068696e+00  -2.068696e+00  -2.068697e+00  -2.066610e+00    8.700e-07      2.086e-03    2.087e-03    4.084e+00    3.052e-05          True
     25394      6    818   1.623959e+00   1.623959e+00   1.623959e+00   1.621627e+00    3.548e-07      2.332e-03    2.333e-03    5.738e+00    3.052e-05          True
     25401      6    825  -1.481790e-01  -1.481790e-01  -1.481785e-01  -1.465252e-01    5.461e-07      1.654e-03    1.653e-03    2.695e+00    1.526e-05          True
     25408      6    832   1.583396e+00   1.583396e+00   1.583392e+00   1.586964e+00    3.904e-06      3.568e-03    3.572e-03    4.286e+00    3.052e-05          True
     25418      6    842   3.802142e-01   3.802142e-01   3.802082e-01   3.814272e-01    6.050e-06      1.213e-03    1.219e-03    4.648e+00    3.052e-05          True
     25419      6    843  -4.214376e-01  -4.214376e-01  -4.214363e-01  -4.218695e-01    1.329e-06      4.319e-04    4.332e-04    4.319e+00    3.052e-05          True
