# n=2048 ユニーク fail idx 件数=4096 (解析対象 PARITY_DUMP 行 4096 件)
       idx    row    col          exact        f64_seq            ref         actual  |ref-exact| |actual-exact| |ref-actual| max|partial|    sqrtK*ulp fma_bit_match
        10      0     10   1.360584e+00   1.360584e+00   1.360583e+00   1.362472e+00    6.734e-07      1.888e-03    1.889e-03    2.466e+00    1.079e-05          True
        11      0     11   2.032925e-02   2.032925e-02   2.032908e-02   1.914127e-02    1.762e-07      1.188e-03    1.188e-03    2.718e+00    1.079e-05          True
        34      0     34   6.453902e-01   6.453902e-01   6.453910e-01   6.468074e-01    7.950e-07      1.417e-03    1.416e-03    2.447e+00    1.079e-05          True
        42      0     42   4.404052e-01   4.404052e-01   4.404062e-01   4.390426e-01    1.018e-06      1.363e-03    1.364e-03    3.133e+00    1.079e-05          True
        43      0     43   3.308079e-02   3.308079e-02   3.308035e-02   3.315732e-02    4.418e-07      7.653e-05    7.697e-05    2.263e+00    1.079e-05          True
        50      0     50  -1.777409e+00  -1.777409e+00  -1.777409e+00  -1.779396e+00    4.000e-08      1.987e-03    1.987e-03    2.874e+00    1.079e-05          True
        60      0     60   2.194784e-01   2.194784e-01   2.194763e-01   2.181014e-01    2.158e-06      1.377e-03    1.375e-03    4.042e+00    2.158e-05          True
        61      0     61  -4.175066e-01  -4.175066e-01  -4.175068e-01  -4.190399e-01    2.402e-07      1.533e-03    1.533e-03    2.296e+00    1.079e-05          True
        68      0     68  -9.090899e-01  -9.090899e-01  -9.090881e-01  -9.100430e-01    1.751e-06      9.531e-04    9.549e-04    4.589e+00    2.158e-05          True
        70      0     70  -9.635351e-01  -9.635351e-01  -9.635335e-01  -9.649778e-01    1.595e-06      1.443e-03    1.444e-03    4.029e+00    2.158e-05          True
        82      0     82  -5.850728e-01  -5.850728e-01  -5.850720e-01  -5.834218e-01    7.856e-07      1.651e-03    1.650e-03    2.419e+00    1.079e-05          True
        90      0     90   7.806133e-01   7.806133e-01   7.806091e-01   7.821174e-01    4.123e-06      1.504e-03    1.508e-03    4.558e+00    2.158e-05          True
        94      0     94  -2.568883e-01  -2.568883e-01  -2.568852e-01  -2.563070e-01    3.170e-06      5.813e-04    5.781e-04    3.408e+00    1.079e-05          True
       107      0    107   7.636468e-01   7.636468e-01   7.636477e-01   7.626460e-01    9.363e-07      1.001e-03    1.002e-03    3.079e+00    1.079e-05          True
       108      0    108  -8.563503e-02  -8.563503e-02  -8.563699e-02  -8.435915e-02    1.963e-06      1.276e-03    1.278e-03    2.482e+00    1.079e-05          True
       112      0    112   7.439958e-03   7.439958e-03   7.439764e-03   5.403188e-03    1.939e-07      2.037e-03    2.037e-03    3.429e+00    1.079e-05          True
       115      0    115   2.025058e-01   2.025058e-01   2.025057e-01   2.041292e-01    1.574e-07      1.623e-03    1.623e-03    2.342e+00    1.079e-05          True
       129      0    129   7.812013e-01   7.812013e-01   7.812026e-01   7.821251e-01    1.331e-06      9.238e-04    9.224e-04    3.002e+00    1.079e-05          True
       132      0    132   2.923575e-01   2.923575e-01   2.923561e-01   2.926507e-01    1.363e-06      2.932e-04    2.946e-04    3.759e+00    1.079e-05          True
       133      0    133   1.002747e+00   1.002747e+00   1.002748e+00   1.003780e+00    9.104e-07      1.033e-03    1.032e-03    2.476e+00    1.079e-05          True
       143      0    143   7.695232e-02   7.695232e-02   7.695357e-02   7.717244e-02    1.248e-06      2.201e-04    2.189e-04    1.836e+00    5.395e-06          True
       144      0    144   8.932008e-01   8.932008e-01   8.932006e-01   8.922962e-01    2.124e-07      9.046e-04    9.044e-04    2.864e+00    1.079e-05          True
       148      0    148  -1.006124e+00  -1.006124e+00  -1.006123e+00  -1.007957e+00    6.866e-07      1.833e-03    1.834e-03    2.087e+00    1.079e-05          True
       163      0    163   5.441878e-02   5.441878e-02   5.441900e-02   5.466719e-02    2.222e-07      2.484e-04    2.482e-04    2.008e+00    1.079e-05          True
       168      0    168   1.214559e+00   1.214559e+00   1.214560e+00   1.213142e+00    5.188e-07      1.418e-03    1.418e-03    2.992e+00    1.079e-05          True
       169      0    169   1.604200e+00   1.604200e+00   1.604198e+00   1.602490e+00    1.051e-06      1.709e-03    1.708e-03    4.063e+00    2.158e-05          True
       170      0    170   3.164824e-01   3.164824e-01   3.164856e-01   3.159090e-01    3.241e-06      5.734e-04    5.767e-04    2.759e+00    1.079e-05          True
       175      0    175  -2.296883e-01  -2.296883e-01  -2.296892e-01  -2.276354e-01    9.602e-07      2.053e-03    2.054e-03    4.093e+00    2.158e-05          True
       177      0    177   5.658988e-01   5.658988e-01   5.658981e-01   5.647288e-01    7.803e-07      1.170e-03    1.169e-03    2.305e+00    1.079e-05          True
       183      0    183   2.035257e+00   2.035257e+00   2.035258e+00   2.037805e+00    2.611e-07      2.548e-03    2.548e-03    5.774e+00    2.158e-05          True
       186      0    186  -5.484657e-02  -5.484657e-02  -5.484543e-02  -5.593276e-02    1.146e-06      1.086e-03    1.087e-03    2.942e+00    1.079e-05          True
       189      0    189  -1.197392e+00  -1.197392e+00  -1.197392e+00  -1.198903e+00    3.013e-07      1.511e-03    1.510e-03    2.109e+00    1.079e-05          True
       195      0    195   1.064217e-01   1.064217e-01   1.064185e-01   1.073159e-01    3.193e-06      8.942e-04    8.974e-04    3.243e+00    1.079e-05          True
       199      0    199  -5.516501e-02  -5.516501e-02  -5.516629e-02  -5.457617e-02    1.276e-06      5.888e-04    5.901e-04    3.002e+00    1.079e-05          True
       203      0    203   7.628605e-02   7.628605e-02   7.628661e-02   7.525864e-02    5.572e-07      1.027e-03    1.028e-03    2.951e+00    1.079e-05          True
       207      0    207   5.547624e-01   5.547624e-01   5.547630e-01   5.569733e-01    6.065e-07      2.211e-03    2.210e-03    2.461e+00    1.079e-05          True
       209      0    209   1.462577e-01   1.462577e-01   1.462591e-01   1.465745e-01    1.451e-06      3.168e-04    3.154e-04    2.432e+00    1.079e-05          True
       210      0    210  -1.807370e-01  -1.807370e-01  -1.807395e-01  -1.800792e-01    2.493e-06      6.579e-04    6.604e-04    3.721e+00    1.079e-05          True
       211      0    211   6.818871e-01   6.818871e-01   6.818933e-01   6.807214e-01    6.243e-06      1.166e-03    1.172e-03    4.302e+00    2.158e-05          True
       216      0    216   6.352401e-01   6.352401e-01   6.352395e-01   6.365144e-01    6.207e-07      1.274e-03    1.275e-03    2.085e+00    1.079e-05          True
       224      0    224   2.933700e-01   2.933700e-01   2.933693e-01   2.922162e-01    7.097e-07      1.154e-03    1.153e-03    2.381e+00    1.079e-05          True
       225      0    225   1.767082e-01   1.767082e-01   1.767069e-01   1.775102e-01    1.344e-06      8.020e-04    8.033e-04    4.076e+00    2.158e-05          True
       231      0    231   1.639467e-01   1.639467e-01   1.639440e-01   1.637766e-01    2.697e-06      1.701e-04    1.674e-04    3.122e+00    1.079e-05          True
       233      0    233  -1.301004e-02  -1.301004e-02  -1.301054e-02  -1.307534e-02    5.045e-07      6.530e-05    6.479e-05    3.612e+00    1.079e-05          True
       235      0    235   1.055249e+00   1.055249e+00   1.055248e+00   1.053552e+00    7.566e-07      1.697e-03    1.696e-03    2.695e+00    1.079e-05          True
       236      0    236  -5.171447e-01  -5.171447e-01  -5.171452e-01  -5.186746e-01    5.338e-07      1.530e-03    1.529e-03    2.454e+00    1.079e-05          True
       244      0    244  -6.856122e-01  -6.856122e-01  -6.856145e-01  -6.882275e-01    2.373e-06      2.615e-03    2.613e-03    3.078e+00    1.079e-05          True
       252      0    252   2.749416e-01   2.749416e-01   2.749403e-01   2.755034e-01    1.346e-06      5.618e-04    5.631e-04    3.861e+00    1.079e-05          True
       257      0    257  -2.472887e-01  -2.472887e-01  -2.472894e-01  -2.462258e-01    6.994e-07      1.063e-03    1.064e-03    1.997e+00    5.395e-06          True
       258      0    258  -8.944195e-01  -8.944195e-01  -8.944210e-01  -8.959971e-01    1.532e-06      1.578e-03    1.576e-03    4.536e+00    2.158e-05          True
       261      0    261  -1.752437e-01  -1.752437e-01  -1.752432e-01  -1.773142e-01    4.788e-07      2.070e-03    2.071e-03    2.151e+00    1.079e-05          True
       276      0    276  -9.846068e-02  -9.846068e-02  -9.846145e-02  -9.872559e-02    7.669e-07      2.649e-04    2.641e-04    1.453e+00    5.395e-06          True
       280      0    280   1.476407e+00   1.476407e+00   1.476403e+00   1.474833e+00    4.268e-06      1.574e-03    1.570e-03    3.127e+00    1.079e-05          True
       293      0    293  -1.664779e+00  -1.664779e+00  -1.664777e+00  -1.667210e+00    1.699e-06      2.432e-03    2.433e-03    2.865e+00    1.079e-05          True
       314      0    314   2.245266e-01   2.245266e-01   2.245255e-01   2.271262e-01    1.118e-06      2.600e-03    2.601e-03    3.446e+00    1.079e-05          True
       318      0    318   1.193305e-02   1.193305e-02   1.192974e-02   1.187479e-02    3.309e-06      5.826e-05    5.495e-05    4.461e+00    2.158e-05          True
       319      0    319   6.700665e-01   6.700665e-01   6.700664e-01   6.686285e-01    1.043e-07      1.438e-03    1.438e-03    4.305e+00    2.158e-05          True
       332      0    332  -4.623875e-01  -4.623875e-01  -4.623876e-01  -4.607607e-01    5.559e-08      1.627e-03    1.627e-03    5.386e+00    2.158e-05          True
       338      0    338   1.232204e-01   1.232204e-01   1.232201e-01   1.211144e-01    3.260e-07      2.106e-03    2.106e-03    2.527e+00    1.079e-05          True
       342      0    342   4.831201e-01   4.831201e-01   4.831193e-01   4.852548e-01    7.451e-07      2.135e-03    2.135e-03    5.083e+00    2.158e-05          True
       344      0    344   1.993720e-01   1.993720e-01   1.993735e-01   2.001459e-01    1.542e-06      7.739e-04    7.724e-04    3.938e+00    1.079e-05          True
       354      0    354   1.795787e-01   1.795787e-01   1.795774e-01   1.785710e-01    1.324e-06      1.008e-03    1.006e-03    2.083e+00    1.079e-05          True
       356      0    356  -9.088912e-01  -9.088912e-01  -9.088911e-01  -9.079591e-01    5.783e-08      9.321e-04    9.320e-04    2.110e+00    1.079e-05          True
       357      0    357  -4.848948e-02  -4.848948e-02  -4.848876e-02  -4.876751e-02    7.219e-07      2.780e-04    2.788e-04    2.174e+00    1.079e-05          True
       360      0    360  -4.249216e-01  -4.249216e-01  -4.249260e-01  -4.244273e-01    4.462e-06      4.942e-04    4.987e-04    5.376e+00    2.158e-05          True
       365      0    365  -6.168019e-02  -6.168019e-02  -6.168126e-02  -6.025727e-02    1.075e-06      1.423e-03    1.424e-03    2.598e+00    1.079e-05          True
       371      0    371   9.380348e-02   9.380348e-02   9.380233e-02   9.356585e-02    1.150e-06      2.376e-04    2.365e-04    3.497e+00    1.079e-05          True
       376      0    376   2.194742e-01   2.194742e-01   2.194760e-01   2.210379e-01    1.742e-06      1.564e-03    1.562e-03    3.625e+00    1.079e-05          True
       378      0    378   6.508534e-01   6.508534e-01   6.508541e-01   6.501497e-01    6.960e-07      7.037e-04    7.044e-04    3.176e+00    1.079e-05          True
       379      0    379   4.056060e-01   4.056060e-01   4.056059e-01   4.046549e-01    1.127e-07      9.511e-04    9.510e-04    2.221e+00    1.079e-05          True
       380      0    380  -1.295165e+00  -1.295165e+00  -1.295170e+00  -1.293561e+00    5.591e-06      1.604e-03    1.610e-03    5.055e+00    2.158e-05          True
       383      0    383  -4.731989e-01  -4.731989e-01  -4.731982e-01  -4.724700e-01    6.953e-07      7.289e-04    7.282e-04    2.096e+00    1.079e-05          True
       384      0    384  -7.293581e-02  -7.293581e-02  -7.293653e-02  -7.314968e-02    7.260e-07      2.139e-04    2.131e-04    2.228e+00    1.079e-05          True
       385      0    385   6.578177e-03   6.578177e-03   6.581300e-03   5.316596e-03    3.123e-06      1.262e-03    1.265e-03    4.640e+00    2.158e-05          True
       390      0    390  -1.454675e-01  -1.454675e-01  -1.454690e-01  -1.442276e-01    1.549e-06      1.240e-03    1.241e-03    2.725e+00    1.079e-05          True
       406      0    406   1.944756e+00   1.944756e+00   1.944759e+00   1.947270e+00    2.835e-06      2.513e-03    2.510e-03    3.814e+00    1.079e-05          True
       409      0    409   4.880979e-01   4.880979e-01   4.880975e-01   4.890309e-01    3.669e-07      9.331e-04    9.334e-04    2.202e+00    1.079e-05          True
       414      0    414   8.972250e-02   8.972250e-02   8.972248e-02   8.922909e-02    2.498e-08      4.934e-04    4.934e-04    3.628e+00    1.079e-05          True
       421      0    421  -1.198199e-01  -1.198199e-01  -1.198214e-01  -1.199768e-01    1.447e-06      1.569e-04    1.554e-04    4.109e+00    2.158e-05          True
       435      0    435   1.310376e+00   1.310376e+00   1.310376e+00   1.308698e+00    1.460e-07      1.679e-03    1.679e-03    2.049e+00    1.079e-05          True
       439      0    439  -1.259527e+00  -1.259527e+00  -1.259526e+00  -1.257895e+00    1.640e-06      1.632e-03    1.631e-03    3.582e+00    1.079e-05          True
       447      0    447   7.061100e-02   7.061100e-02   7.060939e-02   7.073651e-02    1.607e-06      1.255e-04    1.271e-04    4.396e+00    2.158e-05          True
       449      0    449   5.404775e-01   5.404775e-01   5.404823e-01   5.399367e-01    4.776e-06      5.408e-04    5.456e-04    3.429e+00    1.079e-05          True
       453      0    453   5.475971e-01   5.475971e-01   5.475964e-01   5.470203e-01    6.965e-07      5.768e-04    5.761e-04    3.117e+00    1.079e-05          True
       461      0    461  -1.519591e-01  -1.519591e-01  -1.519571e-01  -1.524023e-01    1.971e-06      4.432e-04    4.452e-04    2.677e+00    1.079e-05          True
       462      0    462   1.325516e+00   1.325516e+00   1.325520e+00   1.326998e+00    4.080e-06      1.482e-03    1.478e-03    4.439e+00    2.158e-05          True
       463      0    463  -3.140456e-01  -3.140456e-01  -3.140482e-01  -3.136953e-01    2.524e-06      3.503e-04    3.529e-04    2.916e+00    1.079e-05          True
       466      0    466   8.422760e-01   8.422760e-01   8.422756e-01   8.412577e-01    4.129e-07      1.018e-03    1.018e-03    1.961e+00    5.395e-06          True
       474      0    474  -1.529889e-01  -1.529889e-01  -1.529889e-01  -1.525832e-01    4.987e-08      4.057e-04    4.056e-04    1.800e+00    5.395e-06          True
       480      0    480   4.436687e-02   4.436687e-02   4.436603e-02   4.468618e-02    8.387e-07      3.193e-04    3.201e-04    3.087e+00    1.079e-05          True
       486      0    486   1.025902e+00   1.025902e+00   1.025907e+00   1.024340e+00    5.204e-06      1.562e-03    1.567e-03    3.897e+00    1.079e-05          True
       492      0    492   7.731071e-01   7.731071e-01   7.731063e-01   7.718199e-01    8.084e-07      1.287e-03    1.286e-03    3.122e+00    1.079e-05          True
       497      0    497  -2.738740e-01  -2.738740e-01  -2.738748e-01  -2.734450e-01    8.421e-07      4.291e-04    4.299e-04    5.547e+00    2.158e-05          True
       498      0    498   3.313368e-02   3.313368e-02   3.313508e-02   3.449132e-02    1.397e-06      1.358e-03    1.356e-03    2.319e+00    1.079e-05          True
       512      0    512  -2.566509e+00  -2.566509e+00  -2.566509e+00  -2.563159e+00    8.465e-07      3.350e-03    3.349e-03    3.020e+00    1.079e-05          True
       533      0    533   4.345429e-01   4.345429e-01   4.345453e-01   4.353858e-01    2.329e-06      8.428e-04    8.405e-04    2.914e+00    1.079e-05          True
       535      0    535  -4.367498e-01  -4.367498e-01  -4.367510e-01  -4.353379e-01    1.159e-06      1.412e-03    1.413e-03    2.157e+00    1.079e-05          True
       538      0    538  -7.252898e-01  -7.252898e-01  -7.252900e-01  -7.274746e-01    1.759e-07      2.185e-03    2.185e-03    3.051e+00    1.079e-05          True
       541      0    541  -5.345889e-02  -5.345889e-02  -5.345795e-02  -5.356238e-02    9.412e-07      1.035e-04    1.044e-04    2.645e+00    1.079e-05          True
       546      0    546   9.458118e-01   9.458118e-01   9.458123e-01   9.472956e-01    5.536e-07      1.484e-03    1.483e-03    3.216e+00    1.079e-05          True
       558      0    558  -1.303919e+00  -1.303919e+00  -1.303919e+00  -1.305315e+00    4.481e-07      1.396e-03    1.396e-03    2.904e+00    1.079e-05          True
       566      0    566   2.230828e-01   2.230828e-01   2.230855e-01   2.214769e-01    2.736e-06      1.606e-03    1.609e-03    2.379e+00    1.079e-05          True
       570      0    570  -9.770027e-01  -9.770027e-01  -9.770017e-01  -9.785190e-01    9.278e-07      1.516e-03    1.517e-03    3.718e+00    1.079e-05          True
       578      0    578  -1.023019e+00  -1.023019e+00  -1.023018e+00  -1.024558e+00    1.087e-07      1.539e-03    1.539e-03    2.635e+00    1.079e-05          True
       588      0    588   1.024016e+00   1.024016e+00   1.024016e+00   1.022721e+00    3.236e-07      1.295e-03    1.295e-03    2.382e+00    1.079e-05          True
       589      0    589  -9.338945e-01  -9.338945e-01  -9.338934e-01  -9.350644e-01    1.137e-06      1.170e-03    1.171e-03    2.049e+00    1.079e-05          True
       591      0    591  -8.442250e-01  -8.442250e-01  -8.442262e-01  -8.457676e-01    1.214e-06      1.543e-03    1.541e-03    3.142e+00    1.079e-05          True
       608      0    608   3.435547e-02   3.435547e-02   3.435685e-02   3.300227e-02    1.385e-06      1.353e-03    1.355e-03    2.055e+00    1.079e-05          True
       618      0    618   1.222115e-01   1.222115e-01   1.222108e-01   1.223829e-01    6.909e-07      1.714e-04    1.721e-04    2.247e+00    1.079e-05          True
       621      0    621  -8.713710e-02  -8.713710e-02  -8.713550e-02  -8.678377e-02    1.595e-06      3.533e-04    3.517e-04    3.739e+00    1.079e-05          True
       636      0    636   7.376974e-01   7.376974e-01   7.376961e-01   7.368253e-01    1.395e-06      8.721e-04    8.707e-04    3.037e+00    1.079e-05          True
       652      0    652   1.446626e+00   1.446626e+00   1.446619e+00   1.448984e+00    7.206e-06      2.358e-03    2.365e-03    4.986e+00    2.158e-05          True
       662      0    662   5.539189e-01   5.539189e-01   5.539211e-01   5.533317e-01    2.184e-06      5.872e-04    5.894e-04    5.495e+00    2.158e-05          True
       667      0    667  -1.522847e+00  -1.522847e+00  -1.522846e+00  -1.525144e+00    9.733e-07      2.297e-03    2.298e-03    2.785e+00    1.079e-05          True
       684      0    684  -6.352729e-01  -6.352729e-01  -6.352736e-01  -6.361240e-01    6.563e-07      8.511e-04    8.504e-04    2.514e+00    1.079e-05          True
       703      0    703   6.674095e-01   6.674095e-01   6.674164e-01   6.685201e-01    6.879e-06      1.111e-03    1.104e-03    4.866e+00    2.158e-05          True
       707      0    707   7.676494e-01   7.676494e-01   7.676495e-01   7.667512e-01    8.807e-08      8.982e-04    8.982e-04    2.552e+00    1.079e-05          True
       717      0    717  -1.850253e-02  -1.850253e-02  -1.849757e-02  -1.806124e-02    4.960e-06      4.413e-04    4.363e-04    5.688e+00    2.158e-05          True
       724      0    724  -1.729063e-02  -1.729063e-02  -1.729113e-02  -1.747303e-02    5.066e-07      1.824e-04    1.819e-04    4.685e+00    2.158e-05          True
       730      0    730   9.493545e-02   9.493545e-02   9.493099e-02   9.521728e-02    4.462e-06      2.818e-04    2.863e-04    6.738e+00    2.158e-05          True
       740      0    740   6.832461e-01   6.832461e-01   6.832461e-01   6.844498e-01    6.516e-08      1.204e-03    1.204e-03    3.063e+00    1.079e-05          True
       743      0    743  -1.198929e+00  -1.198929e+00  -1.198930e+00  -1.197689e+00    1.486e-06      1.239e-03    1.241e-03    2.038e+00    1.079e-05          True
       749      0    749   3.822674e-01   3.822674e-01   3.822685e-01   3.816275e-01    1.145e-06      6.398e-04    6.410e-04    2.020e+00    1.079e-05          True
       757      0    757   1.034913e-01   1.034913e-01   1.034919e-01   1.030628e-01    6.492e-07      4.285e-04    4.291e-04    1.518e+00    5.395e-06          True
       770      0    770  -1.085987e-01  -1.085987e-01  -1.085970e-01  -1.091181e-01    1.750e-06      5.193e-04    5.211e-04    3.083e+00    1.079e-05          True
       771      0    771   9.426653e-02   9.426653e-02   9.426766e-02   9.452603e-02    1.126e-06      2.595e-04    2.584e-04    4.264e+00    2.158e-05          True
       773      0    773  -3.088192e-01  -3.088192e-01  -3.088185e-01  -3.080019e-01    6.744e-07      8.173e-04    8.166e-04    3.746e+00    1.079e-05          True
       777      0    777  -1.810226e+00  -1.810226e+00  -1.810227e+00  -1.807852e+00    5.906e-07      2.374e-03    2.375e-03    2.810e+00    1.079e-05          True
       783      0    783   7.715951e-01   7.715951e-01   7.715949e-01   7.697547e-01    1.298e-07      1.840e-03    1.840e-03    2.365e+00    1.079e-05          True
       799      0    799   5.660084e-01   5.660084e-01   5.660065e-01   5.654377e-01    1.896e-06      5.707e-04    5.688e-04    2.428e+00    1.079e-05          True
       802      0    802   2.319096e-01   2.319096e-01   2.319110e-01   2.334157e-01    1.490e-06      1.506e-03    1.505e-03    5.893e+00    2.158e-05          True
       811      0    811  -2.836991e+00  -2.836991e+00  -2.836990e+00  -2.833935e+00    1.476e-06      3.056e-03    3.054e-03    5.278e+00    2.158e-05          True
       812      0    812   6.616814e-01   6.616814e-01   6.616814e-01   6.608448e-01    1.722e-08      8.366e-04    8.366e-04    3.257e+00    1.079e-05          True
       813      0    813   6.496992e-01   6.496992e-01   6.496975e-01   6.509196e-01    1.706e-06      1.220e-03    1.222e-03    2.439e+00    1.079e-05          True
       824      0    824   8.323020e-02   8.323020e-02   8.323529e-02   8.343965e-02    5.091e-06      2.094e-04    2.044e-04    4.196e+00    2.158e-05          True
       829      0    829   8.763917e-01   8.763917e-01   8.763927e-01   8.747773e-01    9.818e-07      1.614e-03    1.615e-03    4.441e+00    2.158e-05          True
       838      0    838  -2.230168e+00  -2.230168e+00  -2.230175e+00  -2.232580e+00    6.827e-06      2.412e-03    2.405e-03    4.403e+00    2.158e-05          True
       844      0    844   2.105679e-01   2.105679e-01   2.105667e-01   2.089082e-01    1.194e-06      1.660e-03    1.659e-03    3.118e+00    1.079e-05          True
       866      0    866   8.099886e-01   8.099886e-01   8.099877e-01   8.116013e-01    9.419e-07      1.613e-03    1.614e-03    3.989e+00    1.079e-05          True
       883      0    883   6.220000e-01   6.220000e-01   6.220015e-01   6.227455e-01    1.445e-06      7.454e-04    7.440e-04    2.037e+00    1.079e-05          True
       895      0    895   2.898613e-01   2.898613e-01   2.898614e-01   2.893626e-01    3.783e-08      4.987e-04    4.987e-04    2.692e+00    1.079e-05          True
       931      0    931   1.173913e+00   1.173913e+00   1.173913e+00   1.172509e+00    2.431e-07      1.404e-03    1.405e-03    3.338e+00    1.079e-05          True
       934      0    934  -3.864220e-01  -3.864220e-01  -3.864220e-01  -3.839190e-01    6.321e-08      2.503e-03    2.503e-03    4.173e+00    2.158e-05          True
       938      0    938  -5.196667e-02  -5.196667e-02  -5.196669e-02  -5.295544e-02    1.497e-08      9.888e-04    9.888e-04    3.408e+00    1.079e-05          True
       940      0    940   1.485247e-01   1.485247e-01   1.485243e-01   1.473154e-01    4.198e-07      1.209e-03    1.209e-03    3.179e+00    1.079e-05          True
       942      0    942   1.994719e+00   1.994719e+00   1.994722e+00   1.992649e+00    3.128e-06      2.070e-03    2.074e-03    4.839e+00    2.158e-05          True
       943      0    943   4.522931e-01   4.522931e-01   4.522952e-01   4.508235e-01    2.160e-06      1.470e-03    1.472e-03    2.223e+00    1.079e-05          True
       953      0    953   3.731682e-01   3.731682e-01   3.731693e-01   3.722611e-01    1.151e-06      9.070e-04    9.082e-04    2.480e+00    1.079e-05          True
       963      0    963  -1.903025e-01  -1.903025e-01  -1.903023e-01  -1.899165e-01    1.954e-07      3.860e-04    3.858e-04    3.228e+00    1.079e-05          True
       964      0    964   2.265417e-01   2.265417e-01   2.265419e-01   2.271799e-01    1.487e-07      6.381e-04    6.380e-04    3.967e+00    1.079e-05          True
       976      0    976   1.251392e-01   1.251392e-01   1.251393e-01   1.257543e-01    1.129e-07      6.151e-04    6.149e-04    2.290e+00    1.079e-05          True
       992      0    992  -3.061301e-01  -3.061301e-01  -3.061293e-01  -3.077495e-01    7.743e-07      1.619e-03    1.620e-03    3.411e+00    1.079e-05          True
      1003      0   1003  -4.516430e-01  -4.516430e-01  -4.516394e-01  -4.498473e-01    3.641e-06      1.796e-03    1.792e-03    2.954e+00    1.079e-05          True
      1015      0   1015   6.675205e-02   6.675205e-02   6.675178e-02   6.592757e-02    2.726e-07      8.245e-04    8.242e-04    2.630e+00    1.079e-05          True
      1021      0   1021  -2.981677e-01  -2.981677e-01  -2.981682e-01  -2.976519e-01    5.415e-07      5.158e-04    5.163e-04    5.286e+00    2.158e-05          True
      1023      0   1023  -1.512559e+00  -1.512559e+00  -1.512560e+00  -1.510992e+00    2.948e-07      1.568e-03    1.568e-03    3.771e+00    1.079e-05          True
      1025      0   1025   6.659618e-01   6.659618e-01   6.659613e-01   6.644102e-01    4.945e-07      1.552e-03    1.551e-03    3.961e+00    1.079e-05          True
      1041      0   1041   2.629470e-01   2.629470e-01   2.629450e-01   2.610525e-01    2.019e-06      1.894e-03    1.892e-03    3.545e+00    1.079e-05          True
      1052      0   1052   6.813027e-01   6.813027e-01   6.813043e-01   6.824414e-01    1.667e-06      1.139e-03    1.137e-03    4.731e+00    2.158e-05          True
      1059      0   1059   4.324125e-03   4.324125e-03   4.324893e-03   1.759116e-03    7.685e-07      2.565e-03    2.566e-03    3.068e+00    1.079e-05          True
      1060      0   1060  -3.412939e-01  -3.412939e-01  -3.412948e-01  -3.393410e-01    9.038e-07      1.953e-03    1.954e-03    1.956e+00    5.395e-06          True
      1066      0   1066   1.112952e+00   1.112952e+00   1.112952e+00   1.114102e+00    3.282e-07      1.150e-03    1.150e-03    3.054e+00    1.079e-05          True
      1068      0   1068   6.847578e-01   6.847578e-01   6.847603e-01   6.857673e-01    2.495e-06      1.010e-03    1.007e-03    4.226e+00    2.158e-05          True
      1074      0   1074  -2.097877e-01  -2.097877e-01  -2.097876e-01  -2.085629e-01    1.295e-07      1.225e-03    1.225e-03    4.542e+00    2.158e-05          True
      1078      0   1078   5.106427e-01   5.106427e-01   5.106441e-01   5.112529e-01    1.478e-06      6.102e-04    6.087e-04    3.932e+00    1.079e-05          True
      1083      0   1083   4.737507e-01   4.737507e-01   4.737512e-01   4.728258e-01    4.855e-07      9.249e-04    9.254e-04    3.636e+00    1.079e-05          True
      1087      0   1087   3.457671e-01   3.457671e-01   3.457657e-01   3.447163e-01    1.406e-06      1.051e-03    1.049e-03    3.977e+00    1.079e-05          True
      1099      0   1099   8.059119e-01   8.059119e-01   8.059124e-01   8.049161e-01    4.792e-07      9.958e-04    9.963e-04    4.966e+00    2.158e-05          True
      1100      0   1100  -1.330738e-01  -1.330738e-01  -1.330707e-01  -1.332644e-01    3.094e-06      1.906e-04    1.937e-04    4.373e+00    2.158e-05          True
      1106      0   1106   1.022055e-01   1.022055e-01   1.022060e-01   1.013317e-01    5.114e-07      8.738e-04    8.743e-04    2.821e+00    1.079e-05          True
      1108      0   1108  -6.659322e-02  -6.659322e-02  -6.659503e-02  -6.724345e-02    1.817e-06      6.502e-04    6.484e-04    2.748e+00    1.079e-05          True
      1122      0   1122  -7.906092e-01  -7.906092e-01  -7.906084e-01  -7.916061e-01    7.718e-07      9.970e-04    9.977e-04    3.534e+00    1.079e-05          True
      1125      0   1125  -2.368996e+00  -2.368996e+00  -2.368995e+00  -2.366247e+00    3.275e-07      2.748e-03    2.748e-03    3.383e+00    1.079e-05          True
      1128      0   1128  -1.113051e+00  -1.113051e+00  -1.113051e+00  -1.111827e+00    4.749e-07      1.225e-03    1.224e-03    3.183e+00    1.079e-05          True
      1140      0   1140   7.165813e-01   7.165813e-01   7.165805e-01   7.181592e-01    7.573e-07      1.578e-03    1.579e-03    3.222e+00    1.079e-05          True
      1144      0   1144   1.175003e-01   1.175003e-01   1.175003e-01   1.178135e-01    4.831e-08      3.133e-04    3.132e-04    2.984e+00    1.079e-05          True
      1145      0   1145   8.816372e-01   8.816372e-01   8.816387e-01   8.803210e-01    1.522e-06      1.316e-03    1.318e-03    2.595e+00    1.079e-05          True
      1147      0   1147   1.438399e+00   1.438399e+00   1.438398e+00   1.440149e+00    8.300e-07      1.751e-03    1.752e-03    6.259e+00    2.158e-05          True
      1163      0   1163   1.029619e-01   1.029619e-01   1.029602e-01   1.023145e-01    1.738e-06      6.474e-04    6.457e-04    3.240e+00    1.079e-05          True
      1164      0   1164   8.323861e-01   8.323861e-01   8.323818e-01   8.311753e-01    4.354e-06      1.211e-03    1.207e-03    4.847e+00    2.158e-05          True
      1166      0   1166   5.582759e-01   5.582759e-01   5.582736e-01   5.597951e-01    2.237e-06      1.519e-03    1.521e-03    3.640e+00    1.079e-05          True
      1172      0   1172  -5.450134e-01  -5.450134e-01  -5.450134e-01  -5.432614e-01    5.268e-08      1.752e-03    1.752e-03    2.626e+00    1.079e-05          True
      1176      0   1176  -3.855071e-01  -3.855071e-01  -3.855058e-01  -3.850755e-01    1.311e-06      4.316e-04    4.303e-04    4.036e+00    2.158e-05          True
      1194      0   1194  -6.411440e-01  -6.411440e-01  -6.411458e-01  -6.399164e-01    1.728e-06      1.228e-03    1.229e-03    3.241e+00    1.079e-05          True
      1197      0   1197  -7.413837e-01  -7.413837e-01  -7.413890e-01  -7.425544e-01    5.345e-06      1.171e-03    1.165e-03    5.476e+00    2.158e-05          True
      1203      0   1203  -2.503727e-01  -2.503727e-01  -2.503733e-01  -2.501222e-01    5.546e-07      2.506e-04    2.511e-04    3.535e+00    1.079e-05          True
      1234      0   1234   1.311216e+00   1.311216e+00   1.311216e+00   1.313009e+00    2.674e-07      1.793e-03    1.792e-03    4.690e+00    2.158e-05          True
      1235      0   1235  -1.458369e+00  -1.458369e+00  -1.458369e+00  -1.460642e+00    5.127e-07      2.274e-03    2.273e-03    2.449e+00    1.079e-05          True
      1245      0   1245  -3.462294e-01  -3.462294e-01  -3.462298e-01  -3.445368e-01    4.305e-07      1.693e-03    1.693e-03    2.237e+00    1.079e-05          True
      1250      0   1250  -7.844845e-01  -7.844845e-01  -7.844844e-01  -7.835121e-01    1.014e-07      9.724e-04    9.723e-04    3.206e+00    1.079e-05          True
      1251      0   1251   5.411309e-02   5.411309e-02   5.411313e-02   5.256232e-02    4.706e-08      1.551e-03    1.551e-03    4.088e+00    2.158e-05          True
      1254      0   1254   1.079381e+00   1.079381e+00   1.079380e+00   1.078109e+00    9.456e-07      1.272e-03    1.271e-03    2.814e+00    1.079e-05          True
      1267      0   1267  -4.974533e-01  -4.974533e-01  -4.974537e-01  -4.982802e-01    3.740e-07      8.269e-04    8.265e-04    4.249e+00    2.158e-05          True
      1277      0   1277   7.828767e-01   7.828767e-01   7.828768e-01   7.817540e-01    1.310e-07      1.123e-03    1.123e-03    3.234e+00    1.079e-05          True
      1285      0   1285   8.491413e-01   8.491413e-01   8.491429e-01   8.504314e-01    1.620e-06      1.290e-03    1.289e-03    2.570e+00    1.079e-05          True
      1292      0   1292   3.343588e-01   3.343588e-01   3.343608e-01   3.330091e-01    2.020e-06      1.350e-03    1.352e-03    3.617e+00    1.079e-05          True
      1294      0   1294  -2.085693e-01  -2.085693e-01  -2.085698e-01  -2.078767e-01    4.434e-07      6.926e-04    6.931e-04    2.647e+00    1.079e-05          True
      1295      0   1295   2.188472e+00   2.188472e+00   2.188473e+00   2.186056e+00    7.893e-07      2.416e-03    2.417e-03    2.841e+00    1.079e-05          True
      1297      0   1297   2.104850e-01   2.104850e-01   2.104864e-01   2.096737e-01    1.420e-06      8.113e-04    8.128e-04    2.096e+00    1.079e-05          True
      1306      0   1306   3.595718e-01   3.595718e-01   3.595735e-01   3.600927e-01    1.698e-06      5.208e-04    5.191e-04    6.052e+00    2.158e-05          True
      1313      0   1313   2.673415e-01   2.673415e-01   2.673413e-01   2.682321e-01    2.302e-07      8.907e-04    8.909e-04    2.625e+00    1.079e-05          True
      1317      0   1317   8.848741e-01   8.848741e-01   8.848738e-01   8.868839e-01    2.534e-07      2.010e-03    2.010e-03    1.875e+00    5.395e-06          True
      1323      0   1323   1.055305e-01   1.055305e-01   1.055279e-01   1.049304e-01    2.612e-06      6.002e-04    5.976e-04    2.461e+00    1.079e-05          True
      1334      0   1334   3.884820e-01   3.884820e-01   3.884824e-01   3.880513e-01    3.452e-07      4.307e-04    4.311e-04    4.206e+00    2.158e-05          True
      1338      0   1338  -1.266212e+00  -1.266212e+00  -1.266207e+00  -1.264714e+00    4.541e-06      1.498e-03    1.493e-03    3.495e+00    1.079e-05          True
      1358      0   1358  -2.016966e+00  -2.016966e+00  -2.016963e+00  -2.019065e+00    3.254e-06      2.098e-03    2.102e-03    7.845e+00    2.158e-05          True
      1361      0   1361  -3.348018e-02  -3.348018e-02  -3.348161e-02  -3.310246e-02    1.422e-06      3.777e-04    3.791e-04    2.942e+00    1.079e-05          True
      1362      0   1362  -8.655993e-01  -8.655993e-01  -8.655981e-01  -8.674774e-01    1.258e-06      1.878e-03    1.879e-03    2.185e+00    1.079e-05          True
      1366      0   1366  -1.002520e+00  -1.002520e+00  -1.002517e+00  -1.003996e+00    2.789e-06      1.476e-03    1.479e-03    4.503e+00    2.158e-05          True
      1372      0   1372   1.767152e-01   1.767152e-01   1.767162e-01   1.786544e-01    1.013e-06      1.939e-03    1.938e-03    2.111e+00    1.079e-05          True
      1376      0   1376   8.855379e-01   8.855379e-01   8.855376e-01   8.869576e-01    2.768e-07      1.420e-03    1.420e-03    2.505e+00    1.079e-05          True
      1380      0   1380   1.931917e+00   1.931917e+00   1.931918e+00   1.929030e+00    8.404e-07      2.887e-03    2.888e-03    2.337e+00    1.079e-05          True
      1387      0   1387   1.096875e+00   1.096875e+00   1.096877e+00   1.095299e+00    1.258e-06      1.577e-03    1.578e-03    2.464e+00    1.079e-05          True
      1400      0   1400  -3.481595e-01  -3.481595e-01  -3.481615e-01  -3.459134e-01    2.006e-06      2.246e-03    2.248e-03    3.991e+00    1.079e-05          True
      1403      0   1403   2.450680e-01   2.450680e-01   2.450701e-01   2.465208e-01    2.073e-06      1.453e-03    1.451e-03    4.223e+00    2.158e-05          True
      1406      0   1406   6.799932e-02   6.799932e-02   6.799975e-02   6.887309e-02    4.276e-07      8.738e-04    8.733e-04    2.517e+00    1.079e-05          True
      1407      0   1407   6.934534e-01   6.934534e-01   6.934534e-01   6.951194e-01    1.039e-08      1.666e-03    1.666e-03    3.864e+00    1.079e-05          True
      1412      0   1412   2.483423e-01   2.483423e-01   2.483416e-01   2.492384e-01    6.777e-07      8.960e-04    8.967e-04    4.282e+00    2.158e-05          True
      1414      0   1414  -4.007190e-01  -4.007190e-01  -4.007188e-01  -4.031226e-01    1.980e-07      2.404e-03    2.404e-03    2.042e+00    1.079e-05          True
      1424      0   1424   1.172925e+00   1.172925e+00   1.172926e+00   1.171049e+00    1.306e-06      1.875e-03    1.877e-03    3.826e+00    1.079e-05          True
      1435      0   1435   5.218189e-01   5.218189e-01   5.218185e-01   5.201818e-01    3.964e-07      1.637e-03    1.637e-03    4.221e+00    2.158e-05          True
      1437      0   1437   8.260375e-01   8.260375e-01   8.260392e-01   8.248983e-01    1.650e-06      1.139e-03    1.141e-03    1.796e+00    5.395e-06          True
      1438      0   1438  -5.128823e-01  -5.128823e-01  -5.128815e-01  -5.146736e-01    8.486e-07      1.791e-03    1.792e-03    2.211e+00    1.079e-05          True
      1439      0   1439   4.208206e-01   4.208206e-01   4.208187e-01   4.184507e-01    1.903e-06      2.370e-03    2.368e-03    2.217e+00    1.079e-05          True
      1442      0   1442  -9.388556e-01  -9.388556e-01  -9.388575e-01  -9.359581e-01    1.889e-06      2.898e-03    2.899e-03    3.935e+00    1.079e-05          True
      1471      0   1471  -2.990998e-01  -2.990998e-01  -2.991006e-01  -2.995890e-01    8.622e-07      4.893e-04    4.884e-04    1.823e+00    5.395e-06          True
      1475      0   1475  -4.523643e-01  -4.523643e-01  -4.523662e-01  -4.502715e-01    1.889e-06      2.093e-03    2.095e-03    3.902e+00    1.079e-05          True
      1476      0   1476  -1.693611e+00  -1.693611e+00  -1.693612e+00  -1.695449e+00    8.530e-07      1.838e-03    1.837e-03    5.389e+00    2.158e-05          True
      1477      0   1477   3.508299e-01   3.508299e-01   3.508288e-01   3.522105e-01    1.102e-06      1.381e-03    1.382e-03    2.321e+00    1.079e-05          True
      1484      0   1484  -2.332762e-01  -2.332762e-01  -2.332780e-01  -2.323011e-01    1.884e-06      9.751e-04    9.769e-04    2.433e+00    1.079e-05          True
      1487      0   1487   2.743565e-01   2.743565e-01   2.743565e-01   2.746917e-01    1.711e-08      3.352e-04    3.352e-04    2.376e+00    1.079e-05          True
      1492      0   1492  -2.953579e+00  -2.953579e+00  -2.953581e+00  -2.950626e+00    2.278e-06      2.953e-03    2.955e-03    3.336e+00    1.079e-05          True
      1503      0   1503   2.890851e-01   2.890851e-01   2.890845e-01   2.863866e-01    6.493e-07      2.699e-03    2.698e-03    2.458e+00    1.079e-05          True
      1531      0   1531  -2.761145e-01  -2.761145e-01  -2.761165e-01  -2.742920e-01    2.049e-06      1.823e-03    1.825e-03    2.952e+00    1.079e-05          True
      1533      0   1533   8.320819e-01   8.320819e-01   8.320814e-01   8.336315e-01    4.148e-07      1.550e-03    1.550e-03    2.031e+00    1.079e-05          True
      1534      0   1534  -1.059854e+00  -1.059854e+00  -1.059856e+00  -1.061309e+00    2.101e-06      1.456e-03    1.454e-03    4.076e+00    2.158e-05          True
      1537      0   1537   8.150327e-01   8.150327e-01   8.150304e-01   8.140566e-01    2.281e-06      9.761e-04    9.738e-04    2.930e+00    1.079e-05          True
      1542      0   1542   3.067006e-02   3.067006e-02   3.067058e-02   2.990184e-02    5.184e-07      7.682e-04    7.687e-04    2.597e+00    1.079e-05          True
      1544      0   1544  -3.271162e-01  -3.271162e-01  -3.271148e-01  -3.248495e-01    1.381e-06      2.267e-03    2.265e-03    2.239e+00    1.079e-05          True
      1553      0   1553  -9.158432e-01  -9.158432e-01  -9.158419e-01  -9.147031e-01    1.278e-06      1.140e-03    1.139e-03    7.454e+00    2.158e-05          True
      1558      0   1558   4.985397e-02   4.985397e-02   4.985549e-02   4.778904e-02    1.518e-06      2.065e-03    2.066e-03    4.324e+00    2.158e-05          True
      1564      0   1564  -9.747642e-01  -9.747642e-01  -9.747643e-01  -9.759564e-01    1.341e-07      1.192e-03    1.192e-03    2.641e+00    1.079e-05          True
      1566      0   1566  -7.809700e-01  -7.809700e-01  -7.809681e-01  -7.781341e-01    1.933e-06      2.836e-03    2.834e-03    3.285e+00    1.079e-05          True
      1567      0   1567   4.941734e-01   4.941734e-01   4.941728e-01   4.950763e-01    5.302e-07      9.030e-04    9.035e-04    2.063e+00    1.079e-05          True
      1568      0   1568   6.833469e-01   6.833469e-01   6.833462e-01   6.826435e-01    7.331e-07      7.035e-04    7.027e-04    2.779e+00    1.079e-05          True
      1571      0   1571  -3.023793e-01  -3.023793e-01  -3.023763e-01  -3.016044e-01    2.928e-06      7.749e-04    7.719e-04    3.238e+00    1.079e-05          True
      1579      0   1579  -1.314213e-01  -1.314213e-01  -1.314209e-01  -1.312011e-01    4.110e-07      2.201e-04    2.197e-04    1.775e+00    5.395e-06          True
      1600      0   1600  -6.729581e-01  -6.729581e-01  -6.729583e-01  -6.742890e-01    1.985e-07      1.331e-03    1.331e-03    4.099e+00    2.158e-05          True
      1609      0   1609   4.140232e-01   4.140232e-01   4.140218e-01   4.128611e-01    1.313e-06      1.162e-03    1.161e-03    3.019e+00    1.079e-05          True
      1611      0   1611   8.112174e-01   8.112174e-01   8.112250e-01   8.094753e-01    7.579e-06      1.742e-03    1.750e-03    5.079e+00    2.158e-05          True
      1613      0   1613  -4.281598e-01  -4.281598e-01  -4.281599e-01  -4.310330e-01    1.707e-07      2.873e-03    2.873e-03    2.153e+00    1.079e-05          True
      1629      0   1629   4.176574e-01   4.176574e-01   4.176564e-01   4.194232e-01    1.086e-06      1.766e-03    1.767e-03    5.007e+00    2.158e-05          True
      1634      0   1634   8.033545e-02   8.033545e-02   8.033334e-02   8.325632e-02    2.102e-06      2.921e-03    2.923e-03    4.016e+00    2.158e-05          True
      1635      0   1635   3.634060e-02   3.634060e-02   3.634230e-02   3.645098e-02    1.698e-06      1.104e-04    1.087e-04    3.606e+00    1.079e-05          True
      1640      0   1640   1.149104e+00   1.149104e+00   1.149104e+00   1.147867e+00    2.554e-07      1.237e-03    1.237e-03    3.404e+00    1.079e-05          True
      1644      0   1644   3.271932e-01   3.271932e-01   3.271927e-01   3.266119e-01    5.832e-07      5.813e-04    5.807e-04    5.298e+00    2.158e-05          True
      1650      0   1650   6.672352e-01   6.672352e-01   6.672353e-01   6.679047e-01    5.750e-08      6.695e-04    6.694e-04    3.166e+00    1.079e-05          True
      1655      0   1655  -1.803338e-01  -1.803338e-01  -1.803354e-01  -1.820510e-01    1.622e-06      1.717e-03    1.716e-03    3.626e+00    1.079e-05          True
      1658      0   1658  -2.375237e+00  -2.375237e+00  -2.375236e+00  -2.378000e+00    9.606e-07      2.764e-03    2.765e-03    2.491e+00    1.079e-05          True
      1668      0   1668   8.205557e-02   8.205557e-02   8.205528e-02   8.186499e-02    2.886e-07      1.906e-04    1.903e-04    2.650e+00    1.079e-05          True
      1670      0   1670  -4.222706e-02  -4.222706e-02  -4.222474e-02  -4.081109e-02    2.324e-06      1.416e-03    1.414e-03    2.746e+00    1.079e-05          True
      1672      0   1672  -2.215966e-01  -2.215966e-01  -2.215986e-01  -2.208647e-01    1.980e-06      7.320e-04    7.339e-04    3.280e+00    1.079e-05          True
      1675      0   1675   8.193540e-01   8.193540e-01   8.193563e-01   8.203449e-01    2.343e-06      9.909e-04    9.886e-04    4.173e+00    2.158e-05          True
      1689      0   1689   9.614158e-01   9.614158e-01   9.614143e-01   9.624078e-01    1.434e-06      9.920e-04    9.934e-04    2.960e+00    1.079e-05          True
      1691      0   1691  -4.304093e-01  -4.304093e-01  -4.304087e-01  -4.320355e-01    6.320e-07      1.626e-03    1.627e-03    2.363e+00    1.079e-05          True
      1697      0   1697  -1.577145e-01  -1.577145e-01  -1.577138e-01  -1.571093e-01    6.635e-07      6.051e-04    6.045e-04    2.590e+00    1.079e-05          True
      1698      0   1698   3.977851e-01   3.977851e-01   3.977832e-01   3.984407e-01    1.883e-06      6.556e-04    6.575e-04    2.254e+00    1.079e-05          True
      1700      0   1700  -3.874467e-02  -3.874467e-02  -3.874018e-02  -3.830201e-02    4.489e-06      4.427e-04    4.382e-04    4.702e+00    2.158e-05          True
      1705      0   1705   8.526506e-01   8.526506e-01   8.526505e-01   8.537741e-01    1.194e-07      1.123e-03    1.124e-03    2.635e+00    1.079e-05          True
      1711      0   1711   7.819144e-01   7.819144e-01   7.819141e-01   7.805057e-01    2.484e-07      1.409e-03    1.408e-03    3.252e+00    1.079e-05          True
      1716      0   1716   1.730892e-01   1.730892e-01   1.730859e-01   1.727707e-01    3.349e-06      3.185e-04    3.152e-04    3.993e+00    1.079e-05          True
      1718      0   1718  -6.078009e-02  -6.078009e-02  -6.077893e-02  -6.063166e-02    1.165e-06      1.484e-04    1.473e-04    3.539e+00    1.079e-05          True
      1726      0   1726  -6.828874e-01  -6.828874e-01  -6.828886e-01  -6.838658e-01    1.245e-06      9.784e-04    9.772e-04    2.798e+00    1.079e-05          True
      1731      0   1731   4.865134e-01   4.865134e-01   4.865134e-01   4.870579e-01    2.214e-08      5.445e-04    5.445e-04    2.144e+00    1.079e-05          True
      1732      0   1732  -1.651395e-02  -1.651395e-02  -1.651463e-02  -1.725793e-02    6.838e-07      7.440e-04    7.433e-04    2.345e+00    1.079e-05          True
      1733      0   1733  -1.776765e-01  -1.776765e-01  -1.776768e-01  -1.774730e-01    3.040e-07      2.035e-04    2.038e-04    3.353e+00    1.079e-05          True
      1734      0   1734  -8.762617e-01  -8.762617e-01  -8.762662e-01  -8.780639e-01    4.438e-06      1.802e-03    1.798e-03    3.715e+00    1.079e-05          True
      1735      0   1735  -4.743577e-01  -4.743577e-01  -4.743582e-01  -4.757506e-01    4.626e-07      1.393e-03    1.392e-03    3.039e+00    1.079e-05          True
      1736      0   1736  -8.917117e-01  -8.917117e-01  -8.917098e-01  -8.927669e-01    1.935e-06      1.055e-03    1.057e-03    4.130e+00    2.158e-05          True
      1737      0   1737   4.073311e-01   4.073311e-01   4.073314e-01   4.060722e-01    3.295e-07      1.259e-03    1.259e-03    3.599e+00    1.079e-05          True
      1748      0   1748   9.412609e-03   9.412609e-03   9.408637e-03   1.009620e-02    3.972e-06      6.836e-04    6.876e-04    4.190e+00    2.158e-05          True
      1753      0   1753   7.931392e-02   7.931392e-02   7.931491e-02   7.970692e-02    9.894e-07      3.930e-04    3.920e-04    4.198e+00    2.158e-05          True
      1755      0   1755  -8.478123e-02  -8.478123e-02  -8.478236e-02  -8.497581e-02    1.133e-06      1.946e-04    1.934e-04    2.188e+00    1.079e-05          True
      1756      0   1756  -2.520184e-01  -2.520184e-01  -2.520213e-01  -2.515123e-01    2.974e-06      5.061e-04    5.091e-04    3.335e+00    1.079e-05          True
      1759      0   1759  -1.254325e-01  -1.254325e-01  -1.254312e-01  -1.238232e-01    1.323e-06      1.609e-03    1.608e-03    3.980e+00    1.079e-05          True
      1778      0   1778  -4.432843e-01  -4.432843e-01  -4.432857e-01  -4.420815e-01    1.414e-06      1.203e-03    1.204e-03    2.818e+00    1.079e-05          True
      1783      0   1783   5.955719e-01   5.955719e-01   5.955732e-01   5.970780e-01    1.281e-06      1.506e-03    1.505e-03    3.299e+00    1.079e-05          True
      1793      0   1793  -2.118762e-02  -2.118762e-02  -2.118895e-02  -1.986405e-02    1.329e-06      1.324e-03    1.325e-03    2.171e+00    1.079e-05          True
      1799      0   1799   1.322085e+00   1.322085e+00   1.322088e+00   1.320730e+00    3.475e-06      1.355e-03    1.358e-03    4.373e+00    2.158e-05          True
      1805      0   1805  -1.287110e+00  -1.287110e+00  -1.287109e+00  -1.289153e+00    2.205e-07      2.043e-03    2.043e-03    2.807e+00    1.079e-05          True
      1807      0   1807  -4.902508e-01  -4.902508e-01  -4.902499e-01  -4.911476e-01    8.252e-07      8.968e-04    8.976e-04    3.123e+00    1.079e-05          True
      1810      0   1810  -5.182874e-02  -5.182874e-02  -5.182867e-02  -5.479981e-02    6.980e-08      2.971e-03    2.971e-03    1.575e+00    5.395e-06          True
      1813      0   1813   1.188093e+00   1.188093e+00   1.188087e+00   1.189330e+00    5.817e-06      1.237e-03    1.243e-03    3.683e+00    1.079e-05          True
      1844      0   1844   6.748100e-01   6.748100e-01   6.748038e-01   6.737677e-01    6.252e-06      1.042e-03    1.036e-03    4.630e+00    2.158e-05          True
      1849      0   1849   6.358900e-01   6.358900e-01   6.358899e-01   6.341119e-01    1.762e-08      1.778e-03    1.778e-03    2.295e+00    1.079e-05          True
      1851      0   1851   2.923197e-02   2.923197e-02   2.923126e-02   2.873251e-02    7.069e-07      4.995e-04    4.987e-04    4.804e+00    2.158e-05          True
      1856      0   1856  -5.119332e-03  -5.119332e-03  -5.118982e-03  -5.703453e-03    3.495e-07      5.841e-04    5.845e-04    1.912e+00    5.395e-06          True
      1873      0   1873  -6.251107e-01  -6.251107e-01  -6.251138e-01  -6.265278e-01    3.053e-06      1.417e-03    1.414e-03    3.824e+00    1.079e-05          True
      1878      0   1878  -1.736124e-02  -1.736124e-02  -1.735954e-02  -1.709128e-02    1.702e-06      2.700e-04    2.683e-04    2.610e+00    1.079e-05          True
      1889      0   1889   9.094323e-01   9.094323e-01   9.094338e-01   9.106501e-01    1.495e-06      1.218e-03    1.216e-03    2.650e+00    1.079e-05          True
      1893      0   1893   5.355262e-01   5.355262e-01   5.355285e-01   5.361736e-01    2.313e-06      6.474e-04    6.451e-04    3.975e+00    1.079e-05          True
      1903      0   1903  -1.670979e+00  -1.670979e+00  -1.670975e+00  -1.669156e+00    3.903e-06      1.822e-03    1.818e-03    4.543e+00    2.158e-05          True
      1911      0   1911   1.634928e+00   1.634928e+00   1.634925e+00   1.632624e+00    2.507e-06      2.303e-03    2.301e-03    4.206e+00    2.158e-05          True
      1923      0   1923  -5.626965e-01  -5.626965e-01  -5.626972e-01  -5.604608e-01    7.347e-07      2.236e-03    2.236e-03    1.736e+00    5.395e-06          True
      1925      0   1925   1.519069e+00   1.519069e+00   1.519069e+00   1.516473e+00    4.587e-07      2.596e-03    2.596e-03    4.235e+00    2.158e-05          True
      1933      0   1933   1.842633e+00   1.842633e+00   1.842633e+00   1.844658e+00    1.487e-07      2.025e-03    2.025e-03    3.737e+00    1.079e-05          True
      1941      0   1941   5.041061e-02   5.041061e-02   5.040986e-02   5.059799e-02    7.530e-07      1.874e-04    1.881e-04    1.866e+00    5.395e-06          True
      1950      0   1950   1.371468e+00   1.371468e+00   1.371474e+00   1.373238e+00    6.321e-06      1.770e-03    1.764e-03    5.268e+00    2.158e-05          True
      1954      0   1954  -1.041666e+00  -1.041666e+00  -1.041664e+00  -1.040352e+00    1.897e-06      1.314e-03    1.312e-03    2.647e+00    1.079e-05          True
      1955      0   1955  -7.523615e-01  -7.523615e-01  -7.523597e-01  -7.511920e-01    1.721e-06      1.169e-03    1.168e-03    2.810e+00    1.079e-05          True
      1963      0   1963   4.304948e-01   4.304948e-01   4.304933e-01   4.298370e-01    1.438e-06      6.578e-04    6.564e-04    4.191e+00    2.158e-05          True
      1969      0   1969   2.991729e-01   2.991729e-01   2.991721e-01   2.995221e-01    7.565e-07      3.493e-04    3.500e-04    4.071e+00    2.158e-05          True
      1972      0   1972  -1.748627e-01  -1.748627e-01  -1.748634e-01  -1.757939e-01    7.138e-07      9.312e-04    9.305e-04    2.618e+00    1.079e-05          True
      1978      0   1978  -3.003814e-01  -3.003814e-01  -3.003838e-01  -3.011047e-01    2.421e-06      7.234e-04    7.209e-04    3.767e+00    1.079e-05          True
      1983      0   1983  -3.533060e-01  -3.533060e-01  -3.533054e-01  -3.545631e-01    6.295e-07      1.257e-03    1.258e-03    2.586e+00    1.079e-05          True
      1986      0   1986   2.821137e-01   2.821137e-01   2.821150e-01   2.804981e-01    1.205e-06      1.616e-03    1.617e-03    3.482e+00    1.079e-05          True
      1990      0   1990  -1.851341e-01  -1.851341e-01  -1.851331e-01  -1.861908e-01    1.079e-06      1.057e-03    1.058e-03    2.166e+00    1.079e-05          True
      1994      0   1994   3.327130e-01   3.327130e-01   3.327104e-01   3.336248e-01    2.636e-06      9.117e-04    9.144e-04    4.100e+00    2.158e-05          True
      2002      0   2002  -3.654343e-01  -3.654343e-01  -3.654342e-01  -3.670994e-01    1.784e-07      1.665e-03    1.665e-03    3.208e+00    1.079e-05          True
      2007      0   2007  -2.455672e+00  -2.455672e+00  -2.455672e+00  -2.458297e+00    4.024e-07      2.626e-03    2.625e-03    4.185e+00    2.158e-05          True
      2013      0   2013   1.409007e+00   1.409007e+00   1.409005e+00   1.410935e+00    2.083e-06      1.928e-03    1.930e-03    3.995e+00    1.079e-05          True
      2015      0   2015  -1.076352e+00  -1.076352e+00  -1.076349e+00  -1.075033e+00    2.197e-06      1.318e-03    1.316e-03    3.786e+00    1.079e-05          True
      2023      0   2023  -7.298730e-01  -7.298730e-01  -7.298737e-01  -7.281342e-01    7.271e-07      1.739e-03    1.740e-03    2.150e+00    1.079e-05          True
      2025      0   2025   4.524321e-02   4.524321e-02   4.524359e-02   4.355703e-02    3.821e-07      1.686e-03    1.687e-03    2.365e+00    1.079e-05          True
      2050      1      2   1.731636e+00   1.731636e+00   1.731636e+00   1.733873e+00    9.115e-08      2.237e-03    2.237e-03    6.934e+00    2.158e-05          True
      2052      1      4  -9.659357e-01  -9.659357e-01  -9.659339e-01  -9.645913e-01    1.803e-06      1.344e-03    1.343e-03    4.472e+00    2.158e-05          True
      2053      1      5   7.757830e-01   7.757830e-01   7.757919e-01   7.749361e-01    8.940e-06      8.469e-04    8.558e-04    4.641e+00    2.158e-05          True
      2058      1     10  -5.823192e-03  -5.823192e-03  -5.824184e-03  -6.126791e-03    9.922e-07      3.036e-04    3.026e-04    1.936e+00    5.395e-06          True
      2066      1     18  -1.820390e+00  -1.820390e+00  -1.820386e+00  -1.816851e+00    4.108e-06      3.539e-03    3.535e-03    3.943e+00    1.079e-05          True
      2067      1     19  -6.044787e-01  -6.044787e-01  -6.044828e-01  -6.025653e-01    4.119e-06      1.913e-03    1.917e-03    4.809e+00    2.158e-05          True
      2068      1     20  -2.524529e-02  -2.524529e-02  -2.524415e-02  -2.370325e-02    1.141e-06      1.542e-03    1.541e-03    4.619e+00    2.158e-05          True
      2071      1     23  -8.904049e-01  -8.904049e-01  -8.904056e-01  -8.923482e-01    7.380e-07      1.943e-03    1.943e-03    2.263e+00    1.079e-05          True
      2085      1     37  -7.056261e-01  -7.056261e-01  -7.056289e-01  -7.048068e-01    2.787e-06      8.193e-04    8.221e-04    2.424e+00    1.079e-05          True
      2088      1     40  -5.642555e-01  -5.642555e-01  -5.642589e-01  -5.650518e-01    3.410e-06      7.963e-04    7.929e-04    5.936e+00    2.158e-05          True
      2096      1     48  -5.079499e-01  -5.079499e-01  -5.079522e-01  -5.063701e-01    2.360e-06      1.580e-03    1.582e-03    2.275e+00    1.079e-05          True
      2110      1     62  -3.813862e-01  -3.813862e-01  -3.813871e-01  -3.805026e-01    8.889e-07      8.836e-04    8.845e-04    2.441e+00    1.079e-05          True
      2112      1     64   1.151090e+00   1.151090e+00   1.151096e+00   1.152602e+00    6.521e-06      1.512e-03    1.506e-03    3.719e+00    1.079e-05          True
      2116      1     68   6.746735e-01   6.746735e-01   6.746741e-01   6.738095e-01    5.511e-07      8.641e-04    8.646e-04    2.940e+00    1.079e-05          True
      2123      1     75  -3.873426e-01  -3.873426e-01  -3.873426e-01  -3.879132e-01    1.498e-08      5.706e-04    5.706e-04    2.470e+00    1.079e-05          True
      2128      1     80   3.778484e-01   3.778484e-01   3.778496e-01   3.769811e-01    1.198e-06      8.673e-04    8.685e-04    2.710e+00    1.079e-05          True
      2136      1     88  -1.056822e+00  -1.056822e+00  -1.056826e+00  -1.054910e+00    4.241e-06      1.912e-03    1.916e-03    4.976e+00    2.158e-05          True
      2140      1     92   1.608035e+00   1.608035e+00   1.608033e+00   1.609807e+00    1.950e-06      1.771e-03    1.773e-03    2.957e+00    1.079e-05          True
      2144      1     96  -4.846501e-01  -4.846501e-01  -4.846499e-01  -4.854424e-01    1.967e-07      7.923e-04    7.925e-04    2.137e+00    1.079e-05          True
      2154      1    106  -1.734229e-01  -1.734229e-01  -1.734225e-01  -1.752272e-01    4.157e-07      1.804e-03    1.805e-03    3.016e+00    1.079e-05          True
      2155      1    107  -4.074508e-01  -4.074508e-01  -4.074515e-01  -4.088010e-01    6.923e-07      1.350e-03    1.350e-03    3.811e+00    1.079e-05          True
      2159      1    111   1.349082e+00   1.349082e+00   1.349085e+00   1.347181e+00    2.608e-06      1.901e-03    1.903e-03    3.984e+00    1.079e-05          True
      2161      1    113   1.559166e+00   1.559166e+00   1.559165e+00   1.557309e+00    1.348e-06      1.857e-03    1.856e-03    3.022e+00    1.079e-05          True
      2175      1    127   1.904006e+00   1.904006e+00   1.904006e+00   1.906208e+00    4.763e-07      2.202e-03    2.201e-03    2.470e+00    1.079e-05          True
      2176      1    128   1.421954e+00   1.421954e+00   1.421957e+00   1.419888e+00    3.223e-06      2.066e-03    2.070e-03    3.293e+00    1.079e-05          True
      2183      1    135  -9.481141e-02  -9.481141e-02  -9.481262e-02  -9.494352e-02    1.215e-06      1.321e-04    1.309e-04    1.938e+00    5.395e-06          True
      2184      1    136   6.587252e-02   6.587252e-02   6.587218e-02   6.648251e-02    3.375e-07      6.100e-04    6.103e-04    3.774e+00    1.079e-05          True
      2189      1    141   8.942929e-01   8.942929e-01   8.942946e-01   8.954568e-01    1.701e-06      1.164e-03    1.162e-03    3.265e+00    1.079e-05          True
      2201      1    153  -7.819058e-01  -7.819058e-01  -7.819073e-01  -7.827422e-01    1.466e-06      8.364e-04    8.349e-04    3.858e+00    1.079e-05          True
      2207      1    159  -5.120423e-01  -5.120423e-01  -5.120414e-01  -5.128826e-01    8.989e-07      8.404e-04    8.413e-04    3.323e+00    1.079e-05          True
      2216      1    168   8.235670e-01   8.235670e-01   8.235692e-01   8.224991e-01    2.276e-06      1.068e-03    1.070e-03    2.675e+00    1.079e-05          True
      2217      1    169   6.349000e-02   6.349000e-02   6.348938e-02   6.263596e-02    6.176e-07      8.540e-04    8.534e-04    3.626e+00    1.079e-05          True
      2230      1    182   3.182568e-01   3.182568e-01   3.182537e-01   3.189157e-01    3.063e-06      6.589e-04    6.620e-04    4.657e+00    2.158e-05          True
      2253      1    205  -1.549591e-02  -1.549591e-02  -1.549581e-02  -1.625175e-02    1.021e-07      7.558e-04    7.559e-04    3.942e+00    1.079e-05          True
      2260      1    212   1.089892e-01   1.089892e-01   1.089918e-01   1.094799e-01    2.598e-06      4.907e-04    4.881e-04    3.705e+00    1.079e-05          True
      2262      1    214  -7.793243e-01  -7.793243e-01  -7.793253e-01  -7.810329e-01    1.010e-06      1.709e-03    1.708e-03    2.529e+00    1.079e-05          True
      2267      1    219   1.203874e+00   1.203874e+00   1.203877e+00   1.205540e+00    3.048e-06      1.666e-03    1.663e-03    5.252e+00    2.158e-05          True
      2271      1    223   5.481119e-01   5.481119e-01   5.481113e-01   5.489850e-01    6.097e-07      8.731e-04    8.737e-04    1.664e+00    5.395e-06          True
      2279      1    231  -4.815193e-01  -4.815193e-01  -4.815199e-01  -4.805101e-01    6.695e-07      1.009e-03    1.010e-03    4.367e+00    2.158e-05          True
      2280      1    232  -1.540578e+00  -1.540578e+00  -1.540580e+00  -1.538630e+00    1.186e-06      1.948e-03    1.949e-03    3.900e+00    1.079e-05          True
      2305      1    257  -5.269890e-01  -5.269890e-01  -5.269881e-01  -5.264384e-01    8.264e-07      5.506e-04    5.498e-04    1.463e+00    5.395e-06          True
      2306      1    258  -3.218633e-01  -3.218633e-01  -3.218639e-01  -3.214257e-01    6.692e-07      4.376e-04    4.382e-04    2.395e+00    1.079e-05          True
      2310      1    262  -1.227456e+00  -1.227456e+00  -1.227456e+00  -1.229279e+00    3.846e-07      1.823e-03    1.823e-03    2.661e+00    1.079e-05          True
      2328      1    280   5.257054e-01   5.257054e-01   5.257031e-01   5.272208e-01    2.340e-06      1.515e-03    1.518e-03    3.520e+00    1.079e-05          True
      2337      1    289  -6.946387e-02  -6.946387e-02  -6.946487e-02  -6.988923e-02    1.002e-06      4.254e-04    4.244e-04    4.234e+00    2.158e-05          True
      2341      1    293   1.426185e-01   1.426185e-01   1.426178e-01   1.431399e-01    6.541e-07      5.214e-04    5.221e-04    3.519e+00    1.079e-05          True
      2354      1    306   3.622012e-01   3.622012e-01   3.621972e-01   3.626165e-01    3.982e-06      4.153e-04    4.193e-04    4.592e+00    2.158e-05          True
      2360      1    312  -7.203217e-01  -7.203217e-01  -7.203221e-01  -7.211632e-01    4.380e-07      8.415e-04    8.411e-04    6.438e+00    2.158e-05          True
      2362      1    314  -1.596661e-01  -1.596661e-01  -1.596646e-01  -1.581973e-01    1.463e-06      1.469e-03    1.467e-03    3.655e+00    1.079e-05          True
      2372      1    324  -6.711170e-01  -6.711170e-01  -6.711170e-01  -6.723191e-01    4.356e-08      1.202e-03    1.202e-03    3.150e+00    1.079e-05          True
      2375      1    327  -1.024962e+00  -1.024962e+00  -1.024960e+00  -1.026040e+00    2.820e-06      1.078e-03    1.081e-03    3.221e+00    1.079e-05          True
      2378      1    330  -9.904238e-02  -9.904238e-02  -9.904287e-02  -9.940559e-02    4.943e-07      3.632e-04    3.627e-04    2.550e+00    1.079e-05          True
      2385      1    337  -1.238464e+00  -1.238464e+00  -1.238464e+00  -1.240188e+00    4.427e-07      1.724e-03    1.724e-03    1.721e+00    5.395e-06          True
      2389      1    341   1.308582e+00   1.308582e+00   1.308582e+00   1.310146e+00    3.901e-07      1.564e-03    1.564e-03    2.148e+00    1.079e-05          True
      2402      1    354  -5.507039e-01  -5.507039e-01  -5.507049e-01  -5.499471e-01    9.951e-07      7.568e-04    7.578e-04    4.591e+00    2.158e-05          True
      2416      1    368  -1.040418e+00  -1.040418e+00  -1.040418e+00  -1.042086e+00    3.299e-07      1.669e-03    1.668e-03    2.012e+00    1.079e-05          True
      2419      1    371   2.685489e-01   2.685489e-01   2.685499e-01   2.689872e-01    1.018e-06      4.383e-04    4.373e-04    1.670e+00    5.395e-06          True
      2423      1    375   1.127757e+00   1.127757e+00   1.127758e+00   1.129588e+00    1.781e-06      1.831e-03    1.829e-03    6.424e+00    2.158e-05          True
      2444      1    396   5.075595e-01   5.075595e-01   5.075621e-01   5.083203e-01    2.625e-06      7.608e-04    7.582e-04    2.792e+00    1.079e-05          True
      2447      1    399  -1.695156e+00  -1.695156e+00  -1.695157e+00  -1.693385e+00    1.260e-06      1.770e-03    1.772e-03    4.360e+00    2.158e-05          True
      2458      1    410  -3.157097e-01  -3.157097e-01  -3.157087e-01  -3.147854e-01    9.297e-07      9.243e-04    9.234e-04    3.208e+00    1.079e-05          True
      2459      1    411   2.217072e-01   2.217072e-01   2.217048e-01   2.233635e-01    2.462e-06      1.656e-03    1.659e-03    2.422e+00    1.079e-05          True
      2461      1    413   5.102363e-01   5.102363e-01   5.102365e-01   5.095721e-01    2.269e-07      6.642e-04    6.644e-04    3.588e+00    1.079e-05          True
      2464      1    416   1.953141e-01   1.953141e-01   1.953144e-01   1.972607e-01    2.129e-07      1.947e-03    1.946e-03    2.401e+00    1.079e-05          True
      2465      1    417   4.799777e-01   4.799777e-01   4.799804e-01   4.819612e-01    2.728e-06      1.984e-03    1.981e-03    3.211e+00    1.079e-05          True
      2480      1    432  -7.600476e-01  -7.600476e-01  -7.600486e-01  -7.621492e-01    1.074e-06      2.102e-03    2.101e-03    3.831e+00    1.079e-05          True
      2488      1    440   3.431294e-01   3.431294e-01   3.431306e-01   3.427072e-01    1.205e-06      4.223e-04    4.235e-04    3.680e+00    1.079e-05          True
      2494      1    446  -9.002100e-01  -9.002100e-01  -9.002078e-01  -9.012645e-01    2.225e-06      1.054e-03    1.057e-03    2.389e+00    1.079e-05          True
      2507      1    459  -5.697059e-01  -5.697059e-01  -5.697053e-01  -5.709782e-01    6.064e-07      1.272e-03    1.273e-03    2.532e+00    1.079e-05          True
      2509      1    461   1.131039e-01   1.131039e-01   1.131035e-01   1.115232e-01    3.832e-07      1.581e-03    1.580e-03    1.736e+00    5.395e-06          True
      2518      1    470  -1.552933e-02  -1.552933e-02  -1.552887e-02  -1.519527e-02    4.620e-07      3.341e-04    3.336e-04    2.063e+00    1.079e-05          True
      2519      1    471  -1.333143e+00  -1.333143e+00  -1.333146e+00  -1.331302e+00    2.530e-06      1.841e-03    1.844e-03    3.336e+00    1.079e-05          True
      2531      1    483  -1.248297e+00  -1.248297e+00  -1.248296e+00  -1.246138e+00    1.002e-06      2.159e-03    2.158e-03    3.168e+00    1.079e-05          True
      2541      1    493   1.327487e+00   1.327487e+00   1.327486e+00   1.329258e+00    1.076e-06      1.771e-03    1.772e-03    3.705e+00    1.079e-05          True
      2550      1    502  -4.999674e-01  -4.999674e-01  -4.999665e-01  -4.988792e-01    8.943e-07      1.088e-03    1.087e-03    2.767e+00    1.079e-05          True
      2555      1    507  -3.557318e-01  -3.557318e-01  -3.557329e-01  -3.568731e-01    1.161e-06      1.141e-03    1.140e-03    3.792e+00    1.079e-05          True
      2556      1    508   2.694253e-01   2.694253e-01   2.694233e-01   2.701277e-01    2.031e-06      7.024e-04    7.044e-04    3.254e+00    1.079e-05          True
      2563      1    515   1.081983e+00   1.081983e+00   1.081984e+00   1.079350e+00    1.208e-06      2.633e-03    2.634e-03    4.838e+00    2.158e-05          True
      2566      1    518   7.385202e-01   7.385202e-01   7.385221e-01   7.403060e-01    1.836e-06      1.786e-03    1.784e-03    2.132e+00    1.079e-05          True
      2571      1    523   9.000706e-02   9.000706e-02   9.000615e-02   9.073462e-02    9.094e-07      7.276e-04    7.285e-04    2.143e+00    1.079e-05          True
      2587      1    539  -5.226670e-01  -5.226670e-01  -5.226698e-01  -5.209140e-01    2.802e-06      1.753e-03    1.756e-03    3.994e+00    1.079e-05          True
      2590      1    542   1.343179e-01   1.343179e-01   1.343171e-01   1.363506e-01    8.810e-07      2.033e-03    2.034e-03    3.680e+00    1.079e-05          True
      2597      1    549  -1.902663e-01  -1.902663e-01  -1.902677e-01  -1.892659e-01    1.453e-06      1.000e-03    1.002e-03    3.296e+00    1.079e-05          True
      2603      1    555  -4.699672e-01  -4.699672e-01  -4.699626e-01  -4.708085e-01    4.589e-06      8.413e-04    8.459e-04    3.324e+00    1.079e-05          True
      2606      1    558  -4.853556e-01  -4.853556e-01  -4.853551e-01  -4.838066e-01    4.919e-07      1.549e-03    1.549e-03    5.740e+00    2.158e-05          True
      2611      1    563   5.691579e-01   5.691579e-01   5.691552e-01   5.685046e-01    2.694e-06      6.533e-04    6.506e-04    5.210e+00    2.158e-05          True
      2617      1    569   7.015919e-01   7.015919e-01   7.015910e-01   7.003835e-01    8.779e-07      1.208e-03    1.208e-03    3.496e+00    1.079e-05          True
      2619      1    571  -2.610432e-01  -2.610432e-01  -2.610425e-01  -2.599280e-01    7.630e-07      1.115e-03    1.114e-03    4.987e+00    2.158e-05          True
      2624      1    576   9.423811e-01   9.423811e-01   9.423813e-01   9.437051e-01    1.334e-07      1.324e-03    1.324e-03    2.796e+00    1.079e-05          True
      2628      1    580  -1.254849e+00  -1.254849e+00  -1.254849e+00  -1.252521e+00    4.486e-08      2.327e-03    2.327e-03    4.160e+00    2.158e-05          True
      2636      1    588   6.121200e-01   6.121200e-01   6.121184e-01   6.129046e-01    1.679e-06      7.846e-04    7.862e-04    1.851e+00    5.395e-06          True
      2638      1    590  -3.307468e-01  -3.307468e-01  -3.307474e-01  -3.304098e-01    5.938e-07      3.370e-04    3.376e-04    2.430e+00    1.079e-05          True
      2645      1    597   1.782652e+00   1.782652e+00   1.782646e+00   1.784469e+00    5.583e-06      1.817e-03    1.823e-03    4.987e+00    2.158e-05          True
      2647      1    599   3.127651e-01   3.127651e-01   3.127666e-01   3.105468e-01    1.420e-06      2.218e-03    2.220e-03    2.133e+00    1.079e-05          True
      2653      1    605   3.267179e-01   3.267179e-01   3.267169e-01   3.287895e-01    9.833e-07      2.072e-03    2.073e-03    3.327e+00    1.079e-05          True
      2657      1    609   2.940033e-01   2.940033e-01   2.940021e-01   2.929482e-01    1.142e-06      1.055e-03    1.054e-03    2.896e+00    1.079e-05          True
      2673      1    625  -1.263444e+00  -1.263444e+00  -1.263444e+00  -1.261925e+00    2.655e-07      1.519e-03    1.518e-03    1.958e+00    5.395e-06          True
      2675      1    627  -4.133606e-01  -4.133606e-01  -4.133621e-01  -4.142891e-01    1.430e-06      9.285e-04    9.271e-04    2.119e+00    1.079e-05          True
      2677      1    629   1.099658e-01   1.099658e-01   1.099680e-01   1.104660e-01    2.269e-06      5.002e-04    4.979e-04    3.534e+00    1.079e-05          True
      2679      1    631   3.617826e-01   3.617826e-01   3.617808e-01   3.604335e-01    1.851e-06      1.349e-03    1.347e-03    4.359e+00    2.158e-05          True
      2681      1    633  -6.002380e-01  -6.002380e-01  -6.002401e-01  -6.019934e-01    2.056e-06      1.755e-03    1.753e-03    3.824e+00    1.079e-05          True
      2682      1    634  -1.061288e+00  -1.061288e+00  -1.061287e+00  -1.059914e+00    4.414e-07      1.373e-03    1.373e-03    2.344e+00    1.079e-05          True
      2694      1    646   3.432846e-01   3.432846e-01   3.432838e-01   3.426492e-01    8.354e-07      6.354e-04    6.346e-04    2.622e+00    1.079e-05          True
      2696      1    648  -2.952786e-01  -2.952786e-01  -2.952804e-01  -2.948948e-01    1.802e-06      3.837e-04    3.855e-04    4.007e+00    2.158e-05          True
      2703      1    655   2.586770e-01   2.586770e-01   2.586776e-01   2.607151e-01    5.535e-07      2.038e-03    2.037e-03    3.069e+00    1.079e-05          True
      2708      1    660  -4.309278e-02  -4.309278e-02  -4.309283e-02  -4.173360e-02    5.377e-08      1.359e-03    1.359e-03    2.547e+00    1.079e-05          True
      2712      1    664   2.462581e-01   2.462581e-01   2.462596e-01   2.472434e-01    1.479e-06      9.853e-04    9.838e-04    3.361e+00    1.079e-05          True
      2714      1    666  -4.965037e-02  -4.965037e-02  -4.964544e-02  -4.915515e-02    4.933e-06      4.952e-04    4.903e-04    4.812e+00    2.158e-05          True
      2717      1    669   3.169690e-01   3.169690e-01   3.169699e-01   3.159375e-01    8.267e-07      1.032e-03    1.032e-03    3.316e+00    1.079e-05          True
      2734      1    686   6.757416e-01   6.757416e-01   6.757404e-01   6.765072e-01    1.182e-06      7.656e-04    7.668e-04    3.487e+00    1.079e-05          True
      2742      1    694  -1.045792e+00  -1.045792e+00  -1.045788e+00  -1.044533e+00    4.084e-06      1.259e-03    1.255e-03    3.496e+00    1.079e-05          True
      2743      1    695   5.469087e-01   5.469087e-01   5.469094e-01   5.455101e-01    6.916e-07      1.399e-03    1.399e-03    3.887e+00    1.079e-05          True
      2744      1    696   9.327338e-01   9.327338e-01   9.327362e-01   9.316874e-01    2.389e-06      1.046e-03    1.049e-03    3.957e+00    1.079e-05          True
      2745      1    697  -1.238801e+00  -1.238801e+00  -1.238796e+00  -1.240538e+00    4.930e-06      1.737e-03    1.742e-03    3.161e+00    1.079e-05          True
      2746      1    698  -1.490345e+00  -1.490345e+00  -1.490346e+00  -1.491978e+00    1.829e-07      1.632e-03    1.632e-03    2.669e+00    1.079e-05          True
      2753      1    705  -2.457174e-01  -2.457174e-01  -2.457183e-01  -2.453052e-01    8.537e-07      4.122e-04    4.131e-04    2.530e+00    1.079e-05          True
      2754      1    706  -4.326715e-01  -4.326715e-01  -4.326731e-01  -4.309176e-01    1.624e-06      1.754e-03    1.755e-03    3.025e+00    1.079e-05          True
      2762      1    714  -1.618012e-01  -1.618012e-01  -1.618020e-01  -1.609518e-01    7.955e-07      8.494e-04    8.502e-04    2.366e+00    1.079e-05          True
      2765      1    717  -7.353434e-01  -7.353434e-01  -7.353409e-01  -7.364201e-01    2.474e-06      1.077e-03    1.079e-03    3.396e+00    1.079e-05          True
      2780      1    732   1.129075e-01   1.129075e-01   1.129073e-01   1.126413e-01    2.058e-07      2.663e-04    2.661e-04    4.162e+00    2.158e-05          True
      2785      1    737  -1.732938e-01  -1.732938e-01  -1.732937e-01  -1.726282e-01    7.532e-08      6.656e-04    6.655e-04    2.802e+00    1.079e-05          True
      2806      1    758   3.001580e-01   3.001580e-01   3.001566e-01   3.011166e-01    1.333e-06      9.587e-04    9.600e-04    3.353e+00    1.079e-05          True
      2811      1    763   1.195110e+00   1.195110e+00   1.195109e+00   1.196651e+00    4.430e-07      1.541e-03    1.541e-03    3.507e+00    1.079e-05          True
      2823      1    775   2.772079e-01   2.772079e-01   2.772030e-01   2.778021e-01    4.931e-06      5.942e-04    5.991e-04    4.645e+00    2.158e-05          True
      2825      1    777   5.120191e-01   5.120191e-01   5.120196e-01   5.112024e-01    5.298e-07      8.167e-04    8.172e-04    2.984e+00    1.079e-05          True
      2831      1    783   1.420945e-01   1.420945e-01   1.420944e-01   1.412579e-01    6.739e-08      8.367e-04    8.366e-04    4.319e+00    2.158e-05          True
      2834      1    786   3.400893e-01   3.400893e-01   3.400890e-01   3.406939e-01    3.279e-07      6.045e-04    6.049e-04    2.671e+00    1.079e-05          True
      2845      1    797  -1.773797e+00  -1.773797e+00  -1.773793e+00  -1.771564e+00    3.844e-06      2.233e-03    2.229e-03    3.867e+00    1.079e-05          True
      2849      1    801   7.876689e-01   7.876689e-01   7.876676e-01   7.867232e-01    1.322e-06      9.457e-04    9.444e-04    2.214e+00    1.079e-05          True
      2855      1    807   3.169957e-01   3.169957e-01   3.169957e-01   3.164810e-01    4.772e-08      5.147e-04    5.147e-04    2.448e+00    1.079e-05          True
      2857      1    809   1.948734e-01   1.948734e-01   1.948743e-01   1.953201e-01    9.203e-07      4.467e-04    4.458e-04    3.916e+00    1.079e-05          True
      2859      1    811   5.159068e-01   5.159068e-01   5.159090e-01   5.167284e-01    2.116e-06      8.216e-04    8.194e-04    3.093e+00    1.079e-05          True
      2861      1    813   2.772130e-02   2.772130e-02   2.771899e-02   2.784050e-02    2.308e-06      1.192e-04    1.215e-04    2.427e+00    1.079e-05          True
      2863      1    815   6.155339e-02   6.155339e-02   6.155270e-02   6.269217e-02    6.907e-07      1.139e-03    1.139e-03    4.023e+00    2.158e-05          True
      2870      1    822   1.755225e+00   1.755225e+00   1.755224e+00   1.757143e+00    2.191e-07      1.918e-03    1.918e-03    4.021e+00    2.158e-05          True
      2873      1    825  -2.230021e-01  -2.230021e-01  -2.230010e-01  -2.233018e-01    1.136e-06      2.997e-04    3.008e-04    3.207e+00    1.079e-05          True
      2876      1    828  -4.920398e-01  -4.920398e-01  -4.920373e-01  -4.934193e-01    2.527e-06      1.379e-03    1.382e-03    2.792e+00    1.079e-05          True
      2881      1    833   6.252796e-02   6.252796e-02   6.252930e-02   6.262248e-02    1.335e-06      9.452e-05    9.318e-05    3.028e+00    1.079e-05          True
      2882      1    834   1.422799e-01   1.422799e-01   1.422782e-01   1.416175e-01    1.704e-06      6.624e-04    6.607e-04    2.142e+00    1.079e-05          True
      2883      1    835  -7.394632e-01  -7.394632e-01  -7.394624e-01  -7.384185e-01    8.003e-07      1.045e-03    1.044e-03    2.426e+00    1.079e-05          True
      2884      1    836  -5.172312e-01  -5.172312e-01  -5.172310e-01  -5.195271e-01    1.802e-07      2.296e-03    2.296e-03    4.235e+00    2.158e-05          True
      2890      1    842  -1.554579e-01  -1.554579e-01  -1.554570e-01  -1.563154e-01    9.756e-07      8.575e-04    8.585e-04    1.910e+00    5.395e-06          True
      2891      1    843  -2.668016e-01  -2.668016e-01  -2.668030e-01  -2.661810e-01    1.401e-06      6.206e-04    6.220e-04    3.708e+00    1.079e-05          True
      2897      1    849   5.752335e-01   5.752335e-01   5.752338e-01   5.763369e-01    2.562e-07      1.103e-03    1.103e-03    3.400e+00    1.079e-05          True
      2899      1    851   1.325507e+00   1.325507e+00   1.325509e+00   1.326971e+00    1.649e-06      1.464e-03    1.462e-03    2.252e+00    1.079e-05          True
      2935      1    887  -7.668734e-02  -7.668734e-02  -7.668564e-02  -7.704048e-02    1.704e-06      3.531e-04    3.548e-04    1.777e+00    5.395e-06          True
      2944      1    896  -3.675546e-01  -3.675546e-01  -3.675535e-01  -3.682155e-01    1.057e-06      6.609e-04    6.619e-04    2.330e+00    1.079e-05          True
      2945      1    897   5.428267e-01   5.428267e-01   5.428271e-01   5.414134e-01    3.410e-07      1.413e-03    1.414e-03    5.125e+00    2.158e-05          True
      2953      1    905   4.975992e-01   4.975992e-01   4.976003e-01   4.967037e-01    1.132e-06      8.954e-04    8.966e-04    4.385e+00    2.158e-05          True
      2955      1    907   1.518758e+00   1.518758e+00   1.518756e+00   1.520705e+00    1.524e-06      1.947e-03    1.949e-03    3.613e+00    1.079e-05          True
      2956      1    908  -3.258697e-01  -3.258697e-01  -3.258700e-01  -3.275506e-01    2.592e-07      1.681e-03    1.681e-03    3.658e+00    1.079e-05          True
      2963      1    915  -1.378784e-01  -1.378784e-01  -1.378773e-01  -1.358956e-01    1.132e-06      1.983e-03    1.982e-03    3.427e+00    1.079e-05          True
      2964      1    916  -1.773600e-01  -1.773600e-01  -1.773603e-01  -1.762981e-01    2.908e-07      1.062e-03    1.062e-03    2.382e+00    1.079e-05          True
      2977      1    929   6.358151e-01   6.358151e-01   6.358154e-01   6.344175e-01    3.255e-07      1.398e-03    1.398e-03    2.315e+00    1.079e-05          True
      2986      1    938   8.972384e-01   8.972384e-01   8.972383e-01   8.961830e-01    8.136e-08      1.055e-03    1.055e-03    3.068e+00    1.079e-05          True
      3000      1    952   1.673844e+00   1.673844e+00   1.673843e+00   1.675656e+00    6.922e-07      1.812e-03    1.813e-03    3.007e+00    1.079e-05          True
      3023      1    975   1.142585e-01   1.142585e-01   1.142581e-01   1.132647e-01    3.484e-07      9.938e-04    9.935e-04    2.401e+00    1.079e-05          True
      3036      1    988  -1.302213e+00  -1.302213e+00  -1.302215e+00  -1.304618e+00    2.157e-06      2.405e-03    2.403e-03    4.015e+00    2.158e-05          True
      3038      1    990   4.307564e-01   4.307564e-01   4.307551e-01   4.294739e-01    1.280e-06      1.282e-03    1.281e-03    2.644e+00    1.079e-05          True
      3042      1    994   2.132531e+00   2.132531e+00   2.132528e+00   2.130106e+00    3.546e-06      2.425e-03    2.422e-03    3.604e+00    1.079e-05          True
      3057      1   1009  -5.208336e-02  -5.208336e-02  -5.208539e-02  -5.089884e-02    2.029e-06      1.185e-03    1.187e-03    3.114e+00    1.079e-05          True
      3060      1   1012  -2.880753e-01  -2.880753e-01  -2.880732e-01  -2.868899e-01    2.103e-06      1.185e-03    1.183e-03    2.776e+00    1.079e-05          True
      3066      1   1018  -5.527086e-01  -5.527086e-01  -5.527084e-01  -5.532954e-01    1.644e-07      5.868e-04    5.870e-04    2.805e+00    1.079e-05          True
      3069      1   1021   2.175063e-01   2.175063e-01   2.175047e-01   2.166197e-01    1.618e-06      8.866e-04    8.849e-04    4.126e+00    2.158e-05          True
      3071      1   1023   1.468281e-01   1.468281e-01   1.468314e-01   1.458183e-01    3.349e-06      1.010e-03    1.013e-03    3.001e+00    1.079e-05          True
      3075      1   1027  -8.506368e-02  -8.506368e-02  -8.506365e-02  -8.487054e-02    2.596e-08      1.931e-04    1.931e-04    4.378e+00    2.158e-05          True
      3095      1   1047  -1.078622e+00  -1.078622e+00  -1.078627e+00  -1.076780e+00    4.544e-06      1.842e-03    1.847e-03    5.032e+00    2.158e-05          True
      3103      1   1055  -9.770627e-01  -9.770627e-01  -9.770630e-01  -9.781278e-01    3.240e-07      1.065e-03    1.065e-03    3.364e+00    1.079e-05          True
      3105      1   1057  -6.176602e-01  -6.176602e-01  -6.176566e-01  -6.183316e-01    3.584e-06      6.714e-04    6.750e-04    3.923e+00    1.079e-05          True
      3109      1   1061  -3.152780e-01  -3.152780e-01  -3.152772e-01  -3.135351e-01    8.639e-07      1.743e-03    1.742e-03    2.478e+00    1.079e-05          True
      3118      1   1070   5.632615e-02   5.632615e-02   5.632901e-02   5.650328e-02    2.867e-06      1.771e-04    1.743e-04    7.487e+00    2.158e-05          True
      3119      1   1071   6.156411e-01   6.156411e-01   6.156427e-01   6.137902e-01    1.579e-06      1.851e-03    1.852e-03    2.371e+00    1.079e-05          True
      3121      1   1073  -4.949843e-01  -4.949843e-01  -4.949838e-01  -4.943646e-01    4.567e-07      6.197e-04    6.192e-04    3.252e+00    1.079e-05          True
      3127      1   1079   6.534755e-01   6.534755e-01   6.534767e-01   6.509195e-01    1.201e-06      2.556e-03    2.557e-03    3.380e+00    1.079e-05          True
      3138      1   1090  -6.341594e-01  -6.341594e-01  -6.341643e-01  -6.363516e-01    4.927e-06      2.192e-03    2.187e-03    4.810e+00    2.158e-05          True
      3141      1   1093   5.827916e-01   5.827916e-01   5.827899e-01   5.834933e-01    1.721e-06      7.017e-04    7.034e-04    3.113e+00    1.079e-05          True
      3144      1   1096   1.515164e-01   1.515164e-01   1.515154e-01   1.517483e-01    9.898e-07      2.319e-04    2.329e-04    1.940e+00    5.395e-06          True
      3145      1   1097  -7.206694e-01  -7.206694e-01  -7.206721e-01  -7.219144e-01    2.760e-06      1.245e-03    1.242e-03    3.597e+00    1.079e-05          True
      3146      1   1098   1.101646e+00   1.101646e+00   1.101645e+00   1.102892e+00    3.865e-07      1.247e-03    1.247e-03    3.536e+00    1.079e-05          True
      3161      1   1113   1.631269e+00   1.631269e+00   1.631270e+00   1.629372e+00    1.222e-06      1.896e-03    1.898e-03    3.580e+00    1.079e-05          True
      3163      1   1115  -7.702419e-02  -7.702419e-02  -7.702278e-02  -7.685944e-02    1.411e-06      1.648e-04    1.633e-04    3.008e+00    1.079e-05          True
      3175      1   1127  -6.751180e-01  -6.751180e-01  -6.751184e-01  -6.739781e-01    4.781e-07      1.140e-03    1.140e-03    2.474e+00    1.079e-05          True
      3183      1   1135  -6.245995e-01  -6.245995e-01  -6.245992e-01  -6.253288e-01    2.487e-07      7.294e-04    7.296e-04    3.399e+00    1.079e-05          True
      3189      1   1141   5.638221e-01   5.638221e-01   5.638230e-01   5.618668e-01    9.486e-07      1.955e-03    1.956e-03    3.001e+00    1.079e-05          True
      3195      1   1147   3.671925e-01   3.671925e-01   3.671955e-01   3.692856e-01    3.052e-06      2.093e-03    2.090e-03    3.145e+00    1.079e-05          True
      3201      1   1153  -9.451186e-01  -9.451186e-01  -9.451171e-01  -9.439399e-01    1.518e-06      1.179e-03    1.177e-03    2.912e+00    1.079e-05          True
      3215      1   1167   8.299935e-01   8.299935e-01   8.299932e-01   8.287709e-01    2.849e-07      1.223e-03    1.222e-03    4.115e+00    2.158e-05          True
      3220      1   1172   8.756748e-01   8.756748e-01   8.756753e-01   8.747332e-01    4.582e-07      9.417e-04    9.421e-04    2.284e+00    1.079e-05          True
      3223      1   1175  -1.679146e-01  -1.679146e-01  -1.679131e-01  -1.674790e-01    1.539e-06      4.356e-04    4.341e-04    4.751e+00    2.158e-05          True
      3225      1   1177   1.229784e+00   1.229784e+00   1.229782e+00   1.228404e+00    2.232e-06      1.380e-03    1.378e-03    3.840e+00    1.079e-05          True
      3228      1   1180   4.245765e-01   4.245765e-01   4.245761e-01   4.256862e-01    4.651e-07      1.110e-03    1.110e-03    3.248e+00    1.079e-05          True
      3235      1   1187   8.056167e-01   8.056167e-01   8.056169e-01   8.034155e-01    1.922e-07      2.201e-03    2.201e-03    3.313e+00    1.079e-05          True
      3239      1   1191  -3.182863e-01  -3.182863e-01  -3.182852e-01  -3.191441e-01    1.087e-06      8.579e-04    8.590e-04    4.713e+00    2.158e-05          True
      3255      1   1207   3.267901e-01   3.267901e-01   3.267900e-01   3.281270e-01    1.015e-07      1.337e-03    1.337e-03    2.971e+00    1.079e-05          True
      3261      1   1213   6.091922e-01   6.091922e-01   6.091906e-01   6.079716e-01    1.628e-06      1.221e-03    1.219e-03    3.258e+00    1.079e-05          True
      3269      1   1221   1.694966e-01   1.694966e-01   1.694928e-01   1.691944e-01    3.823e-06      3.022e-04    2.984e-04    3.138e+00    1.079e-05          True
      3273      1   1225  -9.516119e-01  -9.516119e-01  -9.516096e-01  -9.531367e-01    2.321e-06      1.525e-03    1.527e-03    3.408e+00    1.079e-05          True
      3289      1   1241   8.058473e-01   8.058473e-01   8.058504e-01   8.046507e-01    3.052e-06      1.197e-03    1.200e-03    3.265e+00    1.079e-05          True
      3303      1   1255   1.125271e+00   1.125271e+00   1.125272e+00   1.122606e+00    8.631e-07      2.665e-03    2.666e-03    3.146e+00    1.079e-05          True
      3313      1   1265  -1.322014e+00  -1.322014e+00  -1.322014e+00  -1.324265e+00    3.785e-07      2.251e-03    2.251e-03    2.130e+00    1.079e-05          True
      3315      1   1267   6.729245e-01   6.729245e-01   6.729262e-01   6.738037e-01    1.652e-06      8.792e-04    8.776e-04    4.226e+00    2.158e-05          True
      3318      1   1270  -1.816935e-01  -1.816935e-01  -1.816952e-01  -1.835969e-01    1.723e-06      1.903e-03    1.902e-03    3.341e+00    1.079e-05          True
      3320      1   1272  -6.501008e-01  -6.501008e-01  -6.501000e-01  -6.481147e-01    8.044e-07      1.986e-03    1.985e-03    2.061e+00    1.079e-05          True
      3323      1   1275   1.594779e+00   1.594779e+00   1.594778e+00   1.597709e+00    9.287e-07      2.930e-03    2.931e-03    2.522e+00    1.079e-05          True
      3326      1   1278  -7.974817e-01  -7.974817e-01  -7.974826e-01  -7.985069e-01    8.646e-07      1.025e-03    1.024e-03    3.261e+00    1.079e-05          True
      3330      1   1282   8.100855e-01   8.100855e-01   8.100859e-01   8.113586e-01    3.601e-07      1.273e-03    1.273e-03    2.035e+00    1.079e-05          True
      3337      1   1289   1.366718e+00   1.366718e+00   1.366715e+00   1.365339e+00    2.686e-06      1.378e-03    1.376e-03    2.675e+00    1.079e-05          True
      3340      1   1292  -3.947106e-01  -3.947106e-01  -3.947092e-01  -3.938439e-01    1.364e-06      8.666e-04    8.653e-04    3.301e+00    1.079e-05          True
      3350      1   1302  -1.957661e-01  -1.957661e-01  -1.957641e-01  -1.949844e-01    1.990e-06      7.816e-04    7.796e-04    2.671e+00    1.079e-05          True
      3352      1   1304  -1.303702e+00  -1.303702e+00  -1.303698e+00  -1.305334e+00    3.390e-06      1.633e-03    1.636e-03    3.835e+00    1.079e-05          True
      3357      1   1309   1.469754e+00   1.469754e+00   1.469753e+00   1.466794e+00    8.717e-07      2.960e-03    2.959e-03    4.945e+00    2.158e-05          True
      3371      1   1323   1.255403e-01   1.255403e-01   1.255421e-01   1.264213e-01    1.815e-06      8.810e-04    8.792e-04    2.698e+00    1.079e-05          True
      3372      1   1324  -1.010990e-02  -1.010990e-02  -1.010853e-02  -8.596033e-03    1.373e-06      1.514e-03    1.512e-03    2.194e+00    1.079e-05          True
      3404      1   1356  -7.370957e-01  -7.370957e-01  -7.370957e-01  -7.358791e-01    1.666e-09      1.217e-03    1.217e-03    2.716e+00    1.079e-05          True
      3405      1   1357  -7.183652e-01  -7.183652e-01  -7.183672e-01  -7.173355e-01    2.001e-06      1.030e-03    1.032e-03    2.900e+00    1.079e-05          True
      3410      1   1362   3.070625e-01   3.070625e-01   3.070614e-01   3.097861e-01    1.094e-06      2.724e-03    2.725e-03    2.046e+00    1.079e-05          True
      3413      1   1365  -6.822853e-01  -6.822853e-01  -6.822848e-01  -6.833693e-01    5.419e-07      1.084e-03    1.085e-03    3.748e+00    1.079e-05          True
      3417      1   1369   5.201380e-01   5.201380e-01   5.201380e-01   5.209913e-01    2.141e-10      8.532e-04    8.532e-04    1.683e+00    5.395e-06          True
      3441      1   1393   2.405770e-01   2.405770e-01   2.405797e-01   2.415849e-01    2.658e-06      1.008e-03    1.005e-03    2.746e+00    1.079e-05          True
      3445      1   1397   3.367220e-01   3.367220e-01   3.367221e-01   3.362922e-01    8.993e-08      4.298e-04    4.299e-04    2.375e+00    1.079e-05          True
      3453      1   1405   3.924567e-01   3.924567e-01   3.924577e-01   3.918772e-01    1.035e-06      5.795e-04    5.805e-04    3.048e+00    1.079e-05          True
      3459      1   1411  -8.661936e-02  -8.661936e-02  -8.661897e-02  -8.537564e-02    3.867e-07      1.244e-03    1.243e-03    1.923e+00    5.395e-06          True
      3464      1   1416   9.427458e-01   9.427458e-01   9.427456e-01   9.439905e-01    2.018e-07      1.245e-03    1.245e-03    3.624e+00    1.079e-05          True
      3468      1   1420  -1.406471e+00  -1.406471e+00  -1.406471e+00  -1.404385e+00    3.595e-08      2.086e-03    2.086e-03    3.841e+00    1.079e-05          True
      3487      1   1439  -7.614949e-02  -7.614949e-02  -7.614962e-02  -7.633469e-02    1.350e-07      1.852e-04    1.851e-04    3.254e+00    1.079e-05          True
      3500      1   1452   3.009800e-01   3.009800e-01   3.009746e-01   3.017449e-01    5.357e-06      7.650e-04    7.703e-04    4.748e+00    2.158e-05          True
      3501      1   1453   1.446611e+00   1.446611e+00   1.446612e+00   1.448982e+00    9.355e-07      2.371e-03    2.370e-03    2.550e+00    1.079e-05          True
      3510      1   1462   5.448440e-01   5.448440e-01   5.448437e-01   5.438403e-01    3.039e-07      1.004e-03    1.003e-03    4.286e+00    2.158e-05          True
      3530      1   1482   1.110704e+00   1.110704e+00   1.110709e+00   1.108267e+00    5.265e-06      2.437e-03    2.442e-03    5.457e+00    2.158e-05          True
      3532      1   1484  -1.878816e-01  -1.878816e-01  -1.878823e-01  -1.894644e-01    7.795e-07      1.583e-03    1.582e-03    2.737e+00    1.079e-05          True
      3535      1   1487   5.241781e-01   5.241781e-01   5.241774e-01   5.231708e-01    6.912e-07      1.007e-03    1.007e-03    3.109e+00    1.079e-05          True
      3536      1   1488  -3.412378e-01  -3.412378e-01  -3.412331e-01  -3.398303e-01    4.684e-06      1.408e-03    1.403e-03    4.791e+00    2.158e-05          True
      3540      1   1492  -2.586951e-01  -2.586951e-01  -2.586971e-01  -2.576061e-01    2.018e-06      1.089e-03    1.091e-03    3.474e+00    1.079e-05          True
      3548      1   1500  -3.425752e-01  -3.425752e-01  -3.425785e-01  -3.420684e-01    3.326e-06      5.067e-04    5.101e-04    3.934e+00    1.079e-05          True
      3550      1   1502   1.945011e-01   1.945011e-01   1.944956e-01   1.955685e-01    5.460e-06      1.067e-03    1.073e-03    3.825e+00    1.079e-05          True
      3552      1   1504   2.910176e-01   2.910176e-01   2.910206e-01   2.920937e-01    3.029e-06      1.076e-03    1.073e-03    5.927e+00    2.158e-05          True
      3568      1   1520   1.239788e+00   1.239788e+00   1.239789e+00   1.237665e+00    7.259e-07      2.123e-03    2.124e-03    4.331e+00    2.158e-05          True
      3577      1   1529  -3.243173e-01  -3.243173e-01  -3.243188e-01  -3.237723e-01    1.457e-06      5.450e-04    5.465e-04    2.666e+00    1.079e-05          True
      3585      1   1537  -8.862896e-01  -8.862896e-01  -8.862907e-01  -8.872780e-01    1.073e-06      9.884e-04    9.873e-04    3.740e+00    1.079e-05          True
      3587      1   1539   1.335254e+00   1.335254e+00   1.335252e+00   1.333663e+00    1.800e-06      1.591e-03    1.589e-03    3.834e+00    1.079e-05          True
      3597      1   1549  -3.138662e-01  -3.138662e-01  -3.138661e-01  -3.130926e-01    7.709e-08      7.736e-04    7.735e-04    1.656e+00    5.395e-06          True
      3605      1   1557   8.141496e-01   8.141496e-01   8.141510e-01   8.156955e-01    1.409e-06      1.546e-03    1.544e-03    7.312e+00    2.158e-05          True
      3607      1   1559   1.027999e+00   1.027999e+00   1.028000e+00   1.026835e+00    5.573e-07      1.164e-03    1.165e-03    3.049e+00    1.079e-05          True
      3608      1   1560  -3.993831e-01  -3.993831e-01  -3.993888e-01  -3.984925e-01    5.761e-06      8.906e-04    8.964e-04    4.691e+00    2.158e-05          True
      3631      1   1583   4.793655e-01   4.793655e-01   4.793647e-01   4.787311e-01    8.180e-07      6.344e-04    6.336e-04    2.679e+00    1.079e-05          True
      3634      1   1586  -9.683462e-01  -9.683462e-01  -9.683517e-01  -9.668034e-01    5.506e-06      1.543e-03    1.548e-03    2.835e+00    1.079e-05          True
      3637      1   1589  -1.648443e+00  -1.648443e+00  -1.648443e+00  -1.646359e+00    3.602e-07      2.084e-03    2.084e-03    2.788e+00    1.079e-05          True
      3640      1   1592   8.882702e-01   8.882702e-01   8.882712e-01   8.870144e-01    9.703e-07      1.256e-03    1.257e-03    3.547e+00    1.079e-05          True
      3645      1   1597   1.227659e+00   1.227659e+00   1.227660e+00   1.226146e+00    6.396e-07      1.513e-03    1.514e-03    2.728e+00    1.079e-05          True
      3662      1   1614  -4.074984e-01  -4.074984e-01  -4.074986e-01  -4.081196e-01    1.842e-07      6.212e-04    6.210e-04    3.337e+00    1.079e-05          True
      3669      1   1621  -1.603728e+00  -1.603728e+00  -1.603730e+00  -1.605372e+00    1.906e-06      1.644e-03    1.643e-03    3.199e+00    1.079e-05          True
      3670      1   1622   2.988553e-01   2.988553e-01   2.988545e-01   2.985107e-01    7.927e-07      3.446e-04    3.438e-04    3.740e+00    1.079e-05          True
      3671      1   1623   1.642123e-01   1.642123e-01   1.642128e-01   1.630181e-01    4.624e-07      1.194e-03    1.195e-03    3.309e+00    1.079e-05          True
      3678      1   1630   1.709070e+00   1.709070e+00   1.709070e+00   1.711310e+00    1.443e-08      2.240e-03    2.240e-03    3.298e+00    1.079e-05          True
      3683      1   1635  -6.880172e-01  -6.880172e-01  -6.880148e-01  -6.869172e-01    2.427e-06      1.100e-03    1.098e-03    5.231e+00    2.158e-05          True
      3688      1   1640  -8.456376e-02  -8.456376e-02  -8.456267e-02  -8.517512e-02    1.090e-06      6.114e-04    6.125e-04    3.527e+00    1.079e-05          True
      3699      1   1651   5.112720e-01   5.112720e-01   5.112721e-01   5.118530e-01    9.250e-08      5.809e-04    5.808e-04    2.874e+00    1.079e-05          True
      3711      1   1663  -2.152694e-01  -2.152694e-01  -2.152708e-01  -2.167653e-01    1.451e-06      1.496e-03    1.494e-03    3.101e+00    1.079e-05          True
      3721      1   1673   1.048929e+00   1.048929e+00   1.048931e+00   1.047750e+00    1.893e-06      1.178e-03    1.180e-03    4.854e+00    2.158e-05          True
      3734      1   1686   2.139584e-01   2.139584e-01   2.139577e-01   2.153294e-01    7.051e-07      1.371e-03    1.372e-03    5.368e+00    2.158e-05          True
      3735      1   1687  -5.484636e-01  -5.484636e-01  -5.484622e-01  -5.469964e-01    1.438e-06      1.467e-03    1.466e-03    3.450e+00    1.079e-05          True
      3737      1   1689   5.880009e-01   5.880009e-01   5.880001e-01   5.867398e-01    8.418e-07      1.261e-03    1.260e-03    3.165e+00    1.079e-05          True
      3740      1   1692   1.076650e+00   1.076650e+00   1.076650e+00   1.074503e+00    6.482e-07      2.147e-03    2.147e-03    6.430e+00    2.158e-05          True
      3750      1   1702   5.935158e-01   5.935158e-01   5.935143e-01   5.927168e-01    1.478e-06      7.990e-04    7.976e-04    3.239e+00    1.079e-05          True
      3761      1   1713   2.692234e-01   2.692234e-01   2.692224e-01   2.688982e-01    1.005e-06      3.252e-04    3.242e-04    2.235e+00    1.079e-05          True
      3768      1   1720   4.597423e-02   4.597423e-02   4.597585e-02   4.512209e-02    1.613e-06      8.521e-04    8.538e-04    2.212e+00    1.079e-05          True
      3771      1   1723  -1.261861e-01  -1.261861e-01  -1.261853e-01  -1.258527e-01    7.166e-07      3.333e-04    3.326e-04    5.098e+00    2.158e-05          True
      3776      1   1728  -5.290791e-01  -5.290791e-01  -5.290766e-01  -5.318539e-01    2.493e-06      2.775e-03    2.777e-03    5.859e+00    2.158e-05          True
      3782      1   1734   2.359342e+00   2.359342e+00   2.359341e+00   2.361839e+00    9.961e-07      2.497e-03    2.498e-03    4.088e+00    2.158e-05          True
      3786      1   1738  -2.563742e-01  -2.563742e-01  -2.563733e-01  -2.568536e-01    9.119e-07      4.794e-04    4.803e-04    4.765e+00    2.158e-05          True
      3787      1   1739  -9.688519e-01  -9.688519e-01  -9.688519e-01  -9.701185e-01    4.062e-09      1.267e-03    1.267e-03    1.950e+00    5.395e-06          True
      3808      1   1760  -5.636677e-01  -5.636677e-01  -5.636683e-01  -5.627794e-01    5.904e-07      8.883e-04    8.889e-04    3.413e+00    1.079e-05          True
      3820      1   1772  -4.890869e-01  -4.890869e-01  -4.890863e-01  -4.897113e-01    5.555e-07      6.244e-04    6.250e-04    4.808e+00    2.158e-05          True
      3824      1   1776   6.595786e-01   6.595786e-01   6.595789e-01   6.588116e-01    3.069e-07      7.669e-04    7.672e-04    2.670e+00    1.079e-05          True
      3835      1   1787   5.145777e-01   5.145777e-01   5.145752e-01   5.136077e-01    2.562e-06      9.701e-04    9.675e-04    3.401e+00    1.079e-05          True
      3842      1   1794   9.715429e-01   9.715429e-01   9.715436e-01   9.701450e-01    6.670e-07      1.398e-03    1.399e-03    4.925e+00    2.158e-05          True
      3844      1   1796   5.363259e-01   5.363259e-01   5.363232e-01   5.347244e-01    2.701e-06      1.601e-03    1.599e-03    6.388e+00    2.158e-05          True
      3845      1   1797   4.116528e-01   4.116528e-01   4.116528e-01   4.108690e-01    7.808e-09      7.838e-04    7.838e-04    2.435e+00    1.079e-05          True
      3847      1   1799   7.869447e-01   7.869447e-01   7.869473e-01   7.856504e-01    2.622e-06      1.294e-03    1.297e-03    6.747e+00    2.158e-05          True
      3851      1   1803  -2.623314e-01  -2.623314e-01  -2.623330e-01  -2.609588e-01    1.625e-06      1.373e-03    1.374e-03    2.555e+00    1.079e-05          True
      3852      1   1804   2.874769e-01   2.874769e-01   2.874767e-01   2.879219e-01    1.823e-07      4.449e-04    4.451e-04    4.805e+00    2.158e-05          True
      3853      1   1805   1.397165e+00   1.397165e+00   1.397162e+00   1.395132e+00    2.570e-06      2.033e-03    2.030e-03    4.191e+00    2.158e-05          True
      3855      1   1807   1.635489e+00   1.635489e+00   1.635489e+00   1.633471e+00    2.619e-07      2.018e-03    2.018e-03    3.405e+00    1.079e-05          True
      3858      1   1810  -9.368696e-01  -9.368696e-01  -9.368687e-01  -9.386618e-01    8.922e-07      1.792e-03    1.793e-03    2.811e+00    1.079e-05          True
      3868      1   1820  -7.125183e-01  -7.125183e-01  -7.125205e-01  -7.107563e-01    2.197e-06      1.762e-03    1.764e-03    3.101e+00    1.079e-05          True
      3869      1   1821  -3.595512e-01  -3.595512e-01  -3.595509e-01  -3.608744e-01    2.575e-07      1.323e-03    1.323e-03    3.323e+00    1.079e-05          True
      3873      1   1825   7.162164e-01   7.162164e-01   7.162173e-01   7.173690e-01    9.057e-07      1.153e-03    1.152e-03    2.557e+00    1.079e-05          True
      3874      1   1826   1.378113e+00   1.378113e+00   1.378112e+00   1.380060e+00    1.336e-06      1.946e-03    1.948e-03    3.274e+00    1.079e-05          True
      3880      1   1832  -6.190262e-01  -6.190262e-01  -6.190254e-01  -6.198401e-01    7.450e-07      8.140e-04    8.147e-04    3.191e+00    1.079e-05          True
      3883      1   1835   1.306602e+00   1.306602e+00   1.306602e+00   1.307958e+00    2.347e-08      1.356e-03    1.356e-03    2.396e+00    1.079e-05          True
      3884      1   1836  -7.453892e-01  -7.453892e-01  -7.453884e-01  -7.465079e-01    8.325e-07      1.119e-03    1.120e-03    4.194e+00    2.158e-05          True
      3886      1   1838  -4.790580e-01  -4.790580e-01  -4.790576e-01  -4.782738e-01    4.642e-07      7.842e-04    7.837e-04    2.346e+00    1.079e-05          True
      3897      1   1849   3.670637e-01   3.670637e-01   3.670639e-01   3.655240e-01    1.998e-07      1.540e-03    1.540e-03    3.366e+00    1.079e-05          True
      3899      1   1851  -4.548693e-01  -4.548693e-01  -4.548691e-01  -4.560149e-01    2.463e-07      1.146e-03    1.146e-03    1.901e+00    5.395e-06          True
      3910      1   1862  -7.356844e-01  -7.356844e-01  -7.356856e-01  -7.341157e-01    1.171e-06      1.569e-03    1.570e-03    3.004e+00    1.079e-05          True
      3911      1   1863  -1.428901e-02  -1.428901e-02  -1.428970e-02  -1.149054e-02    6.934e-07      2.798e-03    2.799e-03    4.345e+00    2.158e-05          True
      3923      1   1875   2.563393e-01   2.563393e-01   2.563394e-01   2.559989e-01    3.579e-08      3.404e-04    3.404e-04    3.186e+00    1.079e-05          True
      3924      1   1876  -1.410374e+00  -1.410374e+00  -1.410378e+00  -1.408723e+00    3.178e-06      1.652e-03    1.655e-03    5.284e+00    2.158e-05          True
      3940      1   1892  -5.097014e-01  -5.097014e-01  -5.097003e-01  -5.090719e-01    1.094e-06      6.294e-04    6.284e-04    4.023e+00    2.158e-05          True
      3943      1   1895   2.404528e-01   2.404528e-01   2.404548e-01   2.396149e-01    1.948e-06      8.379e-04    8.399e-04    4.799e+00    2.158e-05          True
      3945      1   1897  -1.132322e+00  -1.132322e+00  -1.132323e+00  -1.133497e+00    7.312e-07      1.175e-03    1.175e-03    2.188e+00    1.079e-05          True
      3946      1   1898   9.481552e-01   9.481552e-01   9.481552e-01   9.469522e-01    2.471e-08      1.203e-03    1.203e-03    2.664e+00    1.079e-05          True
      3947      1   1899  -9.185608e-01  -9.185608e-01  -9.185609e-01  -9.197832e-01    4.075e-08      1.222e-03    1.222e-03    1.975e+00    5.395e-06          True
      3999      1   1951   6.784787e-01   6.784787e-01   6.784774e-01   6.799077e-01    1.277e-06      1.429e-03    1.430e-03    3.087e+00    1.079e-05          True
      4000      1   1952  -2.529222e+00  -2.529222e+00  -2.529219e+00  -2.531776e+00    2.328e-06      2.555e-03    2.557e-03    3.237e+00    1.079e-05          True
      4002      1   1954  -1.878736e-01  -1.878736e-01  -1.878746e-01  -1.874370e-01    9.560e-07      4.366e-04    4.375e-04    3.483e+00    1.079e-05          True
      4007      1   1959  -4.774591e-01  -4.774591e-01  -4.774612e-01  -4.763110e-01    2.093e-06      1.148e-03    1.150e-03    2.605e+00    1.079e-05          True
      4013      1   1965  -9.743891e-01  -9.743891e-01  -9.743899e-01  -9.756759e-01    8.270e-07      1.287e-03    1.286e-03    4.244e+00    2.158e-05          True
      4019      1   1971   5.705470e-01   5.705470e-01   5.705459e-01   5.692257e-01    1.100e-06      1.321e-03    1.320e-03    2.400e+00    1.079e-05          True
      4032      1   1984  -1.024038e+00  -1.024038e+00  -1.024038e+00  -1.022796e+00    6.383e-07      1.243e-03    1.242e-03    2.461e+00    1.079e-05          True
      4041      1   1993   7.881593e-02   7.881593e-02   7.881643e-02   7.771890e-02    5.007e-07      1.097e-03    1.098e-03    2.998e+00    1.079e-05          True
      4054      1   2006   2.495871e-01   2.495871e-01   2.495869e-01   2.488537e-01    1.539e-07      7.334e-04    7.333e-04    2.114e+00    1.079e-05          True
      4064      1   2016   7.755228e-01   7.755228e-01   7.755227e-01   7.764977e-01    1.127e-07      9.749e-04    9.750e-04    3.774e+00    1.079e-05          True
      4070      1   2022   1.565354e+00   1.565354e+00   1.565355e+00   1.563227e+00    1.015e-06      2.127e-03    2.128e-03    3.808e+00    1.079e-05          True
      4073      1   2025  -3.579487e-01  -3.579487e-01  -3.579484e-01  -3.569965e-01    3.125e-07      9.522e-04    9.519e-04    2.867e+00    1.079e-05          True
      4077      1   2029  -1.864095e+00  -1.864095e+00  -1.864095e+00  -1.866044e+00    1.025e-07      1.949e-03    1.949e-03    3.485e+00    1.079e-05          True
      4080      1   2032   6.999358e-01   6.999358e-01   6.999348e-01   6.983358e-01    9.445e-07      1.600e-03    1.599e-03    2.516e+00    1.079e-05          True
      4083      1   2035   1.483836e-01   1.483836e-01   1.483843e-01   1.481370e-01    7.470e-07      2.466e-04    2.473e-04    4.260e+00    2.158e-05          True
      4099      2      3  -5.439202e-01  -5.439202e-01  -5.439215e-01  -5.420769e-01    1.254e-06      1.843e-03    1.845e-03    2.029e+00    1.079e-05          True
      4103      2      7  -4.684806e-01  -4.684806e-01  -4.684820e-01  -4.693422e-01    1.416e-06      8.616e-04    8.602e-04    3.117e+00    1.079e-05          True
      4105      2      9   5.311690e-01   5.311690e-01   5.311694e-01   5.330520e-01    3.206e-07      1.883e-03    1.883e-03    2.488e+00    1.079e-05          True
      4113      2     17  -1.407958e-01  -1.407958e-01  -1.407952e-01  -1.413920e-01    6.075e-07      5.963e-04    5.969e-04    3.841e+00    1.079e-05          True
      4121      2     25   1.188199e+00   1.188199e+00   1.188199e+00   1.189463e+00    2.552e-07      1.264e-03    1.264e-03    2.882e+00    1.079e-05          True
      4123      2     27  -3.550698e-01  -3.550698e-01  -3.550682e-01  -3.535752e-01    1.584e-06      1.495e-03    1.493e-03    4.775e+00    2.158e-05          True
      4130      2     34  -3.876215e-01  -3.876215e-01  -3.876220e-01  -3.900267e-01    4.850e-07      2.405e-03    2.405e-03    2.164e+00    1.079e-05          True
      4135      2     39   8.129426e-02   8.129426e-02   8.129575e-02   8.308455e-02    1.492e-06      1.790e-03    1.789e-03    4.986e+00    2.158e-05          True
      4142      2     46   4.365765e-02   4.365765e-02   4.365609e-02   4.279433e-02    1.562e-06      8.633e-04    8.618e-04    1.938e+00    5.395e-06          True
      4150      2     54  -2.439324e+00  -2.439324e+00  -2.439324e+00  -2.435631e+00    1.885e-08      3.693e-03    3.693e-03    3.033e+00    1.079e-05          True
      4155      2     59  -8.992537e-01  -8.992537e-01  -8.992548e-01  -9.007143e-01    1.130e-06      1.461e-03    1.460e-03    2.456e+00    1.079e-05          True
      4163      2     67  -1.128099e-01  -1.128099e-01  -1.128108e-01  -1.137206e-01    8.266e-07      9.106e-04    9.098e-04    3.291e+00    1.079e-05          True
      4174      2     78  -7.227411e-02  -7.227411e-02  -7.227296e-02  -7.331789e-02    1.149e-06      1.044e-03    1.045e-03    2.246e+00    1.079e-05          True
      4177      2     81   1.107088e+00   1.107088e+00   1.107090e+00   1.104870e+00    1.811e-06      2.218e-03    2.220e-03    2.602e+00    1.079e-05          True
      4195      2     99  -8.629083e-03  -8.629083e-03  -8.628333e-03  -8.457885e-03    7.497e-07      1.712e-04    1.704e-04    1.755e+00    5.395e-06          True
      4204      2    108   7.971182e-01   7.971182e-01   7.971202e-01   7.951442e-01    1.974e-06      1.974e-03    1.976e-03    3.505e+00    1.079e-05          True
      4211      2    115   6.981620e-01   6.981620e-01   6.981651e-01   6.993873e-01    3.098e-06      1.225e-03    1.222e-03    4.534e+00    2.158e-05          True
      4214      2    118   3.254446e-01   3.254446e-01   3.254451e-01   3.258217e-01    5.802e-07      3.771e-04    3.766e-04    3.562e+00    1.079e-05          True
      4222      2    126  -6.644561e-01  -6.644561e-01  -6.644561e-01  -6.652646e-01    5.260e-08      8.085e-04    8.085e-04    4.514e+00    2.158e-05          True
      4228      2    132   4.437257e-01   4.437257e-01   4.437297e-01   4.424297e-01    4.054e-06      1.296e-03    1.300e-03    3.737e+00    1.079e-05          True
      4234      2    138  -3.402076e-02  -3.402076e-02  -3.402529e-02  -3.304851e-02    4.529e-06      9.723e-04    9.768e-04    4.102e+00    2.158e-05          True
      4236      2    140  -5.413652e-01  -5.413652e-01  -5.413646e-01  -5.425572e-01    6.222e-07      1.192e-03    1.193e-03    2.493e+00    1.079e-05          True
      4237      2    141  -1.555490e-01  -1.555490e-01  -1.555487e-01  -1.557822e-01    2.920e-07      2.333e-04    2.336e-04    2.760e+00    1.079e-05          True
      4240      2    144  -1.418826e-01  -1.418826e-01  -1.418809e-01  -1.430503e-01    1.667e-06      1.168e-03    1.169e-03    2.293e+00    1.079e-05          True
      4246      2    150   2.531254e-01   2.531254e-01   2.531259e-01   2.537451e-01    4.626e-07      6.197e-04    6.192e-04    2.895e+00    1.079e-05          True
      4249      2    153   1.750883e+00   1.750883e+00   1.750882e+00   1.752740e+00    1.619e-06      1.856e-03    1.858e-03    4.066e+00    2.158e-05          True
      4268      2    172   2.844639e-01   2.844639e-01   2.844644e-01   2.836674e-01    5.663e-07      7.965e-04    7.970e-04    1.695e+00    5.395e-06          True
      4269      2    173  -7.113431e-02  -7.113431e-02  -7.113571e-02  -7.190435e-02    1.403e-06      7.700e-04    7.686e-04    2.743e+00    1.079e-05          True
      4278      2    182  -7.153056e-01  -7.153056e-01  -7.153053e-01  -7.145275e-01    3.066e-07      7.780e-04    7.777e-04    6.663e+00    2.158e-05          True
      4287      2    191   4.992853e-01   4.992853e-01   4.992862e-01   5.004002e-01    8.538e-07      1.115e-03    1.114e-03    3.818e+00    1.079e-05          True
      4288      2    192  -1.282187e+00  -1.282187e+00  -1.282189e+00  -1.280845e+00    2.418e-06      1.342e-03    1.345e-03    3.475e+00    1.079e-05          True
      4301      2    205  -5.701363e-01  -5.701363e-01  -5.701349e-01  -5.716940e-01    1.465e-06      1.558e-03    1.559e-03    3.081e+00    1.079e-05          True
      4316      2    220   5.204983e-01   5.204983e-01   5.204955e-01   5.191819e-01    2.748e-06      1.316e-03    1.314e-03    4.350e+00    2.158e-05          True
      4330      2    234   1.474489e+00   1.474489e+00   1.474494e+00   1.475999e+00    4.681e-06      1.510e-03    1.505e-03    4.917e+00    2.158e-05          True
      4337      2    241  -1.951916e+00  -1.951916e+00  -1.951913e+00  -1.953909e+00    2.554e-06      1.993e-03    1.996e-03    4.099e+00    2.158e-05          True
      4346      2    250   7.817923e-01   7.817923e-01   7.817939e-01   7.827106e-01    1.589e-06      9.182e-04    9.167e-04    4.453e+00    2.158e-05          True
      4348      2    252   3.416306e-01   3.416306e-01   3.416297e-01   3.405782e-01    8.735e-07      1.052e-03    1.051e-03    3.216e+00    1.079e-05          True
      4349      2    253   8.917374e-01   8.917374e-01   8.917378e-01   8.903993e-01    3.775e-07      1.338e-03    1.338e-03    2.576e+00    1.079e-05          True
      4353      2    257  -5.547779e-01  -5.547779e-01  -5.547799e-01  -5.560827e-01    1.952e-06      1.305e-03    1.303e-03    2.739e+00    1.079e-05          True
      4369      2    273  -1.142262e-01  -1.142262e-01  -1.142262e-01  -1.144533e-01    7.554e-09      2.270e-04    2.270e-04    2.215e+00    1.079e-05          True
      4370      2    274  -3.429715e-01  -3.429715e-01  -3.429694e-01  -3.414456e-01    2.053e-06      1.526e-03    1.524e-03    3.784e+00    1.079e-05          True
      4371      2    275   5.159186e-01   5.159186e-01   5.159169e-01   5.164899e-01    1.694e-06      5.713e-04    5.730e-04    3.956e+00    1.079e-05          True
      4381      2    285   8.809808e-01   8.809808e-01   8.809804e-01   8.793985e-01    3.376e-07      1.582e-03    1.582e-03    3.334e+00    1.079e-05          True
      4387      2    291   3.576722e-02   3.576722e-02   3.576590e-02   3.527207e-02    1.319e-06      4.951e-04    4.938e-04    4.171e+00    2.158e-05          True
      4392      2    296   7.241537e-01   7.241537e-01   7.241503e-01   7.251700e-01    3.437e-06      1.016e-03    1.020e-03    3.291e+00    1.079e-05          True
      4393      2    297  -2.537680e-01  -2.537680e-01  -2.537698e-01  -2.560480e-01    1.724e-06      2.280e-03    2.278e-03    3.872e+00    1.079e-05          True
      4395      2    299   5.229976e-01   5.229976e-01   5.229965e-01   5.221139e-01    1.079e-06      8.837e-04    8.826e-04    4.061e+00    2.158e-05          True
      4399      2    303  -7.844204e-01  -7.844204e-01  -7.844188e-01  -7.833345e-01    1.618e-06      1.086e-03    1.084e-03    3.539e+00    1.079e-05          True
      4414      2    318  -1.045800e+00  -1.045800e+00  -1.045800e+00  -1.047075e+00    2.558e-07      1.275e-03    1.275e-03    2.771e+00    1.079e-05          True
      4415      2    319   1.558240e-01   1.558240e-01   1.558238e-01   1.563884e-01    1.301e-07      5.645e-04    5.646e-04    2.485e+00    1.079e-05          True
      4421      2    325   6.068648e-01   6.068648e-01   6.068632e-01   6.054510e-01    1.602e-06      1.414e-03    1.412e-03    4.136e+00    2.158e-05          True
      4422      2    326   1.494189e-01   1.494189e-01   1.494190e-01   1.512850e-01    9.246e-08      1.866e-03    1.866e-03    2.099e+00    1.079e-05          True
      4425      2    329  -3.756652e-01  -3.756652e-01  -3.756644e-01  -3.745528e-01    8.490e-07      1.112e-03    1.112e-03    2.599e+00    1.079e-05          True
      4427      2    331   4.239703e-01   4.239703e-01   4.239699e-01   4.229561e-01    4.238e-07      1.014e-03    1.014e-03    4.872e+00    2.158e-05          True
      4437      2    341  -7.580327e-01  -7.580327e-01  -7.580340e-01  -7.591890e-01    1.276e-06      1.156e-03    1.155e-03    3.064e+00    1.079e-05          True
      4446      2    350  -3.429629e-02  -3.429629e-02  -3.429614e-02  -3.518786e-02    1.436e-07      8.916e-04    8.917e-04    2.442e+00    1.079e-05          True
      4453      2    357   7.689700e-01   7.689700e-01   7.689680e-01   7.673109e-01    1.958e-06      1.659e-03    1.657e-03    4.306e+00    2.158e-05          True
      4463      2    367  -1.142580e-01  -1.142580e-01  -1.142567e-01  -1.146183e-01    1.282e-06      3.603e-04    3.616e-04    4.555e+00    2.158e-05          True
      4468      2    372   3.471321e-01   3.471321e-01   3.471316e-01   3.465505e-01    4.844e-07      5.816e-04    5.811e-04    2.766e+00    1.079e-05          True
      4484      2    388   2.451741e-01   2.451741e-01   2.451737e-01   2.466362e-01    4.288e-07      1.462e-03    1.463e-03    3.064e+00    1.079e-05          True
      4489      2    393   2.534051e-01   2.534051e-01   2.534052e-01   2.525383e-01    9.968e-08      8.667e-04    8.668e-04    2.688e+00    1.079e-05          True
      4491      2    395  -4.543047e-01  -4.543047e-01  -4.543049e-01  -4.536514e-01    1.680e-07      6.533e-04    6.535e-04    2.420e+00    1.079e-05          True
      4492      2    396  -2.494633e-02  -2.494633e-02  -2.494717e-02  -2.487014e-02    8.358e-07      7.619e-05    7.703e-05    2.170e+00    1.079e-05          True
      4505      2    409   4.645514e-01   4.645514e-01   4.645528e-01   4.640070e-01    1.403e-06      5.444e-04    5.458e-04    2.334e+00    1.079e-05          True
      4510      2    414  -6.343505e-01  -6.343505e-01  -6.343500e-01  -6.357023e-01    4.538e-07      1.352e-03    1.352e-03    4.049e+00    2.158e-05          True
      4518      2    422  -6.866219e-01  -6.866219e-01  -6.866205e-01  -6.846901e-01    1.342e-06      1.932e-03    1.930e-03    2.674e+00    1.079e-05          True
      4520      2    424   1.703942e+00   1.703942e+00   1.703943e+00   1.705917e+00    5.824e-07      1.974e-03    1.974e-03    2.775e+00    1.079e-05          True
      4528      2    432  -3.831719e-01  -3.831719e-01  -3.831716e-01  -3.824859e-01    2.691e-07      6.860e-04    6.857e-04    4.014e+00    2.158e-05          True
      4532      2    436   4.933535e-01   4.933535e-01   4.933539e-01   4.926057e-01    4.035e-07      7.478e-04    7.482e-04    3.290e+00    1.079e-05          True
      4535      2    439   2.225138e-02   2.225138e-02   2.224980e-02   2.158623e-02    1.580e-06      6.651e-04    6.636e-04    4.146e+00    2.158e-05          True
      4536      2    440  -1.606743e-01  -1.606743e-01  -1.606726e-01  -1.602368e-01    1.708e-06      4.375e-04    4.358e-04    3.634e+00    1.079e-05          True
      4539      2    443   5.698321e-01   5.698321e-01   5.698316e-01   5.708583e-01    5.224e-07      1.026e-03    1.027e-03    2.849e+00    1.079e-05          True
      4546      2    450  -3.466055e-02  -3.466055e-02  -3.465997e-02  -3.500300e-02    5.805e-07      3.424e-04    3.430e-04    3.087e+00    1.079e-05          True
      4568      2    472   5.538534e-01   5.538534e-01   5.538557e-01   5.528393e-01    2.293e-06      1.014e-03    1.016e-03    2.600e+00    1.079e-05          True
      4575      2    479  -9.277745e-01  -9.277745e-01  -9.277688e-01  -9.267676e-01    5.685e-06      1.007e-03    1.001e-03    6.241e+00    2.158e-05          True
      4580      2    484  -6.331450e-01  -6.331450e-01  -6.331468e-01  -6.320862e-01    1.789e-06      1.059e-03    1.061e-03    2.224e+00    1.079e-05          True
      4581      2    485  -7.187773e-01  -7.187773e-01  -7.187774e-01  -7.196082e-01    1.497e-07      8.310e-04    8.308e-04    2.970e+00    1.079e-05          True
      4585      2    489   4.191075e-01   4.191075e-01   4.191068e-01   4.177819e-01    6.344e-07      1.326e-03    1.325e-03    3.908e+00    1.079e-05          True
      4599      2    503   6.232972e-01   6.232972e-01   6.233003e-01   6.241841e-01    3.125e-06      8.869e-04    8.838e-04    2.249e+00    1.079e-05          True
      4604      2    508  -4.456865e-01  -4.456865e-01  -4.456865e-01  -4.447105e-01    1.160e-08      9.760e-04    9.760e-04    3.122e+00    1.079e-05          True
      4618      2    522  -4.706356e-01  -4.706356e-01  -4.706359e-01  -4.714381e-01    2.116e-07      8.024e-04    8.022e-04    1.895e+00    5.395e-06          True
      4619      2    523   7.120604e-01   7.120604e-01   7.120621e-01   7.111733e-01    1.692e-06      8.871e-04    8.888e-04    2.688e+00    1.079e-05          True
      4634      2    538  -5.232544e-02  -5.232544e-02  -5.232562e-02  -5.242711e-02    1.798e-07      1.017e-04    1.015e-04    3.978e+00    1.079e-05          True
      4637      2    541  -6.911606e-02  -6.911606e-02  -6.911451e-02  -6.792565e-02    1.549e-06      1.190e-03    1.189e-03    4.552e+00    2.158e-05          True
      4652      2    556  -1.409918e-02  -1.409918e-02  -1.409821e-02  -1.338999e-02    9.638e-07      7.092e-04    7.082e-04    2.310e+00    1.079e-05          True
      4656      2    560   2.414937e-01   2.414937e-01   2.414935e-01   2.409844e-01    1.887e-07      5.093e-04    5.091e-04    2.335e+00    1.079e-05          True
      4675      2    579  -4.990599e-02  -4.990599e-02  -4.990950e-02  -4.965645e-02    3.506e-06      2.495e-04    2.530e-04    3.311e+00    1.079e-05          True
      4680      2    584  -5.062341e-01  -5.062341e-01  -5.062332e-01  -5.056178e-01    9.036e-07      6.163e-04    6.154e-04    1.611e+00    5.395e-06          True
      4681      2    585  -4.273392e-02  -4.273392e-02  -4.273226e-02  -4.097328e-02    1.662e-06      1.761e-03    1.759e-03    1.756e+00    5.395e-06          True
      4687      2    591  -1.063237e+00  -1.063237e+00  -1.063239e+00  -1.064805e+00    2.302e-06      1.568e-03    1.566e-03    2.534e+00    1.079e-05          True
      4691      2    595  -1.624239e-01  -1.624239e-01  -1.624227e-01  -1.614989e-01    1.141e-06      9.250e-04    9.238e-04    2.821e+00    1.079e-05          True
      4709      2    613  -5.066580e-01  -5.066580e-01  -5.066608e-01  -5.072030e-01    2.792e-06      5.450e-04    5.422e-04    2.884e+00    1.079e-05          True
      4722      2    626  -3.704240e-01  -3.704240e-01  -3.704212e-01  -3.708148e-01    2.749e-06      3.908e-04    3.936e-04    3.579e+00    1.079e-05          True
      4727      2    631   5.132150e-01   5.132150e-01   5.132141e-01   5.126666e-01    8.416e-07      5.483e-04    5.475e-04    2.157e+00    1.079e-05          True
      4733      2    637  -5.062023e-01  -5.062023e-01  -5.062020e-01  -5.052064e-01    3.039e-07      9.959e-04    9.956e-04    2.949e+00    1.079e-05          True
      4735      2    639   7.964829e-01   7.964829e-01   7.964852e-01   7.956167e-01    2.366e-06      8.662e-04    8.686e-04    3.322e+00    1.079e-05          True
      4741      2    645   5.767306e-01   5.767306e-01   5.767342e-01   5.757675e-01    3.621e-06      9.631e-04    9.667e-04    5.450e+00    2.158e-05          True
      4746      2    650   2.366105e-01   2.366105e-01   2.366106e-01   2.384242e-01    9.616e-08      1.814e-03    1.814e-03    3.922e+00    1.079e-05          True
      4748      2    652  -4.607521e-01  -4.607521e-01  -4.607516e-01  -4.618782e-01    5.025e-07      1.126e-03    1.127e-03    1.822e+00    5.395e-06          True
      4749      2    653   4.682907e-01   4.682907e-01   4.682921e-01   4.677779e-01    1.421e-06      5.128e-04    5.142e-04    2.524e+00    1.079e-05          True
      4751      2    655   4.099445e-01   4.099445e-01   4.099435e-01   4.104652e-01    9.551e-07      5.208e-04    5.217e-04    3.452e+00    1.079e-05          True
      4752      2    656   2.348200e-01   2.348200e-01   2.348198e-01   2.354516e-01    2.249e-07      6.316e-04    6.318e-04    3.279e+00    1.079e-05          True
      4758      2    662  -1.244328e-01  -1.244328e-01  -1.244298e-01  -1.253463e-01    3.020e-06      9.135e-04    9.165e-04    2.954e+00    1.079e-05          True
      4764      2    668   3.450577e-02   3.450577e-02   3.450546e-02   3.348577e-02    3.165e-07      1.020e-03    1.020e-03    3.221e+00    1.079e-05          True
      4766      2    670  -8.115897e-01  -8.115897e-01  -8.115924e-01  -8.100974e-01    2.659e-06      1.492e-03    1.495e-03    2.458e+00    1.079e-05          True
      4769      2    673  -6.130401e-01  -6.130401e-01  -6.130412e-01  -6.140043e-01    1.081e-06      9.641e-04    9.630e-04    2.247e+00    1.079e-05          True
      4770      2    674   1.061266e+00   1.061266e+00   1.061266e+00   1.059562e+00    2.941e-07      1.704e-03    1.704e-03    2.768e+00    1.079e-05          True
      4778      2    682  -2.841518e-02  -2.841518e-02  -2.841426e-02  -2.949912e-02    9.185e-07      1.084e-03    1.085e-03    2.041e+00    1.079e-05          True
      4782      2    686  -4.092873e-01  -4.092873e-01  -4.092863e-01  -4.085282e-01    9.772e-07      7.591e-04    7.581e-04    2.932e+00    1.079e-05          True
      4783      2    687   8.914595e-01   8.914595e-01   8.914603e-01   8.888865e-01    7.536e-07      2.573e-03    2.574e-03    2.261e+00    1.079e-05          True
      4784      2    688  -1.145690e+00  -1.145690e+00  -1.145691e+00  -1.143835e+00    1.053e-06      1.854e-03    1.855e-03    3.898e+00    1.079e-05          True
      4786      2    690   1.774984e+00   1.774984e+00   1.774984e+00   1.773014e+00    3.618e-07      1.970e-03    1.970e-03    3.018e+00    1.079e-05          True
      4801      2    705   3.655560e-01   3.655560e-01   3.655557e-01   3.651264e-01    2.766e-07      4.296e-04    4.293e-04    2.669e+00    1.079e-05          True
      4813      2    717   6.290887e-01   6.290887e-01   6.290867e-01   6.281242e-01    1.958e-06      9.645e-04    9.625e-04    3.104e+00    1.079e-05          True
      4820      2    724  -6.428121e-01  -6.428121e-01  -6.428120e-01  -6.416327e-01    5.046e-08      1.179e-03    1.179e-03    4.148e+00    2.158e-05          True
      4821      2    725  -1.873146e-01  -1.873146e-01  -1.873154e-01  -1.852849e-01    8.592e-07      2.030e-03    2.031e-03    3.999e+00    1.079e-05          True
      4825      2    729   5.528600e-01   5.528600e-01   5.528632e-01   5.535176e-01    3.246e-06      6.576e-04    6.543e-04    2.595e+00    1.079e-05          True
      4827      2    731  -3.327446e-01  -3.327446e-01  -3.327444e-01  -3.317016e-01    2.663e-07      1.043e-03    1.043e-03    3.189e+00    1.079e-05          True
      4828      2    732  -1.444756e+00  -1.444756e+00  -1.444755e+00  -1.443150e+00    5.551e-07      1.605e-03    1.605e-03    2.254e+00    1.079e-05          True
      4833      2    737  -6.665013e-01  -6.665013e-01  -6.665002e-01  -6.653208e-01    1.094e-06      1.181e-03    1.179e-03    2.056e+00    1.079e-05          True
      4844      2    748  -2.754198e-03  -2.754198e-03  -2.753788e-03  -4.519567e-03    4.095e-07      1.765e-03    1.766e-03    3.864e+00    1.079e-05          True
      4848      2    752  -1.618040e-01  -1.618040e-01  -1.618010e-01  -1.629567e-01    3.098e-06      1.153e-03    1.156e-03    3.593e+00    1.079e-05          True
      4861      2    765   3.260631e-01   3.260631e-01   3.260599e-01   3.247223e-01    3.264e-06      1.341e-03    1.338e-03    8.197e+00    4.316e-05          True
      4863      2    767  -9.856828e-01  -9.856828e-01  -9.856838e-01  -9.845698e-01    1.007e-06      1.113e-03    1.114e-03    3.646e+00    1.079e-05          True
      4866      2    770  -1.283244e-01  -1.283244e-01  -1.283257e-01  -1.289579e-01    1.290e-06      6.335e-04    6.322e-04    3.896e+00    1.079e-05          True
      4869      2    773   9.226399e-01   9.226399e-01   9.226392e-01   9.214224e-01    7.165e-07      1.217e-03    1.217e-03    2.582e+00    1.079e-05          True
      4870      2    774  -1.229034e-02  -1.229034e-02  -1.229155e-02  -1.162145e-02    1.207e-06      6.689e-04    6.701e-04    5.611e+00    2.158e-05          True
      4873      2    777  -4.552137e-01  -4.552137e-01  -4.552138e-01  -4.557143e-01    1.070e-07      5.005e-04    5.004e-04    2.614e+00    1.079e-05          True
      4877      2    781  -3.180527e-01  -3.180527e-01  -3.180543e-01  -3.174882e-01    1.578e-06      5.645e-04    5.661e-04    3.801e+00    1.079e-05          True
      4878      2    782   7.807255e-01   7.807255e-01   7.807238e-01   7.819898e-01    1.652e-06      1.264e-03    1.266e-03    2.724e+00    1.079e-05          True
      4884      2    788   6.663436e-01   6.663436e-01   6.663439e-01   6.678909e-01    3.155e-07      1.547e-03    1.547e-03    2.673e+00    1.079e-05          True
      4889      2    793   6.187046e-01   6.187046e-01   6.187043e-01   6.175238e-01    2.856e-07      1.181e-03    1.180e-03    3.767e+00    1.079e-05          True
      4890      2    794  -4.702764e-01  -4.702764e-01  -4.702742e-01  -4.717034e-01    2.111e-06      1.427e-03    1.429e-03    2.156e+00    1.079e-05          True
      4894      2    798  -4.702116e-01  -4.702116e-01  -4.702115e-01  -4.707052e-01    4.151e-08      4.936e-04    4.936e-04    2.460e+00    1.079e-05          True
      4895      2    799   1.974678e-01   1.974678e-01   1.974672e-01   1.965892e-01    5.801e-07      8.786e-04    8.780e-04    2.804e+00    1.079e-05          True
      4899      2    803  -6.310191e-01  -6.310191e-01  -6.310198e-01  -6.303654e-01    7.076e-07      6.536e-04    6.543e-04    2.123e+00    1.079e-05          True
      4901      2    805  -8.067965e-01  -8.067965e-01  -8.067948e-01  -8.078417e-01    1.728e-06      1.045e-03    1.047e-03    3.427e+00    1.079e-05          True
      4904      2    808  -1.178940e+00  -1.178940e+00  -1.178940e+00  -1.176992e+00    5.800e-07      1.948e-03    1.948e-03    2.663e+00    1.079e-05          True
      4916      2    820   1.797897e-02   1.797897e-02   1.797917e-02   1.877744e-02    1.972e-07      7.985e-04    7.983e-04    3.269e+00    1.079e-05          True
      4924      2    828   1.690250e-01   1.690250e-01   1.690245e-01   1.685516e-01    5.150e-07      4.734e-04    4.729e-04    1.888e+00    5.395e-06          True
      4928      2    832  -6.205031e-02  -6.205031e-02  -6.205003e-02  -6.269174e-02    2.812e-07      6.414e-04    6.417e-04    4.254e+00    2.158e-05          True
      4940      2    844   1.699571e+00   1.699571e+00   1.699571e+00   1.701673e+00    3.658e-07      2.102e-03    2.101e-03    2.571e+00    1.079e-05          True
      4944      2    848   1.649851e-02   1.649851e-02   1.649778e-02   1.533946e-02    7.386e-07      1.159e-03    1.158e-03    2.973e+00    1.079e-05          True
      4950      2    854  -1.520400e+00  -1.520400e+00  -1.520400e+00  -1.522879e+00    5.232e-07      2.479e-03    2.479e-03    2.060e+00    1.079e-05          True
      4954      2    858   1.618676e-01   1.618676e-01   1.618686e-01   1.614920e-01    1.018e-06      3.757e-04    3.767e-04    2.822e+00    1.079e-05          True
      4963      2    867  -8.251930e-01  -8.251930e-01  -8.251921e-01  -8.232787e-01    8.672e-07      1.914e-03    1.913e-03    3.130e+00    1.079e-05          True
      4967      2    871   6.166034e-01   6.166034e-01   6.166036e-01   6.158367e-01    2.390e-07      7.667e-04    7.669e-04    1.987e+00    5.395e-06          True
      4973      2    877  -5.555273e-02  -5.555273e-02  -5.555287e-02  -5.621965e-02    1.404e-07      6.669e-04    6.668e-04    1.943e+00    5.395e-06          True
      4978      2    882   1.106122e+00   1.106122e+00   1.106118e+00   1.107512e+00    4.386e-06      1.389e-03    1.394e-03    6.771e+00    2.158e-05          True
      4979      2    883   4.624018e-01   4.624018e-01   4.624014e-01   4.641955e-01    4.595e-07      1.794e-03    1.794e-03    4.445e+00    2.158e-05          True
      4984      2    888  -5.075255e-01  -5.075255e-01  -5.075292e-01  -5.055355e-01    3.668e-06      1.990e-03    1.994e-03    3.222e+00    1.079e-05          True
      4989      2    893   2.127696e+00   2.127696e+00   2.127697e+00   2.125036e+00    1.321e-06      2.660e-03    2.661e-03    3.395e+00    1.079e-05          True
      5009      2    913   1.004490e+00   1.004490e+00   1.004490e+00   1.005519e+00    3.617e-07      1.029e-03    1.029e-03    2.086e+00    1.079e-05          True
      5012      2    916  -5.359426e-01  -5.359426e-01  -5.359422e-01  -5.371035e-01    3.840e-07      1.161e-03    1.161e-03    2.064e+00    1.079e-05          True
      5013      2    917  -1.521172e-01  -1.521172e-01  -1.521160e-01  -1.517909e-01    1.158e-06      3.262e-04    3.251e-04    5.051e+00    2.158e-05          True
      5014      2    918   2.500794e-01   2.500794e-01   2.500790e-01   2.488571e-01    3.218e-07      1.222e-03    1.222e-03    3.019e+00    1.079e-05          True
      5018      2    922   5.615113e-02   5.615113e-02   5.615017e-02   5.697279e-02    9.603e-07      8.217e-04    8.226e-04    4.144e+00    2.158e-05          True
      5027      2    931   6.798244e-01   6.798244e-01   6.798203e-01   6.789118e-01    4.143e-06      9.126e-04    9.085e-04    3.641e+00    1.079e-05          True
      5032      2    936   1.278432e+00   1.278432e+00   1.278432e+00   1.279820e+00    7.210e-07      1.388e-03    1.387e-03    3.047e+00    1.079e-05          True
      5034      2    938   2.239073e-01   2.239073e-01   2.239096e-01   2.252831e-01    2.291e-06      1.376e-03    1.374e-03    2.996e+00    1.079e-05          True
      5037      2    941  -1.590000e+00  -1.590000e+00  -1.589995e+00  -1.591729e+00    4.584e-06      1.730e-03    1.734e-03    4.257e+00    2.158e-05          True
      5045      2    949   1.025678e-01   1.025678e-01   1.025684e-01   1.038507e-01    5.893e-07      1.283e-03    1.282e-03    2.092e+00    1.079e-05          True
      5051      2    955   9.877694e-01   9.877694e-01   9.877701e-01   9.891003e-01    7.347e-07      1.331e-03    1.330e-03    2.805e+00    1.079e-05          True
      5053      2    957   8.510014e-01   8.510014e-01   8.510033e-01   8.499626e-01    1.904e-06      1.039e-03    1.041e-03    3.713e+00    1.079e-05          True
      5065      2    969  -5.028669e-01  -5.028669e-01  -5.028652e-01  -5.010529e-01    1.750e-06      1.814e-03    1.812e-03    4.646e+00    2.158e-05          True
      5073      2    977  -4.480073e-01  -4.480073e-01  -4.480051e-01  -4.474576e-01    2.253e-06      5.497e-04    5.474e-04    5.506e+00    2.158e-05          True
      5080      2    984   1.877626e+00   1.877626e+00   1.877626e+00   1.879906e+00    1.865e-08      2.280e-03    2.280e-03    4.951e+00    2.158e-05          True
      5088      2    992  -7.897335e-01  -7.897335e-01  -7.897338e-01  -7.916804e-01    3.261e-07      1.947e-03    1.947e-03    5.622e+00    2.158e-05          True
      5094      2    998  -1.347622e-01  -1.347622e-01  -1.347634e-01  -1.339314e-01    1.162e-06      8.309e-04    8.320e-04    4.918e+00    2.158e-05          True
      5103      2   1007   1.879438e-01   1.879438e-01   1.879429e-01   1.861025e-01    9.002e-07      1.841e-03    1.840e-03    1.680e+00    5.395e-06          True
      5104      2   1008  -6.953864e-01  -6.953864e-01  -6.953869e-01  -6.970317e-01    5.258e-07      1.645e-03    1.645e-03    2.192e+00    1.079e-05          True
      5114      2   1018  -1.217624e-01  -1.217624e-01  -1.217617e-01  -1.224785e-01    6.553e-07      7.162e-04    7.168e-04    3.736e+00    1.079e-05          True
      5117      2   1021   1.571002e-02   1.571002e-02   1.570831e-02   1.718824e-02    1.701e-06      1.478e-03    1.480e-03    2.827e+00    1.079e-05          True
      5127      2   1031   2.067572e-01   2.067572e-01   2.067571e-01   2.077530e-01    9.019e-08      9.959e-04    9.960e-04    2.484e+00    1.079e-05          True
      5128      2   1032   3.157926e-02   3.157926e-02   3.157881e-02   3.033772e-02    4.553e-07      1.242e-03    1.241e-03    4.870e+00    2.158e-05          True
      5145      2   1049   3.920346e-02   3.920346e-02   3.920269e-02   3.976507e-02    7.701e-07      5.616e-04    5.624e-04    3.305e+00    1.079e-05          True
      5148      2   1052  -2.132903e+00  -2.132903e+00  -2.132904e+00  -2.135721e+00    8.744e-07      2.818e-03    2.817e-03    3.927e+00    1.079e-05          True
      5149      2   1053  -4.353701e-01  -4.353701e-01  -4.353685e-01  -4.341203e-01    1.644e-06      1.250e-03    1.248e-03    3.573e+00    1.079e-05          True
      5153      2   1057  -2.421730e-01  -2.421730e-01  -2.421722e-01  -2.416468e-01    7.707e-07      5.262e-04    5.254e-04    2.883e+00    1.079e-05          True
      5156      2   1060  -1.564372e-01  -1.564372e-01  -1.564372e-01  -1.576321e-01    5.203e-08      1.195e-03    1.195e-03    2.573e+00    1.079e-05          True
      5175      2   1079   3.497544e-01   3.497544e-01   3.497542e-01   3.490369e-01    2.812e-07      7.175e-04    7.172e-04    2.726e+00    1.079e-05          True
      5180      2   1084  -1.388476e+00  -1.388476e+00  -1.388473e+00  -1.386818e+00    2.547e-06      1.658e-03    1.655e-03    3.274e+00    1.079e-05          True
      5184      2   1088  -1.205144e+00  -1.205144e+00  -1.205142e+00  -1.203448e+00    2.003e-06      1.696e-03    1.694e-03    2.502e+00    1.079e-05          True
      5186      2   1090  -6.963589e-01  -6.963589e-01  -6.963614e-01  -6.974146e-01    2.491e-06      1.056e-03    1.053e-03    2.604e+00    1.079e-05          True
      5187      2   1091  -1.616834e-02  -1.616834e-02  -1.616654e-02  -1.645484e-02    1.802e-06      2.865e-04    2.883e-04    4.126e+00    2.158e-05          True
      5199      2   1103  -4.833801e-01  -4.833801e-01  -4.833804e-01  -4.824146e-01    3.063e-07      9.655e-04    9.658e-04    1.798e+00    5.395e-06          True
      5200      2   1104  -7.321718e-01  -7.321718e-01  -7.321701e-01  -7.305886e-01    1.683e-06      1.583e-03    1.581e-03    2.576e+00    1.079e-05          True
      5203      2   1107   1.568032e+00   1.568032e+00   1.568032e+00   1.566310e+00    1.624e-07      1.723e-03    1.722e-03    3.023e+00    1.079e-05          True
      5206      2   1110   1.845478e-01   1.845478e-01   1.845482e-01   1.839668e-01    4.754e-07      5.809e-04    5.814e-04    3.683e+00    1.079e-05          True
      5208      2   1112   4.170309e-02   4.170309e-02   4.170331e-02   4.203391e-02    2.262e-07      3.308e-04    3.306e-04    3.631e+00    1.079e-05          True
      5216      2   1120  -2.379097e+00  -2.379097e+00  -2.379097e+00  -2.376712e+00    1.035e-07      2.385e-03    2.385e-03    2.881e+00    1.079e-05          True
      5217      2   1121  -7.208245e-01  -7.208245e-01  -7.208232e-01  -7.222913e-01    1.248e-06      1.467e-03    1.468e-03    2.563e+00    1.079e-05          True
      5218      2   1122   1.363641e+00   1.363641e+00   1.363639e+00   1.365614e+00    1.404e-06      1.973e-03    1.975e-03    2.214e+00    1.079e-05          True
      5223      2   1127  -5.687738e-02  -5.687738e-02  -5.687753e-02  -5.608966e-02    1.560e-07      7.877e-04    7.879e-04    2.399e+00    1.079e-05          True
      5243      2   1147   2.343782e-01   2.343782e-01   2.343783e-01   2.348626e-01    3.484e-08      4.844e-04    4.844e-04    2.299e+00    1.079e-05          True
      5246      2   1150   6.196621e-01   6.196621e-01   6.196622e-01   6.206938e-01    1.292e-07      1.032e-03    1.032e-03    1.757e+00    5.395e-06          True
      5252      2   1156   8.127170e-01   8.127170e-01   8.127205e-01   8.144276e-01    3.505e-06      1.711e-03    1.707e-03    4.480e+00    2.158e-05          True
      5269      2   1173   1.301193e+00   1.301193e+00   1.301192e+00   1.299182e+00    5.894e-07      2.011e-03    2.010e-03    3.100e+00    1.079e-05          True
      5270      2   1174  -6.587227e-01  -6.587227e-01  -6.587244e-01  -6.593923e-01    1.704e-06      6.696e-04    6.679e-04    3.378e+00    1.079e-05          True
      5274      2   1178   2.939354e-01   2.939354e-01   2.939345e-01   2.943904e-01    9.605e-07      4.550e-04    4.559e-04    2.646e+00    1.079e-05          True
      5277      2   1181  -1.154371e+00  -1.154371e+00  -1.154372e+00  -1.152569e+00    9.106e-07      1.803e-03    1.804e-03    2.265e+00    1.079e-05          True
      5280      2   1184   1.047167e+00   1.047167e+00   1.047167e+00   1.046107e+00    1.592e-08      1.060e-03    1.060e-03    4.474e+00    2.158e-05          True
      5282      2   1186   3.452649e-01   3.452649e-01   3.452650e-01   3.462174e-01    1.294e-07      9.525e-04    9.524e-04    2.981e+00    1.079e-05          True
      5290      2   1194   4.297000e-02   4.297000e-02   4.297014e-02   4.470566e-02    1.382e-07      1.736e-03    1.736e-03    2.834e+00    1.079e-05          True
      5297      2   1201  -1.201235e+00  -1.201235e+00  -1.201236e+00  -1.202530e+00    8.779e-07      1.295e-03    1.294e-03    3.613e+00    1.079e-05          True
      5301      2   1205   1.245307e+00   1.245307e+00   1.245306e+00   1.247383e+00    1.702e-06      2.075e-03    2.077e-03    2.547e+00    1.079e-05          True
      5311      2   1215   8.718184e-02   8.718184e-02   8.718110e-02   8.701921e-02    7.459e-07      1.626e-04    1.619e-04    3.518e+00    1.079e-05          True
      5313      2   1217   7.401139e-02   7.401139e-02   7.400969e-02   7.281962e-02    1.693e-06      1.192e-03    1.190e-03    3.593e+00    1.079e-05          True
      5319      2   1223  -3.958176e-01  -3.958176e-01  -3.958183e-01  -3.966852e-01    6.715e-07      8.676e-04    8.669e-04    4.266e+00    2.158e-05          True
      5323      2   1227  -2.547137e-01  -2.547137e-01  -2.547142e-01  -2.541032e-01    4.557e-07      6.105e-04    6.109e-04    3.030e+00    1.079e-05          True
      5334      2   1238   1.815468e-01   1.815468e-01   1.815440e-01   1.811296e-01    2.809e-06      4.172e-04    4.144e-04    2.813e+00    1.079e-05          True
      5350      2   1254  -1.099936e+00  -1.099936e+00  -1.099937e+00  -1.101417e+00    1.051e-06      1.481e-03    1.480e-03    2.356e+00    1.079e-05          True
      5355      2   1259  -1.385481e-01  -1.385481e-01  -1.385482e-01  -1.381671e-01    6.243e-08      3.810e-04    3.811e-04    2.896e+00    1.079e-05          True
      5356      2   1260  -3.298748e-01  -3.298748e-01  -3.298696e-01  -3.311715e-01    5.206e-06      1.297e-03    1.302e-03    3.547e+00    1.079e-05          True
      5358      2   1262   6.834401e-01   6.834401e-01   6.834404e-01   6.827080e-01    3.562e-07      7.321e-04    7.324e-04    3.282e+00    1.079e-05          True
      5389      2   1293  -2.193918e+00  -2.193918e+00  -2.193917e+00  -2.196208e+00    9.940e-07      2.290e-03    2.291e-03    3.216e+00    1.079e-05          True
      5390      2   1294   1.326951e-01   1.326951e-01   1.326964e-01   1.317891e-01    1.303e-06      9.061e-04    9.074e-04    2.945e+00    1.079e-05          True
      5395      2   1299  -5.721608e-01  -5.721608e-01  -5.721608e-01  -5.712710e-01    3.805e-08      8.898e-04    8.898e-04    2.710e+00    1.079e-05          True
      5418      2   1322   2.163470e+00   2.163470e+00   2.163470e+00   2.160562e+00    7.172e-07      2.908e-03    2.909e-03    4.056e+00    2.158e-05          True
      5428      2   1332  -1.807875e-02  -1.807875e-02  -1.807882e-02  -1.671908e-02    6.209e-08      1.360e-03    1.360e-03    4.450e+00    2.158e-05          True
      5435      2   1339   2.630925e-01   2.630925e-01   2.630904e-01   2.617380e-01    2.077e-06      1.354e-03    1.352e-03    2.795e+00    1.079e-05          True
      5445      2   1349   1.488231e+00   1.488231e+00   1.488231e+00   1.489749e+00    4.416e-07      1.518e-03    1.518e-03    2.265e+00    1.079e-05          True
      5447      2   1351   7.492077e-01   7.492077e-01   7.492074e-01   7.483203e-01    2.552e-07      8.874e-04    8.872e-04    4.296e+00    2.158e-05          True
      5448      2   1352  -1.397463e-02  -1.397463e-02  -1.397537e-02  -1.238462e-02    7.362e-07      1.590e-03    1.591e-03    3.079e+00    1.079e-05          True
      5456      2   1360  -1.811042e-01  -1.811042e-01  -1.811059e-01  -1.820752e-01    1.712e-06      9.710e-04    9.693e-04    3.576e+00    1.079e-05          True
      5457      2   1361  -1.098763e+00  -1.098763e+00  -1.098763e+00  -1.097542e+00    2.537e-07      1.221e-03    1.221e-03    1.753e+00    5.395e-06          True
      5472      2   1376  -8.409013e-02  -8.409013e-02  -8.408858e-02  -8.322879e-02    1.549e-06      8.613e-04    8.598e-04    3.969e+00    1.079e-05          True
      5474      2   1378   3.891078e-01   3.891078e-01   3.891060e-01   3.865381e-01    1.838e-06      2.570e-03    2.568e-03    3.407e+00    1.079e-05          True
      5476      2   1380  -2.393743e+00  -2.393743e+00  -2.393738e+00  -2.396370e+00    5.076e-06      2.627e-03    2.632e-03    3.699e+00    1.079e-05          True
      5477      2   1381   2.728606e-01   2.728606e-01   2.728613e-01   2.737964e-01    6.852e-07      9.358e-04    9.351e-04    3.418e+00    1.079e-05          True
      5484      2   1388  -5.071163e-01  -5.071163e-01  -5.071151e-01  -5.056971e-01    1.199e-06      1.419e-03    1.418e-03    4.290e+00    2.158e-05          True
      5487      2   1391   5.989985e-01   5.989985e-01   5.989962e-01   5.974848e-01    2.237e-06      1.514e-03    1.511e-03    2.492e+00    1.079e-05          True
      5488      2   1392   3.377194e-01   3.377194e-01   3.377187e-01   3.369969e-01    7.417e-07      7.225e-04    7.218e-04    3.044e+00    1.079e-05          True
      5500      2   1404  -7.816633e-01  -7.816633e-01  -7.816632e-01  -7.826881e-01    1.203e-07      1.025e-03    1.025e-03    2.387e+00    1.079e-05          True
      5503      2   1407  -6.910036e-01  -6.910036e-01  -6.910046e-01  -6.928999e-01    9.473e-07      1.896e-03    1.895e-03    4.786e+00    2.158e-05          True
      5506      2   1410   1.475091e+00   1.475091e+00   1.475091e+00   1.476597e+00    4.852e-07      1.506e-03    1.506e-03    2.170e+00    1.079e-05          True
      5509      2   1413  -3.501857e-01  -3.501857e-01  -3.501878e-01  -3.514572e-01    2.081e-06      1.271e-03    1.269e-03    3.629e+00    1.079e-05          True
      5511      2   1415  -1.311977e+00  -1.311977e+00  -1.311977e+00  -1.310535e+00    3.945e-07      1.442e-03    1.442e-03    3.868e+00    1.079e-05          True
      5525      2   1429   1.184882e+00   1.184882e+00   1.184882e+00   1.186552e+00    4.705e-07      1.670e-03    1.670e-03    1.967e+00    5.395e-06          True
      5544      2   1448   4.783847e-01   4.783847e-01   4.783834e-01   4.790113e-01    1.331e-06      6.266e-04    6.280e-04    4.025e+00    2.158e-05          True
      5556      2   1460   4.436201e-02   4.436201e-02   4.437060e-02   4.356553e-02    8.586e-06      7.965e-04    8.051e-04    6.097e+00    2.158e-05          True
      5560      2   1464  -6.528613e-01  -6.528613e-01  -6.528641e-01  -6.521494e-01    2.783e-06      7.119e-04    7.147e-04    3.860e+00    1.079e-05          True
      5561      2   1465   1.558874e+00   1.558874e+00   1.558871e+00   1.561431e+00    2.908e-06      2.557e-03    2.560e-03    2.976e+00    1.079e-05          True
      5568      2   1472  -1.612596e+00  -1.612596e+00  -1.612594e+00  -1.614782e+00    1.642e-06      2.186e-03    2.188e-03    4.278e+00    2.158e-05          True
      5582      2   1486   3.600834e-01   3.600834e-01   3.600852e-01   3.615195e-01    1.778e-06      1.436e-03    1.434e-03    4.155e+00    2.158e-05          True
      5583      2   1487   6.080638e-01   6.080638e-01   6.080588e-01   6.088551e-01    5.005e-06      7.914e-04    7.964e-04    4.825e+00    2.158e-05          True
      5590      2   1494  -1.569771e-01  -1.569771e-01  -1.569766e-01  -1.555086e-01    5.536e-07      1.468e-03    1.468e-03    3.359e+00    1.079e-05          True
      5594      2   1498  -1.518718e-01  -1.518718e-01  -1.518698e-01  -1.523645e-01    1.989e-06      4.927e-04    4.947e-04    3.461e+00    1.079e-05          True
      5598      2   1502   6.502009e-01   6.502009e-01   6.502019e-01   6.490172e-01    9.353e-07      1.184e-03    1.185e-03    2.633e+00    1.079e-05          True
      5606      2   1510  -3.549022e-01  -3.549022e-01  -3.549033e-01  -3.533869e-01    1.064e-06      1.515e-03    1.516e-03    2.800e+00    1.079e-05          True
      5616      2   1520  -1.478150e+00  -1.478150e+00  -1.478146e+00  -1.475994e+00    3.434e-06      2.156e-03    2.152e-03    4.092e+00    2.158e-05          True
      5619      2   1523  -5.444933e-01  -5.444933e-01  -5.444937e-01  -5.438603e-01    4.610e-07      6.330e-04    6.334e-04    2.498e+00    1.079e-05          True
      5623      2   1527   5.245275e-01   5.245275e-01   5.245272e-01   5.250817e-01    3.308e-07      5.542e-04    5.545e-04    3.132e+00    1.079e-05          True
      5629      2   1533   5.310683e-01   5.310683e-01   5.310678e-01   5.297140e-01    5.202e-07      1.354e-03    1.354e-03    2.604e+00    1.079e-05          True
      5641      2   1545  -6.005354e-02  -6.005354e-02  -6.005344e-02  -6.076409e-02    9.984e-08      7.106e-04    7.107e-04    2.561e+00    1.079e-05          True
      5644      2   1548  -8.364735e-01  -8.364735e-01  -8.364787e-01  -8.349224e-01    5.164e-06      1.551e-03    1.556e-03    2.808e+00    1.079e-05          True
      5645      2   1549  -8.651699e-01  -8.651699e-01  -8.651693e-01  -8.665201e-01    6.280e-07      1.350e-03    1.351e-03    2.382e+00    1.079e-05          True
      5659      2   1563  -1.316352e+00  -1.316352e+00  -1.316355e+00  -1.317930e+00    3.277e-06      1.579e-03    1.575e-03    5.046e+00    2.158e-05          True
      5660      2   1564   5.011226e-01   5.011226e-01   5.011213e-01   5.016902e-01    1.238e-06      5.676e-04    5.689e-04    2.659e+00    1.079e-05          True
      5667      2   1571   1.153732e-01   1.153732e-01   1.153712e-01   1.168151e-01    1.964e-06      1.442e-03    1.444e-03    3.990e+00    1.079e-05          True
      5669      2   1573  -7.333928e-01  -7.333928e-01  -7.333896e-01  -7.324789e-01    3.233e-06      9.139e-04    9.107e-04    2.831e+00    1.079e-05          True
      5670      2   1574  -7.027337e-01  -7.027337e-01  -7.027316e-01  -7.011334e-01    2.140e-06      1.600e-03    1.598e-03    2.808e+00    1.079e-05          True
      5673      2   1577  -6.420073e-02  -6.420073e-02  -6.420109e-02  -6.471139e-02    3.629e-07      5.107e-04    5.103e-04    2.708e+00    1.079e-05          True
      5679      2   1583  -2.635212e-01  -2.635212e-01  -2.635238e-01  -2.619662e-01    2.686e-06      1.555e-03    1.558e-03    7.314e+00    2.158e-05          True
      5683      2   1587   4.182889e-01   4.182889e-01   4.182897e-01   4.197830e-01    7.874e-07      1.494e-03    1.493e-03    4.338e+00    2.158e-05          True
      5686      2   1590  -4.172317e-01  -4.172317e-01  -4.172282e-01  -4.181163e-01    3.498e-06      8.846e-04    8.881e-04    4.493e+00    2.158e-05          True
      5697      2   1601  -9.293961e-01  -9.293961e-01  -9.293960e-01  -9.314420e-01    9.315e-08      2.046e-03    2.046e-03    4.905e+00    2.158e-05          True
      5712      2   1616   1.875455e+00   1.875455e+00   1.875452e+00   1.873269e+00    2.720e-06      2.186e-03    2.184e-03    4.381e+00    2.158e-05          True
      5714      2   1618  -4.199806e-01  -4.199806e-01  -4.199798e-01  -4.210600e-01    7.126e-07      1.079e-03    1.080e-03    3.910e+00    1.079e-05          True
      5716      2   1620   7.851588e-02   7.851588e-02   7.851900e-02   7.878431e-02    3.119e-06      2.684e-04    2.653e-04    4.492e+00    2.158e-05          True
      5719      2   1623   9.002131e-01   9.002131e-01   9.002129e-01   8.991976e-01    2.092e-07      1.016e-03    1.015e-03    1.642e+00    5.395e-06          True
      5720      2   1624  -3.770818e-01  -3.770818e-01  -3.770805e-01  -3.755039e-01    1.344e-06      1.578e-03    1.577e-03    3.131e+00    1.079e-05          True
      5724      2   1628  -1.007279e-02  -1.007279e-02  -1.007006e-02  -1.005034e-02    2.732e-06      2.245e-05    1.972e-05    2.613e+00    1.079e-05          True
      5743      2   1647  -2.021125e-01  -2.021125e-01  -2.021163e-01  -2.018127e-01    3.781e-06      2.998e-04    3.036e-04    5.141e+00    2.158e-05          True
      5746      2   1650  -1.822149e-01  -1.822149e-01  -1.822136e-01  -1.816292e-01    1.265e-06      5.857e-04    5.845e-04    2.893e+00    1.079e-05          True
      5759      2   1663   7.854154e-02   7.854154e-02   7.854716e-02   7.868228e-02    5.624e-06      1.407e-04    1.351e-04    4.746e+00    2.158e-05          True
      5761      2   1665  -3.287342e-02  -3.287342e-02  -3.287267e-02  -3.335612e-02    7.555e-07      4.827e-04    4.835e-04    3.327e+00    1.079e-05          True
      5762      2   1666  -4.471756e-01  -4.471756e-01  -4.471734e-01  -4.464899e-01    2.183e-06      6.857e-04    6.835e-04    3.865e+00    1.079e-05          True
      5764      2   1668  -2.314701e-01  -2.314701e-01  -2.314722e-01  -2.326808e-01    2.140e-06      1.211e-03    1.209e-03    2.325e+00    1.079e-05          True
      5765      2   1669  -8.520547e-01  -8.520547e-01  -8.520549e-01  -8.530820e-01    1.805e-07      1.027e-03    1.027e-03    2.788e+00    1.079e-05          True
      5768      2   1672  -1.021782e+00  -1.021782e+00  -1.021783e+00  -1.020728e+00    6.354e-07      1.054e-03    1.055e-03    2.460e+00    1.079e-05          True
      5769      2   1673  -2.348193e-01  -2.348193e-01  -2.348194e-01  -2.341129e-01    8.319e-08      7.065e-04    7.065e-04    2.214e+00    1.079e-05          True
      5776      2   1680  -8.328998e-01  -8.328998e-01  -8.329002e-01  -8.318932e-01    4.639e-07      1.007e-03    1.007e-03    2.804e+00    1.079e-05          True
      5778      2   1682   5.405559e-01   5.405559e-01   5.405544e-01   5.386233e-01    1.468e-06      1.933e-03    1.931e-03    3.277e+00    1.079e-05          True
      5784      2   1688  -5.141745e-01  -5.141745e-01  -5.141739e-01  -5.151007e-01    6.322e-07      9.262e-04    9.269e-04    2.039e+00    1.079e-05          True
      5788      2   1692   8.291122e-01   8.291122e-01   8.291136e-01   8.310525e-01    1.365e-06      1.940e-03    1.939e-03    3.791e+00    1.079e-05          True
      5790      2   1694  -7.585459e-01  -7.585459e-01  -7.585472e-01  -7.570161e-01    1.310e-06      1.530e-03    1.531e-03    2.374e+00    1.079e-05          True
      5794      2   1698   5.278607e-01   5.278607e-01   5.278608e-01   5.272804e-01    5.315e-08      5.803e-04    5.803e-04    3.190e+00    1.079e-05          True
      5800      2   1704   1.111912e+00   1.111912e+00   1.111913e+00   1.114447e+00    1.071e-06      2.535e-03    2.534e-03    5.095e+00    2.158e-05          True
      5801      2   1705  -7.253736e-02  -7.253736e-02  -7.253702e-02  -7.087240e-02    3.373e-07      1.665e-03    1.665e-03    3.247e+00    1.079e-05          True
      5815      2   1719  -1.108312e+00  -1.108312e+00  -1.108310e+00  -1.109447e+00    1.286e-06      1.135e-03    1.136e-03    2.482e+00    1.079e-05          True
      5831      2   1735  -5.021842e-02  -5.021842e-02  -5.022005e-02  -4.968659e-02    1.630e-06      5.318e-04    5.335e-04    4.531e+00    2.158e-05          True
      5835      2   1739   1.255386e+00   1.255386e+00   1.255386e+00   1.257593e+00    6.703e-07      2.208e-03    2.207e-03    3.728e+00    1.079e-05          True
      5846      2   1750   1.700545e-01   1.700545e-01   1.700559e-01   1.709638e-01    1.391e-06      9.093e-04    9.079e-04    1.980e+00    5.395e-06          True
      5848      2   1752  -2.111315e+00  -2.111315e+00  -2.111314e+00  -2.113503e+00    8.059e-07      2.188e-03    2.189e-03    3.178e+00    1.079e-05          True
      5854      2   1758   1.178316e+00   1.178316e+00   1.178317e+00   1.180156e+00    1.264e-06      1.841e-03    1.840e-03    2.561e+00    1.079e-05          True
      5859      2   1763  -5.604240e-01  -5.604240e-01  -5.604243e-01  -5.613594e-01    3.065e-07      9.354e-04    9.351e-04    2.329e+00    1.079e-05          True
      5860      2   1764   1.312922e-01   1.312922e-01   1.312939e-01   1.321794e-01    1.709e-06      8.872e-04    8.855e-04    3.114e+00    1.079e-05          True
      5863      2   1767   6.116247e-01   6.116247e-01   6.116229e-01   6.107522e-01    1.792e-06      8.724e-04    8.706e-04    2.913e+00    1.079e-05          True
      5868      2   1772   2.807927e-01   2.807927e-01   2.807909e-01   2.804442e-01    1.778e-06      3.485e-04    3.467e-04    3.189e+00    1.079e-05          True
      5877      2   1781   5.040712e-01   5.040712e-01   5.040702e-01   5.033466e-01    9.531e-07      7.246e-04    7.237e-04    2.199e+00    1.079e-05          True
      5879      2   1783  -1.832914e-01  -1.832914e-01  -1.832922e-01  -1.838662e-01    8.235e-07      5.749e-04    5.741e-04    2.246e+00    1.079e-05          True
      5884      2   1788   5.638017e-01   5.638017e-01   5.637993e-01   5.643895e-01    2.472e-06      5.878e-04    5.903e-04    2.536e+00    1.079e-05          True
      5893      2   1797  -1.073831e+00  -1.073831e+00  -1.073830e+00  -1.075105e+00    1.142e-06      1.274e-03    1.275e-03    2.636e+00    1.079e-05          True
      5897      2   1801  -2.136748e-01  -2.136748e-01  -2.136747e-01  -2.132163e-01    1.051e-07      4.585e-04    4.584e-04    2.925e+00    1.079e-05          True
      5899      2   1803   3.938521e-01   3.938521e-01   3.938477e-01   3.945824e-01    4.376e-06      7.303e-04    7.347e-04    4.890e+00    2.158e-05          True
      5907      2   1811   5.722923e-01   5.722923e-01   5.722928e-01   5.707207e-01    4.812e-07      1.572e-03    1.572e-03    3.510e+00    1.079e-05          True
      5917      2   1821   7.165869e-01   7.165869e-01   7.165880e-01   7.177079e-01    1.044e-06      1.121e-03    1.120e-03    4.557e+00    2.158e-05          True
      5919      2   1823   7.827430e-01   7.827430e-01   7.827415e-01   7.839882e-01    1.562e-06      1.245e-03    1.247e-03    2.833e+00    1.079e-05          True
      5924      2   1828   7.203433e-01   7.203433e-01   7.203439e-01   7.217901e-01    6.077e-07      1.447e-03    1.446e-03    2.072e+00    1.079e-05          True
      5933      2   1837   4.622838e-01   4.622838e-01   4.622837e-01   4.632602e-01    9.734e-08      9.764e-04    9.765e-04    3.377e+00    1.079e-05          True
      5941      2   1845   8.101329e-03   8.101329e-03   8.103149e-03   7.451862e-03    1.820e-06      6.495e-04    6.513e-04    3.275e+00    1.079e-05          True
      5944      2   1848   6.400515e-01   6.400515e-01   6.400504e-01   6.420577e-01    1.179e-06      2.006e-03    2.007e-03    3.301e+00    1.079e-05          True
      5950      2   1854   2.304127e-01   2.304127e-01   2.304120e-01   2.318268e-01    7.394e-07      1.414e-03    1.415e-03    2.570e+00    1.079e-05          True
      5951      2   1855  -6.271887e-01  -6.271887e-01  -6.271888e-01  -6.279443e-01    1.466e-07      7.556e-04    7.555e-04    2.339e+00    1.079e-05          True
      5975      2   1879  -1.131710e+00  -1.131710e+00  -1.131714e+00  -1.130214e+00    3.788e-06      1.496e-03    1.500e-03    4.045e+00    2.158e-05          True
      5976      2   1880   9.528792e-02   9.528792e-02   9.528674e-02   9.555846e-02    1.175e-06      2.705e-04    2.717e-04    4.765e+00    2.158e-05          True
      5984      2   1888  -6.813831e-01  -6.813831e-01  -6.813837e-01  -6.828638e-01    6.593e-07      1.481e-03    1.480e-03    2.567e+00    1.079e-05          True
      5987      2   1891  -3.986693e-01  -3.986693e-01  -3.986663e-01  -3.962773e-01    3.055e-06      2.392e-03    2.389e-03    3.592e+00    1.079e-05          True
      5990      2   1894   2.466020e+00   2.466020e+00   2.466017e+00   2.469195e+00    2.741e-06      3.175e-03    3.177e-03    4.073e+00    2.158e-05          True
      5994      2   1898  -1.735401e+00  -1.735401e+00  -1.735399e+00  -1.733396e+00    1.599e-06      2.005e-03    2.003e-03    3.587e+00    1.079e-05          True
      5995      2   1899   7.477115e-01   7.477115e-01   7.477103e-01   7.485006e-01    1.111e-06      7.892e-04    7.903e-04    3.853e+00    1.079e-05          True
      5996      2   1900  -4.527906e-01  -4.527906e-01  -4.527901e-01  -4.523056e-01    4.102e-07      4.850e-04    4.846e-04    2.088e+00    1.079e-05          True
      5997      2   1901  -5.117777e-01  -5.117777e-01  -5.117754e-01  -5.102170e-01    2.362e-06      1.561e-03    1.558e-03    3.967e+00    1.079e-05          True
      6005      2   1909   9.692731e-01   9.692731e-01   9.692743e-01   9.705179e-01    1.183e-06      1.245e-03    1.244e-03    4.030e+00    2.158e-05          True
      6006      2   1910   2.079049e-01   2.079049e-01   2.079057e-01   2.090468e-01    8.393e-07      1.142e-03    1.141e-03    3.553e+00    1.079e-05          True
      6008      2   1912   7.733053e-01   7.733053e-01   7.733024e-01   7.719707e-01    2.948e-06      1.335e-03    1.332e-03    4.112e+00    2.158e-05          True
      6023      2   1927  -1.166603e+00  -1.166603e+00  -1.166605e+00  -1.164779e+00    2.776e-06      1.824e-03    1.827e-03    3.693e+00    1.079e-05          True
      6028      2   1932  -8.552857e-02  -8.552857e-02  -8.553037e-02  -8.443439e-02    1.803e-06      1.094e-03    1.096e-03    3.576e+00    1.079e-05          True
      6041      2   1945   3.397683e-02   3.397683e-02   3.397996e-02   3.351746e-02    3.134e-06      4.594e-04    4.625e-04    4.445e+00    2.158e-05          True
      6054      2   1958  -9.790195e-01  -9.790195e-01  -9.790212e-01  -9.805968e-01    1.704e-06      1.577e-03    1.576e-03    2.211e+00    1.079e-05          True
      6057      2   1961   1.513377e-01   1.513377e-01   1.513343e-01   1.526714e-01    3.455e-06      1.334e-03    1.337e-03    3.620e+00    1.079e-05          True
      6076      2   1980   1.277111e+00   1.277111e+00   1.277111e+00   1.275638e+00    7.452e-07      1.473e-03    1.474e-03    2.345e+00    1.079e-05          True
      6087      2   1991  -1.321486e+00  -1.321486e+00  -1.321488e+00  -1.323113e+00    1.551e-06      1.626e-03    1.625e-03    2.267e+00    1.079e-05          True
      6100      2   2004  -3.974767e-01  -3.974767e-01  -3.974769e-01  -3.967386e-01    2.085e-07      7.381e-04    7.384e-04    2.505e+00    1.079e-05          True
      6103      2   2007  -1.032675e+00  -1.032675e+00  -1.032675e+00  -1.033922e+00    5.400e-07      1.246e-03    1.247e-03    2.508e+00    1.079e-05          True
      6104      2   2008   4.832640e-01   4.832640e-01   4.832647e-01   4.843239e-01    7.234e-07      1.060e-03    1.059e-03    2.587e+00    1.079e-05          True
      6105      2   2009  -1.158701e+00  -1.158701e+00  -1.158699e+00  -1.157482e+00    2.020e-06      1.219e-03    1.217e-03    3.968e+00    1.079e-05          True
      6115      2   2019   3.434026e-01   3.434026e-01   3.434031e-01   3.426407e-01    4.892e-07      7.619e-04    7.624e-04    2.615e+00    1.079e-05          True
      6116      2   2020  -1.622113e-01  -1.622113e-01  -1.622178e-01  -1.633246e-01    6.530e-06      1.113e-03    1.107e-03    5.858e+00    2.158e-05          True
      6129      2   2033   6.935420e-01   6.935420e-01   6.935431e-01   6.945297e-01    1.087e-06      9.877e-04    9.866e-04    6.067e+00    2.158e-05          True
      6130      2   2034   1.895828e+00   1.895828e+00   1.895828e+00   1.893788e+00    9.395e-08      2.040e-03    2.040e-03    2.595e+00    1.079e-05          True
      6141      2   2045   1.482170e-01   1.482170e-01   1.482168e-01   1.492429e-01    2.039e-07      1.026e-03    1.026e-03    2.130e+00    1.079e-05          True
      6152      3      8   6.353308e-01   6.353308e-01   6.353311e-01   6.344194e-01    3.312e-07      9.113e-04    9.117e-04    3.011e+00    1.079e-05          True
      6158      3     14  -1.268077e+00  -1.268077e+00  -1.268071e+00  -1.266745e+00    6.135e-06      1.332e-03    1.326e-03    4.718e+00    2.158e-05          True
      6164      3     20  -3.523606e-01  -3.523606e-01  -3.523592e-01  -3.532716e-01    1.332e-06      9.110e-04    9.123e-04    2.169e+00    1.079e-05          True
      6165      3     21   1.809511e+00   1.809511e+00   1.809507e+00   1.811474e+00    3.879e-06      1.963e-03    1.967e-03    4.092e+00    2.158e-05          True
      6168      3     24   2.184123e-01   2.184123e-01   2.184108e-01   2.167696e-01    1.515e-06      1.643e-03    1.641e-03    2.709e+00    1.079e-05          True
      6169      3     25  -4.799046e-01  -4.799046e-01  -4.799058e-01  -4.807063e-01    1.196e-06      8.017e-04    8.005e-04    1.968e+00    5.395e-06          True
      6183      3     39   8.111892e-01   8.111892e-01   8.111883e-01   8.134346e-01    8.740e-07      2.245e-03    2.246e-03    3.841e+00    1.079e-05          True
      6188      3     44   1.633953e-01   1.633953e-01   1.633929e-01   1.629949e-01    2.418e-06      4.004e-04    3.980e-04    3.702e+00    1.079e-05          True
      6194      3     50   3.660582e-01   3.660582e-01   3.660583e-01   3.671424e-01    4.259e-08      1.084e-03    1.084e-03    2.306e+00    1.079e-05          True
      6195      3     51  -1.784008e-01  -1.784008e-01  -1.783976e-01  -1.794909e-01    3.144e-06      1.090e-03    1.093e-03    4.834e+00    2.158e-05          True
      6206      3     62   4.830188e-01   4.830188e-01   4.830171e-01   4.825018e-01    1.620e-06      5.170e-04    5.153e-04    4.038e+00    2.158e-05          True
      6216      3     72  -6.522370e-01  -6.522370e-01  -6.522349e-01  -6.509638e-01    2.100e-06      1.273e-03    1.271e-03    4.149e+00    2.158e-05          True
      6225      3     81  -1.643113e-01  -1.643113e-01  -1.643119e-01  -1.652531e-01    6.281e-07      9.418e-04    9.412e-04    2.226e+00    1.079e-05          True
      6230      3     86  -8.995234e-01  -8.995234e-01  -8.995243e-01  -9.012548e-01    9.209e-07      1.731e-03    1.730e-03    3.489e+00    1.079e-05          True
      6234      3     90  -1.133886e-01  -1.133886e-01  -1.133892e-01  -1.126591e-01    6.230e-07      7.294e-04    7.301e-04    2.155e+00    1.079e-05          True
      6235      3     91   2.543772e-01   2.543772e-01   2.543771e-01   2.538232e-01    8.601e-08      5.540e-04    5.539e-04    2.361e+00    1.079e-05          True
      6240      3     96   5.843103e-01   5.843103e-01   5.843068e-01   5.825949e-01    3.456e-06      1.715e-03    1.712e-03    3.793e+00    1.079e-05          True
      6248      3    104  -8.753364e-02  -8.753364e-02  -8.753282e-02  -8.852356e-02    8.258e-07      9.899e-04    9.907e-04    2.560e+00    1.079e-05          True
      6249      3    105   1.853053e+00   1.853053e+00   1.853054e+00   1.855748e+00    5.235e-07      2.695e-03    2.695e-03    3.279e+00    1.079e-05          True
      6251      3    107  -1.347200e+00  -1.347200e+00  -1.347200e+00  -1.348764e+00    4.113e-07      1.564e-03    1.564e-03    2.866e+00    1.079e-05          True
      6261      3    117  -1.273167e-01  -1.273167e-01  -1.273198e-01  -1.278457e-01    3.070e-06      5.290e-04    5.260e-04    3.434e+00    1.079e-05          True
      6263      3    119   5.161612e-01   5.161612e-01   5.161620e-01   5.167429e-01    8.667e-07      5.817e-04    5.808e-04    3.873e+00    1.079e-05          True
      6266      3    122  -2.692705e-01  -2.692705e-01  -2.692714e-01  -2.687804e-01    8.993e-07      4.901e-04    4.910e-04    3.716e+00    1.079e-05          True
      6269      3    125  -7.774886e-01  -7.774886e-01  -7.774889e-01  -7.752051e-01    3.959e-07      2.283e-03    2.284e-03    3.906e+00    1.079e-05          True
      6271      3    127  -3.869821e-01  -3.869821e-01  -3.869820e-01  -3.865162e-01    1.712e-07      4.660e-04    4.658e-04    3.303e+00    1.079e-05          True
      6279      3    135   2.552739e-01   2.552739e-01   2.552697e-01   2.556060e-01    4.254e-06      3.321e-04    3.363e-04    4.279e+00    2.158e-05          True
      6282      3    138  -8.940770e-01  -8.940770e-01  -8.940770e-01  -8.950661e-01    1.596e-08      9.891e-04    9.891e-04    2.047e+00    1.079e-05          True
      6287      3    143   4.443896e-02   4.443896e-02   4.443993e-02   4.547760e-02    9.619e-07      1.039e-03    1.038e-03    4.424e+00    2.158e-05          True
      6289      3    145  -6.370201e-01  -6.370201e-01  -6.370206e-01  -6.379800e-01    5.047e-07      9.600e-04    9.595e-04    3.928e+00    1.079e-05          True
      6311      3    167  -2.177109e-01  -2.177109e-01  -2.177107e-01  -2.172452e-01    1.920e-07      4.658e-04    4.656e-04    2.696e+00    1.079e-05          True
      6312      3    168  -8.691260e-01  -8.691260e-01  -8.691240e-01  -8.677043e-01    1.972e-06      1.422e-03    1.420e-03    3.354e+00    1.079e-05          True
      6314      3    170   7.800753e-01   7.800753e-01   7.800741e-01   7.820097e-01    1.218e-06      1.934e-03    1.936e-03    4.095e+00    2.158e-05          True
      6329      3    185   1.997089e-01   1.997089e-01   1.997107e-01   2.008702e-01    1.794e-06      1.161e-03    1.160e-03    4.905e+00    2.158e-05          True
      6339      3    195  -7.172444e-02  -7.172444e-02  -7.172166e-02  -7.103484e-02    2.782e-06      6.896e-04    6.868e-04    4.192e+00    2.158e-05          True
      6359      3    215  -2.775476e+00  -2.775476e+00  -2.775472e+00  -2.772577e+00    3.689e-06      2.899e-03    2.895e-03    4.794e+00    2.158e-05          True
      6366      3    222   1.132744e+00   1.132744e+00   1.132743e+00   1.134086e+00    4.992e-07      1.343e-03    1.343e-03    4.125e+00    2.158e-05          True
      6370      3    226   1.596982e+00   1.596982e+00   1.596983e+00   1.595371e+00    7.414e-07      1.611e-03    1.611e-03    3.206e+00    1.079e-05          True
      6376      3    232  -6.353947e-01  -6.353947e-01  -6.353939e-01  -6.341439e-01    7.409e-07      1.251e-03    1.250e-03    3.152e+00    1.079e-05          True
      6384      3    240  -9.216648e-02  -9.216648e-02  -9.216616e-02  -9.293360e-02    3.168e-07      7.671e-04    7.674e-04    2.321e+00    1.079e-05          True
      6394      3    250  -3.776802e-01  -3.776802e-01  -3.776755e-01  -3.767784e-01    4.744e-06      9.018e-04    8.971e-04    4.644e+00    2.158e-05          True
      6398      3    254  -1.108307e+00  -1.108307e+00  -1.108310e+00  -1.106395e+00    2.705e-06      1.912e-03    1.915e-03    3.299e+00    1.079e-05          True
      6411      3    267   1.023030e+00   1.023030e+00   1.023032e+00   1.024277e+00    2.097e-06      1.247e-03    1.245e-03    2.995e+00    1.079e-05          True
      6428      3    284  -2.843587e-01  -2.843587e-01  -2.843592e-01  -2.839652e-01    5.281e-07      3.935e-04    3.940e-04    1.757e+00    5.395e-06          True
      6431      3    287  -1.948297e+00  -1.948297e+00  -1.948298e+00  -1.946190e+00    1.415e-06      2.107e-03    2.108e-03    4.559e+00    2.158e-05          True
      6434      3    290   2.240439e-01   2.240439e-01   2.240423e-01   2.245789e-01    1.641e-06      5.349e-04    5.366e-04    3.818e+00    1.079e-05          True
      6435      3    291  -8.027911e-01  -8.027911e-01  -8.027901e-01  -8.005637e-01    1.028e-06      2.227e-03    2.226e-03    2.945e+00    1.079e-05          True
      6441      3    297  -2.749418e-01  -2.749418e-01  -2.749434e-01  -2.746559e-01    1.628e-06      2.859e-04    2.875e-04    4.180e+00    2.158e-05          True
      6463      3    319  -4.988804e-02  -4.988804e-02  -4.988712e-02  -5.108302e-02    9.202e-07      1.195e-03    1.196e-03    2.857e+00    1.079e-05          True
      6471      3    327   2.617099e-01   2.617099e-01   2.617097e-01   2.614294e-01    2.117e-07      2.805e-04    2.803e-04    3.299e+00    1.079e-05          True
      6473      3    329   7.570793e-03   7.570793e-03   7.570114e-03   9.446092e-03    6.790e-07      1.875e-03    1.876e-03    2.425e+00    1.079e-05          True
      6477      3    333  -2.408168e-01  -2.408168e-01  -2.408168e-01  -2.415161e-01    6.814e-08      6.993e-04    6.992e-04    3.312e+00    1.079e-05          True
      6478      3    334  -4.856652e-01  -4.856652e-01  -4.856652e-01  -4.843822e-01    1.697e-08      1.283e-03    1.283e-03    2.183e+00    1.079e-05          True
      6493      3    349  -1.281644e+00  -1.281644e+00  -1.281644e+00  -1.283351e+00    2.245e-07      1.707e-03    1.707e-03    2.513e+00    1.079e-05          True
      6494      3    350  -8.201349e-01  -8.201349e-01  -8.201357e-01  -8.215838e-01    7.146e-07      1.449e-03    1.448e-03    2.863e+00    1.079e-05          True
      6499      3    355  -2.469408e-01  -2.469408e-01  -2.469407e-01  -2.448644e-01    1.460e-07      2.076e-03    2.076e-03    1.785e+00    5.395e-06          True
      6506      3    362   4.276658e-01   4.276658e-01   4.276673e-01   4.269786e-01    1.485e-06      6.872e-04    6.886e-04    2.464e+00    1.079e-05          True
      6517      3    373   6.833425e-01   6.833425e-01   6.833419e-01   6.824435e-01    6.475e-07      8.990e-04    8.984e-04    3.261e+00    1.079e-05          True
      6522      3    378   2.669258e-01   2.669258e-01   2.669254e-01   2.672710e-01    4.648e-07      3.451e-04    3.456e-04    2.036e+00    1.079e-05          True
      6523      3    379  -4.098880e-02  -4.098880e-02  -4.098937e-02  -4.134462e-02    5.651e-07      3.558e-04    3.553e-04    3.420e+00    1.079e-05          True
      6526      3    382   4.268774e-01   4.268774e-01   4.268792e-01   4.279706e-01    1.834e-06      1.093e-03    1.091e-03    2.153e+00    1.079e-05          True
      6527      3    383  -3.708828e-01  -3.708828e-01  -3.708815e-01  -3.679571e-01    1.379e-06      2.926e-03    2.924e-03    2.721e+00    1.079e-05          True
      6533      3    389  -3.072474e-01  -3.072474e-01  -3.072496e-01  -3.053223e-01    2.204e-06      1.925e-03    1.927e-03    3.195e+00    1.079e-05          True
      6538      3    394  -6.256516e-01  -6.256516e-01  -6.256515e-01  -6.263561e-01    6.839e-08      7.045e-04    7.045e-04    2.171e+00    1.079e-05          True
      6540      3    396   6.432211e-01   6.432211e-01   6.432218e-01   6.439269e-01    7.043e-07      7.058e-04    7.051e-04    2.217e+00    1.079e-05          True
      6556      3    412   6.705318e-01   6.705318e-01   6.705323e-01   6.713465e-01    4.513e-07      8.147e-04    8.143e-04    3.868e+00    1.079e-05          True
      6560      3    416  -5.689559e-01  -5.689559e-01  -5.689565e-01  -5.683719e-01    5.678e-07      5.840e-04    5.846e-04    2.593e+00    1.079e-05          True
      6563      3    419   1.245178e+00   1.245178e+00   1.245177e+00   1.243178e+00    6.073e-07      2.000e-03    1.999e-03    2.333e+00    1.079e-05          True
      6570      3    426   1.665950e+00   1.665950e+00   1.665952e+00   1.664129e+00    1.710e-06      1.821e-03    1.823e-03    3.198e+00    1.079e-05          True
      6571      3    427  -9.162290e-02  -9.162290e-02  -9.161791e-02  -9.112570e-02    4.985e-06      4.972e-04    4.922e-04    4.924e+00    2.158e-05          True
      6574      3    430   2.956216e-01   2.956216e-01   2.956229e-01   2.949283e-01    1.282e-06      6.934e-04    6.946e-04    2.631e+00    1.079e-05          True
      6579      3    435   5.393180e-01   5.393180e-01   5.393169e-01   5.384522e-01    1.150e-06      8.658e-04    8.647e-04    3.758e+00    1.079e-05          True
      6586      3    442   5.361098e-01   5.361098e-01   5.361106e-01   5.344192e-01    8.639e-07      1.691e-03    1.691e-03    2.452e+00    1.079e-05          True
      6589      3    445  -1.362839e-01  -1.362839e-01  -1.362876e-01  -1.364916e-01    3.774e-06      2.077e-04    2.039e-04    5.135e+00    2.158e-05          True
      6592      3    448  -1.705518e+00  -1.705518e+00  -1.705517e+00  -1.703597e+00    1.435e-06      1.921e-03    1.920e-03    4.355e+00    2.158e-05          True
      6604      3    460  -2.386791e-01  -2.386791e-01  -2.386796e-01  -2.391713e-01    4.387e-07      4.922e-04    4.917e-04    2.427e+00    1.079e-05          True
      6607      3    463   6.817024e-01   6.817024e-01   6.817035e-01   6.809627e-01    1.110e-06      7.397e-04    7.408e-04    2.317e+00    1.079e-05          True
      6610      3    466   1.149383e+00   1.149383e+00   1.149382e+00   1.147298e+00    1.039e-06      2.085e-03    2.084e-03    3.090e+00    1.079e-05          True
      6612      3    468   2.373631e-01   2.373631e-01   2.373659e-01   2.358966e-01    2.845e-06      1.467e-03    1.469e-03    3.284e+00    1.079e-05          True
      6619      3    475   4.528466e-02   4.528466e-02   4.528472e-02   4.506205e-02    5.741e-08      2.226e-04    2.227e-04    3.358e+00    1.079e-05          True
      6631      3    487   7.374302e-01   7.374302e-01   7.374315e-01   7.364514e-01    1.236e-06      9.788e-04    9.800e-04    2.653e+00    1.079e-05          True
      6638      3    494   9.939958e-02   9.939958e-02   9.940309e-02   9.850499e-02    3.515e-06      8.946e-04    8.981e-04    4.551e+00    2.158e-05          True
      6648      3    504  -8.669421e-01  -8.669421e-01  -8.669406e-01  -8.659694e-01    1.561e-06      9.727e-04    9.711e-04    2.706e+00    1.079e-05          True
      6654      3    510   7.024470e-01   7.024470e-01   7.024487e-01   7.039421e-01    1.756e-06      1.495e-03    1.493e-03    4.132e+00    2.158e-05          True
      6667      3    523   7.034862e-01   7.034862e-01   7.034933e-01   7.020817e-01    7.085e-06      1.404e-03    1.412e-03    5.381e+00    2.158e-05          True
      6671      3    527   5.398597e-01   5.398597e-01   5.398589e-01   5.404207e-01    8.705e-07      5.609e-04    5.618e-04    2.080e+00    1.079e-05          True
      6681      3    537  -2.773744e+00  -2.773744e+00  -2.773745e+00  -2.776651e+00    1.355e-06      2.907e-03    2.906e-03    3.813e+00    1.079e-05          True
      6683      3    539   1.865584e-01   1.865584e-01   1.865594e-01   1.869154e-01    9.582e-07      3.570e-04    3.560e-04    3.287e+00    1.079e-05          True
      6687      3    543   7.462640e-01   7.462640e-01   7.462624e-01   7.478272e-01    1.603e-06      1.563e-03    1.565e-03    3.086e+00    1.079e-05          True
      6695      3    551  -5.608176e-01  -5.608176e-01  -5.608168e-01  -5.623944e-01    7.322e-07      1.577e-03    1.578e-03    2.237e+00    1.079e-05          True
      6716      3    572  -1.162846e-01  -1.162846e-01  -1.162846e-01  -1.156843e-01    1.504e-08      6.002e-04    6.002e-04    2.463e+00    1.079e-05          True
      6718      3    574  -1.251539e-01  -1.251539e-01  -1.251550e-01  -1.246067e-01    1.177e-06      5.471e-04    5.483e-04    2.522e+00    1.079e-05          True
      6721      3    577  -1.317476e+00  -1.317476e+00  -1.317480e+00  -1.318967e+00    4.765e-06      1.492e-03    1.487e-03    5.728e+00    2.158e-05          True
      6742      3    598   1.405319e+00   1.405319e+00   1.405319e+00   1.407125e+00    1.133e-07      1.806e-03    1.806e-03    2.696e+00    1.079e-05          True
      6748      3    604   1.206874e-01   1.206874e-01   1.206869e-01   1.205200e-01    5.459e-07      1.675e-04    1.669e-04    4.244e+00    2.158e-05          True
      6752      3    608   1.006615e+00   1.006615e+00   1.006616e+00   1.008608e+00    1.148e-06      1.993e-03    1.992e-03    2.574e+00    1.079e-05          True
      6756      3    612  -2.007513e-01  -2.007513e-01  -2.007511e-01  -2.020277e-01    2.798e-07      1.276e-03    1.277e-03    5.762e+00    2.158e-05          True
      6772      3    628   1.308320e+00   1.308320e+00   1.308321e+00   1.306374e+00    7.805e-07      1.945e-03    1.946e-03    5.369e+00    2.158e-05          True
      6783      3    639  -1.180567e+00  -1.180567e+00  -1.180565e+00  -1.181916e+00    2.059e-06      1.348e-03    1.350e-03    2.647e+00    1.079e-05          True
      6785      3    641  -1.378792e+00  -1.378792e+00  -1.378790e+00  -1.376607e+00    2.281e-06      2.185e-03    2.182e-03    2.895e+00    1.079e-05          True
      6796      3    652  -3.556446e-02  -3.556446e-02  -3.556525e-02  -3.440460e-02    7.913e-07      1.160e-03    1.161e-03    3.062e+00    1.079e-05          True
      6799      3    655  -6.791055e-01  -6.791055e-01  -6.791066e-01  -6.812696e-01    1.090e-06      2.164e-03    2.163e-03    3.464e+00    1.079e-05          True
      6805      3    661   3.317471e-01   3.317471e-01   3.317467e-01   3.305554e-01    3.796e-07      1.192e-03    1.191e-03    2.513e+00    1.079e-05          True
      6807      3    663  -5.624518e-01  -5.624518e-01  -5.624505e-01  -5.634558e-01    1.326e-06      1.004e-03    1.005e-03    5.298e+00    2.158e-05          True
      6809      3    665   1.444658e-02   1.444658e-02   1.444957e-02   1.312171e-02    2.994e-06      1.325e-03    1.328e-03    3.727e+00    1.079e-05          True
      6814      3    670   1.297942e+00   1.297942e+00   1.297943e+00   1.296490e+00    1.292e-06      1.452e-03    1.453e-03    5.233e+00    2.158e-05          True
      6818      3    674  -1.644519e+00  -1.644519e+00  -1.644519e+00  -1.642828e+00    3.949e-08      1.691e-03    1.691e-03    1.917e+00    5.395e-06          True
      6824      3    680   8.094910e-01   8.094910e-01   8.094914e-01   8.109041e-01    4.359e-07      1.413e-03    1.413e-03    1.880e+00    5.395e-06          True
      6826      3    682   8.145707e-01   8.145707e-01   8.145685e-01   8.136897e-01    2.223e-06      8.810e-04    8.788e-04    3.937e+00    1.079e-05          True
      6829      3    685  -7.773634e-02  -7.773634e-02  -7.773823e-02  -7.789326e-02    1.890e-06      1.569e-04    1.550e-04    3.077e+00    1.079e-05          True
      6836      3    692  -8.416593e-01  -8.416593e-01  -8.416566e-01  -8.427040e-01    2.688e-06      1.045e-03    1.047e-03    4.210e+00    2.158e-05          True
      6839      3    695  -3.832874e-01  -3.832874e-01  -3.832878e-01  -3.825973e-01    3.472e-07      6.901e-04    6.904e-04    1.871e+00    5.395e-06          True
      6842      3    698   9.767610e-01   9.767610e-01   9.767618e-01   9.777896e-01    7.489e-07      1.029e-03    1.028e-03    2.916e+00    1.079e-05          True
      6849      3    705  -1.722390e-02  -1.722390e-02  -1.722154e-02  -1.759257e-02    2.361e-06      3.687e-04    3.710e-04    3.164e+00    1.079e-05          True
      6852      3    708  -7.911829e-02  -7.911829e-02  -7.911807e-02  -7.629333e-02    2.205e-07      2.825e-03    2.825e-03    2.488e+00    1.079e-05          True
      6853      3    709  -3.361956e-01  -3.361956e-01  -3.361959e-01  -3.358373e-01    2.963e-07      3.583e-04    3.586e-04    2.838e+00    1.079e-05          True
      6865      3    721  -2.090493e+00  -2.090493e+00  -2.090493e+00  -2.088134e+00    6.750e-07      2.359e-03    2.358e-03    2.987e+00    1.079e-05          True
      6868      3    724   6.027056e-01   6.027056e-01   6.027067e-01   6.019093e-01    1.109e-06      7.963e-04    7.974e-04    3.837e+00    1.079e-05          True
      6872      3    728   1.501115e+00   1.501115e+00   1.501119e+00   1.498855e+00    3.853e-06      2.260e-03    2.264e-03    5.939e+00    2.158e-05          True
      6877      3    733  -4.923580e-01  -4.923580e-01  -4.923593e-01  -4.913489e-01    1.337e-06      1.009e-03    1.010e-03    2.672e+00    1.079e-05          True
      6878      3    734   3.449620e-01   3.449620e-01   3.449599e-01   3.445995e-01    2.094e-06      3.625e-04    3.604e-04    1.986e+00    5.395e-06          True
      6884      3    740   1.575945e+00   1.575945e+00   1.575947e+00   1.578015e+00    1.542e-06      2.070e-03    2.068e-03    3.963e+00    1.079e-05          True
      6886      3    742   5.141734e-01   5.141734e-01   5.141750e-01   5.135857e-01    1.579e-06      5.877e-04    5.893e-04    3.855e+00    1.079e-05          True
      6890      3    746   2.318547e-01   2.318547e-01   2.318534e-01   2.313464e-01    1.292e-06      5.083e-04    5.070e-04    3.179e+00    1.079e-05          True
      6894      3    750   2.206516e-01   2.206516e-01   2.206537e-01   2.214759e-01    2.018e-06      8.243e-04    8.223e-04    3.369e+00    1.079e-05          True
      6897      3    753   7.047304e-01   7.047304e-01   7.047310e-01   7.038900e-01    6.814e-07      8.404e-04    8.411e-04    3.587e+00    1.079e-05          True
      6898      3    754   7.175957e-01   7.175957e-01   7.175945e-01   7.185194e-01    1.223e-06      9.237e-04    9.249e-04    2.923e+00    1.079e-05          True
      6918      3    774  -4.112334e-01  -4.112334e-01  -4.112348e-01  -4.103847e-01    1.373e-06      8.487e-04    8.501e-04    3.694e+00    1.079e-05          True
      6925      3    781  -1.138872e+00  -1.138872e+00  -1.138874e+00  -1.140591e+00    1.218e-06      1.719e-03    1.718e-03    4.469e+00    2.158e-05          True
      6940      3    796  -7.603572e-01  -7.603572e-01  -7.603559e-01  -7.585349e-01    1.301e-06      1.822e-03    1.821e-03    3.234e+00    1.079e-05          True
      6949      3    805  -8.111605e-01  -8.111605e-01  -8.111593e-01  -8.122393e-01    1.191e-06      1.079e-03    1.080e-03    2.757e+00    1.079e-05          True
      6956      3    812   2.463134e-01   2.463134e-01   2.463153e-01   2.469513e-01    1.870e-06      6.379e-04    6.360e-04    2.879e+00    1.079e-05          True
      6957      3    813   1.506673e-01   1.506673e-01   1.506668e-01   1.495267e-01    5.173e-07      1.141e-03    1.140e-03    4.738e+00    2.158e-05          True
      6964      3    820  -1.473476e-01  -1.473476e-01  -1.473501e-01  -1.464664e-01    2.520e-06      8.812e-04    8.837e-04    2.625e+00    1.079e-05          True
      6978      3    834  -8.590059e-01  -8.590059e-01  -8.590066e-01  -8.579131e-01    6.353e-07      1.093e-03    1.094e-03    4.147e+00    2.158e-05          True
      6987      3    843   2.228789e-01   2.228789e-01   2.228787e-01   2.225858e-01    1.872e-07      2.931e-04    2.929e-04    2.243e+00    1.079e-05          True
      6992      3    848  -1.659046e+00  -1.659046e+00  -1.659045e+00  -1.657218e+00    1.042e-06      1.828e-03    1.827e-03    2.878e+00    1.079e-05          True
      6994      3    850  -9.975675e-01  -9.975675e-01  -9.975681e-01  -9.964449e-01    5.946e-07      1.123e-03    1.123e-03    3.923e+00    1.079e-05          True
      6996      3    852  -5.524716e-02  -5.524716e-02  -5.524949e-02  -5.587015e-02    2.330e-06      6.230e-04    6.207e-04    3.943e+00    1.079e-05          True
      7003      3    859   1.184902e+00   1.184902e+00   1.184902e+00   1.183609e+00    1.234e-08      1.293e-03    1.293e-03    3.168e+00    1.079e-05          True
      7010      3    866  -2.217256e-01  -2.217256e-01  -2.217273e-01  -2.230224e-01    1.678e-06      1.297e-03    1.295e-03    2.347e+00    1.079e-05          True
      7049      3    905  -4.381821e-01  -4.381821e-01  -4.381825e-01  -4.370797e-01    4.616e-07      1.102e-03    1.103e-03    2.452e+00    1.079e-05          True
      7067      3    923  -1.202812e-02  -1.202812e-02  -1.202804e-02  -1.030771e-02    8.344e-08      1.720e-03    1.720e-03    2.801e+00    1.079e-05          True
      7076      3    932   8.525304e-03   8.525304e-03   8.523979e-03   7.626757e-03    1.325e-06      8.985e-04    8.972e-04    3.233e+00    1.079e-05          True
      7086      3    942  -5.823646e-01  -5.823646e-01  -5.823641e-01  -5.816498e-01    4.985e-07      7.149e-04    7.144e-04    2.383e+00    1.079e-05          True
      7093      3    949  -8.944583e-01  -8.944583e-01  -8.944589e-01  -8.933960e-01    5.437e-07      1.062e-03    1.063e-03    1.998e+00    5.395e-06          True
      7111      3    967  -1.259184e+00  -1.259184e+00  -1.259182e+00  -1.257501e+00    2.114e-06      1.683e-03    1.681e-03    3.416e+00    1.079e-05          True
      7112      3    968   5.091016e-01   5.091016e-01   5.091015e-01   5.080758e-01    1.192e-07      1.026e-03    1.026e-03    3.670e+00    1.079e-05          True
      7113      3    969  -2.240027e-01  -2.240027e-01  -2.240043e-01  -2.230886e-01    1.531e-06      9.141e-04    9.156e-04    2.351e+00    1.079e-05          True
      7118      3    974   2.690107e-01   2.690107e-01   2.690111e-01   2.700280e-01    4.282e-07      1.017e-03    1.017e-03    1.737e+00    5.395e-06          True
      7126      3    982   7.059827e-01   7.059827e-01   7.059833e-01   7.049401e-01    5.416e-07      1.043e-03    1.043e-03    6.669e+00    2.158e-05          True
      7128      3    984  -5.308661e-01  -5.308661e-01  -5.308626e-01  -5.292777e-01    3.477e-06      1.588e-03    1.585e-03    4.066e+00    2.158e-05          True
      7130      3    986  -1.682366e-01  -1.682366e-01  -1.682359e-01  -1.690742e-01    6.267e-07      8.376e-04    8.382e-04    3.581e+00    1.079e-05          True
      7136      3    992   1.714017e-01   1.714017e-01   1.714027e-01   1.716779e-01    9.340e-07      2.762e-04    2.753e-04    2.058e+00    1.079e-05          True
      7143      3    999  -1.096707e-01  -1.096707e-01  -1.096701e-01  -1.089006e-01    6.253e-07      7.702e-04    7.695e-04    3.793e+00    1.079e-05          True
      7157      3   1013   8.293389e-01   8.293389e-01   8.293363e-01   8.308349e-01    2.534e-06      1.496e-03    1.499e-03    3.197e+00    1.079e-05          True
      7158      3   1014   8.645946e-02   8.645946e-02   8.645775e-02   8.660505e-02    1.706e-06      1.456e-04    1.473e-04    3.354e+00    1.079e-05          True
      7160      3   1016   2.060214e-01   2.060214e-01   2.060231e-01   2.062309e-01    1.658e-06      2.095e-04    2.079e-04    2.730e+00    1.079e-05          True
      7172      3   1028   1.177515e-01   1.177515e-01   1.177531e-01   1.162028e-01    1.675e-06      1.549e-03    1.550e-03    3.801e+00    1.079e-05          True
      7186      3   1042   1.775152e-01   1.775152e-01   1.775128e-01   1.783485e-01    2.467e-06      8.332e-04    8.357e-04    3.845e+00    1.079e-05          True
      7189      3   1045  -4.107378e-01  -4.107378e-01  -4.107407e-01  -4.114342e-01    2.898e-06      6.964e-04    6.935e-04    4.415e+00    2.158e-05          True
      7195      3   1051  -8.286379e-01  -8.286379e-01  -8.286370e-01  -8.304598e-01    8.968e-07      1.822e-03    1.823e-03    2.997e+00    1.079e-05          True
      7200      3   1056  -6.698575e-01  -6.698575e-01  -6.698515e-01  -6.688532e-01    5.921e-06      1.004e-03    9.983e-04    5.737e+00    2.158e-05          True
      7208      3   1064  -4.226796e-01  -4.226796e-01  -4.226740e-01  -4.233993e-01    5.563e-06      7.197e-04    7.253e-04    5.515e+00    2.158e-05          True
      7216      3   1072   1.764463e+00   1.764463e+00   1.764462e+00   1.766763e+00    4.847e-07      2.300e-03    2.301e-03    4.204e+00    2.158e-05          True
      7218      3   1074  -2.411268e-01  -2.411268e-01  -2.411284e-01  -2.417748e-01    1.638e-06      6.481e-04    6.464e-04    3.407e+00    1.079e-05          True
      7219      3   1075  -7.203835e-01  -7.203835e-01  -7.203814e-01  -7.191983e-01    2.057e-06      1.185e-03    1.183e-03    3.046e+00    1.079e-05          True
      7224      3   1080  -9.461845e-02  -9.461845e-02  -9.461991e-02  -9.501420e-02    1.461e-06      3.957e-04    3.943e-04    3.568e+00    1.079e-05          True
      7242      3   1098   7.501606e-01   7.501606e-01   7.501604e-01   7.476044e-01    1.708e-07      2.556e-03    2.556e-03    2.857e+00    1.079e-05          True
      7251      3   1107   2.638833e-01   2.638833e-01   2.638825e-01   2.653927e-01    8.283e-07      1.509e-03    1.510e-03    2.288e+00    1.079e-05          True
      7259      3   1115  -5.219047e-01  -5.219047e-01  -5.219046e-01  -5.206630e-01    1.103e-07      1.242e-03    1.242e-03    2.709e+00    1.079e-05          True
      7266      3   1122   7.604607e-01   7.604607e-01   7.604602e-01   7.593127e-01    4.766e-07      1.148e-03    1.147e-03    3.060e+00    1.079e-05          True
      7273      3   1129  -6.853075e-02  -6.853075e-02  -6.853044e-02  -6.860065e-02    3.049e-07      6.991e-05    7.021e-05    2.869e+00    1.079e-05          True
      7274      3   1130   2.035821e-02   2.035821e-02   2.035817e-02   1.876822e-02    3.789e-08      1.590e-03    1.590e-03    3.859e+00    1.079e-05          True
      7275      3   1131  -6.296840e-02  -6.296840e-02  -6.296927e-02  -6.391457e-02    8.766e-07      9.462e-04    9.453e-04    2.266e+00    1.079e-05          True
      7279      3   1135  -2.146321e-01  -2.146321e-01  -2.146324e-01  -2.141217e-01    3.506e-07      5.103e-04    5.107e-04    2.629e+00    1.079e-05          True
      7281      3   1137  -1.744853e-01  -1.744853e-01  -1.744822e-01  -1.755232e-01    3.060e-06      1.038e-03    1.041e-03    3.291e+00    1.079e-05          True
      7282      3   1138  -1.058145e-01  -1.058145e-01  -1.058155e-01  -1.075414e-01    9.076e-07      1.727e-03    1.726e-03    1.979e+00    5.395e-06          True
      7283      3   1139  -1.136046e+00  -1.136046e+00  -1.136049e+00  -1.138025e+00    2.763e-06      1.979e-03    1.976e-03    3.223e+00    1.079e-05          True
      7300      3   1156   3.551960e-01   3.551960e-01   3.551950e-01   3.541849e-01    9.251e-07      1.011e-03    1.010e-03    2.859e+00    1.079e-05          True
      7305      3   1161  -2.537802e-01  -2.537802e-01  -2.537799e-01  -2.545410e-01    2.812e-07      7.608e-04    7.611e-04    2.537e+00    1.079e-05          True
      7315      3   1171   1.146623e+00   1.146623e+00   1.146623e+00   1.145133e+00    4.682e-08      1.491e-03    1.490e-03    2.211e+00    1.079e-05          True
      7321      3   1177  -3.926382e-01  -3.926382e-01  -3.926387e-01  -3.915264e-01    5.306e-07      1.112e-03    1.112e-03    3.800e+00    1.079e-05          True
      7323      3   1179  -3.526538e-01  -3.526538e-01  -3.526529e-01  -3.543299e-01    9.017e-07      1.676e-03    1.677e-03    2.339e+00    1.079e-05          True
      7328      3   1184  -6.128527e-01  -6.128527e-01  -6.128525e-01  -6.141489e-01    1.468e-07      1.296e-03    1.296e-03    3.441e+00    1.079e-05          True
      7329      3   1185  -2.131526e-01  -2.131526e-01  -2.131516e-01  -2.138180e-01    9.957e-07      6.653e-04    6.663e-04    2.563e+00    1.079e-05          True
      7330      3   1186  -9.361642e-02  -9.361642e-02  -9.361565e-02  -9.165134e-02    7.715e-07      1.965e-03    1.964e-03    4.062e+00    2.158e-05          True
      7331      3   1187   6.341884e-01   6.341884e-01   6.341903e-01   6.332954e-01    1.892e-06      8.930e-04    8.948e-04    4.982e+00    2.158e-05          True
      7342      3   1198   1.391397e-01   1.391397e-01   1.391385e-01   1.396746e-01    1.288e-06      5.349e-04    5.362e-04    3.441e+00    1.079e-05          True
      7355      3   1211   8.182742e-01   8.182742e-01   8.182752e-01   8.195012e-01    9.527e-07      1.227e-03    1.226e-03    2.115e+00    1.079e-05          True
      7359      3   1215  -5.711329e-01  -5.711329e-01  -5.711338e-01  -5.701159e-01    8.728e-07      1.017e-03    1.018e-03    3.569e+00    1.079e-05          True
      7364      3   1220   1.715014e+00   1.715014e+00   1.715015e+00   1.713132e+00    6.096e-07      1.882e-03    1.883e-03    2.857e+00    1.079e-05          True
      7369      3   1225  -1.048103e-01  -1.048103e-01  -1.048100e-01  -1.045960e-01    2.648e-07      2.142e-04    2.140e-04    2.558e+00    1.079e-05          True
      7377      3   1233  -1.309956e+00  -1.309956e+00  -1.309957e+00  -1.313241e+00    4.476e-07      3.285e-03    3.284e-03    2.520e+00    1.079e-05          True
      7380      3   1236  -2.704513e-02  -2.704513e-02  -2.704561e-02  -2.916754e-02    4.844e-07      2.122e-03    2.122e-03    1.251e+00    5.395e-06          True
      7391      3   1247  -5.280356e-01  -5.280356e-01  -5.280365e-01  -5.293415e-01    9.675e-07      1.306e-03    1.305e-03    2.171e+00    1.079e-05          True
      7400      3   1256   1.819415e-01   1.819415e-01   1.819397e-01   1.823327e-01    1.785e-06      3.912e-04    3.930e-04    4.756e+00    2.158e-05          True
      7402      3   1258  -6.564555e-01  -6.564555e-01  -6.564539e-01  -6.551377e-01    1.618e-06      1.318e-03    1.316e-03    3.544e+00    1.079e-05          True
      7405      3   1261  -7.387374e-01  -7.387374e-01  -7.387367e-01  -7.372558e-01    7.440e-07      1.482e-03    1.481e-03    2.335e+00    1.079e-05          True
      7406      3   1262  -1.107745e+00  -1.107745e+00  -1.107745e+00  -1.106395e+00    5.200e-07      1.350e-03    1.351e-03    2.891e+00    1.079e-05          True
      7412      3   1268  -1.071053e+00  -1.071053e+00  -1.071052e+00  -1.072476e+00    1.432e-06      1.423e-03    1.424e-03    2.342e+00    1.079e-05          True
      7417      3   1273   3.340526e-01   3.340526e-01   3.340524e-01   3.354130e-01    1.228e-07      1.360e-03    1.361e-03    2.328e+00    1.079e-05          True
      7435      3   1291  -2.207759e-01  -2.207759e-01  -2.207753e-01  -2.223454e-01    5.407e-07      1.570e-03    1.570e-03    3.773e+00    1.079e-05          True
      7436      3   1292   2.089896e-01   2.089896e-01   2.089920e-01   2.084823e-01    2.408e-06      5.073e-04    5.097e-04    2.922e+00    1.079e-05          True
      7438      3   1294   2.048526e-01   2.048526e-01   2.048515e-01   2.051628e-01    1.065e-06      3.102e-04    3.113e-04    2.002e+00    1.079e-05          True
      7439      3   1295   4.417997e-01   4.417997e-01   4.417986e-01   4.413103e-01    1.099e-06      4.894e-04    4.883e-04    3.764e+00    1.079e-05          True
      7440      3   1296   8.123966e-01   8.123966e-01   8.123970e-01   8.113174e-01    4.117e-07      1.079e-03    1.080e-03    3.238e+00    1.079e-05          True
      7442      3   1298   1.063093e+00   1.063093e+00   1.063090e+00   1.065209e+00    2.497e-06      2.116e-03    2.119e-03    3.526e+00    1.079e-05          True
      7458      3   1314  -1.463355e+00  -1.463355e+00  -1.463357e+00  -1.461728e+00    1.763e-06      1.627e-03    1.628e-03    2.721e+00    1.079e-05          True
      7466      3   1322   4.791545e-01   4.791545e-01   4.791559e-01   4.800814e-01    1.389e-06      9.269e-04    9.255e-04    3.134e+00    1.079e-05          True
      7468      3   1324   6.391531e-01   6.391531e-01   6.391522e-01   6.398659e-01    9.127e-07      7.128e-04    7.137e-04    3.866e+00    1.079e-05          True
      7471      3   1327  -7.034841e-01  -7.034841e-01  -7.034873e-01  -7.023661e-01    3.257e-06      1.118e-03    1.121e-03    4.127e+00    2.158e-05          True
      7472      3   1328  -4.145732e-01  -4.145732e-01  -4.145744e-01  -4.158377e-01    1.184e-06      1.265e-03    1.263e-03    3.417e+00    1.079e-05          True
      7484      3   1340  -1.089469e+00  -1.089469e+00  -1.089468e+00  -1.087741e+00    1.044e-06      1.728e-03    1.727e-03    2.671e+00    1.079e-05          True
      7488      3   1344  -5.027974e-01  -5.027974e-01  -5.027968e-01  -5.036066e-01    6.770e-07      8.091e-04    8.098e-04    3.163e+00    1.079e-05          True
      7500      3   1356  -1.494087e+00  -1.494087e+00  -1.494087e+00  -1.492546e+00    4.573e-07      1.541e-03    1.541e-03    2.113e+00    1.079e-05          True
      7502      3   1358   1.702855e-01   1.702855e-01   1.702844e-01   1.699332e-01    1.111e-06      3.523e-04    3.512e-04    2.358e+00    1.079e-05          True
      7505      3   1361  -5.358434e-01  -5.358434e-01  -5.358413e-01  -5.352601e-01    2.085e-06      5.833e-04    5.812e-04    4.754e+00    2.158e-05          True
      7512      3   1368   5.129231e-01   5.129231e-01   5.129231e-01   5.118605e-01    2.583e-08      1.063e-03    1.063e-03    3.133e+00    1.079e-05          True
      7513      3   1369   1.614002e-01   1.614002e-01   1.614011e-01   1.608645e-01    8.932e-07      5.358e-04    5.367e-04    2.478e+00    1.079e-05          True
      7516      3   1372  -9.400685e-01  -9.400685e-01  -9.400699e-01  -9.415392e-01    1.346e-06      1.471e-03    1.469e-03    2.521e+00    1.079e-05          True
      7521      3   1377   8.704788e-01   8.704788e-01   8.704742e-01   8.693336e-01    4.634e-06      1.145e-03    1.141e-03    5.457e+00    2.158e-05          True
      7526      3   1382   5.932354e-01   5.932354e-01   5.932332e-01   5.922432e-01    2.192e-06      9.922e-04    9.900e-04    2.584e+00    1.079e-05          True
      7534      3   1390   1.006299e+00   1.006299e+00   1.006299e+00   1.005292e+00    1.995e-07      1.007e-03    1.007e-03    4.870e+00    2.158e-05          True
      7535      3   1391   1.522656e+00   1.522656e+00   1.522653e+00   1.520485e+00    2.690e-06      2.171e-03    2.168e-03    3.055e+00    1.079e-05          True
      7537      3   1393   2.756132e-01   2.756132e-01   2.756117e-01   2.766493e-01    1.445e-06      1.036e-03    1.038e-03    2.949e+00    1.079e-05          True
      7541      3   1397  -1.759267e-01  -1.759267e-01  -1.759272e-01  -1.744120e-01    4.729e-07      1.515e-03    1.515e-03    2.932e+00    1.079e-05          True
      7542      3   1398  -5.656437e-01  -5.656437e-01  -5.656431e-01  -5.664485e-01    6.311e-07      8.047e-04    8.054e-04    2.320e+00    1.079e-05          True
      7545      3   1401  -2.160549e-02  -2.160549e-02  -2.160675e-02  -2.048767e-02    1.260e-06      1.118e-03    1.119e-03    4.221e+00    2.158e-05          True
      7549      3   1405   6.882429e-01   6.882429e-01   6.882414e-01   6.869795e-01    1.563e-06      1.263e-03    1.262e-03    2.735e+00    1.079e-05          True
      7551      3   1407  -9.542797e-01  -9.542797e-01  -9.542806e-01  -9.561438e-01    9.508e-07      1.864e-03    1.863e-03    2.178e+00    1.079e-05          True
      7554      3   1410  -3.402685e-01  -3.402685e-01  -3.402668e-01  -3.398495e-01    1.754e-06      4.190e-04    4.173e-04    3.625e+00    1.079e-05          True
      7562      3   1418   7.898949e-01   7.898949e-01   7.898924e-01   7.907873e-01    2.478e-06      8.924e-04    8.949e-04    3.292e+00    1.079e-05          True
      7564      3   1420   9.264327e-01   9.264327e-01   9.264275e-01   9.284262e-01    5.211e-06      1.994e-03    1.999e-03    5.126e+00    2.158e-05          True
      7568      3   1424  -1.424413e-01  -1.424413e-01  -1.424393e-01  -1.431463e-01    2.045e-06      7.050e-04    7.071e-04    3.547e+00    1.079e-05          True
      7569      3   1425   4.370223e-01   4.370223e-01   4.370229e-01   4.375360e-01    6.080e-07      5.137e-04    5.131e-04    2.163e+00    1.079e-05          True
      7574      3   1430   3.241997e-01   3.241997e-01   3.242015e-01   3.218312e-01    1.803e-06      2.368e-03    2.370e-03    3.477e+00    1.079e-05          True
      7577      3   1433  -5.392081e-01  -5.392081e-01  -5.392079e-01  -5.400723e-01    1.157e-07      8.643e-04    8.644e-04    1.893e+00    5.395e-06          True
      7594      3   1450  -1.276691e-02  -1.276691e-02  -1.276784e-02  -1.316732e-02    9.314e-07      4.004e-04    3.995e-04    2.180e+00    1.079e-05          True
      7597      3   1453  -2.177405e-02  -2.177405e-02  -2.177478e-02  -2.069691e-02    7.323e-07      1.077e-03    1.078e-03    2.703e+00    1.079e-05          True
      7599      3   1455   7.542360e-01   7.542360e-01   7.542368e-01   7.533836e-01    7.577e-07      8.524e-04    8.531e-04    2.045e+00    1.079e-05          True
      7608      3   1464   1.785816e-02   1.785816e-02   1.785465e-02   1.761551e-02    3.509e-06      2.426e-04    2.391e-04    6.429e+00    2.158e-05          True
      7615      3   1471   5.246418e-01   5.246418e-01   5.246401e-01   5.231692e-01    1.708e-06      1.473e-03    1.471e-03    3.567e+00    1.079e-05          True
      7618      3   1474   2.171885e-01   2.171885e-01   2.171897e-01   2.174557e-01    1.167e-06      2.672e-04    2.660e-04    2.389e+00    1.079e-05          True
      7620      3   1476   1.541158e+00   1.541158e+00   1.541159e+00   1.538671e+00    1.243e-06      2.486e-03    2.488e-03    3.910e+00    1.079e-05          True
      7622      3   1478   6.511391e-02   6.511391e-02   6.511371e-02   6.619156e-02    2.036e-07      1.078e-03    1.078e-03    2.190e+00    1.079e-05          True
      7629      3   1485   1.106217e-01   1.106217e-01   1.106251e-01   1.115706e-01    3.317e-06      9.489e-04    9.456e-04    3.072e+00    1.079e-05          True
      7643      3   1499  -1.528517e+00  -1.528517e+00  -1.528517e+00  -1.526974e+00    2.411e-09      1.542e-03    1.542e-03    2.089e+00    1.079e-05          True
      7647      3   1503   2.594381e-02   2.594381e-02   2.594336e-02   2.457095e-02    4.576e-07      1.373e-03    1.372e-03    2.674e+00    1.079e-05          True
      7650      3   1506   8.950486e-01   8.950486e-01   8.950484e-01   8.963608e-01    1.869e-07      1.312e-03    1.312e-03    3.276e+00    1.079e-05          True
      7653      3   1509  -1.466933e+00  -1.466933e+00  -1.466930e+00  -1.468594e+00    2.671e-06      1.661e-03    1.664e-03    5.609e+00    2.158e-05          True
      7670      3   1526  -1.196187e+00  -1.196187e+00  -1.196187e+00  -1.194945e+00    3.485e-07      1.241e-03    1.242e-03    2.040e+00    1.079e-05          True
      7680      3   1536  -9.902418e-01  -9.902418e-01  -9.902428e-01  -9.914339e-01    9.882e-07      1.192e-03    1.191e-03    2.484e+00    1.079e-05          True
      7694      3   1550  -3.396416e-02  -3.396416e-02  -3.396404e-02  -3.417945e-02    1.204e-07      2.153e-04    2.154e-04    4.336e+00    2.158e-05          True
      7700      3   1556   7.140286e-01   7.140286e-01   7.140273e-01   7.123462e-01    1.252e-06      1.682e-03    1.681e-03    3.554e+00    1.079e-05          True
      7702      3   1558   7.985186e-01   7.985186e-01   7.985190e-01   7.998234e-01    3.857e-07      1.305e-03    1.304e-03    3.014e+00    1.079e-05          True
      7709      3   1565   1.260629e+00   1.260629e+00   1.260625e+00   1.257989e+00    4.248e-06      2.640e-03    2.636e-03    3.922e+00    1.079e-05          True
      7717      3   1573   1.443855e+00   1.443855e+00   1.443852e+00   1.445360e+00    2.447e-06      1.506e-03    1.508e-03    3.729e+00    1.079e-05          True
      7719      3   1575  -7.842861e-01  -7.842861e-01  -7.842847e-01  -7.827479e-01    1.382e-06      1.538e-03    1.537e-03    3.922e+00    1.079e-05          True
      7725      3   1581   2.264631e-01   2.264631e-01   2.264636e-01   2.282524e-01    5.716e-07      1.789e-03    1.789e-03    3.310e+00    1.079e-05          True
      7728      3   1584  -5.776271e-01  -5.776271e-01  -5.776269e-01  -5.798423e-01    1.737e-07      2.215e-03    2.215e-03    2.257e+00    1.079e-05          True
      7738      3   1594  -1.376606e-01  -1.376606e-01  -1.376620e-01  -1.367274e-01    1.471e-06      9.332e-04    9.346e-04    4.291e+00    2.158e-05          True
      7744      3   1600   7.358563e-01   7.358563e-01   7.358568e-01   7.350265e-01    4.470e-07      8.298e-04    8.302e-04    2.489e+00    1.079e-05          True
      7747      3   1603  -5.751910e-01  -5.751910e-01  -5.751917e-01  -5.771114e-01    7.382e-07      1.920e-03    1.920e-03    3.599e+00    1.079e-05          True
      7749      3   1605   9.190290e-02   9.190290e-02   9.190250e-02   9.173186e-02    3.954e-07      1.710e-04    1.706e-04    2.346e+00    1.079e-05          True
      7752      3   1608   3.737751e-01   3.737751e-01   3.737764e-01   3.723869e-01    1.344e-06      1.388e-03    1.390e-03    4.713e+00    2.158e-05          True
      7754      3   1610  -2.813563e-01  -2.813563e-01  -2.813551e-01  -2.799893e-01    1.186e-06      1.367e-03    1.366e-03    2.072e+00    1.079e-05          True
      7758      3   1614  -1.033293e-01  -1.033293e-01  -1.033298e-01  -1.025318e-01    5.770e-07      7.974e-04    7.980e-04    2.183e+00    1.079e-05          True
      7760      3   1616  -1.058528e+00  -1.058528e+00  -1.058527e+00  -1.057298e+00    9.866e-07      1.229e-03    1.228e-03    4.092e+00    2.158e-05          True
      7767      3   1623  -7.843662e-01  -7.843662e-01  -7.843652e-01  -7.831138e-01    1.056e-06      1.252e-03    1.251e-03    2.417e+00    1.079e-05          True
      7789      3   1645  -1.315339e-01  -1.315339e-01  -1.315341e-01  -1.324766e-01    1.643e-07      9.427e-04    9.425e-04    2.859e+00    1.079e-05          True
      7796      3   1652   1.019028e+00   1.019028e+00   1.019029e+00   1.020305e+00    8.908e-07      1.276e-03    1.276e-03    3.306e+00    1.079e-05          True
      7808      3   1664   3.147869e-01   3.147869e-01   3.147894e-01   3.138493e-01    2.488e-06      9.375e-04    9.400e-04    2.189e+00    1.079e-05          True
      7822      3   1678   4.158562e-01   4.158562e-01   4.158546e-01   4.164626e-01    1.591e-06      6.064e-04    6.080e-04    2.778e+00    1.079e-05          True
      7840      3   1696  -4.873268e-01  -4.873268e-01  -4.873284e-01  -4.868077e-01    1.502e-06      5.191e-04    5.206e-04    3.176e+00    1.079e-05          True
      7844      3   1700  -2.872341e-01  -2.872341e-01  -2.872322e-01  -2.866103e-01    1.857e-06      6.238e-04    6.219e-04    2.584e+00    1.079e-05          True
      7846      3   1702   4.449341e-01   4.449341e-01   4.449339e-01   4.466197e-01    1.393e-07      1.686e-03    1.686e-03    3.827e+00    1.079e-05          True
      7860      3   1716  -7.686279e-02  -7.686279e-02  -7.686234e-02  -7.841355e-02    4.577e-07      1.551e-03    1.551e-03    2.128e+00    1.079e-05          True
      7869      3   1725   3.647695e-01   3.647695e-01   3.647708e-01   3.675316e-01    1.308e-06      2.762e-03    2.761e-03    2.428e+00    1.079e-05          True
      7871      3   1727   1.567904e-01   1.567904e-01   1.567915e-01   1.575858e-01    1.093e-06      7.954e-04    7.943e-04    3.475e+00    1.079e-05          True
      7874      3   1730  -1.018855e-01  -1.018855e-01  -1.018860e-01  -1.014454e-01    5.211e-07      4.402e-04    4.407e-04    2.984e+00    1.079e-05          True
      7884      3   1740   1.286574e-01   1.286574e-01   1.286573e-01   1.273278e-01    5.338e-08      1.330e-03    1.330e-03    3.624e+00    1.079e-05          True
      7887      3   1743  -1.342108e-01  -1.342108e-01  -1.342115e-01  -1.360943e-01    7.235e-07      1.884e-03    1.883e-03    2.013e+00    1.079e-05          True
      7894      3   1750  -5.265747e-02  -5.265747e-02  -5.265705e-02  -5.250381e-02    4.174e-07      1.537e-04    1.532e-04    3.341e+00    1.079e-05          True
      7895      3   1751   1.602549e+00   1.602549e+00   1.602553e+00   1.600215e+00    4.345e-06      2.334e-03    2.338e-03    5.378e+00    2.158e-05          True
      7898      3   1754  -6.203647e-02  -6.203647e-02  -6.203648e-02  -6.161978e-02    1.475e-08      4.167e-04    4.167e-04    4.948e+00    2.158e-05          True
      7910      3   1766  -1.327420e-01  -1.327420e-01  -1.327421e-01  -1.308402e-01    1.221e-07      1.902e-03    1.902e-03    2.390e+00    1.079e-05          True
      7913      3   1769  -1.015670e+00  -1.015670e+00  -1.015677e+00  -1.016723e+00    6.613e-06      1.052e-03    1.046e-03    4.262e+00    2.158e-05          True
      7914      3   1770   1.627658e+00   1.627658e+00   1.627656e+00   1.625906e+00    2.991e-06      1.752e-03    1.749e-03    5.433e+00    2.158e-05          True
      7916      3   1772   9.869183e-01   9.869183e-01   9.869195e-01   9.851052e-01    1.250e-06      1.813e-03    1.814e-03    4.121e+00    2.158e-05          True
      7922      3   1778  -6.460274e-01  -6.460274e-01  -6.460275e-01  -6.451326e-01    6.010e-08      8.948e-04    8.949e-04    2.401e+00    1.079e-05          True
      7925      3   1781  -9.591279e-02  -9.591279e-02  -9.591360e-02  -9.626018e-02    8.071e-07      3.474e-04    3.466e-04    3.060e+00    1.079e-05          True
      7929      3   1785   1.676804e-01   1.676804e-01   1.676729e-01   1.674065e-01    7.461e-06      2.739e-04    2.664e-04    4.987e+00    2.158e-05          True
      7945      3   1801  -1.051817e+00  -1.051817e+00  -1.051815e+00  -1.052984e+00    2.782e-06      1.167e-03    1.169e-03    5.132e+00    2.158e-05          True
      7954      3   1810  -8.860930e-01  -8.860930e-01  -8.860931e-01  -8.841801e-01    1.174e-07      1.913e-03    1.913e-03    2.941e+00    1.079e-05          True
      7956      3   1812   2.710882e-01   2.710882e-01   2.710922e-01   2.723263e-01    3.928e-06      1.238e-03    1.234e-03    2.761e+00    1.079e-05          True
      7960      3   1816   1.952829e+00   1.952829e+00   1.952830e+00   1.950570e+00    1.491e-06      2.258e-03    2.260e-03    3.238e+00    1.079e-05          True
      7964      3   1820  -4.243812e-01  -4.243812e-01  -4.243814e-01  -4.236407e-01    2.569e-07      7.405e-04    7.407e-04    2.209e+00    1.079e-05          True
      7969      3   1825  -4.607272e-01  -4.607272e-01  -4.607248e-01  -4.592150e-01    2.397e-06      1.512e-03    1.510e-03    5.795e+00    2.158e-05          True
      7976      3   1832  -3.643678e-01  -3.643678e-01  -3.643657e-01  -3.652736e-01    2.178e-06      9.057e-04    9.079e-04    3.743e+00    1.079e-05          True
      8003      3   1859   4.560325e-01   4.560325e-01   4.560352e-01   4.569833e-01    2.714e-06      9.508e-04    9.481e-04    4.874e+00    2.158e-05          True
      8010      3   1866  -3.084125e-01  -3.084125e-01  -3.084132e-01  -3.088395e-01    6.381e-07      4.270e-04    4.264e-04    3.362e+00    1.079e-05          True
      8013      3   1869   2.323903e-01   2.323903e-01   2.323904e-01   2.317307e-01    2.427e-08      6.596e-04    6.596e-04    2.007e+00    1.079e-05          True
      8018      3   1874   2.338536e-01   2.338536e-01   2.338526e-01   2.351472e-01    1.064e-06      1.294e-03    1.295e-03    2.175e+00    1.079e-05          True
      8019      3   1875  -9.427095e-02  -9.427095e-02  -9.427215e-02  -9.560522e-02    1.202e-06      1.334e-03    1.333e-03    2.261e+00    1.079e-05          True
      8020      3   1876  -1.720021e-01  -1.720021e-01  -1.720015e-01  -1.722239e-01    5.236e-07      2.219e-04    2.224e-04    2.696e+00    1.079e-05          True
      8022      3   1878   4.801012e-01   4.801012e-01   4.801019e-01   4.812942e-01    6.746e-07      1.193e-03    1.192e-03    2.663e+00    1.079e-05          True
      8026      3   1882  -1.681492e-01  -1.681492e-01  -1.681509e-01  -1.667225e-01    1.721e-06      1.427e-03    1.428e-03    2.987e+00    1.079e-05          True
      8033      3   1889   2.392844e-01   2.392844e-01   2.392845e-01   2.389433e-01    1.542e-07      3.411e-04    3.412e-04    1.931e+00    5.395e-06          True
      8041      3   1897   1.559987e-01   1.559987e-01   1.560022e-01   1.552182e-01    3.446e-06      7.805e-04    7.839e-04    4.059e+00    2.158e-05          True
      8049      3   1905   3.744445e-01   3.744445e-01   3.744431e-01   3.755177e-01    1.379e-06      1.073e-03    1.075e-03    2.964e+00    1.079e-05          True
      8057      3   1913  -1.221135e+00  -1.221135e+00  -1.221133e+00  -1.219818e+00    2.045e-06      1.316e-03    1.314e-03    2.517e+00    1.079e-05          True
      8062      3   1918   1.173522e+00   1.173522e+00   1.173523e+00   1.172040e+00    1.159e-06      1.481e-03    1.483e-03    2.470e+00    1.079e-05          True
      8065      3   1921  -6.665895e-01  -6.665895e-01  -6.665903e-01  -6.654390e-01    7.777e-07      1.151e-03    1.151e-03    1.696e+00    5.395e-06          True
      8076      3   1932   7.332251e-02   7.332251e-02   7.332064e-02   7.365103e-02    1.866e-06      3.285e-04    3.304e-04    3.289e+00    1.079e-05          True
      8080      3   1936  -6.388168e-01  -6.388168e-01  -6.388195e-01  -6.380355e-01    2.675e-06      7.813e-04    7.840e-04    2.565e+00    1.079e-05          True
      8093      3   1949   7.800844e-01   7.800844e-01   7.800837e-01   7.788213e-01    6.378e-07      1.263e-03    1.262e-03    4.569e+00    2.158e-05          True
      8097      3   1953   4.979076e-01   4.979076e-01   4.979069e-01   5.004088e-01    6.621e-07      2.501e-03    2.502e-03    3.014e+00    1.079e-05          True
      8100      3   1956  -3.686427e-01  -3.686427e-01  -3.686431e-01  -3.680548e-01    3.627e-07      5.879e-04    5.883e-04    2.103e+00    1.079e-05          True
      8105      3   1961   3.872965e-01   3.872965e-01   3.872977e-01   3.877560e-01    1.266e-06      4.595e-04    4.582e-04    3.914e+00    1.079e-05          True
      8108      3   1964   1.003237e+00   1.003237e+00   1.003245e+00   1.000284e+00    8.468e-06      2.953e-03    2.962e-03    5.220e+00    2.158e-05          True
      8118      3   1974  -1.618896e-01  -1.618896e-01  -1.618874e-01  -1.611162e-01    2.190e-06      7.734e-04    7.712e-04    3.562e+00    1.079e-05          True
      8119      3   1975   6.074955e-01   6.074955e-01   6.074947e-01   6.089669e-01    8.657e-07      1.471e-03    1.472e-03    3.848e+00    1.079e-05          True
      8127      3   1983  -2.640498e+00  -2.640498e+00  -2.640498e+00  -2.643336e+00    4.249e-07      2.838e-03    2.838e-03    4.785e+00    2.158e-05          True
      8130      3   1986  -9.525575e-01  -9.525575e-01  -9.525581e-01  -9.510517e-01    5.652e-07      1.506e-03    1.506e-03    2.167e+00    1.079e-05          True
      8136      3   1992   1.042415e+00   1.042415e+00   1.042416e+00   1.044223e+00    8.539e-07      1.808e-03    1.807e-03    2.868e+00    1.079e-05          True
      8140      3   1996   5.511354e-01   5.511354e-01   5.511351e-01   5.505480e-01    3.239e-07      5.875e-04    5.872e-04    2.304e+00    1.079e-05          True
      8146      3   2002  -2.172301e-01  -2.172301e-01  -2.172309e-01  -2.193753e-01    7.866e-07      2.145e-03    2.144e-03    3.538e+00    1.079e-05          True
      8147      3   2003   2.628469e-01   2.628469e-01   2.628475e-01   2.635276e-01    5.095e-07      6.807e-04    6.802e-04    2.212e+00    1.079e-05          True
      8164      3   2020  -8.964814e-01  -8.964814e-01  -8.964849e-01  -8.975255e-01    3.514e-06      1.044e-03    1.041e-03    4.488e+00    2.158e-05          True
      8166      3   2022  -6.806253e-01  -6.806253e-01  -6.806252e-01  -6.815615e-01    1.282e-07      9.362e-04    9.363e-04    2.514e+00    1.079e-05          True
      8175      3   2031   8.676031e-01   8.676031e-01   8.676027e-01   8.652874e-01    3.744e-07      2.316e-03    2.315e-03    2.470e+00    1.079e-05          True
      8200      4      8  -1.988019e-01  -1.988019e-01  -1.988007e-01  -1.973897e-01    1.176e-06      1.412e-03    1.411e-03    3.928e+00    1.079e-05          True
      8220      4     28   3.568413e-01   3.568413e-01   3.568407e-01   3.585268e-01    5.591e-07      1.686e-03    1.686e-03    3.580e+00    1.079e-05          True
      8225      4     33  -4.965773e-01  -4.965773e-01  -4.965776e-01  -4.957773e-01    2.259e-07      8.000e-04    8.003e-04    2.699e+00    1.079e-05          True
      8240      4     48   1.195031e+00   1.195031e+00   1.195032e+00   1.193405e+00    2.766e-07      1.626e-03    1.626e-03    3.112e+00    1.079e-05          True
      8241      4     49   1.140076e+00   1.140076e+00   1.140075e+00   1.141827e+00    8.737e-07      1.751e-03    1.752e-03    3.175e+00    1.079e-05          True
      8243      4     51  -1.707305e-01  -1.707305e-01  -1.707300e-01  -1.715117e-01    4.936e-07      7.811e-04    7.816e-04    3.845e+00    1.079e-05          True
      8244      4     52  -9.457533e-01  -9.457533e-01  -9.457548e-01  -9.471487e-01    1.516e-06      1.395e-03    1.394e-03    2.330e+00    1.079e-05          True
      8257      4     65   8.872824e-01   8.872824e-01   8.872833e-01   8.849451e-01    9.152e-07      2.337e-03    2.338e-03    5.298e+00    2.158e-05          True
      8260      4     68  -1.265553e+00  -1.265553e+00  -1.265553e+00  -1.263877e+00    6.625e-07      1.676e-03    1.676e-03    2.949e+00    1.079e-05          True
      8262      4     70  -1.599700e-01  -1.599700e-01  -1.599706e-01  -1.604732e-01    6.088e-07      5.032e-04    5.026e-04    1.875e+00    5.395e-06          True
      8270      4     78   1.257841e-01   1.257841e-01   1.257852e-01   1.241438e-01    1.129e-06      1.640e-03    1.641e-03    2.287e+00    1.079e-05          True
      8273      4     81   2.599188e-01   2.599188e-01   2.599198e-01   2.601891e-01    1.000e-06      2.703e-04    2.693e-04    2.513e+00    1.079e-05          True
      8277      4     85  -7.140684e-01  -7.140684e-01  -7.140688e-01  -7.130493e-01    3.863e-07      1.019e-03    1.020e-03    3.398e+00    1.079e-05          True
      8284      4     92  -1.123004e+00  -1.123004e+00  -1.123005e+00  -1.121872e+00    5.724e-07      1.132e-03    1.132e-03    2.635e+00    1.079e-05          True
      8292      4    100   9.624198e-01   9.624198e-01   9.624196e-01   9.647861e-01    1.914e-07      2.366e-03    2.366e-03    4.617e+00    2.158e-05          True
      8310      4    118  -1.676731e-01  -1.676731e-01  -1.676709e-01  -1.701688e-01    2.230e-06      2.496e-03    2.498e-03    2.790e+00    1.079e-05          True
      8312      4    120   1.659444e-01   1.659444e-01   1.659437e-01   1.649735e-01    7.861e-07      9.710e-04    9.702e-04    2.914e+00    1.079e-05          True
      8319      4    127   9.693550e-01   9.693550e-01   9.693572e-01   9.706544e-01    2.207e-06      1.299e-03    1.297e-03    3.845e+00    1.079e-05          True
      8328      4    136   4.344373e-01   4.344373e-01   4.344399e-01   4.354723e-01    2.584e-06      1.035e-03    1.032e-03    2.216e+00    1.079e-05          True
      8342      4    150   9.925531e-01   9.925531e-01   9.925487e-01   9.940103e-01    4.373e-06      1.457e-03    1.462e-03    4.117e+00    2.158e-05          True
      8345      4    153  -1.116508e+00  -1.116508e+00  -1.116504e+00  -1.118039e+00    3.543e-06      1.531e-03    1.534e-03    5.430e+00    2.158e-05          True
      8348      4    156  -7.778682e-01  -7.778682e-01  -7.778691e-01  -7.766697e-01    9.518e-07      1.198e-03    1.199e-03    2.119e+00    1.079e-05          True
      8350      4    158   3.339758e-01   3.339758e-01   3.339743e-01   3.327284e-01    1.491e-06      1.247e-03    1.246e-03    3.714e+00    1.079e-05          True
      8367      4    175   9.648940e-01   9.648940e-01   9.648951e-01   9.662424e-01    1.120e-06      1.348e-03    1.347e-03    3.276e+00    1.079e-05          True
      8370      4    178  -1.104359e+00  -1.104359e+00  -1.104362e+00  -1.102347e+00    2.901e-06      2.011e-03    2.014e-03    4.898e+00    2.158e-05          True
      8374      4    182   4.097684e-01   4.097684e-01   4.097672e-01   4.084660e-01    1.234e-06      1.302e-03    1.301e-03    3.036e+00    1.079e-05          True
      8388      4    196  -1.866761e-01  -1.866761e-01  -1.866729e-01  -1.878319e-01    3.200e-06      1.156e-03    1.159e-03    4.019e+00    2.158e-05          True
      8395      4    203  -4.018383e-01  -4.018383e-01  -4.018380e-01  -4.008870e-01    2.968e-07      9.513e-04    9.510e-04    1.978e+00    5.395e-06          True
      8398      4    206   1.594076e-01   1.594076e-01   1.594068e-01   1.586767e-01    8.022e-07      7.309e-04    7.301e-04    4.427e+00    2.158e-05          True
      8401      4    209   1.194789e+00   1.194789e+00   1.194789e+00   1.195986e+00    1.712e-07      1.198e-03    1.198e-03    2.555e+00    1.079e-05          True
      8412      4    220   2.961774e-01   2.961774e-01   2.961780e-01   2.957508e-01    5.693e-07      4.267e-04    4.272e-04    4.573e+00    2.158e-05          True
      8420      4    228  -5.887169e-02  -5.887169e-02  -5.886942e-02  -5.922734e-02    2.271e-06      3.556e-04    3.579e-04    5.169e+00    2.158e-05          True
      8442      4    250  -7.109728e-02  -7.109728e-02  -7.109997e-02  -7.089119e-02    2.697e-06      2.061e-04    2.088e-04    2.849e+00    1.079e-05          True
      8453      4    261   1.373373e-01   1.373373e-01   1.373356e-01   1.375773e-01    1.741e-06      2.400e-04    2.418e-04    2.681e+00    1.079e-05          True
      8470      4    278   1.819601e-02   1.819601e-02   1.819445e-02   1.814388e-02    1.563e-06      5.213e-05    5.057e-05    4.129e+00    2.158e-05          True
      8475      4    283  -3.275130e-01  -3.275130e-01  -3.275115e-01  -3.280886e-01    1.527e-06      5.757e-04    5.772e-04    2.640e+00    1.079e-05          True
      8477      4    285   3.102387e-01   3.102387e-01   3.102380e-01   3.110883e-01    7.383e-07      8.496e-04    8.503e-04    3.323e+00    1.079e-05          True
      8483      4    291  -6.276390e-01  -6.276390e-01  -6.276398e-01  -6.266680e-01    8.079e-07      9.710e-04    9.718e-04    2.863e+00    1.079e-05          True
      8484      4    292  -3.820254e-01  -3.820254e-01  -3.820262e-01  -3.805855e-01    8.678e-07      1.440e-03    1.441e-03    3.290e+00    1.079e-05          True
      8489      4    297   1.083273e+00   1.083273e+00   1.083274e+00   1.081758e+00    1.335e-06      1.515e-03    1.516e-03    2.865e+00    1.079e-05          True
      8494      4    302   1.169397e+00   1.169397e+00   1.169397e+00   1.167955e+00    2.711e-08      1.442e-03    1.442e-03    3.924e+00    1.079e-05          True
      8501      4    309   1.519134e+00   1.519134e+00   1.519133e+00   1.517148e+00    5.826e-07      1.985e-03    1.985e-03    2.724e+00    1.079e-05          True
      8510      4    318   5.840241e-01   5.840241e-01   5.840244e-01   5.849389e-01    3.604e-07      9.149e-04    9.145e-04    2.383e+00    1.079e-05          True
      8530      4    338  -9.212606e-01  -9.212606e-01  -9.212614e-01  -9.223052e-01    7.340e-07      1.045e-03    1.044e-03    3.311e+00    1.079e-05          True
      8534      4    342  -1.876203e-02  -1.876203e-02  -1.876094e-02  -1.857300e-02    1.083e-06      1.890e-04    1.879e-04    2.199e+00    1.079e-05          True
      8541      4    349   3.861983e-01   3.861983e-01   3.861988e-01   3.850947e-01    5.362e-07      1.104e-03    1.104e-03    3.102e+00    1.079e-05          True
      8546      4    354  -2.959554e-01  -2.959554e-01  -2.959572e-01  -2.965146e-01    1.792e-06      5.592e-04    5.574e-04    3.996e+00    1.079e-05          True
      8562      4    370   1.508321e+00   1.508321e+00   1.508321e+00   1.510097e+00    3.433e-07      1.776e-03    1.776e-03    2.205e+00    1.079e-05          True
      8563      4    371   8.715689e-03   8.715689e-03   8.716683e-03   8.455779e-03    9.935e-07      2.599e-04    2.609e-04    3.901e+00    1.079e-05          True
      8569      4    377  -8.817173e-02  -8.817173e-02  -8.817266e-02  -8.711809e-02    9.331e-07      1.054e-03    1.055e-03    2.609e+00    1.079e-05          True
      8570      4    378   3.513809e-02   3.513809e-02   3.514108e-02   3.540030e-02    2.993e-06      2.622e-04    2.592e-04    4.349e+00    2.158e-05          True
      8575      4    383   6.478468e-01   6.478468e-01   6.478465e-01   6.487240e-01    3.188e-07      8.772e-04    8.776e-04    1.982e+00    5.395e-06          True
      8578      4    386   1.669098e+00   1.669098e+00   1.669099e+00   1.667060e+00    1.117e-06      2.038e-03    2.039e-03    3.508e+00    1.079e-05          True
      8583      4    391   4.598003e-01   4.598003e-01   4.597955e-01   4.585970e-01    4.869e-06      1.203e-03    1.199e-03    5.526e+00    2.158e-05          True
      8586      4    394  -8.937818e-01  -8.937818e-01  -8.937786e-01  -8.926538e-01    3.282e-06      1.128e-03    1.125e-03    3.265e+00    1.079e-05          True
      8590      4    398   6.352245e-01   6.352245e-01   6.352257e-01   6.370176e-01    1.163e-06      1.793e-03    1.792e-03    2.316e+00    1.079e-05          True
      8598      4    406  -9.274912e-01  -9.274912e-01  -9.274907e-01  -9.262483e-01    5.242e-07      1.243e-03    1.242e-03    3.753e+00    1.079e-05          True
      8602      4    410   9.830318e-01   9.830318e-01   9.830313e-01   9.816386e-01    4.779e-07      1.393e-03    1.393e-03    2.124e+00    1.079e-05          True
      8611      4    419  -4.712015e-01  -4.712015e-01  -4.712031e-01  -4.692629e-01    1.544e-06      1.939e-03    1.940e-03    3.914e+00    1.079e-05          True
      8612      4    420  -1.132116e-01  -1.132116e-01  -1.132120e-01  -1.134046e-01    3.866e-07      1.930e-04    1.926e-04    1.782e+00    5.395e-06          True
      8617      4    425   6.609993e-01   6.609993e-01   6.609991e-01   6.619036e-01    1.667e-07      9.043e-04    9.045e-04    5.289e+00    2.158e-05          True
      8620      4    428   1.467014e-01   1.467014e-01   1.466991e-01   1.481755e-01    2.276e-06      1.474e-03    1.476e-03    2.929e+00    1.079e-05          True
      8621      4    429   5.655713e-02   5.655713e-02   5.655646e-02   5.584890e-02    6.655e-07      7.082e-04    7.076e-04    3.178e+00    1.079e-05          True
      8624      4    432   1.224780e+00   1.224780e+00   1.224776e+00   1.226408e+00    4.269e-06      1.628e-03    1.632e-03    2.693e+00    1.079e-05          True
      8644      4    452   1.267885e+00   1.267885e+00   1.267884e+00   1.269266e+00    9.437e-07      1.382e-03    1.383e-03    3.922e+00    1.079e-05          True
      8666      4    474  -2.233534e+00  -2.233534e+00  -2.233536e+00  -2.230741e+00    1.365e-06      2.794e-03    2.795e-03    5.407e+00    2.158e-05          True
      8673      4    481  -5.726918e-01  -5.726918e-01  -5.726922e-01  -5.711899e-01    4.365e-07      1.502e-03    1.502e-03    2.897e+00    1.079e-05          True
      8676      4    484   9.053284e-01   9.053284e-01   9.053285e-01   9.022296e-01    6.859e-08      3.099e-03    3.099e-03    2.852e+00    1.079e-05          True
      8679      4    487   3.018763e-01   3.018763e-01   3.018759e-01   3.033372e-01    3.983e-07      1.461e-03    1.461e-03    2.941e+00    1.079e-05          True
      8694      4    502   1.146714e+00   1.146714e+00   1.146715e+00   1.145344e+00    8.436e-07      1.369e-03    1.370e-03    2.266e+00    1.079e-05          True
      8702      4    510  -2.235953e-01  -2.235953e-01  -2.235963e-01  -2.242459e-01    9.307e-07      6.505e-04    6.496e-04    2.255e+00    1.079e-05          True
      8708      4    516  -5.356985e-01  -5.356985e-01  -5.356985e-01  -5.344815e-01    1.630e-08      1.217e-03    1.217e-03    3.270e+00    1.079e-05          True
      8711      4    519  -3.094472e-01  -3.094472e-01  -3.094468e-01  -3.100554e-01    3.452e-07      6.082e-04    6.086e-04    2.355e+00    1.079e-05          True
      8714      4    522  -1.044724e+00  -1.044724e+00  -1.044726e+00  -1.043017e+00    1.112e-06      1.708e-03    1.709e-03    5.619e+00    2.158e-05          True
      8724      4    532   5.844021e-02   5.844021e-02   5.844007e-02   5.730127e-02    1.429e-07      1.139e-03    1.139e-03    2.613e+00    1.079e-05          True
      8733      4    541   8.129919e-03   8.129919e-03   8.128488e-03   8.450262e-03    1.431e-06      3.203e-04    3.218e-04    2.479e+00    1.079e-05          True
      8739      4    547  -1.970163e-01  -1.970163e-01  -1.970174e-01  -1.966721e-01    1.101e-06      3.442e-04    3.453e-04    2.838e+00    1.079e-05          True
      8750      4    558   3.034494e-01   3.034494e-01   3.034489e-01   3.053665e-01    5.180e-07      1.917e-03    1.918e-03    2.265e+00    1.079e-05          True
      8752      4    560   1.213875e+00   1.213875e+00   1.213878e+00   1.211998e+00    2.876e-06      1.877e-03    1.880e-03    3.670e+00    1.079e-05          True
      8754      4    562  -9.022081e-01  -9.022081e-01  -9.022067e-01  -9.011871e-01    1.372e-06      1.021e-03    1.020e-03    2.742e+00    1.079e-05          True
      8755      4    563  -1.894820e-03  -1.894820e-03  -1.895197e-03  -6.420221e-04    3.771e-07      1.253e-03    1.253e-03    2.692e+00    1.079e-05          True
      8763      4    571  -1.156597e+00  -1.156597e+00  -1.156598e+00  -1.157790e+00    1.110e-06      1.192e-03    1.191e-03    4.604e+00    2.158e-05          True
      8766      4    574   4.212109e-01   4.212109e-01   4.212103e-01   4.221851e-01    5.928e-07      9.742e-04    9.748e-04    4.125e+00    2.158e-05          True
      8768      4    576   2.931362e-01   2.931362e-01   2.931344e-01   2.935845e-01    1.794e-06      4.483e-04    4.501e-04    3.483e+00    1.079e-05          True
      8786      4    594  -2.377620e-01  -2.377620e-01  -2.377602e-01  -2.374946e-01    1.858e-06      2.674e-04    2.656e-04    3.037e+00    1.079e-05          True
      8790      4    598   7.253221e-01   7.253221e-01   7.253221e-01   7.239835e-01    7.420e-08      1.339e-03    1.339e-03    3.905e+00    1.079e-05          True
      8800      4    608  -9.751841e-01  -9.751841e-01  -9.751849e-01  -9.762473e-01    7.930e-07      1.063e-03    1.062e-03    2.582e+00    1.079e-05          True
      8803      4    611   1.957674e+00   1.957674e+00   1.957673e+00   1.959885e+00    8.500e-07      2.211e-03    2.212e-03    3.828e+00    1.079e-05          True
      8809      4    617  -8.196270e-01  -8.196270e-01  -8.196282e-01  -8.184851e-01    1.191e-06      1.142e-03    1.143e-03    5.157e+00    2.158e-05          True
      8811      4    619   1.277625e-01   1.277625e-01   1.277644e-01   1.274000e-01    1.884e-06      3.626e-04    3.644e-04    2.332e+00    1.079e-05          True
      8821      4    629  -1.633719e+00  -1.633719e+00  -1.633725e+00  -1.635669e+00    6.687e-06      1.950e-03    1.943e-03    3.363e+00    1.079e-05          True
      8826      4    634   8.048299e-01   8.048299e-01   8.048295e-01   8.068818e-01    4.006e-07      2.052e-03    2.052e-03    2.574e+00    1.079e-05          True
      8831      4    639   4.998175e-01   4.998175e-01   4.998167e-01   4.993145e-01    7.895e-07      5.030e-04    5.022e-04    2.678e+00    1.079e-05          True
      8833      4    641  -4.502785e-01  -4.502785e-01  -4.502768e-01  -4.494649e-01    1.776e-06      8.136e-04    8.118e-04    3.469e+00    1.079e-05          True
      8835      4    643  -1.352297e+00  -1.352297e+00  -1.352297e+00  -1.353891e+00    5.340e-08      1.594e-03    1.594e-03    3.335e+00    1.079e-05          True
      8842      4    650   8.515695e-03   8.515695e-03   8.517895e-03   6.830819e-03    2.200e-06      1.685e-03    1.687e-03    2.612e+00    1.079e-05          True
      8848      4    656   1.337009e+00   1.337009e+00   1.337010e+00   1.338389e+00    1.025e-06      1.379e-03    1.378e-03    3.748e+00    1.079e-05          True
      8849      4    657  -6.811436e-01  -6.811436e-01  -6.811433e-01  -6.825594e-01    3.318e-07      1.416e-03    1.416e-03    2.570e+00    1.079e-05          True
      8852      4    660  -5.064190e-01  -5.064190e-01  -5.064168e-01  -5.071807e-01    2.168e-06      7.617e-04    7.639e-04    2.707e+00    1.079e-05          True
      8858      4    666   6.261382e-01   6.261382e-01   6.261374e-01   6.254435e-01    7.872e-07      6.948e-04    6.940e-04    4.047e+00    2.158e-05          True
      8871      4    679   5.020972e-01   5.020972e-01   5.020958e-01   5.045195e-01    1.485e-06      2.422e-03    2.424e-03    3.429e+00    1.079e-05          True
      8878      4    686  -3.293182e-01  -3.293182e-01  -3.293191e-01  -3.297080e-01    9.694e-07      3.899e-04    3.889e-04    3.428e+00    1.079e-05          True
      8890      4    698   5.364934e-01   5.364934e-01   5.364919e-01   5.358008e-01    1.548e-06      6.926e-04    6.911e-04    3.792e+00    1.079e-05          True
      8895      4    703   5.837982e-02   5.837982e-02   5.837827e-02   5.895393e-02    1.552e-06      5.741e-04    5.757e-04    2.750e+00    1.079e-05          True
      8897      4    705  -9.162115e-01  -9.162115e-01  -9.162104e-01  -9.173303e-01    1.058e-06      1.119e-03    1.120e-03    5.158e+00    2.158e-05          True
      8908      4    716   2.116259e+00   2.116259e+00   2.116259e+00   2.118379e+00    1.896e-07      2.120e-03    2.120e-03    4.359e+00    2.158e-05          True
      8909      4    717  -8.680815e-01  -8.680815e-01  -8.680799e-01  -8.667936e-01    1.645e-06      1.288e-03    1.286e-03    4.546e+00    2.158e-05          True
      8911      4    719  -7.641071e-01  -7.641071e-01  -7.641054e-01  -7.649776e-01    1.618e-06      8.706e-04    8.722e-04    4.477e+00    2.158e-05          True
      8913      4    721  -1.087389e+00  -1.087389e+00  -1.087392e+00  -1.089160e+00    2.317e-06      1.770e-03    1.768e-03    4.587e+00    2.158e-05          True
      8926      4    734  -1.548718e+00  -1.548718e+00  -1.548720e+00  -1.547083e+00    1.659e-06      1.635e-03    1.636e-03    2.637e+00    1.079e-05          True
      8934      4    742  -2.770846e-01  -2.770846e-01  -2.770837e-01  -2.757278e-01    8.953e-07      1.357e-03    1.356e-03    2.960e+00    1.079e-05          True
      8940      4    748   9.653022e-01   9.653022e-01   9.653022e-01   9.662969e-01    9.656e-10      9.946e-04    9.946e-04    2.992e+00    1.079e-05          True
      8942      4    750  -1.733944e+00  -1.733944e+00  -1.733944e+00  -1.736127e+00    4.605e-07      2.184e-03    2.183e-03    5.429e+00    2.158e-05          True
      8943      4    751  -9.509155e-01  -9.509155e-01  -9.509134e-01  -9.492217e-01    2.025e-06      1.694e-03    1.692e-03    3.512e+00    1.079e-05          True
      8947      4    755  -5.181694e-01  -5.181694e-01  -5.181689e-01  -5.168173e-01    5.483e-07      1.352e-03    1.352e-03    3.502e+00    1.079e-05          True
      8950      4    758   9.459680e-01   9.459680e-01   9.459677e-01   9.447030e-01    3.424e-07      1.265e-03    1.265e-03    3.080e+00    1.079e-05          True
      8960      4    768  -3.613054e-02  -3.613054e-02  -3.612811e-02  -3.583119e-02    2.435e-06      2.994e-04    2.969e-04    4.317e+00    2.158e-05          True
      8970      4    778   8.701721e-01   8.701721e-01   8.701708e-01   8.691339e-01    1.245e-06      1.038e-03    1.037e-03    3.276e+00    1.079e-05          True
      8983      4    791  -1.554941e-01  -1.554941e-01  -1.554982e-01  -1.572724e-01    4.124e-06      1.778e-03    1.774e-03    3.267e+00    1.079e-05          True
      8984      4    792   1.147710e-02   1.147710e-02   1.147577e-02   8.420346e-03    1.333e-06      3.057e-03    3.055e-03    5.447e+00    2.158e-05          True
      8985      4    793  -1.054437e+00  -1.054437e+00  -1.054438e+00  -1.055612e+00    1.080e-06      1.175e-03    1.174e-03    3.691e+00    1.079e-05          True
      8986      4    794   6.468451e-01   6.468451e-01   6.468447e-01   6.489767e-01    4.413e-07      2.132e-03    2.132e-03    3.077e+00    1.079e-05          True
      8990      4    798  -4.281927e-01  -4.281927e-01  -4.281944e-01  -4.293400e-01    1.723e-06      1.147e-03    1.146e-03    4.125e+00    2.158e-05          True
      8991      4    799  -1.747734e-01  -1.747734e-01  -1.747717e-01  -1.743031e-01    1.714e-06      4.703e-04    4.686e-04    3.309e+00    1.079e-05          True
      8993      4    801   1.109147e+00   1.109147e+00   1.109146e+00   1.107854e+00    1.004e-06      1.293e-03    1.292e-03    3.854e+00    1.079e-05          True
      8997      4    805   1.711485e-01   1.711485e-01   1.711483e-01   1.693240e-01    2.544e-07      1.825e-03    1.824e-03    3.492e+00    1.079e-05          True
      9000      4    808  -1.032168e+00  -1.032168e+00  -1.032169e+00  -1.033427e+00    6.803e-07      1.259e-03    1.258e-03    2.302e+00    1.079e-05          True
      9004      4    812  -5.539163e-02  -5.539163e-02  -5.539175e-02  -5.635664e-02    1.177e-07      9.650e-04    9.649e-04    2.157e+00    1.079e-05          True
      9022      4    830   4.244950e-01   4.244950e-01   4.244942e-01   4.235853e-01    8.183e-07      9.097e-04    9.089e-04    2.307e+00    1.079e-05          True
      9028      4    836  -4.310620e-01  -4.310620e-01  -4.310618e-01  -4.297946e-01    1.824e-07      1.267e-03    1.267e-03    3.127e+00    1.079e-05          True
      9031      4    839   1.610988e-01   1.610988e-01   1.610997e-01   1.608273e-01    9.093e-07      2.715e-04    2.724e-04    3.408e+00    1.079e-05          True
      9040      4    848  -1.020150e+00  -1.020150e+00  -1.020153e+00  -1.021179e+00    2.389e-06      1.029e-03    1.026e-03    3.150e+00    1.079e-05          True
      9042      4    850   2.231290e-01   2.231290e-01   2.231271e-01   2.233727e-01    1.827e-06      2.437e-04    2.455e-04    2.613e+00    1.079e-05          True
      9049      4    857  -7.039149e-01  -7.039149e-01  -7.039141e-01  -7.027565e-01    7.955e-07      1.158e-03    1.158e-03    2.636e+00    1.079e-05          True
      9054      4    862   7.040821e-02   7.040821e-02   7.040786e-02   7.144707e-02    3.528e-07      1.039e-03    1.039e-03    4.002e+00    2.158e-05          True
      9066      4    874   1.028712e+00   1.028712e+00   1.028713e+00   1.027083e+00    5.121e-07      1.629e-03    1.630e-03    6.131e+00    2.158e-05          True
      9069      4    877   1.294774e-01   1.294774e-01   1.294768e-01   1.298137e-01    5.888e-07      3.363e-04    3.369e-04    2.692e+00    1.079e-05          True
      9070      4    878  -1.132561e+00  -1.132561e+00  -1.132560e+00  -1.134605e+00    4.287e-07      2.044e-03    2.044e-03    4.561e+00    2.158e-05          True
      9084      4    892   1.061380e+00   1.061380e+00   1.061378e+00   1.062679e+00    2.421e-06      1.299e-03    1.301e-03    2.531e+00    1.079e-05          True
      9089      4    897  -3.338661e-01  -3.338661e-01  -3.338660e-01  -3.329968e-01    6.866e-08      8.693e-04    8.692e-04    2.690e+00    1.079e-05          True
      9102      4    910  -1.554616e-01  -1.554616e-01  -1.554618e-01  -1.556635e-01    2.043e-07      2.019e-04    2.017e-04    2.469e+00    1.079e-05          True
      9116      4    924   7.501005e-01   7.501005e-01   7.501000e-01   7.509679e-01    4.395e-07      8.675e-04    8.679e-04    2.156e+00    1.079e-05          True
      9127      4    935  -3.953013e-01  -3.953013e-01  -3.953023e-01  -3.933971e-01    1.024e-06      1.904e-03    1.905e-03    2.876e+00    1.079e-05          True
      9129      4    937   3.899102e-01   3.899102e-01   3.899102e-01   3.886134e-01    1.662e-08      1.297e-03    1.297e-03    4.211e+00    2.158e-05          True
      9131      4    939   3.699255e-01   3.699255e-01   3.699231e-01   3.692636e-01    2.476e-06      6.619e-04    6.594e-04    2.759e+00    1.079e-05          True
      9149      4    957   2.762675e-01   2.762675e-01   2.762709e-01   2.747853e-01    3.385e-06      1.482e-03    1.486e-03    4.655e+00    2.158e-05          True
      9153      4    961  -8.525596e-01  -8.525596e-01  -8.525593e-01  -8.537700e-01    3.169e-07      1.210e-03    1.211e-03    2.479e+00    1.079e-05          True
      9161      4    969  -3.847478e-01  -3.847478e-01  -3.847495e-01  -3.857099e-01    1.674e-06      9.621e-04    9.604e-04    3.843e+00    1.079e-05          True
      9171      4    979   1.547706e-02   1.547706e-02   1.547635e-02   1.405635e-02    7.139e-07      1.421e-03    1.420e-03    5.252e+00    2.158e-05          True
      9173      4    981   1.346309e+00   1.346309e+00   1.346308e+00   1.344833e+00    8.259e-07      1.475e-03    1.475e-03    4.159e+00    2.158e-05          True
      9174      4    982   5.423556e-01   5.423556e-01   5.423545e-01   5.433829e-01    1.051e-06      1.027e-03    1.028e-03    2.766e+00    1.079e-05          True
      9197      4   1005  -5.203583e-01  -5.203583e-01  -5.203606e-01  -5.185604e-01    2.251e-06      1.798e-03    1.800e-03    3.287e+00    1.079e-05          True
      9207      4   1015   9.700445e-01   9.700445e-01   9.700392e-01   9.685954e-01    5.243e-06      1.449e-03    1.444e-03    3.682e+00    1.079e-05          True
      9208      4   1016   4.777045e-01   4.777045e-01   4.777038e-01   4.792688e-01    6.829e-07      1.564e-03    1.565e-03    2.798e+00    1.079e-05          True
      9212      4   1020   1.137524e+00   1.137524e+00   1.137524e+00   1.135800e+00    3.466e-08      1.723e-03    1.724e-03    2.652e+00    1.079e-05          True
      9215      4   1023   1.134983e+00   1.134983e+00   1.134981e+00   1.132845e+00    1.942e-06      2.137e-03    2.135e-03    3.124e+00    1.079e-05          True
      9220      4   1028  -3.030657e-02  -3.030657e-02  -3.030721e-02  -3.006389e-02    6.391e-07      2.427e-04    2.433e-04    2.215e+00    1.079e-05          True
      9223      4   1031  -7.080320e-01  -7.080320e-01  -7.080311e-01  -7.068326e-01    8.973e-07      1.199e-03    1.199e-03    3.216e+00    1.079e-05          True
      9238      4   1046  -5.604248e-02  -5.604248e-02  -5.604202e-02  -5.655520e-02    4.590e-07      5.127e-04    5.132e-04    2.270e+00    1.079e-05          True
      9239      4   1047   1.642068e-01   1.642068e-01   1.642072e-01   1.635428e-01    3.762e-07      6.639e-04    6.643e-04    4.185e+00    2.158e-05          True
      9245      4   1053   9.412226e-01   9.412226e-01   9.412243e-01   9.425965e-01    1.713e-06      1.374e-03    1.372e-03    4.849e+00    2.158e-05          True
      9254      4   1062  -5.421374e-01  -5.421374e-01  -5.421370e-01  -5.433995e-01    3.816e-07      1.262e-03    1.262e-03    2.293e+00    1.079e-05          True
      9258      4   1066  -8.626381e-01  -8.626381e-01  -8.626406e-01  -8.613183e-01    2.450e-06      1.320e-03    1.322e-03    2.492e+00    1.079e-05          True
      9268      4   1076   2.416564e+00   2.416564e+00   2.416563e+00   2.419712e+00    3.384e-07      3.149e-03    3.149e-03    2.988e+00    1.079e-05          True
      9269      4   1077   3.646215e-01   3.646215e-01   3.646255e-01   3.656478e-01    4.040e-06      1.026e-03    1.022e-03    4.326e+00    2.158e-05          True
      9270      4   1078   5.557425e-01   5.557425e-01   5.557441e-01   5.564826e-01    1.604e-06      7.400e-04    7.384e-04    4.632e+00    2.158e-05          True
      9271      4   1079   4.845489e-01   4.845489e-01   4.845519e-01   4.834046e-01    2.963e-06      1.144e-03    1.147e-03    4.295e+00    2.158e-05          True
      9279      4   1087   5.617376e-01   5.617376e-01   5.617350e-01   5.627928e-01    2.523e-06      1.055e-03    1.058e-03    3.690e+00    1.079e-05          True
      9303      4   1111  -1.397017e+00  -1.397017e+00  -1.397017e+00  -1.394583e+00    7.335e-07      2.434e-03    2.433e-03    3.814e+00    1.079e-05          True
      9311      4   1119  -1.298991e-01  -1.298991e-01  -1.298981e-01  -1.275059e-01    9.977e-07      2.393e-03    2.392e-03    3.145e+00    1.079e-05          True
      9321      4   1129   5.011801e-01   5.011801e-01   5.011784e-01   5.006489e-01    1.618e-06      5.312e-04    5.296e-04    3.789e+00    1.079e-05          True
      9323      4   1131  -8.555760e-01  -8.555760e-01  -8.555797e-01  -8.540429e-01    3.670e-06      1.533e-03    1.537e-03    4.100e+00    2.158e-05          True
      9335      4   1143  -4.253064e-01  -4.253064e-01  -4.253052e-01  -4.257639e-01    1.152e-06      4.575e-04    4.587e-04    2.907e+00    1.079e-05          True
      9364      4   1172  -6.766667e-03  -6.766667e-03  -6.768100e-03  -7.058408e-03    1.433e-06      2.917e-04    2.903e-04    2.734e+00    1.079e-05          True
      9382      4   1190   1.872855e-01   1.872855e-01   1.872884e-01   1.862776e-01    2.876e-06      1.008e-03    1.011e-03    1.999e+00    5.395e-06          True
      9389      4   1197   6.773705e-02   6.773705e-02   6.773781e-02   6.812850e-02    7.612e-07      3.915e-04    3.907e-04    2.057e+00    1.079e-05          True
      9403      4   1211   9.547747e-01   9.547747e-01   9.547729e-01   9.532105e-01    1.782e-06      1.564e-03    1.562e-03    3.018e+00    1.079e-05          True
      9404      4   1212   3.628478e-01   3.628478e-01   3.628483e-01   3.640320e-01    5.191e-07      1.184e-03    1.184e-03    3.316e+00    1.079e-05          True
      9411      4   1219   6.403960e-01   6.403960e-01   6.403971e-01   6.395400e-01    1.134e-06      8.560e-04    8.571e-04    3.430e+00    1.079e-05          True
      9412      4   1220  -1.256951e+00  -1.256951e+00  -1.256952e+00  -1.259069e+00    1.642e-06      2.118e-03    2.116e-03    2.445e+00    1.079e-05          True
      9417      4   1225   1.141680e+00   1.141680e+00   1.141680e+00   1.140239e+00    1.364e-07      1.440e-03    1.440e-03    3.208e+00    1.079e-05          True
      9418      4   1226  -2.187191e+00  -2.187191e+00  -2.187192e+00  -2.189525e+00    1.327e-06      2.334e-03    2.333e-03    3.011e+00    1.079e-05          True
      9438      4   1246   1.066971e+00   1.066971e+00   1.066970e+00   1.068896e+00    1.913e-06      1.924e-03    1.926e-03    2.822e+00    1.079e-05          True
      9452      4   1260   3.699256e-01   3.699256e-01   3.699265e-01   3.715009e-01    8.189e-07      1.575e-03    1.574e-03    2.975e+00    1.079e-05          True
      9460      4   1268   7.007610e-02   7.007610e-02   7.007798e-02   7.046787e-02    1.880e-06      3.918e-04    3.899e-04    2.390e+00    1.079e-05          True
      9465      4   1273   1.464616e+00   1.464616e+00   1.464616e+00   1.462762e+00    4.728e-07      1.854e-03    1.855e-03    2.521e+00    1.079e-05          True
      9468      4   1276  -3.275598e-01  -3.275598e-01  -3.275602e-01  -3.279106e-01    4.564e-07      3.508e-04    3.504e-04    3.447e+00    1.079e-05          True
      9477      4   1285   6.712084e-01   6.712084e-01   6.712095e-01   6.722757e-01    1.082e-06      1.067e-03    1.066e-03    3.004e+00    1.079e-05          True
      9482      4   1290  -7.706665e-01  -7.706665e-01  -7.706646e-01  -7.686651e-01    1.838e-06      2.001e-03    2.000e-03    4.031e+00    2.158e-05          True
      9486      4   1294   3.383779e-01   3.383779e-01   3.383780e-01   3.373766e-01    3.514e-08      1.001e-03    1.001e-03    3.093e+00    1.079e-05          True
      9491      4   1299  -5.106759e-02  -5.106759e-02  -5.106625e-02  -4.998591e-02    1.339e-06      1.082e-03    1.080e-03    3.285e+00    1.079e-05          True
      9492      4   1300  -5.156635e-01  -5.156635e-01  -5.156645e-01  -5.151036e-01    9.636e-07      5.599e-04    5.608e-04    3.111e+00    1.079e-05          True
      9493      4   1301  -1.750060e+00  -1.750060e+00  -1.750058e+00  -1.751847e+00    1.718e-06      1.787e-03    1.789e-03    2.692e+00    1.079e-05          True
      9500      4   1308  -1.235759e-01  -1.235759e-01  -1.235744e-01  -1.244044e-01    1.525e-06      8.285e-04    8.300e-04    5.003e+00    2.158e-05          True
      9501      4   1309  -2.653406e-01  -2.653406e-01  -2.653416e-01  -2.656494e-01    1.088e-06      3.089e-04    3.078e-04    2.943e+00    1.079e-05          True
      9502      4   1310   9.028331e-01   9.028331e-01   9.028336e-01   9.039382e-01    4.936e-07      1.105e-03    1.105e-03    2.162e+00    1.079e-05          True
      9506      4   1314  -8.637623e-01  -8.637623e-01  -8.637650e-01  -8.625695e-01    2.734e-06      1.193e-03    1.195e-03    5.403e+00    2.158e-05          True
      9520      4   1328   8.877941e-01   8.877941e-01   8.877953e-01   8.865110e-01    1.253e-06      1.283e-03    1.284e-03    5.614e+00    2.158e-05          True
      9525      4   1333  -1.429151e-01  -1.429151e-01  -1.429149e-01  -1.442976e-01    1.355e-07      1.383e-03    1.383e-03    3.586e+00    1.079e-05          True
      9528      4   1336  -1.142209e-01  -1.142209e-01  -1.142210e-01  -1.131640e-01    1.084e-07      1.057e-03    1.057e-03    4.607e+00    2.158e-05          True
      9534      4   1342  -2.352111e-01  -2.352111e-01  -2.352069e-01  -2.373904e-01    4.126e-06      2.179e-03    2.183e-03    4.480e+00    2.158e-05          True
      9551      4   1359   4.322216e-01   4.322216e-01   4.322219e-01   4.317599e-01    2.842e-07      4.617e-04    4.620e-04    2.345e+00    1.079e-05          True
      9569      4   1377  -6.356386e-01  -6.356386e-01  -6.356391e-01  -6.347079e-01    4.957e-07      9.307e-04    9.312e-04    2.423e+00    1.079e-05          True
      9574      4   1382   1.484063e-02   1.484063e-02   1.483973e-02   1.445993e-02    8.972e-07      3.807e-04    3.798e-04    3.701e+00    1.079e-05          True
      9576      4   1384   4.237400e-01   4.237400e-01   4.237392e-01   4.225176e-01    8.672e-07      1.222e-03    1.222e-03    2.703e+00    1.079e-05          True
      9580      4   1388   6.957564e-02   6.957564e-02   6.957807e-02   6.895287e-02    2.423e-06      6.228e-04    6.252e-04    2.794e+00    1.079e-05          True
      9583      4   1391   1.399707e+00   1.399707e+00   1.399706e+00   1.401576e+00    8.667e-07      1.868e-03    1.869e-03    2.397e+00    1.079e-05          True
      9584      4   1392  -3.283117e-02  -3.283117e-02  -3.282874e-02  -3.456084e-02    2.433e-06      1.730e-03    1.732e-03    3.757e+00    1.079e-05          True
      9596      4   1404   3.388522e-01   3.388522e-01   3.388480e-01   3.381537e-01    4.254e-06      6.986e-04    6.943e-04    3.389e+00    1.079e-05          True
      9602      4   1410   4.377840e-01   4.377840e-01   4.377820e-01   4.382733e-01    1.985e-06      4.893e-04    4.913e-04    3.730e+00    1.079e-05          True
      9615      4   1423   1.121047e-01   1.121047e-01   1.121059e-01   1.118217e-01    1.154e-06      2.830e-04    2.842e-04    3.366e+00    1.079e-05          True
      9633      4   1441   9.319111e-01   9.319111e-01   9.319130e-01   9.341586e-01    1.901e-06      2.248e-03    2.246e-03    2.730e+00    1.079e-05          True
      9635      4   1443  -4.817420e-01  -4.817420e-01  -4.817408e-01  -4.831745e-01    1.231e-06      1.432e-03    1.434e-03    3.753e+00    1.079e-05          True
      9642      4   1450  -6.104779e-01  -6.104779e-01  -6.104778e-01  -6.091995e-01    6.803e-08      1.278e-03    1.278e-03    2.478e+00    1.079e-05          True
      9643      4   1451  -1.290553e-01  -1.290553e-01  -1.290536e-01  -1.301870e-01    1.660e-06      1.132e-03    1.133e-03    3.733e+00    1.079e-05          True
      9644      4   1452  -5.854951e-01  -5.854951e-01  -5.854971e-01  -5.865299e-01    2.016e-06      1.035e-03    1.033e-03    2.686e+00    1.079e-05          True
      9645      4   1453   6.083994e-01   6.083994e-01   6.083993e-01   6.069135e-01    7.736e-08      1.486e-03    1.486e-03    1.968e+00    5.395e-06          True
      9648      4   1456   1.239277e+00   1.239277e+00   1.239279e+00   1.237190e+00    1.705e-06      2.087e-03    2.089e-03    3.819e+00    1.079e-05          True
      9655      4   1463   4.150996e-01   4.150996e-01   4.151022e-01   4.162538e-01    2.553e-06      1.154e-03    1.152e-03    3.205e+00    1.079e-05          True
      9656      4   1464  -1.111382e+00  -1.111382e+00  -1.111377e+00  -1.109616e+00    4.399e-06      1.766e-03    1.761e-03    2.982e+00    1.079e-05          True
      9664      4   1472   9.063133e-01   9.063133e-01   9.063155e-01   9.049897e-01    2.172e-06      1.324e-03    1.326e-03    3.729e+00    1.079e-05          True
      9669      4   1477   6.777068e-01   6.777068e-01   6.777055e-01   6.761236e-01    1.331e-06      1.583e-03    1.582e-03    5.620e+00    2.158e-05          True
      9671      4   1479  -3.489898e-01  -3.489898e-01  -3.489901e-01  -3.495073e-01    2.899e-07      5.175e-04    5.172e-04    2.048e+00    1.079e-05          True
      9674      4   1482  -5.413891e-01  -5.413891e-01  -5.413885e-01  -5.421062e-01    5.591e-07      7.171e-04    7.176e-04    2.041e+00    1.079e-05          True
      9700      4   1508  -1.413008e+00  -1.413008e+00  -1.413011e+00  -1.414656e+00    2.707e-06      1.648e-03    1.645e-03    2.645e+00    1.079e-05          True
      9701      4   1509   6.624312e-01   6.624312e-01   6.624317e-01   6.639012e-01    4.305e-07      1.470e-03    1.469e-03    2.641e+00    1.079e-05          True
      9702      4   1510  -1.743268e+00  -1.743268e+00  -1.743272e+00  -1.741477e+00    4.075e-06      1.792e-03    1.796e-03    7.101e+00    2.158e-05          True
      9707      4   1515  -1.325675e+00  -1.325675e+00  -1.325675e+00  -1.327047e+00    3.071e-07      1.371e-03    1.372e-03    3.367e+00    1.079e-05          True
      9714      4   1522   1.801964e-02   1.801964e-02   1.802122e-02   1.903759e-02    1.585e-06      1.018e-03    1.016e-03    3.379e+00    1.079e-05          True
      9726      4   1534  -3.172039e-01  -3.172039e-01  -3.172059e-01  -3.165309e-01    1.997e-06      6.730e-04    6.750e-04    3.443e+00    1.079e-05          True
      9728      4   1536  -7.572923e-01  -7.572923e-01  -7.572919e-01  -7.560717e-01    4.347e-07      1.221e-03    1.220e-03    1.886e+00    5.395e-06          True
      9729      4   1537  -1.075266e+00  -1.075266e+00  -1.075266e+00  -1.073524e+00    1.726e-07      1.741e-03    1.741e-03    2.968e+00    1.079e-05          True
      9738      4   1546   2.136998e-01   2.136998e-01   2.137003e-01   2.129147e-01    5.285e-07      7.851e-04    7.856e-04    2.767e+00    1.079e-05          True
      9753      4   1561   2.672565e-01   2.672565e-01   2.672597e-01   2.659212e-01    3.262e-06      1.335e-03    1.339e-03    3.500e+00    1.079e-05          True
      9755      4   1563  -9.682167e-01  -9.682167e-01  -9.682176e-01  -9.666777e-01    8.992e-07      1.539e-03    1.540e-03    2.273e+00    1.079e-05          True
      9758      4   1566   6.382595e-01   6.382595e-01   6.382589e-01   6.366208e-01    6.709e-07      1.639e-03    1.638e-03    3.863e+00    1.079e-05          True
      9767      4   1575  -1.481233e-01  -1.481233e-01  -1.481245e-01  -1.487984e-01    1.171e-06      6.752e-04    6.740e-04    2.660e+00    1.079e-05          True
      9771      4   1579  -8.097487e-01  -8.097487e-01  -8.097493e-01  -8.083457e-01    6.029e-07      1.403e-03    1.404e-03    1.538e+00    5.395e-06          True
      9772      4   1580   6.248515e-01   6.248515e-01   6.248516e-01   6.255947e-01    1.412e-07      7.432e-04    7.430e-04    3.530e+00    1.079e-05          True
      9773      4   1581  -2.246856e-01  -2.246856e-01  -2.246825e-01  -2.260936e-01    3.134e-06      1.408e-03    1.411e-03    4.720e+00    2.158e-05          True
      9778      4   1586   5.722453e-01   5.722453e-01   5.722446e-01   5.731836e-01    6.662e-07      9.383e-04    9.390e-04    2.779e+00    1.079e-05          True
      9784      4   1592  -1.522423e-01  -1.522423e-01  -1.522415e-01  -1.520524e-01    8.288e-07      1.899e-04    1.891e-04    3.465e+00    1.079e-05          True
      9788      4   1596   2.478383e-01   2.478383e-01   2.478382e-01   2.484210e-01    9.978e-08      5.827e-04    5.828e-04    3.326e+00    1.079e-05          True
      9795      4   1603   3.536916e-01   3.536916e-01   3.536922e-01   3.527259e-01    5.435e-07      9.657e-04    9.663e-04    2.435e+00    1.079e-05          True
      9800      4   1608   8.676302e-01   8.676302e-01   8.676302e-01   8.685386e-01    7.165e-08      9.084e-04    9.084e-04    3.264e+00    1.079e-05          True
      9801      4   1609   1.984908e-01   1.984908e-01   1.984904e-01   1.975332e-01    4.235e-07      9.576e-04    9.572e-04    1.805e+00    5.395e-06          True
      9803      4   1611  -1.130194e-01  -1.130194e-01  -1.130196e-01  -1.114676e-01    1.140e-07      1.552e-03    1.552e-03    2.732e+00    1.079e-05          True
      9805      4   1613  -7.031974e-01  -7.031974e-01  -7.031975e-01  -7.042988e-01    1.524e-07      1.101e-03    1.101e-03    1.131e+00    5.395e-06          True
      9843      4   1651  -3.718491e-01  -3.718491e-01  -3.718503e-01  -3.693236e-01    1.231e-06      2.525e-03    2.527e-03    2.473e+00    1.079e-05          True
      9844      4   1652  -5.375618e-01  -5.375618e-01  -5.375610e-01  -5.386161e-01    8.361e-07      1.054e-03    1.055e-03    5.525e+00    2.158e-05          True
      9858      4   1666   3.684508e-01   3.684508e-01   3.684487e-01   3.680287e-01    2.084e-06      4.221e-04    4.200e-04    4.175e+00    2.158e-05          True
      9859      4   1667   9.405065e-01   9.405065e-01   9.405066e-01   9.415987e-01    1.095e-07      1.092e-03    1.092e-03    1.478e+00    5.395e-06          True
      9874      4   1682   1.830487e-01   1.830487e-01   1.830459e-01   1.822780e-01    2.854e-06      7.707e-04    7.679e-04    2.740e+00    1.079e-05          True
      9886      4   1694   8.614964e-02   8.614964e-02   8.614787e-02   8.440146e-02    1.763e-06      1.748e-03    1.746e-03    5.776e+00    2.158e-05          True
      9890      4   1698   3.865557e-01   3.865557e-01   3.865531e-01   3.861250e-01    2.528e-06      4.307e-04    4.282e-04    3.958e+00    1.079e-05          True
      9892      4   1700   3.594995e-01   3.594995e-01   3.594984e-01   3.599845e-01    1.072e-06      4.850e-04    4.861e-04    3.335e+00    1.079e-05          True
      9902      4   1710  -5.569823e-01  -5.569823e-01  -5.569842e-01  -5.580088e-01    1.927e-06      1.027e-03    1.025e-03    3.033e+00    1.079e-05          True
      9912      4   1720  -1.529357e+00  -1.529357e+00  -1.529357e+00  -1.527822e+00    2.936e-08      1.535e-03    1.535e-03    2.570e+00    1.079e-05          True
      9922      4   1730  -4.204059e-01  -4.204059e-01  -4.204054e-01  -4.192333e-01    4.168e-07      1.173e-03    1.172e-03    3.233e+00    1.079e-05          True
      9926      4   1734  -2.261325e-01  -2.261325e-01  -2.261344e-01  -2.280891e-01    1.922e-06      1.957e-03    1.955e-03    3.416e+00    1.079e-05          True
      9943      4   1751   2.183757e-01   2.183757e-01   2.183757e-01   2.171869e-01    2.118e-08      1.189e-03    1.189e-03    3.388e+00    1.079e-05          True
      9946      4   1754  -8.264426e-01  -8.264426e-01  -8.264440e-01  -8.254843e-01    1.456e-06      9.582e-04    9.597e-04    3.837e+00    1.079e-05          True
      9949      4   1757  -6.684702e-01  -6.684702e-01  -6.684716e-01  -6.672143e-01    1.421e-06      1.256e-03    1.257e-03    2.690e+00    1.079e-05          True
      9962      4   1770  -9.147408e-02  -9.147408e-02  -9.146871e-02  -9.234653e-02    5.377e-06      8.725e-04    8.778e-04    3.153e+00    1.079e-05          True
      9964      4   1772   8.814324e-03   8.814324e-03   8.812279e-03   9.778753e-03    2.045e-06      9.644e-04    9.665e-04    2.561e+00    1.079e-05          True
      9967      4   1775  -5.434103e-01  -5.434103e-01  -5.434111e-01  -5.428659e-01    7.504e-07      5.445e-04    5.452e-04    2.529e+00    1.079e-05          True
      9971      4   1779  -3.923380e-02  -3.923380e-02  -3.923318e-02  -3.931898e-02    6.243e-07      8.518e-05    8.580e-05    2.901e+00    1.079e-05          True
      9995      4   1803  -1.263544e+00  -1.263544e+00  -1.263540e+00  -1.265035e+00    3.772e-06      1.491e-03    1.495e-03    5.175e+00    2.158e-05          True
      9996      4   1804  -5.469177e-01  -5.469177e-01  -5.469193e-01  -5.462319e-01    1.597e-06      6.858e-04    6.874e-04    3.221e+00    1.079e-05          True
     10002      4   1810   1.321818e-01   1.321818e-01   1.321817e-01   1.320151e-01    1.850e-07      1.667e-04    1.666e-04    2.428e+00    1.079e-05          True
     10006      4   1814  -3.106014e-01  -3.106014e-01  -3.105983e-01  -3.109886e-01    3.158e-06      3.872e-04    3.904e-04    3.047e+00    1.079e-05          True
     10008      4   1816  -1.566967e+00  -1.566967e+00  -1.566968e+00  -1.569049e+00    1.262e-06      2.082e-03    2.081e-03    3.745e+00    1.079e-05          True
     10012      4   1820  -6.675521e-01  -6.675521e-01  -6.675528e-01  -6.660629e-01    7.491e-07      1.489e-03    1.490e-03    3.236e+00    1.079e-05          True
     10022      4   1830  -1.082025e+00  -1.082025e+00  -1.082025e+00  -1.083302e+00    3.456e-07      1.277e-03    1.278e-03    3.072e+00    1.079e-05          True
     10030      4   1838  -1.469381e-01  -1.469381e-01  -1.469378e-01  -1.462014e-01    2.263e-07      7.367e-04    7.364e-04    2.053e+00    1.079e-05          True
     10056      4   1864  -1.323774e+00  -1.323774e+00  -1.323777e+00  -1.321889e+00    2.905e-06      1.885e-03    1.888e-03    3.797e+00    1.079e-05          True
     10074      4   1882  -1.448736e-01  -1.448736e-01  -1.448720e-01  -1.440476e-01    1.577e-06      8.259e-04    8.243e-04    1.951e+00    5.395e-06          True
     10076      4   1884   1.320271e+00   1.320271e+00   1.320271e+00   1.318570e+00    2.066e-10      1.701e-03    1.701e-03    2.970e+00    1.079e-05          True
     10083      4   1891  -1.121432e+00  -1.121432e+00  -1.121431e+00  -1.120076e+00    7.656e-07      1.356e-03    1.355e-03    3.783e+00    1.079e-05          True
     10095      4   1903   1.066959e-01   1.066959e-01   1.066957e-01   1.068744e-01    2.141e-07      1.785e-04    1.787e-04    3.904e+00    1.079e-05          True
     10100      4   1908  -3.943575e-01  -3.943575e-01  -3.943588e-01  -3.953441e-01    1.241e-06      9.866e-04    9.853e-04    2.506e+00    1.079e-05          True
     10101      4   1909   5.194039e-01   5.194039e-01   5.194051e-01   5.188748e-01    1.230e-06      5.291e-04    5.303e-04    2.552e+00    1.079e-05          True
     10106      4   1914   5.218477e-01   5.218477e-01   5.218467e-01   5.226247e-01    9.466e-07      7.770e-04    7.780e-04    3.127e+00    1.079e-05          True
     10113      4   1921   8.004852e-02   8.004852e-02   8.004951e-02   8.117102e-02    9.901e-07      1.123e-03    1.122e-03    3.402e+00    1.079e-05          True
     10125      4   1933  -6.702015e-01  -6.702015e-01  -6.702014e-01  -6.694610e-01    3.229e-08      7.404e-04    7.404e-04    2.480e+00    1.079e-05          True
     10126      4   1934   1.303074e-01   1.303074e-01   1.303065e-01   1.286284e-01    9.141e-07      1.679e-03    1.678e-03    2.514e+00    1.079e-05          True
     10135      4   1943  -6.489685e-01  -6.489685e-01  -6.489672e-01  -6.513690e-01    1.298e-06      2.400e-03    2.402e-03    6.251e+00    2.158e-05          True
     10138      4   1946   2.425127e+00   2.425127e+00   2.425127e+00   2.422033e+00    1.543e-07      3.094e-03    3.094e-03    3.695e+00    1.079e-05          True
     10142      4   1950   9.796798e-01   9.796798e-01   9.796804e-01   9.819340e-01    6.621e-07      2.254e-03    2.254e-03    2.280e+00    1.079e-05          True
     10151      4   1959   5.645856e-01   5.645856e-01   5.645880e-01   5.638554e-01    2.399e-06      7.302e-04    7.326e-04    3.611e+00    1.079e-05          True
     10155      4   1963  -2.363458e-02  -2.363458e-02  -2.363404e-02  -2.446954e-02    5.345e-07      8.350e-04    8.355e-04    3.938e+00    1.079e-05          True
     10172      4   1980   8.268875e-01   8.268875e-01   8.268868e-01   8.254816e-01    6.285e-07      1.406e-03    1.405e-03    3.769e+00    1.079e-05          True
     10175      4   1983  -4.498359e-01  -4.498359e-01  -4.498363e-01  -4.503851e-01    4.009e-07      5.492e-04    5.488e-04    1.924e+00    5.395e-06          True
     10180      4   1988  -1.265981e+00  -1.265981e+00  -1.265980e+00  -1.267251e+00    2.937e-07      1.270e-03    1.270e-03    2.267e+00    1.079e-05          True
     10193      4   2001   3.057756e-01   3.057756e-01   3.057748e-01   3.047667e-01    8.016e-07      1.009e-03    1.008e-03    2.449e+00    1.079e-05          True
     10194      4   2002   8.256882e-01   8.256882e-01   8.256882e-01   8.265359e-01    6.137e-09      8.477e-04    8.477e-04    1.945e+00    5.395e-06          True
     10197      4   2005   6.108666e-01   6.108666e-01   6.108674e-01   6.117849e-01    7.463e-07      9.182e-04    9.175e-04    2.527e+00    1.079e-05          True
     10201      4   2009  -7.239953e-01  -7.239953e-01  -7.239957e-01  -7.227061e-01    4.864e-07      1.289e-03    1.290e-03    2.392e+00    1.079e-05          True
     10202      4   2010  -5.155268e-01  -5.155268e-01  -5.155305e-01  -5.171894e-01    3.732e-06      1.663e-03    1.659e-03    3.228e+00    1.079e-05          True
     10207      4   2015   1.581626e-01   1.581626e-01   1.581583e-01   1.592723e-01    4.329e-06      1.110e-03    1.114e-03    3.750e+00    1.079e-05          True
     10210      4   2018  -3.435811e-01  -3.435811e-01  -3.435821e-01  -3.440528e-01    9.489e-07      4.717e-04    4.707e-04    3.601e+00    1.079e-05          True
     10218      4   2026  -1.173298e+00  -1.173298e+00  -1.173296e+00  -1.175111e+00    2.338e-06      1.813e-03    1.815e-03    3.344e+00    1.079e-05          True
     10228      4   2036  -2.609278e-01  -2.609278e-01  -2.609265e-01  -2.612899e-01    1.316e-06      3.621e-04    3.634e-04    2.837e+00    1.079e-05          True
     10234      4   2042   4.587603e-01   4.587603e-01   4.587613e-01   4.577559e-01    9.740e-07      1.004e-03    1.005e-03    2.808e+00    1.079e-05          True
     10236      4   2044  -1.000225e+00  -1.000225e+00  -1.000227e+00  -1.001357e+00    1.649e-06      1.131e-03    1.130e-03    4.823e+00    2.158e-05          True
     10241      5      1   1.240946e-01   1.240946e-01   1.240944e-01   1.254592e-01    1.954e-07      1.365e-03    1.365e-03    2.390e+00    1.079e-05          True
     10245      5      5  -3.161363e-01  -3.161363e-01  -3.161368e-01  -3.174148e-01    4.726e-07      1.278e-03    1.278e-03    2.678e+00    1.079e-05          True
     10263      5     23  -2.580260e-01  -2.580260e-01  -2.580246e-01  -2.568270e-01    1.453e-06      1.199e-03    1.198e-03    3.095e+00    1.079e-05          True
     10264      5     24   1.109101e-01   1.109101e-01   1.109079e-01   1.105853e-01    2.199e-06      3.248e-04    3.226e-04    3.076e+00    1.079e-05          True
     10265      5     25  -1.212088e-01  -1.212088e-01  -1.212096e-01  -1.215407e-01    8.065e-07      3.318e-04    3.310e-04    3.635e+00    1.079e-05          True
     10266      5     26  -3.211673e-01  -3.211673e-01  -3.211693e-01  -3.216222e-01    1.937e-06      4.549e-04    4.530e-04    2.161e+00    1.079e-05          True
     10269      5     29   9.963246e-01   9.963246e-01   9.963202e-01   9.943281e-01    4.330e-06      1.996e-03    1.992e-03    5.139e+00    2.158e-05          True
     10270      5     30   4.305421e-03   4.305421e-03   4.305749e-03   4.173979e-03    3.279e-07      1.314e-04    1.318e-04    3.261e+00    1.079e-05          True
     10275      5     35   8.311036e-01   8.311036e-01   8.311049e-01   8.301708e-01    1.347e-06      9.328e-04    9.342e-04    2.276e+00    1.079e-05          True
     10289      5     49   1.277630e-01   1.277630e-01   1.277640e-01   1.266038e-01    9.922e-07      1.159e-03    1.160e-03    2.633e+00    1.079e-05          True
     10290      5     50  -9.850221e-01  -9.850221e-01  -9.850203e-01  -9.864640e-01    1.868e-06      1.442e-03    1.444e-03    4.282e+00    2.158e-05          True
     10297      5     57  -1.880996e-01  -1.880996e-01  -1.880952e-01  -1.891271e-01    4.336e-06      1.027e-03    1.032e-03    4.280e+00    2.158e-05          True
     10316      5     76  -2.254838e-01  -2.254838e-01  -2.254834e-01  -2.261492e-01    3.909e-07      6.653e-04    6.657e-04    3.225e+00    1.079e-05          True
     10319      5     79   2.906901e-01   2.906901e-01   2.906893e-01   2.922659e-01    7.980e-07      1.576e-03    1.577e-03    4.246e+00    2.158e-05          True
     10327      5     87   1.519673e+00   1.519673e+00   1.519675e+00   1.522709e+00    2.081e-06      3.037e-03    3.034e-03    2.718e+00    1.079e-05          True
     10347      5    107  -3.813056e-01  -3.813056e-01  -3.813072e-01  -3.798255e-01    1.632e-06      1.480e-03    1.482e-03    2.171e+00    1.079e-05          True
     10357      5    117  -1.104124e+00  -1.104124e+00  -1.104123e+00  -1.102789e+00    2.799e-07      1.335e-03    1.335e-03    3.896e+00    1.079e-05          True
     10369      5    129   3.314708e-01   3.314708e-01   3.314710e-01   3.292564e-01    1.600e-07      2.214e-03    2.215e-03    2.667e+00    1.079e-05          True
     10376      5    136  -9.860308e-01  -9.860308e-01  -9.860322e-01  -9.870818e-01    1.423e-06      1.051e-03    1.050e-03    3.786e+00    1.079e-05          True
     10377      5    137  -8.873830e-01  -8.873830e-01  -8.873830e-01  -8.862010e-01    3.692e-08      1.182e-03    1.182e-03    1.462e+00    5.395e-06          True
     10380      5    140  -8.375459e-01  -8.375459e-01  -8.375482e-01  -8.357331e-01    2.315e-06      1.813e-03    1.815e-03    2.805e+00    1.079e-05          True
     10385      5    145   9.442165e-01   9.442165e-01   9.442165e-01   9.424320e-01    1.452e-08      1.784e-03    1.784e-03    3.878e+00    1.079e-05          True
     10386      5    146  -7.629849e-01  -7.629849e-01  -7.629861e-01  -7.614771e-01    1.202e-06      1.508e-03    1.509e-03    1.746e+00    5.395e-06          True
     10397      5    157  -4.383728e-01  -4.383728e-01  -4.383726e-01  -4.393893e-01    1.949e-07      1.017e-03    1.017e-03    4.703e+00    2.158e-05          True
     10398      5    158  -6.699725e-02  -6.699725e-02  -6.699781e-02  -6.811250e-02    5.645e-07      1.115e-03    1.115e-03    2.969e+00    1.079e-05          True
     10407      5    167   1.035808e+00   1.035808e+00   1.035807e+00   1.037617e+00    2.191e-07      1.809e-03    1.809e-03    4.110e+00    2.158e-05          True
     10408      5    168   4.821702e-01   4.821702e-01   4.821707e-01   4.830011e-01    4.941e-07      8.309e-04    8.304e-04    3.137e+00    1.079e-05          True
     10416      5    176  -6.056216e-01  -6.056216e-01  -6.056224e-01  -6.047468e-01    7.314e-07      8.748e-04    8.755e-04    2.090e+00    1.079e-05          True
     10421      5    181  -1.459104e-01  -1.459104e-01  -1.459081e-01  -1.457069e-01    2.221e-06      2.035e-04    2.012e-04    2.994e+00    1.079e-05          True
     10424      5    184   2.408994e-01   2.408994e-01   2.408994e-01   2.404763e-01    6.649e-08      4.231e-04    4.231e-04    2.071e+00    1.079e-05          True
     10438      5    198   3.097609e-01   3.097609e-01   3.097600e-01   3.102614e-01    9.410e-07      5.005e-04    5.014e-04    5.140e+00    2.158e-05          True
     10440      5    200   1.123894e+00   1.123894e+00   1.123895e+00   1.122109e+00    4.279e-07      1.785e-03    1.786e-03    3.875e+00    1.079e-05          True
     10443      5    203   2.810899e-01   2.810899e-01   2.810903e-01   2.796117e-01    3.992e-07      1.478e-03    1.479e-03    2.092e+00    1.079e-05          True
     10453      5    213   1.691610e-01   1.691610e-01   1.691646e-01   1.681531e-01    3.620e-06      1.008e-03    1.011e-03    3.998e+00    1.079e-05          True
     10457      5    217  -6.636947e-01  -6.636947e-01  -6.636948e-01  -6.629882e-01    1.167e-07      7.064e-04    7.066e-04    2.901e+00    1.079e-05          True
     10459      5    219  -3.939856e-01  -3.939856e-01  -3.939858e-01  -3.955987e-01    1.584e-07      1.613e-03    1.613e-03    2.874e+00    1.079e-05          True
     10460      5    220   1.738464e-01   1.738464e-01   1.738448e-01   1.720794e-01    1.545e-06      1.767e-03    1.765e-03    2.956e+00    1.079e-05          True
     10468      5    228   6.926509e-02   6.926509e-02   6.926449e-02   6.823242e-02    6.036e-07      1.033e-03    1.032e-03    2.887e+00    1.079e-05          True
     10477      5    237  -3.538119e-01  -3.538119e-01  -3.538139e-01  -3.542137e-01    1.997e-06      4.017e-04    3.997e-04    3.917e+00    1.079e-05          True
     10485      5    245  -1.243482e+00  -1.243482e+00  -1.243485e+00  -1.241597e+00    3.368e-06      1.885e-03    1.888e-03    3.744e+00    1.079e-05          True
     10486      5    246   9.477435e-01   9.477435e-01   9.477428e-01   9.463676e-01    6.947e-07      1.376e-03    1.375e-03    4.192e+00    2.158e-05          True
     10493      5    253  -2.153644e-01  -2.153644e-01  -2.153646e-01  -2.155919e-01    2.962e-07      2.275e-04    2.272e-04    2.121e+00    1.079e-05          True
     10503      5    263   1.525943e-01   1.525943e-01   1.525985e-01   1.532921e-01    4.240e-06      6.978e-04    6.935e-04    2.612e+00    1.079e-05          True
     10505      5    265  -1.646731e+00  -1.646731e+00  -1.646731e+00  -1.648526e+00    4.345e-07      1.795e-03    1.795e-03    2.679e+00    1.079e-05          True
     10511      5    271  -2.399307e-01  -2.399307e-01  -2.399309e-01  -2.395718e-01    1.855e-07      3.589e-04    3.591e-04    3.321e+00    1.079e-05          True
     10515      5    275  -2.888910e-01  -2.888910e-01  -2.888923e-01  -2.897487e-01    1.343e-06      8.577e-04    8.564e-04    3.401e+00    1.079e-05          True
     10536      5    296   9.431333e-01   9.431333e-01   9.431337e-01   9.445080e-01    3.182e-07      1.375e-03    1.374e-03    3.623e+00    1.079e-05          True
     10544      5    304  -6.988649e-01  -6.988649e-01  -6.988657e-01  -6.979805e-01    7.819e-07      8.844e-04    8.852e-04    3.509e+00    1.079e-05          True
     10545      5    305  -4.507016e-01  -4.507016e-01  -4.507025e-01  -4.526271e-01    9.563e-07      1.926e-03    1.925e-03    4.542e+00    2.158e-05          True
     10548      5    308   1.699682e+00   1.699682e+00   1.699682e+00   1.701606e+00    2.810e-07      1.925e-03    1.925e-03    3.420e+00    1.079e-05          True
     10556      5    316  -2.031858e-01  -2.031858e-01  -2.031858e-01  -2.041766e-01    1.422e-08      9.907e-04    9.908e-04    3.099e+00    1.079e-05          True
     10584      5    344   5.665381e-01   5.665381e-01   5.665420e-01   5.657888e-01    3.965e-06      7.493e-04    7.532e-04    2.808e+00    1.079e-05          True
     10588      5    348  -5.819250e-01  -5.819250e-01  -5.819314e-01  -5.802593e-01    6.442e-06      1.666e-03    1.672e-03    5.484e+00    2.158e-05          True
     10619      5    379  -5.015640e-01  -5.015640e-01  -5.015653e-01  -5.026910e-01    1.271e-06      1.127e-03    1.126e-03    2.973e+00    1.079e-05          True
     10632      5    392   1.495305e-01   1.495305e-01   1.495313e-01   1.506815e-01    7.984e-07      1.151e-03    1.150e-03    2.690e+00    1.079e-05          True
     10639      5    399  -4.073178e-01  -4.073178e-01  -4.073217e-01  -4.086720e-01    3.928e-06      1.354e-03    1.350e-03    4.634e+00    2.158e-05          True
     10642      5    402  -2.475845e+00  -2.475845e+00  -2.475847e+00  -2.478964e+00    1.261e-06      3.118e-03    3.117e-03    2.560e+00    1.079e-05          True
     10650      5    410   3.923058e-01   3.923058e-01   3.923048e-01   3.917127e-01    9.820e-07      5.931e-04    5.921e-04    2.982e+00    1.079e-05          True
     10656      5    416  -4.387426e-01  -4.387426e-01  -4.387409e-01  -4.382307e-01    1.691e-06      5.119e-04    5.102e-04    2.664e+00    1.079e-05          True
     10659      5    419  -1.078295e+00  -1.078295e+00  -1.078293e+00  -1.077178e+00    1.603e-06      1.117e-03    1.115e-03    6.414e+00    2.158e-05          True
     10663      5    423   5.406300e-02   5.406300e-02   5.406089e-02   5.524407e-02    2.110e-06      1.181e-03    1.183e-03    4.752e+00    2.158e-05          True
     10665      5    425  -5.743715e-01  -5.743715e-01  -5.743725e-01  -5.737200e-01    1.004e-06      6.514e-04    6.524e-04    2.457e+00    1.079e-05          True
     10667      5    427   9.898034e-01   9.898034e-01   9.898049e-01   9.887336e-01    1.542e-06      1.070e-03    1.071e-03    4.560e+00    2.158e-05          True
     10672      5    432   6.704988e-02   6.704988e-02   6.704981e-02   6.772527e-02    7.208e-08      6.754e-04    6.755e-04    2.197e+00    1.079e-05          True
     10679      5    439   7.077725e-01   7.077725e-01   7.077707e-01   7.060082e-01    1.838e-06      1.764e-03    1.763e-03    1.940e+00    5.395e-06          True
     10705      5    465  -6.454617e-01  -6.454617e-01  -6.454632e-01  -6.445148e-01    1.572e-06      9.469e-04    9.484e-04    4.865e+00    2.158e-05          True
     10706      5    466   1.206582e-01   1.206582e-01   1.206582e-01   1.219473e-01    8.052e-08      1.289e-03    1.289e-03    1.624e+00    5.395e-06          True
     10709      5    469   7.394836e-01   7.394836e-01   7.394851e-01   7.402431e-01    1.440e-06      7.595e-04    7.581e-04    4.306e+00    2.158e-05          True
     10718      5    478  -3.824661e-01  -3.824661e-01  -3.824666e-01  -3.831361e-01    5.337e-07      6.700e-04    6.695e-04    3.172e+00    1.079e-05          True
     10722      5    482   3.227232e-02   3.227232e-02   3.227358e-02   3.350972e-02    1.255e-06      1.237e-03    1.236e-03    2.352e+00    1.079e-05          True
     10728      5    488   3.337541e-01   3.337541e-01   3.337524e-01   3.345073e-01    1.645e-06      7.532e-04    7.549e-04    2.515e+00    1.079e-05          True
     10730      5    490   3.882350e-01   3.882350e-01   3.882361e-01   3.893697e-01    1.095e-06      1.135e-03    1.134e-03    3.371e+00    1.079e-05          True
     10731      5    491   6.259745e-01   6.259745e-01   6.259730e-01   6.247805e-01    1.488e-06      1.194e-03    1.193e-03    2.443e+00    1.079e-05          True
     10733      5    493  -8.418091e-01  -8.418091e-01  -8.418069e-01  -8.430219e-01    2.175e-06      1.213e-03    1.215e-03    3.129e+00    1.079e-05          True
     10734      5    494  -5.560365e-01  -5.560365e-01  -5.560370e-01  -5.566583e-01    4.897e-07      6.217e-04    6.213e-04    1.872e+00    5.395e-06          True
     10755      5    515   1.018552e+00   1.018552e+00   1.018545e+00   1.019616e+00    6.267e-06      1.064e-03    1.070e-03    5.035e+00    2.158e-05          True
     10760      5    520  -9.354515e-01  -9.354515e-01  -9.354532e-01  -9.341746e-01    1.697e-06      1.277e-03    1.279e-03    3.724e+00    1.079e-05          True
     10770      5    530   1.785800e+00   1.785800e+00   1.785801e+00   1.787950e+00    8.321e-07      2.149e-03    2.149e-03    3.294e+00    1.079e-05          True
     10771      5    531   3.393684e-01   3.393684e-01   3.393713e-01   3.385303e-01    2.833e-06      8.381e-04    8.410e-04    3.290e+00    1.079e-05          True
     10781      5    541   1.499498e+00   1.499498e+00   1.499496e+00   1.497557e+00    1.508e-06      1.941e-03    1.939e-03    2.123e+00    1.079e-05          True
     10789      5    549   7.517313e-01   7.517313e-01   7.517320e-01   7.493920e-01    7.235e-07      2.339e-03    2.340e-03    3.221e+00    1.079e-05          True
     10791      5    551   9.239380e-01   9.239380e-01   9.239346e-01   9.249244e-01    3.418e-06      9.864e-04    9.898e-04    3.953e+00    1.079e-05          True
     10793      5    553  -2.544871e-01  -2.544871e-01  -2.544863e-01  -2.535379e-01    8.056e-07      9.492e-04    9.484e-04    3.816e+00    1.079e-05          True
     10800      5    560   1.109433e+00   1.109433e+00   1.109436e+00   1.108312e+00    2.543e-06      1.121e-03    1.124e-03    4.726e+00    2.158e-05          True
     10818      5    578  -7.469722e-01  -7.469722e-01  -7.469705e-01  -7.452953e-01    1.644e-06      1.677e-03    1.675e-03    3.334e+00    1.079e-05          True
     10826      5    586  -3.356973e-01  -3.356973e-01  -3.356965e-01  -3.374116e-01    8.128e-07      1.714e-03    1.715e-03    3.121e+00    1.079e-05          True
     10829      5    589   5.819243e-01   5.819243e-01   5.819240e-01   5.832294e-01    2.668e-07      1.305e-03    1.305e-03    3.327e+00    1.079e-05          True
     10835      5    595  -2.795970e-01  -2.795970e-01  -2.795971e-01  -2.768994e-01    5.570e-08      2.698e-03    2.698e-03    2.196e+00    1.079e-05          True
     10851      5    611   1.256015e+00   1.256015e+00   1.256015e+00   1.258573e+00    7.496e-07      2.557e-03    2.558e-03    3.951e+00    1.079e-05          True
     10853      5    613   1.340138e-01   1.340138e-01   1.340126e-01   1.324876e-01    1.178e-06      1.526e-03    1.525e-03    3.865e+00    1.079e-05          True
     10855      5    615   2.057339e-01   2.057339e-01   2.057352e-01   2.062693e-01    1.242e-06      5.354e-04    5.341e-04    3.985e+00    1.079e-05          True
     10856      5    616  -9.020884e-01  -9.020884e-01  -9.020895e-01  -9.009923e-01    1.152e-06      1.096e-03    1.097e-03    4.160e+00    2.158e-05          True
     10861      5    621  -5.742751e-02  -5.742751e-02  -5.742868e-02  -5.804390e-02    1.166e-06      6.164e-04    6.152e-04    2.728e+00    1.079e-05          True
     10862      5    622   1.226552e-01   1.226552e-01   1.226553e-01   1.241292e-01    8.293e-08      1.474e-03    1.474e-03    4.904e+00    2.158e-05          True
     10868      5    628   1.987559e-01   1.987559e-01   1.987549e-01   1.984872e-01    1.039e-06      2.687e-04    2.677e-04    1.763e+00    5.395e-06          True
     10869      5    629   3.229810e-01   3.229810e-01   3.229810e-01   3.248452e-01    2.127e-08      1.864e-03    1.864e-03    2.189e+00    1.079e-05          True
     10878      5    638  -4.791464e-01  -4.791464e-01  -4.791476e-01  -4.807238e-01    1.236e-06      1.577e-03    1.576e-03    2.865e+00    1.079e-05          True
     10887      5    647  -5.982334e-01  -5.982334e-01  -5.982329e-01  -5.968775e-01    4.960e-07      1.356e-03    1.355e-03    2.410e+00    1.079e-05          True
     10895      5    655   2.122494e-01   2.122494e-01   2.122523e-01   2.149649e-01    2.931e-06      2.716e-03    2.713e-03    4.530e+00    2.158e-05          True
     10898      5    658   6.546126e-01   6.546126e-01   6.546141e-01   6.557077e-01    1.511e-06      1.095e-03    1.094e-03    2.615e+00    1.079e-05          True
     10900      5    660  -1.306123e+00  -1.306123e+00  -1.306124e+00  -1.309140e+00    1.265e-07      3.017e-03    3.017e-03    3.735e+00    1.079e-05          True
     10901      5    661  -7.141382e-01  -7.141382e-01  -7.141339e-01  -7.124349e-01    4.291e-06      1.703e-03    1.699e-03    6.190e+00    2.158e-05          True
     10905      5    665  -3.825100e-01  -3.825100e-01  -3.825112e-01  -3.817554e-01    1.154e-06      7.547e-04    7.558e-04    3.104e+00    1.079e-05          True
     10912      5    672   1.155344e+00   1.155344e+00   1.155346e+00   1.153908e+00    2.042e-06      1.436e-03    1.438e-03    3.329e+00    1.079e-05          True
     10913      5    673   4.410081e-01   4.410081e-01   4.410070e-01   4.400709e-01    1.093e-06      9.372e-04    9.361e-04    2.494e+00    1.079e-05          True
     10919      5    679  -7.388293e-02  -7.388293e-02  -7.388430e-02  -7.587036e-02    1.367e-06      1.987e-03    1.986e-03    1.790e+00    5.395e-06          True
     10923      5    683   3.615927e-01   3.615927e-01   3.615905e-01   3.606716e-01    2.187e-06      9.211e-04    9.189e-04    3.141e+00    1.079e-05          True
     10924      5    684   6.728299e-01   6.728299e-01   6.728305e-01   6.718794e-01    5.615e-07      9.505e-04    9.511e-04    2.277e+00    1.079e-05          True
     10929      5    689   1.758755e-01   1.758755e-01   1.758733e-01   1.751979e-01    2.248e-06      6.777e-04    6.754e-04    4.647e+00    2.158e-05          True
     10934      5    694  -6.890824e-01  -6.890824e-01  -6.890872e-01  -6.879011e-01    4.773e-06      1.181e-03    1.186e-03    4.597e+00    2.158e-05          True
     10938      5    698  -1.037900e+00  -1.037900e+00  -1.037899e+00  -1.039034e+00    1.056e-06      1.134e-03    1.135e-03    2.509e+00    1.079e-05          True
     10943      5    703  -2.866376e-01  -2.866376e-01  -2.866370e-01  -2.858632e-01    5.599e-07      7.743e-04    7.738e-04    3.083e+00    1.079e-05          True
     10949      5    709  -2.661879e-01  -2.661879e-01  -2.661887e-01  -2.668679e-01    8.770e-07      6.800e-04    6.792e-04    2.362e+00    1.079e-05          True
     10950      5    710   4.657112e-01   4.657112e-01   4.657104e-01   4.648335e-01    8.291e-07      8.777e-04    8.769e-04    3.132e+00    1.079e-05          True
     10954      5    714  -5.039115e-01  -5.039115e-01  -5.039122e-01  -5.054568e-01    7.189e-07      1.545e-03    1.545e-03    2.400e+00    1.079e-05          True
     10960      5    720  -9.210958e-01  -9.210958e-01  -9.210960e-01  -9.224008e-01    2.287e-07      1.305e-03    1.305e-03    1.802e+00    5.395e-06          True
     10964      5    724  -1.875183e-01  -1.875183e-01  -1.875179e-01  -1.888836e-01    4.431e-07      1.365e-03    1.366e-03    3.845e+00    1.079e-05          True
     10973      5    733  -5.573070e-01  -5.573070e-01  -5.573042e-01  -5.592719e-01    2.843e-06      1.965e-03    1.968e-03    3.503e+00    1.079e-05          True
     10977      5    737  -1.209958e+00  -1.209958e+00  -1.209958e+00  -1.208322e+00    1.123e-07      1.636e-03    1.636e-03    3.531e+00    1.079e-05          True
     10981      5    741  -1.253737e-01  -1.253737e-01  -1.253731e-01  -1.264892e-01    5.566e-07      1.115e-03    1.116e-03    3.482e+00    1.079e-05          True
     10991      5    751   1.495913e-01   1.495913e-01   1.495887e-01   1.488954e-01    2.564e-06      6.958e-04    6.933e-04    3.011e+00    1.079e-05          True
     11003      5    763  -9.611421e-04  -9.611421e-04  -9.609512e-04  -1.575842e-03    1.909e-07      6.147e-04    6.149e-04    3.831e+00    1.079e-05          True
     11026      5    786  -4.124696e-01  -4.124696e-01  -4.124665e-01  -4.131991e-01    3.084e-06      7.295e-04    7.326e-04    4.044e+00    2.158e-05          True
     11045      5    805   4.559910e-02   4.559910e-02   4.559851e-02   4.404230e-02    5.905e-07      1.557e-03    1.556e-03    4.097e+00    2.158e-05          True
     11056      5    816  -1.326538e+00  -1.326538e+00  -1.326539e+00  -1.328475e+00    1.004e-06      1.937e-03    1.936e-03    1.749e+00    5.395e-06          True
     11059      5    819  -2.537020e-01  -2.537020e-01  -2.536999e-01  -2.540907e-01    2.112e-06      3.886e-04    3.907e-04    3.730e+00    1.079e-05          True
     11061      5    821  -9.453000e-02  -9.453000e-02  -9.453574e-02  -9.619585e-02    5.740e-06      1.666e-03    1.660e-03    5.095e+00    2.158e-05          True
     11062      5    822  -8.431941e-01  -8.431941e-01  -8.431953e-01  -8.411103e-01    1.237e-06      2.084e-03    2.085e-03    2.930e+00    1.079e-05          True
     11074      5    834   7.394555e-01   7.394555e-01   7.394559e-01   7.383466e-01    4.115e-07      1.109e-03    1.109e-03    2.678e+00    1.079e-05          True
     11082      5    842   8.651426e-02   8.651426e-02   8.651111e-02   8.635073e-02    3.150e-06      1.635e-04    1.604e-04    3.975e+00    1.079e-05          True
     11084      5    844   7.759359e-01   7.759359e-01   7.759354e-01   7.775077e-01    4.424e-07      1.572e-03    1.572e-03    2.591e+00    1.079e-05          True
     11092      5    852   9.151176e-01   9.151176e-01   9.151201e-01   9.138510e-01    2.569e-06      1.267e-03    1.269e-03    6.607e+00    2.158e-05          True
     11101      5    861  -1.976819e+00  -1.976819e+00  -1.976821e+00  -1.979440e+00    2.147e-06      2.621e-03    2.619e-03    3.310e+00    1.079e-05          True
     11121      5    881  -6.067736e-01  -6.067736e-01  -6.067756e-01  -6.052908e-01    2.009e-06      1.483e-03    1.485e-03    2.535e+00    1.079e-05          True
     11135      5    895   3.144564e-01   3.144564e-01   3.144594e-01   3.149884e-01    3.019e-06      5.320e-04    5.290e-04    2.469e+00    1.079e-05          True
     11138      5    898  -1.027457e+00  -1.027457e+00  -1.027456e+00  -1.028681e+00    1.022e-06      1.224e-03    1.225e-03    3.510e+00    1.079e-05          True
     11155      5    915  -3.325767e-01  -3.325767e-01  -3.325801e-01  -3.336280e-01    3.482e-06      1.051e-03    1.048e-03    3.501e+00    1.079e-05          True
     11158      5    918  -1.843353e+00  -1.843353e+00  -1.843353e+00  -1.841433e+00    2.862e-07      1.920e-03    1.920e-03    4.994e+00    2.158e-05          True
     11162      5    922   6.903339e-01   6.903339e-01   6.903369e-01   6.884940e-01    3.002e-06      1.840e-03    1.843e-03    5.629e+00    2.158e-05          True
     11164      5    924  -1.793838e+00  -1.793838e+00  -1.793839e+00  -1.796510e+00    1.203e-06      2.672e-03    2.671e-03    4.344e+00    2.158e-05          True
     11167      5    927  -3.255663e-01  -3.255663e-01  -3.255656e-01  -3.259583e-01    6.519e-07      3.920e-04    3.927e-04    1.978e+00    5.395e-06          True
     11171      5    931  -1.152795e-01  -1.152795e-01  -1.152789e-01  -1.157562e-01    6.050e-07      4.767e-04    4.773e-04    2.687e+00    1.079e-05          True
     11173      5    933  -1.461282e+00  -1.461282e+00  -1.461285e+00  -1.462786e+00    2.280e-06      1.504e-03    1.502e-03    3.736e+00    1.079e-05          True
     11185      5    945   1.449866e+00   1.449866e+00   1.449867e+00   1.452444e+00    7.726e-07      2.578e-03    2.577e-03    3.885e+00    1.079e-05          True
     11199      5    959  -2.635512e-01  -2.635512e-01  -2.635523e-01  -2.647938e-01    1.136e-06      1.243e-03    1.242e-03    1.779e+00    5.395e-06          True
     11203      5    963   6.546968e-01   6.546968e-01   6.546962e-01   6.553818e-01    5.834e-07      6.850e-04    6.856e-04    3.432e+00    1.079e-05          True
     11210      5    970   5.546482e-01   5.546482e-01   5.546470e-01   5.554138e-01    1.171e-06      7.656e-04    7.668e-04    4.029e+00    2.158e-05          True
     11220      5    980   6.410051e-01   6.410051e-01   6.410040e-01   6.396276e-01    1.081e-06      1.378e-03    1.376e-03    2.668e+00    1.079e-05          True
     11227      5    987   3.554811e-03   3.554811e-03   3.555176e-03   3.606789e-03    3.651e-07      5.198e-05    5.161e-05    2.668e+00    1.079e-05          True
     11229      5    989   1.507896e-01   1.507896e-01   1.507898e-01   1.523788e-01    2.200e-07      1.589e-03    1.589e-03    5.126e+00    2.158e-05          True
     11230      5    990  -2.232742e-01  -2.232742e-01  -2.232728e-01  -2.227299e-01    1.448e-06      5.443e-04    5.429e-04    3.665e+00    1.079e-05          True
     11231      5    991  -9.388350e-01  -9.388350e-01  -9.388376e-01  -9.414080e-01    2.618e-06      2.573e-03    2.570e-03    3.095e+00    1.079e-05          True
     11233      5    993   6.595879e-01   6.595879e-01   6.595862e-01   6.585959e-01    1.690e-06      9.920e-04    9.903e-04    1.762e+00    5.395e-06          True
     11242      5   1002   1.047238e-01   1.047238e-01   1.047203e-01   1.039818e-01    3.518e-06      7.420e-04    7.384e-04    3.353e+00    1.079e-05          True
     11243      5   1003  -3.561642e-01  -3.561642e-01  -3.561627e-01  -3.553407e-01    1.490e-06      8.235e-04    8.220e-04    2.933e+00    1.079e-05          True
     11246      5   1006  -6.075773e-01  -6.075773e-01  -6.075772e-01  -6.084999e-01    1.309e-07      9.226e-04    9.227e-04    2.651e+00    1.079e-05          True
     11256      5   1016  -1.189242e-01  -1.189242e-01  -1.189245e-01  -1.176874e-01    3.374e-07      1.237e-03    1.237e-03    1.929e+00    5.395e-06          True
     11262      5   1022  -1.965255e-02  -1.965255e-02  -1.965084e-02  -1.913151e-02    1.710e-06      5.210e-04    5.193e-04    3.007e+00    1.079e-05          True
     11276      5   1036   1.421712e-01   1.421712e-01   1.421684e-01   1.404670e-01    2.780e-06      1.704e-03    1.701e-03    3.406e+00    1.079e-05          True
     11277      5   1037   5.633401e-02   5.633401e-02   5.633369e-02   5.557381e-02    3.257e-07      7.602e-04    7.599e-04    2.246e+00    1.079e-05          True
     11293      5   1053   5.913097e-01   5.913097e-01   5.913111e-01   5.905054e-01    1.411e-06      8.043e-04    8.057e-04    2.673e+00    1.079e-05          True
     11295      5   1055   3.629278e-02   3.629278e-02   3.629471e-02   3.698458e-02    1.928e-06      6.918e-04    6.899e-04    2.598e+00    1.079e-05          True
     11310      5   1070   3.507741e-01   3.507741e-01   3.507740e-01   3.496938e-01    8.212e-08      1.080e-03    1.080e-03    2.341e+00    1.079e-05          True
     11317      5   1077   3.861541e-01   3.861541e-01   3.861520e-01   3.875619e-01    2.104e-06      1.408e-03    1.410e-03    2.525e+00    1.079e-05          True
     11330      5   1090  -2.063151e+00  -2.063151e+00  -2.063151e+00  -2.065530e+00    3.082e-07      2.379e-03    2.380e-03    2.864e+00    1.079e-05          True
     11339      5   1099  -2.530802e-01  -2.530802e-01  -2.530797e-01  -2.545749e-01    5.030e-07      1.495e-03    1.495e-03    3.420e+00    1.079e-05          True
     11340      5   1100   4.113940e-01   4.113940e-01   4.113944e-01   4.103412e-01    4.165e-07      1.053e-03    1.053e-03    2.628e+00    1.079e-05          True
     11341      5   1101   5.961388e-01   5.961388e-01   5.961412e-01   5.970063e-01    2.375e-06      8.674e-04    8.650e-04    3.798e+00    1.079e-05          True
     11342      5   1102  -7.549720e-01  -7.549720e-01  -7.549736e-01  -7.559543e-01    1.618e-06      9.823e-04    9.807e-04    3.540e+00    1.079e-05          True
     11347      5   1107  -8.311158e-01  -8.311158e-01  -8.311157e-01  -8.320393e-01    7.030e-08      9.235e-04    9.236e-04    1.589e+00    5.395e-06          True
     11348      5   1108   8.569748e-01   8.569748e-01   8.569759e-01   8.533283e-01    1.100e-06      3.646e-03    3.648e-03    2.020e+00    1.079e-05          True
     11353      5   1113   1.154028e-01   1.154028e-01   1.154019e-01   1.163368e-01    9.318e-07      9.339e-04    9.349e-04    3.192e+00    1.079e-05          True
     11358      5   1118  -8.239964e-01  -8.239964e-01  -8.239989e-01  -8.231691e-01    2.531e-06      8.273e-04    8.298e-04    2.753e+00    1.079e-05          True
     11378      5   1138  -1.069863e+00  -1.069863e+00  -1.069863e+00  -1.068085e+00    2.702e-07      1.778e-03    1.779e-03    2.683e+00    1.079e-05          True
     11388      5   1148  -6.798464e-03  -6.798464e-03  -6.796982e-03  -6.818995e-03    1.483e-06      2.053e-05    2.201e-05    3.244e+00    1.079e-05          True
     11392      5   1152   9.781260e-01   9.781260e-01   9.781255e-01   9.770208e-01    4.998e-07      1.105e-03    1.105e-03    5.584e+00    2.158e-05          True
     11394      5   1154  -2.987121e-01  -2.987121e-01  -2.987103e-01  -2.990402e-01    1.780e-06      3.281e-04    3.299e-04    2.241e+00    1.079e-05          True
     11399      5   1159  -3.135813e-01  -3.135813e-01  -3.135831e-01  -3.123224e-01    1.862e-06      1.259e-03    1.261e-03    3.352e+00    1.079e-05          True
     11400      5   1160   1.231665e+00   1.231665e+00   1.231663e+00   1.229426e+00    1.609e-06      2.239e-03    2.237e-03    3.538e+00    1.079e-05          True
     11404      5   1164   8.717820e-01   8.717820e-01   8.717830e-01   8.745023e-01    1.008e-06      2.720e-03    2.719e-03    3.258e+00    1.079e-05          True
     11410      5   1170  -1.192355e-01  -1.192355e-01  -1.192356e-01  -1.188491e-01    1.469e-07      3.864e-04    3.865e-04    3.659e+00    1.079e-05          True
     11413      5   1173  -4.903566e-02  -4.903566e-02  -4.903654e-02  -4.998624e-02    8.804e-07      9.506e-04    9.497e-04    6.236e+00    2.158e-05          True
     11417      5   1177   8.051636e-01   8.051636e-01   8.051622e-01   8.060098e-01    1.413e-06      8.462e-04    8.476e-04    2.575e+00    1.079e-05          True
     11439      5   1199  -4.018565e-01  -4.018565e-01  -4.018580e-01  -4.002971e-01    1.547e-06      1.559e-03    1.561e-03    3.666e+00    1.079e-05          True
     11450      5   1210   1.371923e+00   1.371923e+00   1.371920e+00   1.370266e+00    3.180e-06      1.657e-03    1.654e-03    4.497e+00    2.158e-05          True
     11463      5   1223  -1.262808e+00  -1.262808e+00  -1.262809e+00  -1.264482e+00    1.389e-06      1.675e-03    1.673e-03    5.095e+00    2.158e-05          True
     11468      5   1228  -4.378639e-01  -4.378639e-01  -4.378633e-01  -4.391556e-01    5.887e-07      1.292e-03    1.292e-03    3.027e+00    1.079e-05          True
     11473      5   1233   1.000557e+00   1.000557e+00   1.000558e+00   9.993469e-01    7.382e-07      1.210e-03    1.211e-03    2.797e+00    1.079e-05          True
     11479      5   1239   1.086711e+00   1.086711e+00   1.086714e+00   1.084771e+00    2.790e-06      1.940e-03    1.943e-03    4.456e+00    2.158e-05          True
     11484      5   1244  -9.634723e-02  -9.634723e-02  -9.634928e-02  -9.624750e-02    2.050e-06      9.972e-05    1.018e-04    3.688e+00    1.079e-05          True
     11489      5   1249  -3.602819e-01  -3.602819e-01  -3.602863e-01  -3.611641e-01    4.384e-06      8.822e-04    8.778e-04    5.431e+00    2.158e-05          True
     11491      5   1251  -1.046156e+00  -1.046156e+00  -1.046158e+00  -1.044898e+00    2.123e-06      1.258e-03    1.260e-03    3.726e+00    1.079e-05          True
     11496      5   1256   1.622971e-01   1.622971e-01   1.622962e-01   1.625969e-01    9.488e-07      2.997e-04    3.007e-04    2.318e+00    1.079e-05          True
     11516      5   1276   6.566886e-01   6.566886e-01   6.566841e-01   6.558215e-01    4.499e-06      8.671e-04    8.626e-04    4.980e+00    2.158e-05          True
     11527      5   1287  -2.524698e-01  -2.524698e-01  -2.524690e-01  -2.518544e-01    7.622e-07      6.153e-04    6.146e-04    3.779e+00    1.079e-05          True
     11534      5   1294  -1.179253e-01  -1.179253e-01  -1.179251e-01  -1.174712e-01    2.841e-07      4.542e-04    4.539e-04    2.872e+00    1.079e-05          True
     11536      5   1296   8.345212e-01   8.345212e-01   8.345214e-01   8.354624e-01    2.168e-07      9.412e-04    9.410e-04    1.677e+00    5.395e-06          True
     11537      5   1297   3.663669e-02   3.663669e-02   3.663681e-02   3.778705e-02    1.186e-07      1.150e-03    1.150e-03    2.825e+00    1.079e-05          True
     11540      5   1300  -6.386432e-01  -6.386432e-01  -6.386430e-01  -6.378635e-01    1.377e-07      7.797e-04    7.796e-04    4.673e+00    2.158e-05          True
     11544      5   1304   2.673513e-01   2.673513e-01   2.673509e-01   2.660700e-01    4.731e-07      1.281e-03    1.281e-03    3.295e+00    1.079e-05          True
     11545      5   1305  -2.109323e-01  -2.109323e-01  -2.109331e-01  -2.114247e-01    8.648e-07      4.924e-04    4.915e-04    3.434e+00    1.079e-05          True
     11549      5   1309  -8.863637e-02  -8.863637e-02  -8.863533e-02  -8.741996e-02    1.038e-06      1.216e-03    1.215e-03    2.448e+00    1.079e-05          True
     11550      5   1310   5.615233e-02   5.615233e-02   5.615449e-02   5.500086e-02    2.157e-06      1.151e-03    1.154e-03    2.661e+00    1.079e-05          True
     11560      5   1320  -7.297424e-01  -7.297424e-01  -7.297417e-01  -7.289757e-01    7.028e-07      7.667e-04    7.660e-04    3.148e+00    1.079e-05          True
     11580      5   1340  -4.241088e-02  -4.241088e-02  -4.241124e-02  -4.216450e-02    3.570e-07      2.464e-04    2.467e-04    2.277e+00    1.079e-05          True
     11584      5   1344   5.013469e-01   5.013469e-01   5.013471e-01   5.022528e-01    2.561e-07      9.059e-04    9.057e-04    1.773e+00    5.395e-06          True
     11585      5   1345  -7.007700e-01  -7.007700e-01  -7.007709e-01  -7.024723e-01    8.972e-07      1.702e-03    1.701e-03    3.156e+00    1.079e-05          True
     11591      5   1351  -5.736516e-01  -5.736516e-01  -5.736510e-01  -5.748372e-01    6.642e-07      1.186e-03    1.186e-03    3.239e+00    1.079e-05          True
     11594      5   1354   2.110480e-01   2.110480e-01   2.110521e-01   2.121148e-01    4.114e-06      1.067e-03    1.063e-03    3.927e+00    1.079e-05          True
     11597      5   1357  -4.474400e-01  -4.474400e-01  -4.474415e-01  -4.466569e-01    1.535e-06      7.831e-04    7.847e-04    2.288e+00    1.079e-05          True
     11601      5   1361   5.642429e-01   5.642429e-01   5.642436e-01   5.633767e-01    7.030e-07      8.662e-04    8.669e-04    3.339e+00    1.079e-05          True
     11615      5   1375  -4.485783e-01  -4.485783e-01  -4.485830e-01  -4.507847e-01    4.630e-06      2.206e-03    2.202e-03    3.997e+00    1.079e-05          True
     11623      5   1383  -4.299322e-01  -4.299322e-01  -4.299344e-01  -4.292278e-01    2.153e-06      7.045e-04    7.066e-04    2.296e+00    1.079e-05          True
     11633      5   1393  -4.044696e-02  -4.044696e-02  -4.044394e-02  -4.030725e-02    3.016e-06      1.397e-04    1.367e-04    2.800e+00    1.079e-05          True
     11635      5   1395   8.076782e-02   8.076782e-02   8.076686e-02   8.339759e-02    9.527e-07      2.630e-03    2.631e-03    2.138e+00    1.079e-05          True
     11642      5   1402  -8.102436e-02  -8.102436e-02  -8.102181e-02  -8.050455e-02    2.555e-06      5.198e-04    5.173e-04    2.511e+00    1.079e-05          True
     11645      5   1405   5.276563e-01   5.276563e-01   5.276562e-01   5.298890e-01    7.590e-08      2.233e-03    2.233e-03    2.332e+00    1.079e-05          True
     11649      5   1409   3.775328e-02   3.775328e-02   3.775419e-02   3.925651e-02    9.154e-07      1.503e-03    1.502e-03    2.216e+00    1.079e-05          True
     11658      5   1418   9.464596e-01   9.464596e-01   9.464601e-01   9.450443e-01    4.266e-07      1.415e-03    1.416e-03    3.596e+00    1.079e-05          True
     11662      5   1422  -9.655080e-01  -9.655080e-01  -9.655069e-01  -9.630865e-01    1.108e-06      2.421e-03    2.420e-03    3.062e+00    1.079e-05          True
     11675      5   1435   1.380227e+00   1.380227e+00   1.380226e+00   1.378648e+00    1.666e-06      1.580e-03    1.578e-03    2.933e+00    1.079e-05          True
     11703      5   1463   1.310580e-02   1.310580e-02   1.310557e-02   1.267468e-02    2.286e-07      4.311e-04    4.309e-04    4.393e+00    2.158e-05          True
     11714      5   1474   8.124985e-01   8.124985e-01   8.124989e-01   8.148572e-01    4.242e-07      2.359e-03    2.358e-03    4.333e+00    2.158e-05          True
     11724      5   1484  -1.000631e+00  -1.000631e+00  -1.000630e+00  -9.992970e-01    1.671e-06      1.334e-03    1.333e-03    4.013e+00    2.158e-05          True
     11727      5   1487  -1.937756e-01  -1.937756e-01  -1.937777e-01  -1.942217e-01    2.145e-06      4.461e-04    4.440e-04    3.246e+00    1.079e-05          True
     11735      5   1495  -4.565634e-01  -4.565634e-01  -4.565617e-01  -4.572669e-01    1.792e-06      7.035e-04    7.052e-04    3.230e+00    1.079e-05          True
     11736      5   1496   5.081597e-01   5.081597e-01   5.081598e-01   5.091604e-01    7.504e-08      1.001e-03    1.001e-03    1.850e+00    5.395e-06          True
     11744      5   1504  -4.552556e-01  -4.552556e-01  -4.552544e-01  -4.545666e-01    1.205e-06      6.890e-04    6.878e-04    2.443e+00    1.079e-05          True
     11746      5   1506  -4.848139e-01  -4.848139e-01  -4.848164e-01  -4.857903e-01    2.544e-06      9.764e-04    9.738e-04    2.365e+00    1.079e-05          True
     11747      5   1507   7.915695e-01   7.915695e-01   7.915690e-01   7.936289e-01    4.913e-07      2.059e-03    2.060e-03    2.986e+00    1.079e-05          True
     11756      5   1516   5.472869e-01   5.472869e-01   5.472831e-01   5.467173e-01    3.789e-06      5.696e-04    5.658e-04    3.748e+00    1.079e-05          True
     11760      5   1520  -1.085185e+00  -1.085185e+00  -1.085184e+00  -1.086305e+00    9.436e-07      1.120e-03    1.121e-03    2.460e+00    1.079e-05          True
     11761      5   1521  -3.800163e-02  -3.800163e-02  -3.800199e-02  -3.894088e-02    3.590e-07      9.393e-04    9.389e-04    3.785e+00    1.079e-05          True
     11768      5   1528   1.189222e-01   1.189222e-01   1.189229e-01   1.175840e-01    6.728e-07      1.338e-03    1.339e-03    2.637e+00    1.079e-05          True
     11777      5   1537  -1.531162e-01  -1.531162e-01  -1.531086e-01  -1.523452e-01    7.542e-06      7.710e-04    7.634e-04    4.762e+00    2.158e-05          True
     11788      5   1548   1.081570e+00   1.081570e+00   1.081569e+00   1.084407e+00    1.521e-06      2.836e-03    2.838e-03    2.754e+00    1.079e-05          True
     11791      5   1551  -5.310301e-01  -5.310301e-01  -5.310303e-01  -5.326608e-01    1.947e-07      1.631e-03    1.631e-03    2.368e+00    1.079e-05          True
     11793      5   1553   3.293535e-01   3.293535e-01   3.293539e-01   3.287608e-01    3.560e-07      5.927e-04    5.931e-04    3.375e+00    1.079e-05          True
     11801      5   1561   5.130419e-01   5.130419e-01   5.130413e-01   5.112335e-01    5.381e-07      1.808e-03    1.808e-03    3.071e+00    1.079e-05          True
     11807      5   1567  -6.884594e-01  -6.884594e-01  -6.884617e-01  -6.868695e-01    2.273e-06      1.590e-03    1.592e-03    3.060e+00    1.079e-05          True
     11818      5   1578   4.552983e-01   4.552983e-01   4.553007e-01   4.542291e-01    2.342e-06      1.069e-03    1.072e-03    2.889e+00    1.079e-05          True
     11829      5   1589   4.256938e-01   4.256938e-01   4.256914e-01   4.250501e-01    2.444e-06      6.438e-04    6.413e-04    2.915e+00    1.079e-05          True
     11832      5   1592   1.381022e-01   1.381022e-01   1.380999e-01   1.385270e-01    2.273e-06      4.248e-04    4.271e-04    3.254e+00    1.079e-05          True
     11838      5   1598  -4.853605e-02  -4.853605e-02  -4.853685e-02  -4.823835e-02    8.003e-07      2.977e-04    2.985e-04    2.951e+00    1.079e-05          True
     11839      5   1599  -1.748215e-01  -1.748215e-01  -1.748225e-01  -1.765026e-01    1.000e-06      1.681e-03    1.680e-03    2.123e+00    1.079e-05          True
     11844      5   1604  -3.597902e-02  -3.597902e-02  -3.597986e-02  -3.728534e-02    8.373e-07      1.306e-03    1.305e-03    3.984e+00    1.079e-05          True
     11854      5   1614  -5.045461e-01  -5.045461e-01  -5.045513e-01  -5.052441e-01    5.212e-06      6.981e-04    6.928e-04    6.161e+00    2.158e-05          True
     11859      5   1619  -6.434317e-01  -6.434317e-01  -6.434333e-01  -6.441767e-01    1.602e-06      7.450e-04    7.434e-04    4.010e+00    2.158e-05          True
     11864      5   1624  -6.399149e-01  -6.399149e-01  -6.399154e-01  -6.416193e-01    5.484e-07      1.704e-03    1.704e-03    2.653e+00    1.079e-05          True
     11874      5   1634  -5.020358e-01  -5.020358e-01  -5.020353e-01  -5.030253e-01    5.669e-07      9.895e-04    9.900e-04    3.829e+00    1.079e-05          True
     11876      5   1636   4.336513e-01   4.336513e-01   4.336510e-01   4.323563e-01    2.985e-07      1.295e-03    1.295e-03    3.086e+00    1.079e-05          True
     11890      5   1650  -9.660755e-02  -9.660755e-02  -9.660730e-02  -9.687813e-02    2.547e-07      2.706e-04    2.708e-04    3.352e+00    1.079e-05          True
     11893      5   1653   7.828641e-01   7.828641e-01   7.828639e-01   7.836655e-01    2.248e-07      8.013e-04    8.016e-04    3.474e+00    1.079e-05          True
     11909      5   1669   3.263310e-01   3.263310e-01   3.263316e-01   3.244644e-01    6.205e-07      1.867e-03    1.867e-03    6.005e+00    2.158e-05          True
     11912      5   1672  -5.575126e-01  -5.575126e-01  -5.575104e-01  -5.559459e-01    2.179e-06      1.567e-03    1.564e-03    2.605e+00    1.079e-05          True
     11918      5   1678  -1.670311e+00  -1.670311e+00  -1.670309e+00  -1.672058e+00    1.647e-06      1.747e-03    1.749e-03    2.566e+00    1.079e-05          True
     11919      5   1679  -1.975831e-01  -1.975831e-01  -1.975852e-01  -1.986574e-01    2.131e-06      1.074e-03    1.072e-03    4.293e+00    2.158e-05          True
     11921      5   1681   6.037933e-01   6.037933e-01   6.037978e-01   6.047587e-01    4.515e-06      9.655e-04    9.609e-04    4.403e+00    2.158e-05          True
     11923      5   1683   1.839698e+00   1.839698e+00   1.839698e+00   1.841610e+00    6.540e-07      1.912e-03    1.912e-03    3.804e+00    1.079e-05          True
     11930      5   1690   2.897747e-01   2.897747e-01   2.897747e-01   2.902135e-01    6.445e-08      4.389e-04    4.388e-04    1.972e+00    5.395e-06          True
     11942      5   1702  -5.342998e-02  -5.342998e-02  -5.343102e-02  -5.299886e-02    1.044e-06      4.311e-04    4.322e-04    2.813e+00    1.079e-05          True
     11944      5   1704  -1.641979e-01  -1.641979e-01  -1.642024e-01  -1.652088e-01    4.521e-06      1.011e-03    1.006e-03    3.058e+00    1.079e-05          True
     11952      5   1712  -2.616075e-02  -2.616075e-02  -2.616017e-02  -2.561773e-02    5.766e-07      5.430e-04    5.424e-04    1.868e+00    5.395e-06          True
     11956      5   1716   1.361135e+00   1.361135e+00   1.361138e+00   1.358910e+00    2.765e-06      2.225e-03    2.227e-03    2.659e+00    1.079e-05          True
     11966      5   1726  -2.216023e-03  -2.216023e-03  -2.216596e-03  -2.360374e-03    5.728e-07      1.444e-04    1.438e-04    4.497e+00    2.158e-05          True
     11967      5   1727   6.146618e-01   6.146618e-01   6.146609e-01   6.130092e-01    9.031e-07      1.653e-03    1.652e-03    3.133e+00    1.079e-05          True
     11973      5   1733   6.492852e-01   6.492852e-01   6.492869e-01   6.499478e-01    1.713e-06      6.625e-04    6.608e-04    3.172e+00    1.079e-05          True
     11976      5   1736   9.597502e-01   9.597502e-01   9.597520e-01   9.582087e-01    1.809e-06      1.541e-03    1.543e-03    2.859e+00    1.079e-05          True
     11977      5   1737   5.177463e-01   5.177463e-01   5.177447e-01   5.171586e-01    1.659e-06      5.877e-04    5.860e-04    3.811e+00    1.079e-05          True
     11985      5   1745   3.022234e-01   3.022234e-01   3.022231e-01   3.027079e-01    3.619e-07      4.844e-04    4.848e-04    4.982e+00    2.158e-05          True
     11996      5   1756   1.604749e+00   1.604749e+00   1.604748e+00   1.602840e+00    7.715e-07      1.909e-03    1.908e-03    3.705e+00    1.079e-05          True
     12001      5   1761   1.436047e+00   1.436047e+00   1.436046e+00   1.438123e+00    9.899e-07      2.076e-03    2.077e-03    3.883e+00    1.079e-05          True
     12004      5   1764   6.537179e-01   6.537179e-01   6.537180e-01   6.551965e-01    5.850e-08      1.479e-03    1.479e-03    3.147e+00    1.079e-05          True
     12012      5   1772  -2.054932e-01  -2.054932e-01  -2.054926e-01  -2.063107e-01    5.853e-07      8.174e-04    8.180e-04    4.927e+00    2.158e-05          True
     12036      5   1796   1.611983e-01   1.611983e-01   1.611988e-01   1.614071e-01    4.806e-07      2.089e-04    2.084e-04    2.161e+00    1.079e-05          True
     12043      5   1803  -6.730840e-01  -6.730840e-01  -6.730817e-01  -6.721219e-01    2.322e-06      9.621e-04    9.598e-04    2.681e+00    1.079e-05          True
     12063      5   1823   3.373640e-01   3.373640e-01   3.373635e-01   3.369172e-01    5.431e-07      4.468e-04    4.463e-04    2.991e+00    1.079e-05          True
     12069      5   1829  -2.514420e+00  -2.514420e+00  -2.514418e+00  -2.517053e+00    2.559e-06      2.633e-03    2.635e-03    4.070e+00    2.158e-05          True
     12083      5   1843   4.130481e-01   4.130481e-01   4.130502e-01   4.139396e-01    2.073e-06      8.915e-04    8.894e-04    2.916e+00    1.079e-05          True
     12093      5   1853  -5.191795e-01  -5.191795e-01  -5.191802e-01  -5.217854e-01    7.110e-07      2.606e-03    2.605e-03    3.466e+00    1.079e-05          True
     12095      5   1855   1.496951e+00   1.496951e+00   1.496953e+00   1.494910e+00    2.317e-06      2.041e-03    2.043e-03    2.555e+00    1.079e-05          True
     12110      5   1870   3.375744e-02   3.375744e-02   3.375864e-02   3.434156e-02    1.205e-06      5.841e-04    5.829e-04    2.007e+00    1.079e-05          True
     12117      5   1877   4.363708e-01   4.363708e-01   4.363708e-01   4.358918e-01    9.953e-08      4.789e-04    4.790e-04    2.568e+00    1.079e-05          True
     12130      5   1890  -2.448376e-01  -2.448376e-01  -2.448396e-01  -2.439152e-01    1.958e-06      9.225e-04    9.244e-04    2.374e+00    1.079e-05          True
     12134      5   1894  -1.034675e+00  -1.034675e+00  -1.034672e+00  -1.036138e+00    3.370e-06      1.463e-03    1.467e-03    3.873e+00    1.079e-05          True
     12143      5   1903  -8.005221e-01  -8.005221e-01  -8.005207e-01  -8.017485e-01    1.396e-06      1.226e-03    1.228e-03    2.812e+00    1.079e-05          True
     12185      5   1945   1.966360e-01   1.966360e-01   1.966362e-01   1.946261e-01    2.402e-07      2.010e-03    2.010e-03    3.079e+00    1.079e-05          True
     12188      5   1948   7.369358e-01   7.369358e-01   7.369349e-01   7.360758e-01    8.555e-07      8.599e-04    8.591e-04    3.397e+00    1.079e-05          True
     12194      5   1954  -3.853741e-01  -3.853741e-01  -3.853737e-01  -3.867667e-01    4.509e-07      1.393e-03    1.393e-03    2.995e+00    1.079e-05          True
     12197      5   1957   3.422841e-01   3.422841e-01   3.422840e-01   3.428567e-01    1.040e-07      5.726e-04    5.727e-04    1.810e+00    5.395e-06          True
     12199      5   1959  -1.023410e-01  -1.023410e-01  -1.023389e-01  -1.036310e-01    2.164e-06      1.290e-03    1.292e-03    2.828e+00    1.079e-05          True
     12200      5   1960   2.301389e-01   2.301389e-01   2.301376e-01   2.303791e-01    1.343e-06      2.402e-04    2.416e-04    2.979e+00    1.079e-05          True
     12207      5   1967  -6.272799e-02  -6.272799e-02  -6.272942e-02  -6.463568e-02    1.426e-06      1.908e-03    1.906e-03    6.766e+00    2.158e-05          True
     12208      5   1968   3.938613e-01   3.938613e-01   3.938610e-01   3.930449e-01    3.061e-07      8.164e-04    8.161e-04    2.937e+00    1.079e-05          True
     12216      5   1976   2.468303e-01   2.468303e-01   2.468308e-01   2.472307e-01    4.848e-07      4.004e-04    3.999e-04    1.983e+00    5.395e-06          True
     12221      5   1981  -2.571189e-01  -2.571189e-01  -2.571192e-01  -2.563519e-01    2.796e-07      7.670e-04    7.673e-04    3.156e+00    1.079e-05          True
     12224      5   1984   8.705117e-02   8.705117e-02   8.705081e-02   8.740927e-02    3.631e-07      3.581e-04    3.585e-04    1.694e+00    5.395e-06          True
     12229      5   1989  -1.083217e+00  -1.083217e+00  -1.083215e+00  -1.082031e+00    2.725e-06      1.186e-03    1.184e-03    5.995e+00    2.158e-05          True
     12231      5   1991   5.787241e-01   5.787241e-01   5.787228e-01   5.795011e-01    1.356e-06      7.770e-04    7.783e-04    2.932e+00    1.079e-05          True
     12234      5   1994   3.370013e-01   3.370013e-01   3.370030e-01   3.374652e-01    1.733e-06      4.639e-04    4.622e-04    2.993e+00    1.079e-05          True
     12235      5   1995  -3.811010e-01  -3.811010e-01  -3.811018e-01  -3.818878e-01    8.352e-07      7.868e-04    7.859e-04    4.525e+00    2.158e-05          True
     12237      5   1997  -6.519551e-01  -6.519551e-01  -6.519553e-01  -6.497846e-01    1.596e-07      2.171e-03    2.171e-03    1.747e+00    5.395e-06          True
     12246      5   2006  -3.633709e-01  -3.633709e-01  -3.633727e-01  -3.623675e-01    1.772e-06      1.003e-03    1.005e-03    3.801e+00    1.079e-05          True
     12251      5   2011  -8.282997e-02  -8.282997e-02  -8.283275e-02  -8.373062e-02    2.787e-06      9.007e-04    8.979e-04    3.054e+00    1.079e-05          True
     12255      5   2015   9.777211e-02   9.777211e-02   9.777263e-02   9.906953e-02    5.193e-07      1.297e-03    1.297e-03    1.678e+00    5.395e-06          True
     12256      5   2016  -6.612134e-01  -6.612134e-01  -6.612125e-01  -6.622410e-01    9.230e-07      1.028e-03    1.029e-03    2.462e+00    1.079e-05          True
     12258      5   2018  -2.551242e-01  -2.551242e-01  -2.551197e-01  -2.541752e-01    4.588e-06      9.491e-04    9.445e-04    5.263e+00    2.158e-05          True
     12267      5   2027   2.754432e-01   2.754432e-01   2.754422e-01   2.759109e-01    9.886e-07      4.677e-04    4.687e-04    2.961e+00    1.079e-05          True
     12272      5   2032   3.099177e-01   3.099177e-01   3.099177e-01   3.093319e-01    2.936e-08      5.858e-04    5.858e-04    3.414e+00    1.079e-05          True
     12275      5   2035  -3.605189e-01  -3.605189e-01  -3.605227e-01  -3.609685e-01    3.772e-06      4.495e-04    4.458e-04    3.209e+00    1.079e-05          True
     12281      5   2041   4.280921e-01   4.280921e-01   4.280949e-01   4.288603e-01    2.799e-06      7.683e-04    7.655e-04    5.311e+00    2.158e-05          True
     12295      6      7   1.168568e+00   1.168568e+00   1.168568e+00   1.170128e+00    9.943e-08      1.560e-03    1.560e-03    1.828e+00    5.395e-06          True
     12296      6      8   2.001168e-01   2.001168e-01   2.001153e-01   1.997738e-01    1.484e-06      3.430e-04    3.415e-04    2.474e+00    1.079e-05          True
     12298      6     10  -2.854888e-01  -2.854888e-01  -2.854860e-01  -2.884385e-01    2.808e-06      2.950e-03    2.952e-03    3.507e+00    1.079e-05          True
     12302      6     14  -1.533067e-02  -1.533067e-02  -1.533284e-02  -1.399011e-02    2.170e-06      1.341e-03    1.343e-03    3.929e+00    1.079e-05          True
     12304      6     16   1.194342e-01   1.194342e-01   1.194325e-01   1.181360e-01    1.744e-06      1.298e-03    1.296e-03    2.827e+00    1.079e-05          True
     12318      6     30  -2.048285e-01  -2.048285e-01  -2.048278e-01  -2.069901e-01    7.572e-07      2.162e-03    2.162e-03    4.244e+00    2.158e-05          True
     12321      6     33  -1.835343e-01  -1.835343e-01  -1.835341e-01  -1.822004e-01    2.706e-07      1.334e-03    1.334e-03    4.327e+00    2.158e-05          True
     12323      6     35  -6.070590e-01  -6.070590e-01  -6.070588e-01  -6.080409e-01    2.214e-07      9.819e-04    9.821e-04    1.879e+00    5.395e-06          True
     12326      6     38   2.636367e-01   2.636367e-01   2.636350e-01   2.628637e-01    1.679e-06      7.729e-04    7.713e-04    3.735e+00    1.079e-05          True
     12331      6     43   1.129755e+00   1.129755e+00   1.129754e+00   1.128482e+00    7.038e-07      1.273e-03    1.272e-03    1.995e+00    5.395e-06          True
     12343      6     55  -2.816248e-01  -2.816248e-01  -2.816232e-01  -2.806341e-01    1.592e-06      9.907e-04    9.891e-04    2.497e+00    1.079e-05          True
     12344      6     56   5.435068e-01   5.435068e-01   5.435072e-01   5.416916e-01    3.293e-07      1.815e-03    1.816e-03    2.060e+00    1.079e-05          True
     12347      6     59   2.514947e-01   2.514947e-01   2.514955e-01   2.510314e-01    7.965e-07      4.633e-04    4.641e-04    4.267e+00    2.158e-05          True
     12349      6     61  -4.286183e-01  -4.286183e-01  -4.286208e-01  -4.279634e-01    2.475e-06      6.549e-04    6.574e-04    3.211e+00    1.079e-05          True
     12350      6     62   9.214550e-02   9.214550e-02   9.214609e-02   9.250582e-02    5.895e-07      3.603e-04    3.597e-04    3.019e+00    1.079e-05          True
     12354      6     66  -4.727420e-01  -4.727420e-01  -4.727385e-01  -4.717781e-01    3.496e-06      9.639e-04    9.604e-04    3.095e+00    1.079e-05          True
     12355      6     67  -1.003137e+00  -1.003137e+00  -1.003137e+00  -1.004608e+00    5.631e-07      1.472e-03    1.471e-03    2.858e+00    1.079e-05          True
     12366      6     78  -2.264485e-01  -2.264485e-01  -2.264463e-01  -2.269570e-01    2.131e-06      5.085e-04    5.107e-04    2.488e+00    1.079e-05          True
     12368      6     80   2.770170e-01   2.770170e-01   2.770132e-01   2.759711e-01    3.803e-06      1.046e-03    1.042e-03    3.222e+00    1.079e-05          True
     12371      6     83   4.858805e-01   4.858805e-01   4.858797e-01   4.867471e-01    7.932e-07      8.666e-04    8.674e-04    2.825e+00    1.079e-05          True
     12375      6     87  -1.416478e-01  -1.416478e-01  -1.416460e-01  -1.419728e-01    1.768e-06      3.250e-04    3.267e-04    3.530e+00    1.079e-05          True
     12397      6    109   4.371420e-01   4.371420e-01   4.371426e-01   4.378866e-01    6.348e-07      7.446e-04    7.440e-04    3.574e+00    1.079e-05          True
     12403      6    115  -2.088421e-01  -2.088421e-01  -2.088443e-01  -2.099280e-01    2.203e-06      1.086e-03    1.084e-03    2.377e+00    1.079e-05          True
     12407      6    119  -7.014250e-01  -7.014250e-01  -7.014280e-01  -7.005280e-01    3.007e-06      8.970e-04    9.000e-04    5.930e+00    2.158e-05          True
     12412      6    124   1.144069e-01   1.144069e-01   1.144075e-01   1.133546e-01    5.727e-07      1.052e-03    1.053e-03    2.439e+00    1.079e-05          True
     12422      6    134  -1.012516e+00  -1.012516e+00  -1.012515e+00  -1.013633e+00    8.395e-07      1.117e-03    1.118e-03    2.032e+00    1.079e-05          True
     12426      6    138   6.871638e-01   6.871638e-01   6.871648e-01   6.863971e-01    1.007e-06      7.668e-04    7.678e-04    3.059e+00    1.079e-05          True
     12429      6    141   8.154410e-01   8.154410e-01   8.154416e-01   8.165082e-01    5.636e-07      1.067e-03    1.067e-03    2.315e+00    1.079e-05          True
     12440      6    152   1.960690e-01   1.960690e-01   1.960680e-01   1.963952e-01    1.003e-06      3.263e-04    3.273e-04    3.336e+00    1.079e-05          True
     12448      6    160  -4.064021e-01  -4.064021e-01  -4.064022e-01  -4.059835e-01    1.769e-07      4.186e-04    4.188e-04    2.767e+00    1.079e-05          True
     12453      6    165  -3.008810e-01  -3.008810e-01  -3.008805e-01  -3.018417e-01    4.932e-07      9.607e-04    9.612e-04    2.118e+00    1.079e-05          True
     12466      6    178   7.825076e-02   7.825076e-02   7.825195e-02   7.795062e-02    1.193e-06      3.001e-04    3.013e-04    1.991e+00    5.395e-06          True
     12470      6    182  -1.998889e+00  -1.998889e+00  -1.998889e+00  -2.001501e+00    2.199e-07      2.612e-03    2.612e-03    2.956e+00    1.079e-05          True
     12475      6    187   8.027173e-01   8.027173e-01   8.027175e-01   8.035401e-01    2.426e-07      8.228e-04    8.225e-04    2.796e+00    1.079e-05          True
     12480      6    192  -1.989981e-01  -1.989981e-01  -1.989989e-01  -1.992148e-01    7.759e-07      2.167e-04    2.159e-04    2.470e+00    1.079e-05          True
     12488      6    200  -1.901415e+00  -1.901415e+00  -1.901414e+00  -1.903527e+00    6.065e-07      2.112e-03    2.113e-03    1.901e+00    5.395e-06          True
     12491      6    203   6.228059e-01   6.228059e-01   6.228043e-01   6.220028e-01    1.598e-06      8.031e-04    8.015e-04    3.978e+00    1.079e-05          True
     12496      6    208   5.906499e-01   5.906499e-01   5.906542e-01   5.919058e-01    4.337e-06      1.256e-03    1.252e-03    5.017e+00    2.158e-05          True
     12499      6    211   5.197554e-01   5.197554e-01   5.197558e-01   5.167764e-01    4.523e-07      2.979e-03    2.979e-03    2.404e+00    1.079e-05          True
     12501      6    213   4.207650e-02   4.207650e-02   4.207456e-02   4.442660e-02    1.937e-06      2.350e-03    2.352e-03    2.446e+00    1.079e-05          True
     12504      6    216   1.581630e+00   1.581630e+00   1.581628e+00   1.583487e+00    2.120e-06      1.856e-03    1.859e-03    4.587e+00    2.158e-05          True
     12509      6    221   4.327766e-01   4.327766e-01   4.327772e-01   4.323291e-01    5.521e-07      4.475e-04    4.480e-04    2.294e+00    1.079e-05          True
     12514      6    226  -3.692222e-01  -3.692222e-01  -3.692231e-01  -3.685274e-01    8.808e-07      6.949e-04    6.958e-04    3.291e+00    1.079e-05          True
     12525      6    237  -2.697983e-01  -2.697983e-01  -2.697996e-01  -2.702036e-01    1.294e-06      4.054e-04    4.041e-04    2.112e+00    1.079e-05          True
     12530      6    242   5.468394e-01   5.468394e-01   5.468387e-01   5.450704e-01    7.093e-07      1.769e-03    1.768e-03    2.374e+00    1.079e-05          True
     12532      6    244   3.273667e-01   3.273667e-01   3.273658e-01   3.280033e-01    8.335e-07      6.366e-04    6.374e-04    2.133e+00    1.079e-05          True
     12537      6    249   6.300581e-01   6.300581e-01   6.300610e-01   6.317493e-01    2.952e-06      1.691e-03    1.688e-03    5.165e+00    2.158e-05          True
     12538      6    250  -6.338085e-01  -6.338085e-01  -6.338081e-01  -6.356000e-01    3.907e-07      1.792e-03    1.792e-03    2.062e+00    1.079e-05          True
     12540      6    252  -5.497688e-02  -5.497688e-02  -5.497495e-02  -5.549162e-02    1.926e-06      5.147e-04    5.167e-04    4.038e+00    2.158e-05          True
     12549      6    261  -1.131162e+00  -1.131162e+00  -1.131161e+00  -1.129757e+00    1.060e-06      1.406e-03    1.405e-03    3.874e+00    1.079e-05          True
     12558      6    270   2.641871e-01   2.641871e-01   2.641871e-01   2.631199e-01    2.433e-08      1.067e-03    1.067e-03    3.378e+00    1.079e-05          True
     12565      6    277  -8.934663e-01  -8.934663e-01  -8.934677e-01  -8.956448e-01    1.345e-06      2.179e-03    2.177e-03    3.979e+00    1.079e-05          True
     12583      6    295   1.116534e+00   1.116534e+00   1.116535e+00   1.118417e+00    7.973e-07      1.882e-03    1.882e-03    3.568e+00    1.079e-05          True
     12587      6    299  -9.323905e-01  -9.323905e-01  -9.323880e-01  -9.340726e-01    2.532e-06      1.682e-03    1.685e-03    3.732e+00    1.079e-05          True
     12588      6    300   2.206078e+00   2.206078e+00   2.206078e+00   2.208545e+00    4.473e-07      2.467e-03    2.467e-03    5.927e+00    2.158e-05          True
     12593      6    305  -5.606422e-01  -5.606422e-01  -5.606421e-01  -5.581852e-01    6.132e-08      2.457e-03    2.457e-03    2.554e+00    1.079e-05          True
     12596      6    308  -4.624749e-01  -4.624749e-01  -4.624783e-01  -4.614566e-01    3.344e-06      1.018e-03    1.022e-03    4.101e+00    2.158e-05          True
     12606      6    318  -1.358863e+00  -1.358863e+00  -1.358865e+00  -1.356488e+00    2.058e-06      2.374e-03    2.377e-03    2.620e+00    1.079e-05          True
     12627      6    339  -3.585452e-01  -3.585452e-01  -3.585449e-01  -3.598597e-01    3.024e-07      1.314e-03    1.315e-03    3.829e+00    1.079e-05          True
     12651      6    363  -4.122217e-01  -4.122217e-01  -4.122184e-01  -4.126707e-01    3.375e-06      4.490e-04    4.523e-04    2.856e+00    1.079e-05          True
     12664      6    376   9.321529e-01   9.321529e-01   9.321505e-01   9.339045e-01    2.407e-06      1.752e-03    1.754e-03    5.241e+00    2.158e-05          True
     12675      6    387  -1.143375e+00  -1.143375e+00  -1.143378e+00  -1.144778e+00    2.872e-06      1.402e-03    1.400e-03    3.045e+00    1.079e-05          True
     12679      6    391   3.028661e-01   3.028661e-01   3.028606e-01   3.016786e-01    5.508e-06      1.187e-03    1.182e-03    3.702e+00    1.079e-05          True
     12680      6    392  -1.623493e+00  -1.623493e+00  -1.623492e+00  -1.625717e+00    6.315e-07      2.225e-03    2.225e-03    2.578e+00    1.079e-05          True
     12691      6    403  -1.556311e+00  -1.556311e+00  -1.556308e+00  -1.558806e+00    3.206e-06      2.495e-03    2.499e-03    2.992e+00    1.079e-05          True
     12692      6    404   1.651032e-01   1.651032e-01   1.651022e-01   1.653716e-01    9.823e-07      2.684e-04    2.694e-04    4.446e+00    2.158e-05          True
     12693      6    405  -4.760689e-01  -4.760689e-01  -4.760753e-01  -4.753772e-01    6.408e-06      6.916e-04    6.980e-04    5.189e+00    2.158e-05          True
     12711      6    423  -1.639189e-01  -1.639189e-01  -1.639193e-01  -1.645054e-01    3.828e-07      5.865e-04    5.862e-04    1.755e+00    5.395e-06          True
     12721      6    433  -3.177630e-01  -3.177630e-01  -3.177629e-01  -3.167796e-01    6.962e-08      9.835e-04    9.834e-04    2.127e+00    1.079e-05          True
     12724      6    436   1.617426e-01   1.617426e-01   1.617452e-01   1.627281e-01    2.574e-06      9.855e-04    9.829e-04    3.530e+00    1.079e-05          True
     12726      6    438   5.496050e-01   5.496050e-01   5.496088e-01   5.516339e-01    3.751e-06      2.029e-03    2.025e-03    3.265e+00    1.079e-05          True
     12732      6    444   1.840204e+00   1.840204e+00   1.840206e+00   1.838305e+00    1.920e-06      1.899e-03    1.901e-03    5.037e+00    2.158e-05          True
     12748      6    460   1.862231e-01   1.862231e-01   1.862229e-01   1.854420e-01    1.900e-07      7.811e-04    7.809e-04    2.041e+00    1.079e-05          True
     12763      6    475  -7.576453e-01  -7.576453e-01  -7.576450e-01  -7.563644e-01    2.458e-07      1.281e-03    1.281e-03    2.675e+00    1.079e-05          True
     12769      6    481   8.021242e-01   8.021242e-01   8.021215e-01   8.036569e-01    2.772e-06      1.533e-03    1.535e-03    4.960e+00    2.158e-05          True
     12779      6    491   9.220185e-02   9.220185e-02   9.220292e-02   9.234849e-02    1.067e-06      1.466e-04    1.456e-04    3.508e+00    1.079e-05          True
     12783      6    495   5.081017e-01   5.081017e-01   5.081045e-01   5.088622e-01    2.849e-06      7.605e-04    7.577e-04    5.175e+00    2.158e-05          True
     12790      6    502   6.873525e-02   6.873525e-02   6.873617e-02   6.989333e-02    9.161e-07      1.158e-03    1.157e-03    2.331e+00    1.079e-05          True
     12808      6    520   2.941198e-02   2.941198e-02   2.941136e-02   2.848060e-02    6.193e-07      9.314e-04    9.308e-04    2.010e+00    1.079e-05          True
     12816      6    528  -2.621211e-01  -2.621211e-01  -2.621224e-01  -2.602105e-01    1.264e-06      1.911e-03    1.912e-03    3.764e+00    1.079e-05          True
     12817      6    529  -8.194123e-02  -8.194123e-02  -8.194222e-02  -8.140129e-02    9.831e-07      5.399e-04    5.409e-04    3.221e+00    1.079e-05          True
     12820      6    532  -1.200130e-01  -1.200130e-01  -1.200121e-01  -1.190305e-01    9.518e-07      9.825e-04    9.816e-04    4.029e+00    2.158e-05          True
     12827      6    539   1.325421e-01   1.325421e-01   1.325416e-01   1.311291e-01    5.081e-07      1.413e-03    1.412e-03    2.541e+00    1.079e-05          True
     12829      6    541  -2.102501e-01  -2.102501e-01  -2.102527e-01  -2.108422e-01    2.562e-06      5.921e-04    5.895e-04    3.731e+00    1.079e-05          True
     12830      6    542   1.181747e+00   1.181747e+00   1.181746e+00   1.183259e+00    1.055e-06      1.512e-03    1.513e-03    3.810e+00    1.079e-05          True
     12844      6    556   1.220982e-01   1.220982e-01   1.220999e-01   1.222554e-01    1.634e-06      1.572e-04    1.556e-04    3.572e+00    1.079e-05          True
     12850      6    562  -2.696255e-01  -2.696255e-01  -2.696251e-01  -2.702071e-01    3.606e-07      5.816e-04    5.820e-04    4.132e+00    2.158e-05          True
     12852      6    564  -8.820939e-01  -8.820939e-01  -8.820959e-01  -8.808656e-01    1.938e-06      1.228e-03    1.230e-03    3.304e+00    1.079e-05          True
     12865      6    577  -9.928831e-01  -9.928831e-01  -9.928829e-01  -9.915671e-01    1.727e-07      1.316e-03    1.316e-03    3.952e+00    1.079e-05          True
     12871      6    583  -4.030282e-01  -4.030282e-01  -4.030283e-01  -4.022851e-01    9.471e-08      7.431e-04    7.432e-04    2.236e+00    1.079e-05          True
     12881      6    593   3.562562e-02   3.562562e-02   3.562784e-02   3.322529e-02    2.225e-06      2.400e-03    2.403e-03    2.694e+00    1.079e-05          True
     12885      6    597  -2.442955e-01  -2.442955e-01  -2.442933e-01  -2.440002e-01    2.222e-06      2.953e-04    2.931e-04    2.983e+00    1.079e-05          True
     12902      6    614  -5.280748e-01  -5.280748e-01  -5.280774e-01  -5.292210e-01    2.590e-06      1.146e-03    1.144e-03    5.606e+00    2.158e-05          True
     12911      6    623  -5.338173e-02  -5.338173e-02  -5.338265e-02  -5.277378e-02    9.201e-07      6.079e-04    6.089e-04    3.844e+00    1.079e-05          True
     12912      6    624   3.032410e-01   3.032410e-01   3.032411e-01   3.021956e-01    1.533e-07      1.045e-03    1.046e-03    4.899e+00    2.158e-05          True
     12927      6    639   1.410924e-01   1.410924e-01   1.410935e-01   1.416450e-01    1.060e-06      5.526e-04    5.515e-04    2.945e+00    1.079e-05          True
     12934      6    646   1.339599e+00   1.339599e+00   1.339599e+00   1.341012e+00    1.789e-07      1.413e-03    1.413e-03    3.772e+00    1.079e-05          True
     12939      6    651  -1.962268e-01  -1.962268e-01  -1.962270e-01  -1.952145e-01    1.896e-07      1.012e-03    1.012e-03    5.895e+00    2.158e-05          True
     12944      6    656   4.759504e-01   4.759504e-01   4.759502e-01   4.768047e-01    1.606e-07      8.543e-04    8.545e-04    3.815e+00    1.079e-05          True
     12948      6    660   1.346185e-01   1.346185e-01   1.346192e-01   1.344832e-01    6.566e-07      1.353e-04    1.360e-04    3.308e+00    1.079e-05          True
     12949      6    661  -7.669879e-01  -7.669879e-01  -7.669889e-01  -7.684146e-01    1.009e-06      1.427e-03    1.426e-03    3.518e+00    1.079e-05          True
     12957      6    669  -5.788930e-01  -5.788930e-01  -5.788938e-01  -5.800807e-01    8.613e-07      1.188e-03    1.187e-03    3.363e+00    1.079e-05          True
     12960      6    672   2.342296e+00   2.342296e+00   2.342295e+00   2.344689e+00    7.243e-07      2.393e-03    2.394e-03    3.868e+00    1.079e-05          True
     12966      6    678  -8.970551e-01  -8.970551e-01  -8.970574e-01  -8.980026e-01    2.248e-06      9.475e-04    9.452e-04    3.953e+00    1.079e-05          True
     12978      6    690  -6.291681e-01  -6.291681e-01  -6.291686e-01  -6.309661e-01    4.325e-07      1.798e-03    1.797e-03    4.392e+00    2.158e-05          True
     12988      6    700  -1.019106e-01  -1.019106e-01  -1.019102e-01  -1.026031e-01    4.056e-07      6.924e-04    6.928e-04    3.218e+00    1.079e-05          True
     12990      6    702  -3.357761e-01  -3.357761e-01  -3.357775e-01  -3.368362e-01    1.316e-06      1.060e-03    1.059e-03    2.379e+00    1.079e-05          True
     13001      6    713   1.099451e-01   1.099451e-01   1.099455e-01   1.100772e-01    3.774e-07      1.321e-04    1.317e-04    2.692e+00    1.079e-05          True
     13005      6    717   4.285256e-01   4.285256e-01   4.285263e-01   4.304779e-01    6.339e-07      1.952e-03    1.952e-03    3.214e+00    1.079e-05          True
     13006      6    718   4.868860e-01   4.868860e-01   4.868802e-01   4.854835e-01    5.751e-06      1.403e-03    1.397e-03    3.698e+00    1.079e-05          True
     13011      6    723   2.756864e-01   2.756864e-01   2.756835e-01   2.771182e-01    2.948e-06      1.432e-03    1.435e-03    3.039e+00    1.079e-05          True
     13023      6    735  -1.328338e+00  -1.328338e+00  -1.328339e+00  -1.326089e+00    1.287e-06      2.249e-03    2.250e-03    4.512e+00    2.158e-05          True
     13024      6    736  -1.218483e-01  -1.218483e-01  -1.218492e-01  -1.196129e-01    8.530e-07      2.235e-03    2.236e-03    4.497e+00    2.158e-05          True
     13032      6    744   9.431349e-01   9.431349e-01   9.431340e-01   9.448740e-01    9.242e-07      1.739e-03    1.740e-03    4.083e+00    2.158e-05          True
     13037      6    749   8.525538e-01   8.525538e-01   8.525537e-01   8.545336e-01    1.192e-07      1.980e-03    1.980e-03    3.523e+00    1.079e-05          True
     13042      6    754   1.672744e-01   1.672744e-01   1.672724e-01   1.668091e-01    1.951e-06      4.653e-04    4.633e-04    1.748e+00    5.395e-06          True
     13046      6    758   7.992802e-01   7.992802e-01   7.992810e-01   8.004804e-01    7.699e-07      1.200e-03    1.199e-03    2.513e+00    1.079e-05          True
     13062      6    774   5.655531e-01   5.655531e-01   5.655523e-01   5.645509e-01    7.627e-07      1.002e-03    1.001e-03    2.635e+00    1.079e-05          True
     13068      6    780   5.195021e-01   5.195021e-01   5.195009e-01   5.181362e-01    1.162e-06      1.366e-03    1.365e-03    4.946e+00    2.158e-05          True
     13072      6    784   5.331123e-01   5.331123e-01   5.331133e-01   5.347450e-01    1.016e-06      1.633e-03    1.632e-03    3.155e+00    1.079e-05          True
     13076      6    788   2.478121e-01   2.478121e-01   2.478141e-01   2.483690e-01    2.015e-06      5.570e-04    5.549e-04    3.191e+00    1.079e-05          True
     13092      6    804  -1.128687e+00  -1.128687e+00  -1.128688e+00  -1.130242e+00    1.302e-06      1.556e-03    1.554e-03    2.733e+00    1.079e-05          True
     13095      6    807   9.112739e-01   9.112739e-01   9.112677e-01   9.127483e-01    6.247e-06      1.474e-03    1.481e-03    4.410e+00    2.158e-05          True
     13114      6    826   3.699065e-01   3.699065e-01   3.699040e-01   3.712605e-01    2.500e-06      1.354e-03    1.356e-03    3.258e+00    1.079e-05          True
     13127      6    839   1.230845e+00   1.230845e+00   1.230845e+00   1.232684e+00    3.717e-07      1.838e-03    1.838e-03    3.866e+00    1.079e-05          True
     13131      6    843   1.808907e+00   1.808907e+00   1.808910e+00   1.810826e+00    3.210e-06      1.919e-03    1.916e-03    3.670e+00    1.079e-05          True
     13133      6    845   8.761928e-01   8.761928e-01   8.761945e-01   8.729048e-01    1.694e-06      3.288e-03    3.290e-03    2.215e+00    1.079e-05          True
     13141      6    853  -2.577627e-01  -2.577627e-01  -2.577631e-01  -2.573853e-01    3.504e-07      3.775e-04    3.778e-04    3.380e+00    1.079e-05          True
     13149      6    861   8.153818e-01   8.153818e-01   8.153825e-01   8.165662e-01    6.316e-07      1.184e-03    1.184e-03    4.937e+00    2.158e-05          True
     13150      6    862   2.768719e-01   2.768719e-01   2.768722e-01   2.775128e-01    3.258e-07      6.409e-04    6.405e-04    4.238e+00    2.158e-05          True
     13156      6    868   1.298213e+00   1.298213e+00   1.298213e+00   1.296800e+00    4.181e-07      1.413e-03    1.413e-03    2.193e+00    1.079e-05          True
     13165      6    877   4.735813e-01   4.735813e-01   4.735803e-01   4.743026e-01    1.029e-06      7.213e-04    7.223e-04    4.209e+00    2.158e-05          True
     13166      6    878   1.566726e+00   1.566726e+00   1.566726e+00   1.568691e+00    1.927e-07      1.966e-03    1.966e-03    3.190e+00    1.079e-05          True
     13172      6    884   2.232070e-02   2.232070e-02   2.231969e-02   2.312857e-02    1.007e-06      8.079e-04    8.089e-04    1.839e+00    5.395e-06          True
     13173      6    885   5.138847e-01   5.138847e-01   5.138859e-01   5.129794e-01    1.253e-06      9.052e-04    9.065e-04    3.170e+00    1.079e-05          True
     13174      6    886   4.496127e-01   4.496127e-01   4.496114e-01   4.489307e-01    1.373e-06      6.821e-04    6.807e-04    4.271e+00    2.158e-05          True
     13177      6    889  -1.696158e-01  -1.696158e-01  -1.696151e-01  -1.701850e-01    6.766e-07      5.692e-04    5.699e-04    2.201e+00    1.079e-05          True
     13182      6    894   2.501360e-01   2.501360e-01   2.501378e-01   2.498305e-01    1.827e-06      3.055e-04    3.073e-04    2.262e+00    1.079e-05          True
     13192      6    904  -5.696384e-01  -5.696384e-01  -5.696405e-01  -5.686001e-01    2.035e-06      1.038e-03    1.040e-03    4.829e+00    2.158e-05          True
     13206      6    918   3.843023e-01   3.843023e-01   3.843014e-01   3.823198e-01    8.728e-07      1.982e-03    1.982e-03    3.015e+00    1.079e-05          True
     13208      6    920  -1.083864e-01  -1.083864e-01  -1.083884e-01  -1.077539e-01    1.970e-06      6.326e-04    6.346e-04    2.494e+00    1.079e-05          True
     13209      6    921   2.128294e-01   2.128294e-01   2.128321e-01   2.124086e-01    2.644e-06      4.208e-04    4.235e-04    3.866e+00    1.079e-05          True
     13215      6    927   6.223644e-01   6.223644e-01   6.223662e-01   6.230943e-01    1.776e-06      7.299e-04    7.281e-04    3.650e+00    1.079e-05          True
     13216      6    928   1.913701e+00   1.913701e+00   1.913699e+00   1.916399e+00    1.777e-06      2.698e-03    2.700e-03    3.545e+00    1.079e-05          True
     13230      6    942  -1.007721e+00  -1.007721e+00  -1.007722e+00  -1.008970e+00    1.528e-06      1.249e-03    1.248e-03    5.516e+00    2.158e-05          True
     13232      6    944  -9.678089e-02  -9.678089e-02  -9.678131e-02  -9.711723e-02    4.207e-07      3.363e-04    3.359e-04    3.868e+00    1.079e-05          True
     13235      6    947   4.056401e-01   4.056401e-01   4.056384e-01   4.067974e-01    1.693e-06      1.157e-03    1.159e-03    3.049e+00    1.079e-05          True
     13236      6    948   7.290163e-01   7.290163e-01   7.290148e-01   7.299098e-01    1.475e-06      8.935e-04    8.950e-04    2.198e+00    1.079e-05          True
     13242      6    954  -4.626290e-01  -4.626290e-01  -4.626293e-01  -4.619087e-01    3.086e-07      7.203e-04    7.206e-04    2.916e+00    1.079e-05          True
     13245      6    957   2.062513e-02   2.062513e-02   2.062561e-02   1.992082e-02    4.877e-07      7.043e-04    7.048e-04    3.168e+00    1.079e-05          True
     13248      6    960  -6.297556e-02  -6.297556e-02  -6.297619e-02  -6.044665e-02    6.329e-07      2.529e-03    2.530e-03    3.685e+00    1.079e-05          True
     13252      6    964  -2.954178e-01  -2.954178e-01  -2.954209e-01  -2.958815e-01    3.042e-06      4.636e-04    4.606e-04    3.079e+00    1.079e-05          True
     13270      6    982  -1.322535e-02  -1.322535e-02  -1.322621e-02  -1.432154e-02    8.636e-07      1.096e-03    1.095e-03    2.887e+00    1.079e-05          True
     13274      6    986   9.388445e-01   9.388445e-01   9.388449e-01   9.406272e-01    3.899e-07      1.783e-03    1.782e-03    1.358e+00    5.395e-06          True
     13291      6   1003  -6.748980e-01  -6.748980e-01  -6.749012e-01  -6.764092e-01    3.217e-06      1.511e-03    1.508e-03    2.737e+00    1.079e-05          True
     13293      6   1005  -4.371502e-01  -4.371502e-01  -4.371515e-01  -4.363026e-01    1.324e-06      8.476e-04    8.489e-04    4.389e+00    2.158e-05          True
     13297      6   1009  -5.845261e-02  -5.845261e-02  -5.844885e-02  -5.630739e-02    3.766e-06      2.145e-03    2.141e-03    6.465e+00    2.158e-05          True
     13318      6   1030  -9.601994e-01  -9.601994e-01  -9.601985e-01  -9.583904e-01    8.798e-07      1.809e-03    1.808e-03    2.050e+00    1.079e-05          True
     13320      6   1032  -3.689937e-01  -3.689937e-01  -3.689914e-01  -3.684602e-01    2.330e-06      5.335e-04    5.312e-04    2.905e+00    1.079e-05          True
     13324      6   1036   3.166343e-01   3.166343e-01   3.166360e-01   3.178569e-01    1.631e-06      1.223e-03    1.221e-03    2.431e+00    1.079e-05          True
     13327      6   1039   1.499559e+00   1.499559e+00   1.499560e+00   1.501416e+00    6.271e-07      1.857e-03    1.856e-03    2.671e+00    1.079e-05          True
     13328      6   1040  -5.223406e-01  -5.223406e-01  -5.223422e-01  -5.217915e-01    1.602e-06      5.491e-04    5.507e-04    2.128e+00    1.079e-05          True
     13346      6   1058   7.626219e-01   7.626219e-01   7.626231e-01   7.617906e-01    1.187e-06      8.313e-04    8.325e-04    3.429e+00    1.079e-05          True
     13350      6   1062  -3.974232e-01  -3.974232e-01  -3.974242e-01  -3.978655e-01    9.708e-07      4.423e-04    4.413e-04    2.792e+00    1.079e-05          True
     13360      6   1072  -1.910921e-01  -1.910921e-01  -1.910888e-01  -1.916865e-01    3.237e-06      5.944e-04    5.977e-04    4.637e+00    2.158e-05          True
     13372      6   1084  -2.679413e-01  -2.679413e-01  -2.679409e-01  -2.689942e-01    3.890e-07      1.053e-03    1.053e-03    3.375e+00    1.079e-05          True
     13373      6   1085  -2.805047e-01  -2.805047e-01  -2.805068e-01  -2.796135e-01    2.059e-06      8.913e-04    8.933e-04    3.845e+00    1.079e-05          True
     13375      6   1087   4.636745e-01   4.636745e-01   4.636734e-01   4.625022e-01    1.170e-06      1.172e-03    1.171e-03    2.354e+00    1.079e-05          True
     13379      6   1091  -1.068695e+00  -1.068695e+00  -1.068693e+00  -1.067143e+00    1.227e-06      1.552e-03    1.550e-03    3.194e+00    1.079e-05          True
     13395      6   1107   8.927300e-01   8.927300e-01   8.927279e-01   8.940728e-01    2.135e-06      1.343e-03    1.345e-03    3.532e+00    1.079e-05          True
     13403      6   1115  -2.087575e-01  -2.087575e-01  -2.087587e-01  -2.100841e-01    1.187e-06      1.327e-03    1.325e-03    3.810e+00    1.079e-05          True
     13412      6   1124  -4.364887e-01  -4.364887e-01  -4.364864e-01  -4.374237e-01    2.270e-06      9.350e-04    9.373e-04    2.662e+00    1.079e-05          True
     13414      6   1126  -7.894979e-01  -7.894979e-01  -7.894979e-01  -7.873242e-01    8.513e-09      2.174e-03    2.174e-03    1.682e+00    5.395e-06          True
     13416      6   1128   1.493237e+00   1.493237e+00   1.493231e+00   1.491472e+00    6.213e-06      1.765e-03    1.758e-03    4.662e+00    2.158e-05          True
     13427      6   1139  -8.940707e-01  -8.940707e-01  -8.940727e-01  -8.913701e-01    1.907e-06      2.701e-03    2.703e-03    2.478e+00    1.079e-05          True
     13441      6   1153  -3.525142e-01  -3.525142e-01  -3.525151e-01  -3.534243e-01    9.499e-07      9.101e-04    9.092e-04    3.795e+00    1.079e-05          True
     13445      6   1157   1.488084e+00   1.488084e+00   1.488082e+00   1.486548e+00    2.225e-06      1.536e-03    1.533e-03    3.586e+00    1.079e-05          True
     13447      6   1159  -2.134823e-01  -2.134823e-01  -2.134843e-01  -2.126478e-01    2.078e-06      8.345e-04    8.366e-04    4.672e+00    2.158e-05          True
     13452      6   1164   1.168290e+00   1.168290e+00   1.168291e+00   1.169757e+00    7.646e-07      1.466e-03    1.466e-03    4.194e+00    2.158e-05          True
     13457      6   1169  -1.173765e-01  -1.173765e-01  -1.173754e-01  -1.170629e-01    1.150e-06      3.136e-04    3.124e-04    2.166e+00    1.079e-05          True
     13465      6   1177   1.117622e+00   1.117622e+00   1.117621e+00   1.118981e+00    1.872e-07      1.360e-03    1.360e-03    2.996e+00    1.079e-05          True
     13472      6   1184  -3.302183e-01  -3.302183e-01  -3.302176e-01  -3.328396e-01    6.671e-07      2.621e-03    2.622e-03    2.711e+00    1.079e-05          True
     13477      6   1189   2.515685e+00   2.515685e+00   2.515685e+00   2.512929e+00    1.702e-07      2.756e-03    2.756e-03    3.739e+00    1.079e-05          True
     13482      6   1194   4.717981e-03   4.717981e-03   4.717114e-03   3.651470e-03    8.666e-07      1.067e-03    1.066e-03    2.161e+00    1.079e-05          True
     13484      6   1196  -1.021667e+00  -1.021667e+00  -1.021669e+00  -1.019937e+00    2.821e-06      1.730e-03    1.732e-03    4.064e+00    2.158e-05          True
     13487      6   1199  -8.700714e-01  -8.700714e-01  -8.700706e-01  -8.715104e-01    7.688e-07      1.439e-03    1.440e-03    4.941e+00    2.158e-05          True
     13489      6   1201  -4.392464e-01  -4.392464e-01  -4.392460e-01  -4.383418e-01    3.237e-07      9.046e-04    9.042e-04    1.317e+00    5.395e-06          True
     13498      6   1210  -5.043361e-01  -5.043361e-01  -5.043375e-01  -5.034128e-01    1.418e-06      9.233e-04    9.248e-04    2.592e+00    1.079e-05          True
     13500      6   1212  -4.320105e-02  -4.320105e-02  -4.320144e-02  -4.346490e-02    3.917e-07      2.639e-04    2.635e-04    2.008e+00    1.079e-05          True
     13504      6   1216   3.860237e-01   3.860237e-01   3.860227e-01   3.853515e-01    1.057e-06      6.722e-04    6.712e-04    3.482e+00    1.079e-05          True
     13512      6   1224   4.615857e-01   4.615857e-01   4.615864e-01   4.609362e-01    6.968e-07      6.495e-04    6.502e-04    2.052e+00    1.079e-05          True
     13524      6   1236   3.226104e-01   3.226104e-01   3.226081e-01   3.220543e-01    2.331e-06      5.562e-04    5.538e-04    3.898e+00    1.079e-05          True
     13527      6   1239   2.343382e-01   2.343382e-01   2.343376e-01   2.329360e-01    6.053e-07      1.402e-03    1.402e-03    3.336e+00    1.079e-05          True
     13528      6   1240  -3.765133e-01  -3.765133e-01  -3.765148e-01  -3.773578e-01    1.447e-06      8.445e-04    8.430e-04    2.405e+00    1.079e-05          True
     13533      6   1245  -4.689241e-01  -4.689241e-01  -4.689253e-01  -4.702815e-01    1.183e-06      1.357e-03    1.356e-03    3.613e+00    1.079e-05          True
     13535      6   1247   1.299845e-01   1.299845e-01   1.299834e-01   1.311861e-01    1.070e-06      1.202e-03    1.203e-03    1.704e+00    5.395e-06          True
     13548      6   1260   1.891958e-01   1.891958e-01   1.891961e-01   1.887678e-01    3.037e-07      4.280e-04    4.283e-04    3.073e+00    1.079e-05          True
     13549      6   1261   1.622761e+00   1.622761e+00   1.622764e+00   1.624813e+00    2.457e-06      2.052e-03    2.049e-03    4.102e+00    2.158e-05          True
     13552      6   1264  -1.837650e+00  -1.837650e+00  -1.837646e+00  -1.839592e+00    4.624e-06      1.942e-03    1.947e-03    3.319e+00    1.079e-05          True
     13553      6   1265   1.737870e-01   1.737870e-01   1.737867e-01   1.746275e-01    2.625e-07      8.405e-04    8.408e-04    5.730e+00    2.158e-05          True
     13555      6   1267  -3.250419e-01  -3.250419e-01  -3.250436e-01  -3.242167e-01    1.717e-06      8.252e-04    8.269e-04    3.374e+00    1.079e-05          True
     13558      6   1270  -1.723521e-01  -1.723521e-01  -1.723515e-01  -1.726026e-01    6.157e-07      2.505e-04    2.511e-04    3.557e+00    1.079e-05          True
     13559      6   1271  -1.032290e+00  -1.032290e+00  -1.032291e+00  -1.033473e+00    9.700e-07      1.183e-03    1.182e-03    4.022e+00    2.158e-05          True
     13565      6   1277  -2.259669e-01  -2.259669e-01  -2.259674e-01  -2.243045e-01    5.091e-07      1.662e-03    1.663e-03    2.250e+00    1.079e-05          True
     13593      6   1305  -4.632458e-01  -4.632458e-01  -4.632470e-01  -4.637280e-01    1.273e-06      4.822e-04    4.809e-04    2.613e+00    1.079e-05          True
     13597      6   1309  -2.175652e+00  -2.175652e+00  -2.175651e+00  -2.178173e+00    7.792e-07      2.521e-03    2.522e-03    3.440e+00    1.079e-05          True
     13602      6   1314   8.042572e-01   8.042572e-01   8.042592e-01   8.024774e-01    2.018e-06      1.780e-03    1.782e-03    3.204e+00    1.079e-05          True
     13605      6   1317  -7.304426e-01  -7.304426e-01  -7.304425e-01  -7.292626e-01    9.636e-08      1.180e-03    1.180e-03    3.448e+00    1.079e-05          True
     13608      6   1320   3.122877e+00   3.122877e+00   3.122873e+00   3.119702e+00    4.123e-06      3.175e-03    3.170e-03    3.917e+00    1.079e-05          True
     13620      6   1332  -1.650558e+00  -1.650558e+00  -1.650559e+00  -1.648588e+00    1.057e-06      1.970e-03    1.971e-03    2.725e+00    1.079e-05          True
     13622      6   1334  -6.365216e-01  -6.365216e-01  -6.365212e-01  -6.374578e-01    4.040e-07      9.362e-04    9.366e-04    3.068e+00    1.079e-05          True
     13626      6   1338  -8.242703e-01  -8.242703e-01  -8.242687e-01  -8.224470e-01    1.643e-06      1.823e-03    1.822e-03    1.478e+00    5.395e-06          True
     13631      6   1343   4.835972e-01   4.835972e-01   4.835965e-01   4.818099e-01    6.201e-07      1.787e-03    1.787e-03    3.111e+00    1.079e-05          True
     13650      6   1362   1.166274e-01   1.166274e-01   1.166263e-01   1.164464e-01    1.094e-06      1.810e-04    1.799e-04    2.718e+00    1.079e-05          True
     13651      6   1363   5.359830e-01   5.359830e-01   5.359845e-01   5.346413e-01    1.460e-06      1.342e-03    1.343e-03    2.689e+00    1.079e-05          True
     13659      6   1371  -4.925193e-01  -4.925193e-01  -4.925196e-01  -4.915138e-01    2.493e-07      1.006e-03    1.006e-03    2.683e+00    1.079e-05          True
     13676      6   1388   1.021216e-01   1.021216e-01   1.021230e-01   1.018068e-01    1.345e-06      3.149e-04    3.162e-04    2.820e+00    1.079e-05          True
     13682      6   1394   1.506552e+00   1.506552e+00   1.506551e+00   1.508189e+00    1.579e-06      1.636e-03    1.638e-03    3.158e+00    1.079e-05          True
     13684      6   1396   5.175908e-01   5.175908e-01   5.175920e-01   5.168988e-01    1.176e-06      6.920e-04    6.931e-04    2.570e+00    1.079e-05          True
     13685      6   1397   4.634968e-01   4.634968e-01   4.634971e-01   4.643595e-01    3.137e-07      8.627e-04    8.624e-04    2.145e+00    1.079e-05          True
     13698      6   1410  -9.035768e-01  -9.035768e-01  -9.035721e-01  -9.026520e-01    4.691e-06      9.248e-04    9.201e-04    3.449e+00    1.079e-05          True
     13703      6   1415   1.592820e-01   1.592820e-01   1.592824e-01   1.586188e-01    3.975e-07      6.632e-04    6.636e-04    3.219e+00    1.079e-05          True
     13715      6   1427  -5.392708e-02  -5.392708e-02  -5.392266e-02  -5.266552e-02    4.415e-06      1.262e-03    1.257e-03    4.903e+00    2.158e-05          True
     13726      6   1438   1.728105e+00   1.728105e+00   1.728106e+00   1.729861e+00    4.297e-07      1.756e-03    1.756e-03    3.560e+00    1.079e-05          True
     13727      6   1439   1.536667e-01   1.536667e-01   1.536640e-01   1.526751e-01    2.701e-06      9.916e-04    9.889e-04    3.778e+00    1.079e-05          True
     13729      6   1441   2.446554e-01   2.446554e-01   2.446543e-01   2.449477e-01    1.175e-06      2.922e-04    2.934e-04    2.279e+00    1.079e-05          True
     13730      6   1442  -1.430963e+00  -1.430963e+00  -1.430961e+00  -1.429042e+00    1.093e-06      1.920e-03    1.919e-03    2.329e+00    1.079e-05          True
     13731      6   1443  -7.884931e-01  -7.884931e-01  -7.884912e-01  -7.894475e-01    1.862e-06      9.544e-04    9.563e-04    2.669e+00    1.079e-05          True
     13745      6   1457   3.251238e-01   3.251238e-01   3.251241e-01   3.243062e-01    3.889e-07      8.176e-04    8.180e-04    5.397e+00    2.158e-05          True
     13754      6   1466   2.133591e-01   2.133591e-01   2.133627e-01   2.116939e-01    3.666e-06      1.665e-03    1.669e-03    5.923e+00    2.158e-05          True
     13755      6   1467   3.901289e-01   3.901289e-01   3.901297e-01   3.897150e-01    7.830e-07      4.138e-04    4.146e-04    1.645e+00    5.395e-06          True
     13763      6   1475   6.769221e-01   6.769221e-01   6.769218e-01   6.791335e-01    2.674e-07      2.211e-03    2.212e-03    1.989e+00    5.395e-06          True
     13769      6   1481  -2.507498e-01  -2.507498e-01  -2.507502e-01  -2.499805e-01    3.458e-07      7.693e-04    7.696e-04    2.722e+00    1.079e-05          True
     13770      6   1482  -9.172375e-01  -9.172375e-01  -9.172376e-01  -9.190650e-01    9.111e-08      1.827e-03    1.827e-03    2.836e+00    1.079e-05          True
     13771      6   1483   4.077485e-01   4.077485e-01   4.077464e-01   4.081924e-01    2.084e-06      4.438e-04    4.459e-04    2.974e+00    1.079e-05          True
     13778      6   1490   4.886004e-01   4.886004e-01   4.885999e-01   4.890898e-01    4.653e-07      4.895e-04    4.899e-04    2.909e+00    1.079e-05          True
     13780      6   1492  -4.934726e-01  -4.934726e-01  -4.934751e-01  -4.924851e-01    2.527e-06      9.874e-04    9.900e-04    3.719e+00    1.079e-05          True
     13781      6   1493   2.849111e-01   2.849111e-01   2.849140e-01   2.861827e-01    2.996e-06      1.272e-03    1.269e-03    2.287e+00    1.079e-05          True
     13790      6   1502   3.528636e-01   3.528636e-01   3.528629e-01   3.524373e-01    6.882e-07      4.262e-04    4.255e-04    2.379e+00    1.079e-05          True
     13793      6   1505  -1.690761e-01  -1.690761e-01  -1.690753e-01  -1.677850e-01    8.470e-07      1.291e-03    1.290e-03    3.118e+00    1.079e-05          True
     13798      6   1510   1.105546e+00   1.105546e+00   1.105546e+00   1.103941e+00    1.111e-07      1.605e-03    1.605e-03    2.077e+00    1.079e-05          True
     13802      6   1514   4.740522e-01   4.740522e-01   4.740501e-01   4.734287e-01    2.038e-06      6.235e-04    6.215e-04    2.632e+00    1.079e-05          True
     13820      6   1532  -3.939542e-01  -3.939542e-01  -3.939563e-01  -3.948689e-01    2.054e-06      9.147e-04    9.126e-04    3.297e+00    1.079e-05          True
     13827      6   1539  -1.151014e+00  -1.151014e+00  -1.151013e+00  -1.149714e+00    5.855e-07      1.299e-03    1.299e-03    1.857e+00    5.395e-06          True
     13830      6   1542   4.215492e-01   4.215492e-01   4.215505e-01   4.226387e-01    1.239e-06      1.089e-03    1.088e-03    3.736e+00    1.079e-05          True
     13834      6   1546  -1.560856e-01  -1.560856e-01  -1.560874e-01  -1.536687e-01    1.734e-06      2.417e-03    2.419e-03    1.945e+00    5.395e-06          True
     13843      6   1555   8.338480e-02   8.338480e-02   8.338606e-02   8.272030e-02    1.265e-06      6.645e-04    6.658e-04    3.554e+00    1.079e-05          True
     13845      6   1557  -1.541103e-01  -1.541103e-01  -1.541108e-01  -1.537380e-01    4.217e-07      3.724e-04    3.728e-04    2.210e+00    1.079e-05          True
     13846      6   1558  -7.768492e-01  -7.768492e-01  -7.768505e-01  -7.777295e-01    1.332e-06      8.803e-04    8.790e-04    2.396e+00    1.079e-05          True
     13850      6   1562   2.166853e-03   2.166853e-03   2.168937e-03   3.442131e-03    2.084e-06      1.275e-03    1.273e-03    3.969e+00    1.079e-05          True
     13859      6   1571  -1.337898e+00  -1.337898e+00  -1.337902e+00  -1.339913e+00    4.063e-06      2.016e-03    2.012e-03    4.247e+00    2.158e-05          True
     13860      6   1572   1.507968e+00   1.507968e+00   1.507970e+00   1.511691e+00    1.607e-06      3.723e-03    3.721e-03    2.990e+00    1.079e-05          True
     13861      6   1573  -4.256289e-01  -4.256289e-01  -4.256287e-01  -4.242479e-01    2.074e-07      1.381e-03    1.381e-03    3.401e+00    1.079e-05          True
     13862      6   1574  -3.500189e-01  -3.500189e-01  -3.500220e-01  -3.491756e-01    3.054e-06      8.433e-04    8.464e-04    2.976e+00    1.079e-05          True
     13865      6   1577  -4.988434e-01  -4.988434e-01  -4.988415e-01  -5.005768e-01    1.886e-06      1.733e-03    1.735e-03    3.441e+00    1.079e-05          True
     13871      6   1583   2.117501e-01   2.117501e-01   2.117505e-01   2.135047e-01    3.781e-07      1.755e-03    1.754e-03    2.732e+00    1.079e-05          True
     13885      6   1597  -1.239309e+00  -1.239309e+00  -1.239309e+00  -1.241312e+00    3.508e-07      2.003e-03    2.003e-03    2.803e+00    1.079e-05          True
     13886      6   1598  -8.086656e-01  -8.086656e-01  -8.086635e-01  -8.075341e-01    2.137e-06      1.132e-03    1.129e-03    5.917e+00    2.158e-05          True
     13890      6   1602  -4.158037e-01  -4.158037e-01  -4.158030e-01  -4.163114e-01    6.716e-07      5.077e-04    5.083e-04    2.195e+00    1.079e-05          True
     13893      6   1605  -4.701865e-01  -4.701865e-01  -4.701858e-01  -4.720053e-01    7.044e-07      1.819e-03    1.819e-03    3.591e+00    1.079e-05          True
     13894      6   1606   5.781877e-02   5.781877e-02   5.782185e-02   5.902698e-02    3.081e-06      1.208e-03    1.205e-03    3.571e+00    1.079e-05          True
     13899      6   1611  -7.194848e-01  -7.194848e-01  -7.194836e-01  -7.186019e-01    1.251e-06      8.829e-04    8.817e-04    4.732e+00    2.158e-05          True
     13905      6   1617   4.468751e-01   4.468751e-01   4.468766e-01   4.463093e-01    1.412e-06      5.659e-04    5.673e-04    2.894e+00    1.079e-05          True
     13906      6   1618   2.940242e-01   2.940242e-01   2.940236e-01   2.920169e-01    6.084e-07      2.007e-03    2.007e-03    2.867e+00    1.079e-05          True
     13909      6   1621   3.994414e-01   3.994414e-01   3.994409e-01   4.015694e-01    4.673e-07      2.128e-03    2.128e-03    2.561e+00    1.079e-05          True
     13914      6   1626   1.027317e-02   1.027317e-02   1.027166e-02   9.290058e-03    1.508e-06      9.831e-04    9.816e-04    2.240e+00    1.079e-05          True
     13915      6   1627   2.908995e-01   2.908995e-01   2.909005e-01   2.920871e-01    1.070e-06      1.188e-03    1.187e-03    1.806e+00    5.395e-06          True
     13924      6   1636   4.125383e-01   4.125383e-01   4.125389e-01   4.116567e-01    5.906e-07      8.816e-04    8.822e-04    3.274e+00    1.079e-05          True
     13929      6   1641   1.188930e+00   1.188930e+00   1.188931e+00   1.190178e+00    1.152e-06      1.248e-03    1.246e-03    2.062e+00    1.079e-05          True
     13934      6   1646  -2.435104e+00  -2.435104e+00  -2.435107e+00  -2.432643e+00    3.027e-06      2.462e-03    2.465e-03    3.972e+00    1.079e-05          True
     13937      6   1649  -5.340303e-01  -5.340303e-01  -5.340314e-01  -5.349969e-01    1.104e-06      9.666e-04    9.655e-04    6.049e+00    2.158e-05          True
     13947      6   1659  -1.606295e-02  -1.606295e-02  -1.606568e-02  -1.725539e-02    2.731e-06      1.192e-03    1.190e-03    2.921e+00    1.079e-05          True
     13956      6   1668  -1.917735e-01  -1.917735e-01  -1.917740e-01  -1.913346e-01    5.000e-07      4.389e-04    4.394e-04    5.417e+00    2.158e-05          True
     13958      6   1670  -6.937415e-01  -6.937415e-01  -6.937420e-01  -6.947595e-01    5.235e-07      1.018e-03    1.018e-03    1.704e+00    5.395e-06          True
     13960      6   1672  -6.893349e-02  -6.893349e-02  -6.893416e-02  -6.727050e-02    6.721e-07      1.663e-03    1.664e-03    4.063e+00    2.158e-05          True
     13961      6   1673  -1.019286e+00  -1.019286e+00  -1.019288e+00  -1.017617e+00    1.808e-06      1.669e-03    1.671e-03    5.327e+00    2.158e-05          True
     13977      6   1689  -2.629671e-01  -2.629671e-01  -2.629712e-01  -2.620326e-01    4.112e-06      9.345e-04    9.386e-04    2.429e+00    1.079e-05          True
     13981      6   1693  -2.780526e-01  -2.780526e-01  -2.780516e-01  -2.751389e-01    9.950e-07      2.914e-03    2.913e-03    2.287e+00    1.079e-05          True
     13996      6   1708  -3.685913e-01  -3.685913e-01  -3.685912e-01  -3.679720e-01    6.208e-08      6.192e-04    6.192e-04    3.748e+00    1.079e-05          True
     14001      6   1713   7.157723e-01   7.157723e-01   7.157710e-01   7.166678e-01    1.279e-06      8.955e-04    8.968e-04    3.251e+00    1.079e-05          True
     14010      6   1722  -6.969488e-01  -6.969488e-01  -6.969496e-01  -6.978900e-01    7.634e-07      9.411e-04    9.404e-04    2.258e+00    1.079e-05          True
     14015      6   1727   1.724552e-01   1.724552e-01   1.724512e-01   1.729062e-01    3.930e-06      4.511e-04    4.550e-04    2.991e+00    1.079e-05          True
     14032      6   1744   3.708629e-01   3.708629e-01   3.708631e-01   3.703618e-01    1.794e-07      5.011e-04    5.013e-04    2.761e+00    1.079e-05          True
     14042      6   1754  -2.196950e-01  -2.196950e-01  -2.196961e-01  -2.180381e-01    1.097e-06      1.657e-03    1.658e-03    3.948e+00    1.079e-05          True
     14045      6   1757  -2.946828e-01  -2.946828e-01  -2.946821e-01  -2.939673e-01    6.814e-07      7.155e-04    7.148e-04    5.696e+00    2.158e-05          True
     14047      6   1759  -8.163083e-01  -8.163083e-01  -8.163099e-01  -8.173665e-01    1.591e-06      1.058e-03    1.057e-03    3.283e+00    1.079e-05          True
     14058      6   1770  -1.504222e+00  -1.504222e+00  -1.504221e+00  -1.502669e+00    4.258e-07      1.553e-03    1.552e-03    2.781e+00    1.079e-05          True
     14062      6   1774  -7.232262e-01  -7.232262e-01  -7.232257e-01  -7.244809e-01    4.597e-07      1.255e-03    1.255e-03    3.806e+00    1.079e-05          True
     14067      6   1779  -3.158702e-04  -3.158702e-04  -3.156050e-04   4.016720e-04    2.652e-07      7.175e-04    7.173e-04    1.755e+00    5.395e-06          True
     14078      6   1790   1.367755e-01   1.367755e-01   1.367728e-01   1.350236e-01    2.671e-06      1.752e-03    1.749e-03    4.058e+00    2.158e-05          True
     14087      6   1799  -7.883855e-01  -7.883855e-01  -7.883866e-01  -7.894310e-01    1.155e-06      1.046e-03    1.044e-03    2.901e+00    1.079e-05          True
     14100      6   1812   9.218323e-01   9.218323e-01   9.218297e-01   9.205084e-01    2.593e-06      1.324e-03    1.321e-03    4.336e+00    2.158e-05          True
     14104      6   1816   1.873545e-01   1.873545e-01   1.873562e-01   1.854642e-01    1.740e-06      1.890e-03    1.892e-03    2.940e+00    1.079e-05          True
     14110      6   1822   2.750763e+00   2.750763e+00   2.750766e+00   2.747753e+00    3.718e-06      3.009e-03    3.013e-03    5.059e+00    2.158e-05          True
     14118      6   1830  -5.319649e-01  -5.319649e-01  -5.319664e-01  -5.310363e-01    1.469e-06      9.287e-04    9.301e-04    2.191e+00    1.079e-05          True
     14146      6   1858  -3.338782e-01  -3.338782e-01  -3.338806e-01  -3.322127e-01    2.386e-06      1.666e-03    1.668e-03    4.649e+00    2.158e-05          True
     14148      6   1860  -2.332362e-01  -2.332362e-01  -2.332360e-01  -2.337537e-01    1.791e-07      5.176e-04    5.178e-04    2.436e+00    1.079e-05          True
     14154      6   1866  -9.441661e-01  -9.441661e-01  -9.441651e-01  -9.424800e-01    9.433e-07      1.686e-03    1.685e-03    2.875e+00    1.079e-05          True
     14159      6   1871  -1.250559e+00  -1.250559e+00  -1.250557e+00  -1.251912e+00    2.526e-06      1.353e-03    1.355e-03    3.274e+00    1.079e-05          True
     14172      6   1884  -1.353295e-02  -1.353295e-02  -1.353337e-02  -1.285368e-02    4.120e-07      6.793e-04    6.797e-04    2.026e+00    1.079e-05          True
     14180      6   1892  -1.630059e+00  -1.630059e+00  -1.630059e+00  -1.627660e+00    5.821e-07      2.399e-03    2.399e-03    3.810e+00    1.079e-05          True
     14183      6   1895  -1.172913e+00  -1.172913e+00  -1.172914e+00  -1.170346e+00    7.005e-07      2.567e-03    2.568e-03    3.021e+00    1.079e-05          True
     14188      6   1900  -1.410095e-01  -1.410095e-01  -1.410092e-01  -1.395231e-01    2.586e-07      1.486e-03    1.486e-03    3.975e+00    1.079e-05          True
     14202      6   1914  -1.113541e+00  -1.113541e+00  -1.113541e+00  -1.115050e+00    4.697e-07      1.510e-03    1.509e-03    4.107e+00    2.158e-05          True
     14204      6   1916  -4.973370e-01  -4.973370e-01  -4.973349e-01  -4.961931e-01    2.041e-06      1.144e-03    1.142e-03    2.321e+00    1.079e-05          True
     14206      6   1918  -7.977021e-01  -7.977021e-01  -7.977028e-01  -7.961837e-01    7.139e-07      1.518e-03    1.519e-03    4.544e+00    2.158e-05          True
     14219      6   1931  -1.373122e+00  -1.373122e+00  -1.373119e+00  -1.371538e+00    2.282e-06      1.584e-03    1.581e-03    5.251e+00    2.158e-05          True
     14220      6   1932  -3.006495e-01  -3.006495e-01  -3.006463e-01  -3.001799e-01    3.146e-06      4.696e-04    4.664e-04    2.462e+00    1.079e-05          True
     14222      6   1934  -9.654677e-01  -9.654677e-01  -9.654698e-01  -9.673531e-01    2.119e-06      1.885e-03    1.883e-03    3.614e+00    1.079e-05          True
     14223      6   1935   1.094607e+00   1.094607e+00   1.094607e+00   1.093122e+00    4.614e-07      1.485e-03    1.484e-03    4.401e+00    2.158e-05          True
     14232      6   1944   3.140249e-01   3.140249e-01   3.140250e-01   3.144024e-01    1.295e-07      3.775e-04    3.773e-04    2.128e+00    1.079e-05          True
     14248      6   1960   8.662448e-01   8.662448e-01   8.662448e-01   8.643563e-01    4.053e-08      1.888e-03    1.888e-03    2.704e+00    1.079e-05          True
     14249      6   1961  -1.178504e+00  -1.178504e+00  -1.178503e+00  -1.179707e+00    1.760e-06      1.202e-03    1.204e-03    2.421e+00    1.079e-05          True
     14254      6   1966   7.859890e-01   7.859890e-01   7.859878e-01   7.872766e-01    1.243e-06      1.288e-03    1.289e-03    3.227e+00    1.079e-05          True
     14256      6   1968   1.367180e+00   1.367180e+00   1.367181e+00   1.365342e+00    8.474e-07      1.838e-03    1.839e-03    2.546e+00    1.079e-05          True
     14257      6   1969   2.228139e-01   2.228139e-01   2.228131e-01   2.239492e-01    7.840e-07      1.135e-03    1.136e-03    2.627e+00    1.079e-05          True
     14266      6   1978  -5.578483e-01  -5.578483e-01  -5.578488e-01  -5.584111e-01    5.184e-07      5.628e-04    5.623e-04    2.554e+00    1.079e-05          True
     14269      6   1981   2.778992e-01   2.778992e-01   2.778999e-01   2.781898e-01    7.653e-07      2.907e-04    2.899e-04    3.674e+00    1.079e-05          True
     14270      6   1982  -7.305947e-01  -7.305947e-01  -7.305950e-01  -7.296780e-01    2.712e-07      9.167e-04    9.170e-04    2.834e+00    1.079e-05          True
     14274      6   1986  -3.158276e-01  -3.158276e-01  -3.158268e-01  -3.145303e-01    7.774e-07      1.297e-03    1.297e-03    3.248e+00    1.079e-05          True
     14287      6   1999   8.770976e-01   8.770976e-01   8.770979e-01   8.753866e-01    3.161e-07      1.711e-03    1.711e-03    2.678e+00    1.079e-05          True
     14288      6   2000  -1.912538e-01  -1.912538e-01  -1.912535e-01  -1.921709e-01    2.897e-07      9.171e-04    9.174e-04    1.930e+00    5.395e-06          True
     14290      6   2002  -2.963900e-01  -2.963900e-01  -2.963894e-01  -2.973068e-01    6.113e-07      9.168e-04    9.174e-04    1.955e+00    5.395e-06          True
     14293      6   2005  -1.732066e+00  -1.732066e+00  -1.732066e+00  -1.733918e+00    3.484e-08      1.852e-03    1.852e-03    3.712e+00    1.079e-05          True
     14295      6   2007   4.933687e-01   4.933687e-01   4.933710e-01   4.951049e-01    2.241e-06      1.736e-03    1.734e-03    3.973e+00    1.079e-05          True
     14296      6   2008   1.395226e+00   1.395226e+00   1.395224e+00   1.396746e+00    2.231e-06      1.520e-03    1.522e-03    3.223e+00    1.079e-05          True
     14301      6   2013   1.281023e+00   1.281023e+00   1.281023e+00   1.282642e+00    9.073e-07      1.619e-03    1.620e-03    3.922e+00    1.079e-05          True
     14317      6   2029   2.985902e-01   2.985902e-01   2.985834e-01   2.980477e-01    6.872e-06      5.426e-04    5.357e-04    5.439e+00    2.158e-05          True
     14318      6   2030  -4.022525e-01  -4.022525e-01  -4.022515e-01  -4.036603e-01    9.752e-07      1.408e-03    1.409e-03    3.206e+00    1.079e-05          True
     14324      6   2036   2.868685e-01   2.868685e-01   2.868681e-01   2.852740e-01    3.745e-07      1.594e-03    1.594e-03    4.053e+00    2.158e-05          True
     14326      6   2038   3.857030e-01   3.857030e-01   3.857033e-01   3.831781e-01    2.873e-07      2.525e-03    2.525e-03    2.195e+00    1.079e-05          True
     14343      7      7   3.008079e-01   3.008079e-01   3.008106e-01   3.015845e-01    2.724e-06      7.766e-04    7.739e-04    3.776e+00    1.079e-05          True
     14344      7      8  -1.935319e+00  -1.935319e+00  -1.935322e+00  -1.938137e+00    2.570e-06      2.817e-03    2.815e-03    2.712e+00    1.079e-05          True
     14348      7     12  -5.184624e-01  -5.184624e-01  -5.184637e-01  -5.200039e-01    1.293e-06      1.541e-03    1.540e-03    2.842e+00    1.079e-05          True
     14368      7     32   8.186368e-01   8.186368e-01   8.186356e-01   8.208230e-01    1.188e-06      2.186e-03    2.187e-03    1.838e+00    5.395e-06          True
     14393      7     57   4.464617e-01   4.464617e-01   4.464616e-01   4.471798e-01    1.241e-07      7.181e-04    7.182e-04    1.875e+00    5.395e-06          True
     14395      7     59   1.483944e+00   1.483944e+00   1.483940e+00   1.482393e+00    3.288e-06      1.550e-03    1.547e-03    3.970e+00    1.079e-05          True
     14397      7     61   8.742602e-02   8.742602e-02   8.742834e-02   8.684232e-02    2.320e-06      5.837e-04    5.860e-04    4.096e+00    2.158e-05          True
     14407      7     71  -1.138055e-01  -1.138055e-01  -1.138049e-01  -1.132158e-01    6.049e-07      5.898e-04    5.892e-04    1.719e+00    5.395e-06          True
     14418      7     82   1.229062e+00   1.229062e+00   1.229062e+00   1.227708e+00    2.579e-07      1.354e-03    1.354e-03    3.199e+00    1.079e-05          True
     14420      7     84   8.883249e-01   8.883249e-01   8.883256e-01   8.903576e-01    6.918e-07      2.033e-03    2.032e-03    2.379e+00    1.079e-05          True
     14422      7     86  -2.069304e-01  -2.069304e-01  -2.069335e-01  -2.098380e-01    3.133e-06      2.908e-03    2.904e-03    5.004e+00    2.158e-05          True
     14432      7     96  -1.670506e-01  -1.670506e-01  -1.670499e-01  -1.683908e-01    6.897e-07      1.340e-03    1.341e-03    2.376e+00    1.079e-05          True
     14433      7     97   5.927996e-01   5.927996e-01   5.927996e-01   5.937171e-01    1.088e-08      9.175e-04    9.175e-04    2.334e+00    1.079e-05          True
     14436      7    100   4.157434e-01   4.157434e-01   4.157446e-01   4.168378e-01    1.149e-06      1.094e-03    1.093e-03    2.963e+00    1.079e-05          True
     14466      7    130   9.784282e-01   9.784282e-01   9.784230e-01   9.798994e-01    5.176e-06      1.471e-03    1.476e-03    6.026e+00    2.158e-05          True
     14467      7    131   6.003554e-01   6.003554e-01   6.003551e-01   5.996891e-01    3.407e-07      6.664e-04    6.660e-04    2.858e+00    1.079e-05          True
     14469      7    133  -1.071037e-01  -1.071037e-01  -1.071053e-01  -1.076064e-01    1.615e-06      5.027e-04    5.011e-04    4.006e+00    2.158e-05          True
     14470      7    134   6.164746e-02   6.164746e-02   6.164873e-02   6.134763e-02    1.271e-06      2.998e-04    3.011e-04    2.951e+00    1.079e-05          True
     14475      7    139  -8.133092e-01  -8.133092e-01  -8.133084e-01  -8.121507e-01    8.295e-07      1.158e-03    1.158e-03    4.944e+00    2.158e-05          True
     14476      7    140  -1.237602e-01  -1.237602e-01  -1.237601e-01  -1.244247e-01    1.300e-07      6.645e-04    6.647e-04    2.545e+00    1.079e-05          True
     14479      7    143  -2.831494e-01  -2.831494e-01  -2.831487e-01  -2.824163e-01    6.841e-07      7.330e-04    7.324e-04    2.074e+00    1.079e-05          True
     14489      7    153  -6.240748e-02  -6.240748e-02  -6.240705e-02  -6.101590e-02    4.236e-07      1.392e-03    1.391e-03    3.767e+00    1.079e-05          True
     14500      7    164   2.528991e-01   2.528991e-01   2.529013e-01   2.513486e-01    2.140e-06      1.550e-03    1.553e-03    4.224e+00    2.158e-05          True
     14503      7    167   6.854820e-01   6.854820e-01   6.854785e-01   6.843387e-01    3.511e-06      1.143e-03    1.140e-03    4.201e+00    2.158e-05          True
     14516      7    180   5.062465e-02   5.062465e-02   5.062694e-02   4.889719e-02    2.294e-06      1.727e-03    1.730e-03    3.396e+00    1.079e-05          True
     14524      7    188   6.774688e-02   6.774688e-02   6.774803e-02   6.711984e-02    1.147e-06      6.270e-04    6.282e-04    4.800e+00    2.158e-05          True
     14532      7    196   4.841796e-01   4.841796e-01   4.841782e-01   4.835259e-01    1.432e-06      6.537e-04    6.522e-04    3.663e+00    1.079e-05          True
     14535      7    199   8.508599e-01   8.508599e-01   8.508602e-01   8.494058e-01    2.890e-07      1.454e-03    1.454e-03    3.240e+00    1.079e-05          True
     14545      7    209   5.543876e-01   5.543876e-01   5.543868e-01   5.554362e-01    7.950e-07      1.049e-03    1.049e-03    5.868e+00    2.158e-05          True
     14548      7    212  -2.330846e-01  -2.330846e-01  -2.330838e-01  -2.322456e-01    7.285e-07      8.390e-04    8.383e-04    1.689e+00    5.395e-06          True
     14550      7    214  -8.464211e-01  -8.464211e-01  -8.464210e-01  -8.449036e-01    1.232e-07      1.518e-03    1.517e-03    2.173e+00    1.079e-05          True
     14558      7    222  -1.304753e-01  -1.304753e-01  -1.304760e-01  -1.290614e-01    7.615e-07      1.414e-03    1.415e-03    4.592e+00    2.158e-05          True
     14559      7    223   1.162205e+00   1.162205e+00   1.162206e+00   1.160624e+00    1.588e-06      1.581e-03    1.582e-03    3.132e+00    1.079e-05          True
     14575      7    239  -7.519177e-02  -7.519177e-02  -7.519113e-02  -7.500040e-02    6.370e-07      1.914e-04    1.907e-04    2.910e+00    1.079e-05          True
     14588      7    252  -1.597375e-01  -1.597375e-01  -1.597385e-01  -1.608338e-01    1.001e-06      1.096e-03    1.095e-03    3.224e+00    1.079e-05          True
     14590      7    254   7.784777e-01   7.784777e-01   7.784801e-01   7.812805e-01    2.328e-06      2.803e-03    2.800e-03    4.664e+00    2.158e-05          True
     14592      7    256   4.820940e-01   4.820940e-01   4.820931e-01   4.834045e-01    9.197e-07      1.310e-03    1.311e-03    3.857e+00    1.079e-05          True
     14597      7    261   6.668852e-03   6.668852e-03   6.670909e-03   7.044079e-03    2.056e-06      3.752e-04    3.732e-04    2.724e+00    1.079e-05          True
     14603      7    267  -1.133436e+00  -1.133436e+00  -1.133435e+00  -1.134995e+00    6.299e-07      1.560e-03    1.560e-03    2.850e+00    1.079e-05          True
     14604      7    268  -3.164288e-01  -3.164288e-01  -3.164266e-01  -3.147798e-01    2.118e-06      1.649e-03    1.647e-03    4.565e+00    2.158e-05          True
     14607      7    271  -7.176528e-01  -7.176528e-01  -7.176508e-01  -7.167951e-01    2.015e-06      8.577e-04    8.557e-04    3.088e+00    1.079e-05          True
     14609      7    273   8.860493e-01   8.860493e-01   8.860500e-01   8.844414e-01    7.049e-07      1.608e-03    1.609e-03    3.738e+00    1.079e-05          True
     14611      7    275   2.015804e-01   2.015804e-01   2.015806e-01   2.004464e-01    2.126e-07      1.134e-03    1.134e-03    2.355e+00    1.079e-05          True
     14612      7    276  -1.207876e+00  -1.207876e+00  -1.207877e+00  -1.209478e+00    1.304e-06      1.602e-03    1.601e-03    3.176e+00    1.079e-05          True
     14613      7    277  -6.306983e-01  -6.306983e-01  -6.306972e-01  -6.314990e-01    1.061e-06      8.007e-04    8.018e-04    3.147e+00    1.079e-05          True
     14615      7    279  -3.143306e-01  -3.143306e-01  -3.143293e-01  -3.137374e-01    1.231e-06      5.932e-04    5.919e-04    3.139e+00    1.079e-05          True
     14617      7    281  -1.578587e-01  -1.578587e-01  -1.578600e-01  -1.572712e-01    1.228e-06      5.875e-04    5.887e-04    2.029e+00    1.079e-05          True
     14620      7    284   5.260182e-01   5.260182e-01   5.260178e-01   5.265774e-01    3.296e-07      5.592e-04    5.596e-04    2.930e+00    1.079e-05          True
     14626      7    290   5.388204e-01   5.388204e-01   5.388190e-01   5.398709e-01    1.474e-06      1.050e-03    1.052e-03    2.662e+00    1.079e-05          True
     14627      7    291  -1.251660e+00  -1.251660e+00  -1.251661e+00  -1.252993e+00    1.506e-06      1.333e-03    1.331e-03    3.352e+00    1.079e-05          True
     14628      7    292  -5.494481e-01  -5.494481e-01  -5.494483e-01  -5.486764e-01    2.249e-07      7.717e-04    7.719e-04    2.984e+00    1.079e-05          True
     14638      7    302  -2.993646e-01  -2.993646e-01  -2.993654e-01  -3.010512e-01    7.923e-07      1.687e-03    1.686e-03    2.458e+00    1.079e-05          True
     14645      7    309   9.578989e-01   9.578989e-01   9.578989e-01   9.597843e-01    3.187e-08      1.885e-03    1.885e-03    2.216e+00    1.079e-05          True
     14647      7    311  -1.135003e+00  -1.135003e+00  -1.135002e+00  -1.133281e+00    1.468e-06      1.723e-03    1.721e-03    2.837e+00    1.079e-05          True
     14651      7    315  -4.099377e-01  -4.099377e-01  -4.099369e-01  -4.095229e-01    8.077e-07      4.148e-04    4.140e-04    2.977e+00    1.079e-05          True
     14663      7    327  -2.299300e-01  -2.299300e-01  -2.299287e-01  -2.293616e-01    1.251e-06      5.684e-04    5.671e-04    2.673e+00    1.079e-05          True
     14670      7    334  -1.468907e-01  -1.468907e-01  -1.468903e-01  -1.461456e-01    4.482e-07      7.452e-04    7.447e-04    3.431e+00    1.079e-05          True
     14690      7    354  -1.269258e-01  -1.269258e-01  -1.269264e-01  -1.273078e-01    5.365e-07      3.820e-04    3.815e-04    1.778e+00    5.395e-06          True
     14692      7    356   1.914662e-01   1.914662e-01   1.914677e-01   1.906455e-01    1.577e-06      8.207e-04    8.223e-04    5.116e+00    2.158e-05          True
     14694      7    358  -4.164393e-01  -4.164393e-01  -4.164387e-01  -4.169284e-01    5.673e-07      4.892e-04    4.897e-04    4.008e+00    2.158e-05          True
     14697      7    361  -3.257616e-01  -3.257616e-01  -3.257611e-01  -3.248977e-01    4.983e-07      8.639e-04    8.634e-04    3.044e+00    1.079e-05          True
     14702      7    366  -1.039910e-01  -1.039910e-01  -1.039920e-01  -1.054344e-01    1.015e-06      1.443e-03    1.442e-03    2.521e+00    1.079e-05          True
     14708      7    372  -5.988280e-02  -5.988280e-02  -5.988237e-02  -6.068875e-02    4.324e-07      8.059e-04    8.064e-04    5.384e+00    2.158e-05          True
     14717      7    381   8.682469e-02   8.682469e-02   8.682755e-02   8.626370e-02    2.859e-06      5.610e-04    5.638e-04    5.818e+00    2.158e-05          True
     14725      7    389   1.308149e+00   1.308149e+00   1.308151e+00   1.309488e+00    1.844e-06      1.339e-03    1.337e-03    3.688e+00    1.079e-05          True
     14730      7    394  -1.255162e+00  -1.255162e+00  -1.255160e+00  -1.257029e+00    1.674e-06      1.867e-03    1.869e-03    3.410e+00    1.079e-05          True
     14733      7    397  -5.673833e-02  -5.673833e-02  -5.674002e-02  -5.607641e-02    1.683e-06      6.619e-04    6.636e-04    3.988e+00    1.079e-05          True
     14742      7    406  -6.892728e-01  -6.892728e-01  -6.892722e-01  -6.900638e-01    6.206e-07      7.910e-04    7.916e-04    2.566e+00    1.079e-05          True
     14747      7    411   1.736701e-01   1.736701e-01   1.736702e-01   1.742434e-01    1.732e-07      5.734e-04    5.732e-04    2.360e+00    1.079e-05          True
     14751      7    415   6.234363e-02   6.234363e-02   6.234486e-02   6.173462e-02    1.238e-06      6.090e-04    6.102e-04    3.707e+00    1.079e-05          True
     14754      7    418  -4.317300e-01  -4.317300e-01  -4.317288e-01  -4.321781e-01    1.182e-06      4.480e-04    4.492e-04    3.319e+00    1.079e-05          True
     14761      7    425  -5.537641e-01  -5.537641e-01  -5.537629e-01  -5.550009e-01    1.215e-06      1.237e-03    1.238e-03    3.539e+00    1.079e-05          True
     14767      7    431  -6.770679e-01  -6.770679e-01  -6.770634e-01  -6.759064e-01    4.526e-06      1.162e-03    1.157e-03    6.060e+00    2.158e-05          True
     14768      7    432   3.114024e-01   3.114024e-01   3.114020e-01   3.107560e-01    3.426e-07      6.463e-04    6.460e-04    3.365e+00    1.079e-05          True
     14783      7    447   3.634200e-01   3.634200e-01   3.634198e-01   3.626714e-01    2.294e-07      7.486e-04    7.484e-04    3.289e+00    1.079e-05          True
     14788      7    452   7.598044e-01   7.598044e-01   7.598046e-01   7.606048e-01    1.864e-07      8.004e-04    8.002e-04    3.928e+00    1.079e-05          True
     14789      7    453  -4.838947e-02  -4.838947e-02  -4.838802e-02  -4.830651e-02    1.458e-06      8.296e-05    8.151e-05    2.594e+00    1.079e-05          True
     14811      7    475   8.271941e-01   8.271941e-01   8.271986e-01   8.259562e-01    4.494e-06      1.238e-03    1.242e-03    4.375e+00    2.158e-05          True
     14814      7    478  -2.074414e-01  -2.074414e-01  -2.074421e-01  -2.072152e-01    7.169e-07      2.262e-04    2.270e-04    2.388e+00    1.079e-05          True
     14824      7    488  -3.808276e-01  -3.808276e-01  -3.808261e-01  -3.813377e-01    1.489e-06      5.100e-04    5.115e-04    3.751e+00    1.079e-05          True
     14836      7    500   2.763959e-01   2.763959e-01   2.763900e-01   2.767909e-01    5.937e-06      3.951e-04    4.010e-04    4.820e+00    2.158e-05          True
     14838      7    502   2.058593e-01   2.058593e-01   2.058592e-01   2.052143e-01    1.406e-07      6.450e-04    6.449e-04    4.414e+00    2.158e-05          True
     14846      7    510  -5.050422e-01  -5.050422e-01  -5.050427e-01  -5.058300e-01    5.444e-07      7.879e-04    7.873e-04    6.781e+00    2.158e-05          True
     14847      7    511   6.231317e-01   6.231317e-01   6.231326e-01   6.241626e-01    9.008e-07      1.031e-03    1.030e-03    2.504e+00    1.079e-05          True
     14848      7    512  -2.307262e+00  -2.307262e+00  -2.307261e+00  -2.304921e+00    5.634e-07      2.341e-03    2.340e-03    4.412e+00    2.158e-05          True
     14855      7    519   4.628050e-01   4.628050e-01   4.628060e-01   4.610029e-01    9.825e-07      1.802e-03    1.803e-03    2.635e+00    1.079e-05          True
     14859      7    523   1.380601e-01   1.380601e-01   1.380593e-01   1.377595e-01    7.979e-07      3.006e-04    2.998e-04    2.804e+00    1.079e-05          True
     14879      7    543  -6.367420e-01  -6.367420e-01  -6.367403e-01  -6.347965e-01    1.643e-06      1.945e-03    1.944e-03    1.942e+00    5.395e-06          True
     14882      7    546  -5.369063e-02  -5.369063e-02  -5.369284e-02  -5.355745e-02    2.210e-06      1.332e-04    1.354e-04    3.757e+00    1.079e-05          True
     14894      7    558   1.341472e-01   1.341472e-01   1.341478e-01   1.335617e-01    5.880e-07      5.855e-04    5.861e-04    3.111e+00    1.079e-05          True
     14900      7    564   2.078179e-01   2.078179e-01   2.078191e-01   2.075150e-01    1.130e-06      3.030e-04    3.041e-04    2.050e+00    1.079e-05          True
     14902      7    566  -4.240781e-01  -4.240781e-01  -4.240777e-01  -4.262301e-01    4.095e-07      2.152e-03    2.152e-03    2.329e+00    1.079e-05          True
     14911      7    575  -5.612513e-01  -5.612513e-01  -5.612543e-01  -5.601501e-01    2.979e-06      1.101e-03    1.104e-03    3.414e+00    1.079e-05          True
     14922      7    586  -2.928890e-02  -2.928890e-02  -2.928740e-02  -3.131316e-02    1.492e-06      2.024e-03    2.026e-03    3.221e+00    1.079e-05          True
     14928      7    592   3.375827e-01   3.375827e-01   3.375859e-01   3.367006e-01    3.272e-06      8.821e-04    8.853e-04    3.676e+00    1.079e-05          True
     14930      7    594   1.372309e-01   1.372309e-01   1.372316e-01   1.375242e-01    6.727e-07      2.933e-04    2.926e-04    3.159e+00    1.079e-05          True
     14943      7    607  -5.995676e-02  -5.995676e-02  -5.995666e-02  -5.928887e-02    1.018e-07      6.679e-04    6.678e-04    2.848e+00    1.079e-05          True
     14946      7    610  -6.856333e-01  -6.856333e-01  -6.856340e-01  -6.864738e-01    6.213e-07      8.405e-04    8.399e-04    3.133e+00    1.079e-05          True
     14963      7    627  -1.830692e-01  -1.830692e-01  -1.830692e-01  -1.845934e-01    7.426e-09      1.524e-03    1.524e-03    3.451e+00    1.079e-05          True
     14973      7    637  -5.208322e-01  -5.208322e-01  -5.208344e-01  -5.218104e-01    2.201e-06      9.782e-04    9.760e-04    3.905e+00    1.079e-05          True
     14981      7    645  -5.983012e-01  -5.983012e-01  -5.982991e-01  -5.959657e-01    2.148e-06      2.335e-03    2.333e-03    3.891e+00    1.079e-05          True
     14986      7    650  -7.801828e-01  -7.801828e-01  -7.801824e-01  -7.810721e-01    4.244e-07      8.892e-04    8.897e-04    2.540e+00    1.079e-05          True
     14989      7    653  -1.868449e-02  -1.868449e-02  -1.868848e-02  -1.745583e-02    3.985e-06      1.229e-03    1.233e-03    3.692e+00    1.079e-05          True
     15002      7    666  -4.954854e-01  -4.954854e-01  -4.954859e-01  -4.976923e-01    4.263e-07      2.207e-03    2.206e-03    4.335e+00    2.158e-05          True
     15019      7    683  -4.614502e-01  -4.614502e-01  -4.614516e-01  -4.603176e-01    1.468e-06      1.133e-03    1.134e-03    1.739e+00    5.395e-06          True
     15040      7    704   5.691143e-01   5.691143e-01   5.691132e-01   5.680960e-01    1.062e-06      1.018e-03    1.017e-03    2.495e+00    1.079e-05          True
     15041      7    705   2.310610e-01   2.310610e-01   2.310619e-01   2.313043e-01    8.556e-07      2.433e-04    2.424e-04    3.499e+00    1.079e-05          True
     15047      7    711  -6.868454e-01  -6.868454e-01  -6.868431e-01  -6.857128e-01    2.254e-06      1.133e-03    1.130e-03    4.104e+00    2.158e-05          True
     15050      7    714   1.108086e+00   1.108086e+00   1.108081e+00   1.110131e+00    4.957e-06      2.045e-03    2.050e-03    4.976e+00    2.158e-05          True
     15067      7    731  -1.916585e-01  -1.916585e-01  -1.916607e-01  -1.919691e-01    2.258e-06      3.106e-04    3.083e-04    4.357e+00    2.158e-05          True
     15076      7    740  -1.270224e+00  -1.270224e+00  -1.270223e+00  -1.268089e+00    1.086e-06      2.135e-03    2.134e-03    3.111e+00    1.079e-05          True
     15078      7    742  -5.866129e-01  -5.866129e-01  -5.866137e-01  -5.879837e-01    7.983e-07      1.371e-03    1.370e-03    3.617e+00    1.079e-05          True
     15080      7    744   1.290893e+00   1.290893e+00   1.290894e+00   1.289552e+00    3.849e-07      1.341e-03    1.342e-03    1.780e+00    5.395e-06          True
     15092      7    756   5.028182e-01   5.028182e-01   5.028155e-01   5.019180e-01    2.747e-06      9.003e-04    8.975e-04    3.307e+00    1.079e-05          True
     15093      7    757  -1.080894e-01  -1.080894e-01  -1.080882e-01  -1.062054e-01    1.229e-06      1.884e-03    1.883e-03    2.208e+00    1.079e-05          True
     15094      7    758   1.478746e-01   1.478746e-01   1.478758e-01   1.498316e-01    1.175e-06      1.957e-03    1.956e-03    1.768e+00    5.395e-06          True
     15101      7    765   3.036886e-01   3.036886e-01   3.036867e-01   3.045123e-01    1.843e-06      8.237e-04    8.256e-04    3.152e+00    1.079e-05          True
     15104      7    768   1.747245e+00   1.747245e+00   1.747246e+00   1.749362e+00    1.417e-06      2.118e-03    2.116e-03    3.407e+00    1.079e-05          True
     15109      7    773  -2.066979e+00  -2.066979e+00  -2.066980e+00  -2.064807e+00    7.377e-07      2.172e-03    2.172e-03    3.049e+00    1.079e-05          True
     15110      7    774   1.368473e+00   1.368473e+00   1.368473e+00   1.366930e+00    2.582e-07      1.544e-03    1.544e-03    2.858e+00    1.079e-05          True
     15122      7    786  -2.766163e-01  -2.766163e-01  -2.766168e-01  -2.783217e-01    4.212e-07      1.705e-03    1.705e-03    2.490e+00    1.079e-05          True
     15124      7    788   1.285720e+00   1.285720e+00   1.285721e+00   1.284424e+00    1.120e-06      1.296e-03    1.297e-03    5.555e+00    2.158e-05          True
     15128      7    792   1.472947e+00   1.472947e+00   1.472947e+00   1.474557e+00    4.143e-07      1.610e-03    1.610e-03    3.622e+00    1.079e-05          True
     15131      7    795   3.206315e-01   3.206315e-01   3.206335e-01   3.187160e-01    1.983e-06      1.915e-03    1.917e-03    3.641e+00    1.079e-05          True
     15134      7    798   5.478763e-01   5.478763e-01   5.478778e-01   5.473214e-01    1.444e-06      5.549e-04    5.563e-04    2.674e+00    1.079e-05          True
     15136      7    800  -4.788553e-01  -4.788553e-01  -4.788533e-01  -4.802653e-01    1.955e-06      1.410e-03    1.412e-03    2.974e+00    1.079e-05          True
     15137      7    801   9.664813e-02   9.664813e-02   9.664731e-02   9.692738e-02    8.103e-07      2.793e-04    2.801e-04    2.860e+00    1.079e-05          True
     15142      7    806  -8.729515e-01  -8.729515e-01  -8.729522e-01  -8.742147e-01    7.121e-07      1.263e-03    1.263e-03    3.281e+00    1.079e-05          True
     15145      7    809   5.345225e-01   5.345225e-01   5.345220e-01   5.358357e-01    5.404e-07      1.313e-03    1.314e-03    1.758e+00    5.395e-06          True
     15150      7    814  -2.045829e-02  -2.045829e-02  -2.045791e-02  -1.950025e-02    3.767e-07      9.580e-04    9.577e-04    2.257e+00    1.079e-05          True
     15164      7    828  -6.807202e-01  -6.807202e-01  -6.807221e-01  -6.822626e-01    1.878e-06      1.542e-03    1.541e-03    3.621e+00    1.079e-05          True
     15167      7    831  -3.986744e-01  -3.986744e-01  -3.986757e-01  -3.980041e-01    1.293e-06      6.703e-04    6.716e-04    2.311e+00    1.079e-05          True
     15169      7    833  -1.003604e-01  -1.003604e-01  -1.003605e-01  -1.001404e-01    1.089e-07      2.199e-04    2.200e-04    3.489e+00    1.079e-05          True
     15184      7    848  -1.199259e+00  -1.199259e+00  -1.199260e+00  -1.197856e+00    2.347e-07      1.403e-03    1.403e-03    1.691e+00    5.395e-06          True
     15185      7    849   8.702391e-01   8.702391e-01   8.702402e-01   8.716223e-01    1.108e-06      1.383e-03    1.382e-03    2.320e+00    1.079e-05          True
     15195      7    859  -8.965049e-01  -8.965049e-01  -8.965050e-01  -8.947655e-01    1.454e-07      1.739e-03    1.740e-03    2.686e+00    1.079e-05          True
     15196      7    860   3.286126e-01   3.286126e-01   3.286119e-01   3.273108e-01    6.604e-07      1.302e-03    1.301e-03    2.825e+00    1.079e-05          True
     15197      7    861  -1.362975e-01  -1.362975e-01  -1.362997e-01  -1.366100e-01    2.234e-06      3.125e-04    3.103e-04    2.676e+00    1.079e-05          True
     15201      7    865   5.854930e-01   5.854930e-01   5.854943e-01   5.863450e-01    1.296e-06      8.520e-04    8.507e-04    3.871e+00    1.079e-05          True
     15208      7    872   8.972691e-01   8.972691e-01   8.972707e-01   8.987795e-01    1.603e-06      1.510e-03    1.509e-03    3.199e+00    1.079e-05          True
     15210      7    874  -1.577625e+00  -1.577625e+00  -1.577624e+00  -1.575477e+00    3.391e-07      2.148e-03    2.148e-03    2.712e+00    1.079e-05          True
     15214      7    878   1.073316e-01   1.073316e-01   1.073322e-01   1.089628e-01    6.686e-07      1.631e-03    1.631e-03    2.052e+00    1.079e-05          True
     15218      7    882   3.105946e-01   3.105946e-01   3.105941e-01   3.113075e-01    4.978e-07      7.129e-04    7.134e-04    2.117e+00    1.079e-05          True
     15223      7    887   1.390822e-01   1.390822e-01   1.390839e-01   1.414307e-01    1.723e-06      2.349e-03    2.347e-03    2.885e+00    1.079e-05          True
     15230      7    894   1.130660e-01   1.130660e-01   1.130658e-01   1.133379e-01    1.835e-07      2.719e-04    2.721e-04    6.294e+00    2.158e-05          True
     15232      7    896   1.064098e-01   1.064098e-01   1.064098e-01   1.061875e-01    1.351e-09      2.223e-04    2.223e-04    2.880e+00    1.079e-05          True
     15236      7    900   1.025982e+00   1.025982e+00   1.025982e+00   1.027319e+00    2.477e-07      1.336e-03    1.337e-03    2.651e+00    1.079e-05          True
     15237      7    901  -1.785595e-01  -1.785595e-01  -1.785612e-01  -1.792447e-01    1.648e-06      6.852e-04    6.835e-04    4.024e+00    2.158e-05          True
     15242      7    906   7.321974e-02   7.321974e-02   7.322312e-02   7.360193e-02    3.384e-06      3.822e-04    3.788e-04    3.788e+00    1.079e-05          True
     15246      7    910   5.680256e-02   5.680256e-02   5.680116e-02   5.657205e-02    1.400e-06      2.305e-04    2.291e-04    4.557e+00    2.158e-05          True
     15265      7    929   3.352646e-01   3.352646e-01   3.352645e-01   3.347895e-01    3.882e-08      4.751e-04    4.750e-04    2.001e+00    1.079e-05          True
     15273      7    937  -3.010960e-01  -3.010960e-01  -3.010982e-01  -3.031754e-01    2.187e-06      2.079e-03    2.077e-03    2.697e+00    1.079e-05          True
     15277      7    941  -5.509482e-04  -5.509482e-04  -5.515772e-04  -6.393306e-04    6.290e-07      8.838e-05    8.775e-05    2.509e+00    1.079e-05          True
     15281      7    945   4.526957e-03   4.526957e-03   4.524997e-03   5.700067e-03    1.960e-06      1.173e-03    1.175e-03    3.868e+00    1.079e-05          True
     15287      7    951   4.395597e-01   4.395597e-01   4.395609e-01   4.374069e-01    1.263e-06      2.153e-03    2.154e-03    6.230e+00    2.158e-05          True
     15299      7    963   5.843803e-01   5.843803e-01   5.843813e-01   5.833314e-01    1.046e-06      1.049e-03    1.050e-03    3.698e+00    1.079e-05          True
     15300      7    964   2.853438e-01   2.853438e-01   2.853463e-01   2.843405e-01    2.531e-06      1.003e-03    1.006e-03    3.594e+00    1.079e-05          True
     15313      7    977  -3.758967e-01  -3.758967e-01  -3.758964e-01  -3.753332e-01    3.415e-07      5.635e-04    5.632e-04    1.886e+00    5.395e-06          True
     15316      7    980   1.371692e-01   1.371692e-01   1.371698e-01   1.376056e-01    6.310e-07      4.364e-04    4.358e-04    3.048e+00    1.079e-05          True
     15317      7    981  -7.465521e-02  -7.465521e-02  -7.464947e-02  -7.444563e-02    5.743e-06      2.096e-04    2.038e-04    4.579e+00    2.158e-05          True
     15321      7    985   2.641941e-01   2.641941e-01   2.641921e-01   2.651407e-01    1.938e-06      9.467e-04    9.486e-04    2.242e+00    1.079e-05          True
     15326      7    990  -8.411563e-01  -8.411563e-01  -8.411559e-01  -8.427807e-01    3.092e-07      1.624e-03    1.625e-03    3.215e+00    1.079e-05          True
     15327      7    991   8.831191e-01   8.831191e-01   8.831204e-01   8.844371e-01    1.249e-06      1.318e-03    1.317e-03    4.834e+00    2.158e-05          True
     15329      7    993  -3.685233e-01  -3.685233e-01  -3.685255e-01  -3.690050e-01    2.160e-06      4.817e-04    4.795e-04    2.828e+00    1.079e-05          True
     15330      7    994   4.005968e-01   4.005968e-01   4.005937e-01   4.024177e-01    3.076e-06      1.821e-03    1.824e-03    3.114e+00    1.079e-05          True
     15339      7   1003  -3.319737e-01  -3.319737e-01  -3.319736e-01  -3.334703e-01    7.000e-08      1.497e-03    1.497e-03    2.567e+00    1.079e-05          True
     15350      7   1014  -8.618207e-02  -8.618207e-02  -8.618194e-02  -8.473299e-02    1.334e-07      1.449e-03    1.449e-03    1.881e+00    5.395e-06          True
     15352      7   1016  -5.769840e-01  -5.769840e-01  -5.769832e-01  -5.756732e-01    7.694e-07      1.311e-03    1.310e-03    2.354e+00    1.079e-05          True
     15358      7   1022  -6.688857e-02  -6.688857e-02  -6.688923e-02  -6.715384e-02    6.623e-07      2.653e-04    2.646e-04    3.495e+00    1.079e-05          True
     15364      7   1028   1.708587e+00   1.708587e+00   1.708586e+00   1.706630e+00    1.315e-06      1.957e-03    1.956e-03    3.641e+00    1.079e-05          True
     15365      7   1029  -2.820139e-01  -2.820139e-01  -2.820111e-01  -2.809435e-01    2.748e-06      1.070e-03    1.068e-03    2.900e+00    1.079e-05          True
     15369      7   1033   3.460646e-01   3.460646e-01   3.460674e-01   3.467714e-01    2.876e-06      7.069e-04    7.040e-04    3.450e+00    1.079e-05          True
     15370      7   1034   2.691919e-01   2.691919e-01   2.691933e-01   2.695633e-01    1.322e-06      3.714e-04    3.701e-04    2.328e+00    1.079e-05          True
     15376      7   1040   6.281467e-01   6.281467e-01   6.281486e-01   6.266191e-01    1.944e-06      1.528e-03    1.530e-03    5.493e+00    2.158e-05          True
     15391      7   1055   1.122328e+00   1.122328e+00   1.122328e+00   1.123855e+00    7.090e-08      1.527e-03    1.527e-03    3.432e+00    1.079e-05          True
     15394      7   1058   1.269863e-01   1.269863e-01   1.269875e-01   1.255605e-01    1.190e-06      1.426e-03    1.427e-03    2.476e+00    1.079e-05          True
     15399      7   1063   2.482246e+00   2.482246e+00   2.482246e+00   2.485201e+00    4.310e-07      2.955e-03    2.955e-03    2.640e+00    1.079e-05          True
     15400      7   1064  -3.740374e-01  -3.740374e-01  -3.740367e-01  -3.733611e-01    7.729e-07      6.764e-04    6.756e-04    2.391e+00    1.079e-05          True
     15402      7   1066  -1.411433e+00  -1.411433e+00  -1.411438e+00  -1.409888e+00    5.002e-06      1.545e-03    1.550e-03    7.895e+00    2.158e-05          True
     15413      7   1077  -1.625638e-01  -1.625638e-01  -1.625631e-01  -1.618843e-01    7.264e-07      6.795e-04    6.788e-04    2.149e+00    1.079e-05          True
     15429      7   1093   1.794300e+00   1.794300e+00   1.794301e+00   1.791504e+00    9.868e-07      2.796e-03    2.797e-03    4.512e+00    2.158e-05          True
     15433      7   1097  -1.652693e+00  -1.652693e+00  -1.652689e+00  -1.654533e+00    4.455e-06      1.840e-03    1.844e-03    5.268e+00    2.158e-05          True
     15449      7   1113  -5.168759e-01  -5.168759e-01  -5.168746e-01  -5.180562e-01    1.310e-06      1.180e-03    1.182e-03    2.425e+00    1.079e-05          True
     15451      7   1115  -5.714071e-01  -5.714071e-01  -5.714064e-01  -5.708261e-01    7.253e-07      5.810e-04    5.803e-04    1.711e+00    5.395e-06          True
     15463      7   1127   9.178598e-01   9.178598e-01   9.178597e-01   9.162779e-01    1.243e-07      1.582e-03    1.582e-03    2.253e+00    1.079e-05          True
     15469      7   1133  -1.215999e+00  -1.215999e+00  -1.215998e+00  -1.217273e+00    7.916e-07      1.275e-03    1.275e-03    4.893e+00    2.158e-05          True
     15480      7   1144   5.589118e-01   5.589118e-01   5.589098e-01   5.564468e-01    2.067e-06      2.465e-03    2.463e-03    3.468e+00    1.079e-05          True
     15481      7   1145   4.044768e-01   4.044768e-01   4.044772e-01   4.058191e-01    3.797e-07      1.342e-03    1.342e-03    2.703e+00    1.079e-05          True
     15482      7   1146  -6.810940e-01  -6.810940e-01  -6.810933e-01  -6.799606e-01    6.765e-07      1.133e-03    1.133e-03    2.114e+00    1.079e-05          True
     15485      7   1149   6.654622e-01   6.654622e-01   6.654616e-01   6.667933e-01    5.917e-07      1.331e-03    1.332e-03    2.604e+00    1.079e-05          True
     15490      7   1154  -2.124110e-01  -2.124110e-01  -2.124129e-01  -2.138615e-01    1.922e-06      1.450e-03    1.449e-03    2.769e+00    1.079e-05          True
     15500      7   1164  -1.996756e-01  -1.996756e-01  -1.996772e-01  -2.010792e-01    1.589e-06      1.404e-03    1.402e-03    3.017e+00    1.079e-05          True
     15508      7   1172  -5.485891e-01  -5.485891e-01  -5.485860e-01  -5.504691e-01    3.103e-06      1.880e-03    1.883e-03    4.110e+00    2.158e-05          True
     15515      7   1179   2.877823e-01   2.877823e-01   2.877835e-01   2.885555e-01    1.210e-06      7.732e-04    7.720e-04    3.264e+00    1.079e-05          True
     15516      7   1180  -4.226508e-01  -4.226508e-01  -4.226501e-01  -4.221357e-01    7.507e-07      5.151e-04    5.144e-04    2.379e+00    1.079e-05          True
     15520      7   1184   1.500346e+00   1.500346e+00   1.500346e+00   1.503051e+00    3.592e-07      2.706e-03    2.705e-03    3.706e+00    1.079e-05          True
     15529      7   1193   2.207630e+00   2.207630e+00   2.207632e+00   2.205222e+00    1.097e-06      2.408e-03    2.409e-03    4.290e+00    2.158e-05          True
     15533      7   1197  -4.857199e-01  -4.857199e-01  -4.857183e-01  -4.863936e-01    1.536e-06      6.738e-04    6.753e-04    4.255e+00    2.158e-05          True
     15534      7   1198  -7.982437e-01  -7.982437e-01  -7.982434e-01  -7.973792e-01    2.540e-07      8.645e-04    8.642e-04    4.031e+00    2.158e-05          True
     15537      7   1201   5.532043e-01   5.532043e-01   5.532044e-01   5.520292e-01    1.147e-08      1.175e-03    1.175e-03    2.600e+00    1.079e-05          True
     15554      7   1218   6.070138e-01   6.070138e-01   6.070117e-01   6.062360e-01    2.106e-06      7.779e-04    7.758e-04    4.005e+00    2.158e-05          True
     15555      7   1219  -5.322423e-01  -5.322423e-01  -5.322453e-01  -5.311166e-01    3.017e-06      1.126e-03    1.129e-03    5.603e+00    2.158e-05          True
     15565      7   1229   7.530202e-01   7.530202e-01   7.530199e-01   7.539753e-01    2.882e-07      9.552e-04    9.555e-04    2.953e+00    1.079e-05          True
     15573      7   1237   1.129717e+00   1.129717e+00   1.129718e+00   1.128533e+00    1.631e-07      1.184e-03    1.184e-03    4.850e+00    2.158e-05          True
     15576      7   1240  -1.096131e+00  -1.096131e+00  -1.096129e+00  -1.097502e+00    1.961e-06      1.371e-03    1.373e-03    2.080e+00    1.079e-05          True
     15586      7   1250  -1.294773e-01  -1.294773e-01  -1.294801e-01  -1.300716e-01    2.775e-06      5.942e-04    5.914e-04    2.561e+00    1.079e-05          True
     15589      7   1253  -3.434366e-01  -3.434366e-01  -3.434341e-01  -3.441744e-01    2.430e-06      7.378e-04    7.403e-04    1.733e+00    5.395e-06          True
     15596      7   1260  -4.693086e-01  -4.693086e-01  -4.693100e-01  -4.704169e-01    1.381e-06      1.108e-03    1.107e-03    3.293e+00    1.079e-05          True
     15603      7   1267  -1.578819e+00  -1.578819e+00  -1.578822e+00  -1.580477e+00    2.210e-06      1.657e-03    1.655e-03    4.010e+00    2.158e-05          True
     15607      7   1271  -2.055415e+00  -2.055415e+00  -2.055414e+00  -2.053239e+00    7.808e-07      2.176e-03    2.175e-03    2.509e+00    1.079e-05          True
     15610      7   1274   6.218052e-01   6.218052e-01   6.218054e-01   6.211306e-01    2.105e-07      6.745e-04    6.747e-04    4.220e+00    2.158e-05          True
     15615      7   1279  -7.531717e-01  -7.531717e-01  -7.531715e-01  -7.517745e-01    1.602e-07      1.397e-03    1.397e-03    2.589e+00    1.079e-05          True
     15617      7   1281  -2.159892e-01  -2.159892e-01  -2.159867e-01  -2.164796e-01    2.495e-06      4.903e-04    4.928e-04    3.324e+00    1.079e-05          True
     15620      7   1284   7.211427e-01   7.211427e-01   7.211461e-01   7.225931e-01    3.381e-06      1.450e-03    1.447e-03    3.497e+00    1.079e-05          True
     15627      7   1291  -6.357611e-01  -6.357611e-01  -6.357624e-01  -6.344059e-01    1.306e-06      1.355e-03    1.357e-03    3.236e+00    1.079e-05          True
     15636      7   1300  -5.572546e-02  -5.572546e-02  -5.572677e-02  -5.628718e-02    1.317e-06      5.617e-04    5.604e-04    2.213e+00    1.079e-05          True
     15642      7   1306  -4.265478e-02  -4.265478e-02  -4.265818e-02  -4.188542e-02    3.395e-06      7.694e-04    7.728e-04    5.853e+00    2.158e-05          True
     15643      7   1307  -7.981585e-01  -7.981585e-01  -7.981566e-01  -7.991951e-01    1.963e-06      1.037e-03    1.039e-03    3.070e+00    1.079e-05          True
     15645      7   1309   9.041865e-01   9.041865e-01   9.041867e-01   9.022689e-01    1.932e-07      1.918e-03    1.918e-03    4.431e+00    2.158e-05          True
     15651      7   1315   7.488062e-02   7.488062e-02   7.488056e-02   7.321393e-02    6.320e-08      1.667e-03    1.667e-03    4.163e+00    2.158e-05          True
     15653      7   1317  -1.312627e+00  -1.312627e+00  -1.312626e+00  -1.311302e+00    7.687e-07      1.325e-03    1.324e-03    3.661e+00    1.079e-05          True
     15654      7   1318   2.367139e-01   2.367139e-01   2.367178e-01   2.364441e-01    3.911e-06      2.698e-04    2.737e-04    3.494e+00    1.079e-05          True
     15662      7   1326  -1.352982e-01  -1.352982e-01  -1.352975e-01  -1.337726e-01    6.686e-07      1.526e-03    1.525e-03    2.334e+00    1.079e-05          True
     15677      7   1341  -7.149051e-01  -7.149051e-01  -7.149036e-01  -7.139931e-01    1.506e-06      9.120e-04    9.105e-04    4.368e+00    2.158e-05          True
     15678      7   1342  -9.824171e-03  -9.824171e-03  -9.826571e-03  -8.462277e-03    2.399e-06      1.362e-03    1.364e-03    2.389e+00    1.079e-05          True
     15681      7   1345  -9.819882e-02  -9.819882e-02  -9.819940e-02  -9.829862e-02    5.819e-07      9.980e-05    9.922e-05    2.237e+00    1.079e-05          True
     15692      7   1356   3.388825e-01   3.388825e-01   3.388819e-01   3.405981e-01    6.461e-07      1.716e-03    1.716e-03    2.565e+00    1.079e-05          True
     15693      7   1357  -5.184081e-01  -5.184081e-01  -5.184073e-01  -5.195150e-01    8.237e-07      1.107e-03    1.108e-03    3.504e+00    1.079e-05          True
     15697      7   1361   4.907114e-01   4.907114e-01   4.907116e-01   4.930422e-01    1.829e-07      2.331e-03    2.331e-03    3.236e+00    1.079e-05          True
     15698      7   1362  -2.802319e-01  -2.802319e-01  -2.802341e-01  -2.783366e-01    2.223e-06      1.895e-03    1.898e-03    3.285e+00    1.079e-05          True
     15703      7   1367  -4.287722e-01  -4.287722e-01  -4.287720e-01  -4.296738e-01    1.799e-07      9.017e-04    9.018e-04    2.690e+00    1.079e-05          True
     15705      7   1369  -7.468967e-01  -7.468967e-01  -7.468969e-01  -7.449987e-01    2.719e-07      1.898e-03    1.898e-03    2.314e+00    1.079e-05          True
     15717      7   1381   2.235747e-01   2.235747e-01   2.235752e-01   2.266309e-01    5.435e-07      3.056e-03    3.056e-03    2.021e+00    1.079e-05          True
     15733      7   1397  -2.175217e-01  -2.175217e-01  -2.175208e-01  -2.177507e-01    9.335e-07      2.290e-04    2.300e-04    2.087e+00    1.079e-05          True
     15737      7   1401  -6.569814e-01  -6.569814e-01  -6.569847e-01  -6.561071e-01    3.245e-06      8.743e-04    8.776e-04    3.781e+00    1.079e-05          True
     15749      7   1413   6.919986e-01   6.919986e-01   6.919981e-01   6.910464e-01    4.897e-07      9.522e-04    9.517e-04    2.596e+00    1.079e-05          True
     15760      7   1424  -6.154209e-01  -6.154209e-01  -6.154214e-01  -6.139770e-01    4.222e-07      1.444e-03    1.444e-03    2.077e+00    1.079e-05          True
     15771      7   1435  -1.510265e-01  -1.510265e-01  -1.510290e-01  -1.518536e-01    2.467e-06      8.271e-04    8.246e-04    3.522e+00    1.079e-05          True
     15773      7   1437  -4.677100e-01  -4.677100e-01  -4.677093e-01  -4.662780e-01    6.356e-07      1.432e-03    1.431e-03    3.810e+00    1.079e-05          True
     15776      7   1440   3.844528e-01   3.844528e-01   3.844512e-01   3.838840e-01    1.592e-06      5.688e-04    5.672e-04    4.257e+00    2.158e-05          True
     15779      7   1443   1.480350e+00   1.480350e+00   1.480352e+00   1.478385e+00    1.898e-06      1.965e-03    1.967e-03    3.917e+00    1.079e-05          True
     15785      7   1449   1.272475e-01   1.272475e-01   1.272474e-01   1.258859e-01    1.706e-07      1.362e-03    1.362e-03    2.228e+00    1.079e-05          True
     15790      7   1454   9.363355e-01   9.363355e-01   9.363351e-01   9.381092e-01    3.770e-07      1.774e-03    1.774e-03    2.154e+00    1.079e-05          True
     15822      7   1486   1.371869e+00   1.371869e+00   1.371869e+00   1.373363e+00    2.251e-07      1.493e-03    1.494e-03    5.379e+00    2.158e-05          True
     15835      7   1499   1.199246e+00   1.199246e+00   1.199244e+00   1.200631e+00    1.696e-06      1.386e-03    1.387e-03    4.018e+00    2.158e-05          True
     15838      7   1502   1.218016e+00   1.218016e+00   1.218019e+00   1.216763e+00    2.481e-06      1.253e-03    1.255e-03    4.747e+00    2.158e-05          True
     15840      7   1504  -1.926031e-01  -1.926031e-01  -1.926042e-01  -1.929765e-01    1.061e-06      3.734e-04    3.723e-04    2.732e+00    1.079e-05          True
     15849      7   1513  -1.359634e+00  -1.359634e+00  -1.359632e+00  -1.361514e+00    1.787e-06      1.880e-03    1.882e-03    3.530e+00    1.079e-05          True
     15850      7   1514   3.159132e-02   3.159132e-02   3.159361e-02   3.124207e-02    2.281e-06      3.493e-04    3.515e-04    4.245e+00    2.158e-05          True
     15862      7   1526  -9.148398e-01  -9.148398e-01  -9.148393e-01  -9.136989e-01    5.136e-07      1.141e-03    1.140e-03    2.313e+00    1.079e-05          True
     15868      7   1532  -1.134642e+00  -1.134642e+00  -1.134641e+00  -1.132836e+00    1.312e-06      1.806e-03    1.805e-03    4.425e+00    2.158e-05          True
     15870      7   1534   7.384344e-01   7.384344e-01   7.384353e-01   7.402136e-01    9.754e-07      1.779e-03    1.778e-03    2.845e+00    1.079e-05          True
     15881      7   1545  -8.240642e-02  -8.240642e-02  -8.240727e-02  -8.204009e-02    8.572e-07      3.663e-04    3.672e-04    2.202e+00    1.079e-05          True
     15906      7   1570  -5.235211e-01  -5.235211e-01  -5.235194e-01  -5.245676e-01    1.690e-06      1.047e-03    1.048e-03    3.240e+00    1.079e-05          True
     15909      7   1573   4.605791e-01   4.605791e-01   4.605793e-01   4.614180e-01    2.012e-07      8.389e-04    8.387e-04    3.186e+00    1.079e-05          True
     15912      7   1576  -6.636161e-01  -6.636161e-01  -6.636173e-01  -6.643346e-01    1.213e-06      7.185e-04    7.173e-04    4.173e+00    2.158e-05          True
     15921      7   1585   2.438877e-01   2.438877e-01   2.438896e-01   2.430310e-01    1.968e-06      8.567e-04    8.586e-04    5.167e+00    2.158e-05          True
     15924      7   1588   8.510069e-01   8.510069e-01   8.510063e-01   8.501147e-01    5.949e-07      8.922e-04    8.916e-04    3.555e+00    1.079e-05          True
     15927      7   1591  -8.713235e-01  -8.713235e-01  -8.713251e-01  -8.726874e-01    1.632e-06      1.364e-03    1.362e-03    2.527e+00    1.079e-05          True
     15934      7   1598   3.432196e-01   3.432196e-01   3.432198e-01   3.443497e-01    1.706e-07      1.130e-03    1.130e-03    2.674e+00    1.079e-05          True
     15935      7   1599   3.751999e-01   3.751999e-01   3.752016e-01   3.743511e-01    1.606e-06      8.489e-04    8.505e-04    2.186e+00    1.079e-05          True
     15939      7   1603  -3.128532e-01  -3.128532e-01  -3.128528e-01  -3.138120e-01    4.176e-07      9.588e-04    9.592e-04    4.723e+00    2.158e-05          True
     15942      7   1606  -2.810966e-01  -2.810966e-01  -2.810982e-01  -2.825907e-01    1.611e-06      1.494e-03    1.492e-03    2.913e+00    1.079e-05          True
     15943      7   1607   9.522148e-02   9.522148e-02   9.521871e-02   9.599074e-02    2.771e-06      7.693e-04    7.720e-04    3.044e+00    1.079e-05          True
     15946      7   1610  -5.858651e-01  -5.858651e-01  -5.858690e-01  -5.877754e-01    3.960e-06      1.910e-03    1.906e-03    2.927e+00    1.079e-05          True
     15951      7   1615   4.206647e-01   4.206647e-01   4.206609e-01   4.227510e-01    3.766e-06      2.086e-03    2.090e-03    4.774e+00    2.158e-05          True
     15957      7   1621   4.606345e-01   4.606345e-01   4.606354e-01   4.589759e-01    8.622e-07      1.659e-03    1.660e-03    2.236e+00    1.079e-05          True
     15963      7   1627  -4.776746e-01  -4.776746e-01  -4.776739e-01  -4.786483e-01    6.057e-07      9.738e-04    9.744e-04    2.837e+00    1.079e-05          True
     15964      7   1628  -5.044778e-02  -5.044778e-02  -5.044641e-02  -5.024846e-02    1.378e-06      1.993e-04    1.980e-04    3.363e+00    1.079e-05          True
     15967      7   1631   7.981787e-02   7.981787e-02   7.981828e-02   8.127826e-02    4.113e-07      1.460e-03    1.460e-03    2.558e+00    1.079e-05          True
     15971      7   1635   1.416258e-01   1.416258e-01   1.416267e-01   1.419363e-01    8.624e-07      3.105e-04    3.096e-04    2.577e+00    1.079e-05          True
     15984      7   1648   6.744502e-01   6.744502e-01   6.744504e-01   6.734373e-01    2.248e-07      1.013e-03    1.013e-03    2.346e+00    1.079e-05          True
     16003      7   1667   8.772703e-02   8.772703e-02   8.772560e-02   8.556447e-02    1.429e-06      2.163e-03    2.161e-03    3.190e+00    1.079e-05          True
     16008      7   1672  -4.838448e-01  -4.838448e-01  -4.838448e-01  -4.822667e-01    5.443e-08      1.578e-03    1.578e-03    3.328e+00    1.079e-05          True
     16016      7   1680  -1.370238e-01  -1.370238e-01  -1.370241e-01  -1.372599e-01    2.964e-07      2.361e-04    2.358e-04    2.938e+00    1.079e-05          True
     16030      7   1694  -1.243985e+00  -1.243985e+00  -1.243983e+00  -1.242277e+00    2.174e-06      1.708e-03    1.706e-03    3.146e+00    1.079e-05          True
     16031      7   1695  -5.942439e-01  -5.942439e-01  -5.942439e-01  -5.960714e-01    3.082e-08      1.828e-03    1.827e-03    2.752e+00    1.079e-05          True
     16038      7   1702  -3.836582e-01  -3.836582e-01  -3.836572e-01  -3.822849e-01    1.011e-06      1.373e-03    1.372e-03    3.232e+00    1.079e-05          True
     16041      7   1705   5.356870e-01   5.356870e-01   5.356902e-01   5.369362e-01    3.160e-06      1.249e-03    1.246e-03    3.491e+00    1.079e-05          True
     16044      7   1708   7.656618e-02   7.656618e-02   7.656757e-02   7.596435e-02    1.383e-06      6.018e-04    6.032e-04    2.037e+00    1.079e-05          True
     16048      7   1712   9.198710e-01   9.198710e-01   9.198705e-01   9.210352e-01    5.404e-07      1.164e-03    1.165e-03    1.964e+00    5.395e-06          True
     16056      7   1720  -1.326594e-01  -1.326594e-01  -1.326594e-01  -1.324773e-01    1.783e-08      1.821e-04    1.821e-04    2.446e+00    1.079e-05          True
     16066      7   1730   5.708191e-01   5.708191e-01   5.708211e-01   5.715078e-01    2.033e-06      6.887e-04    6.867e-04    3.056e+00    1.079e-05          True
     16067      7   1731   4.057183e-01   4.057183e-01   4.057189e-01   4.049781e-01    5.913e-07      7.403e-04    7.409e-04    3.295e+00    1.079e-05          True
     16073      7   1737  -1.247804e+00  -1.247804e+00  -1.247804e+00  -1.250009e+00    4.709e-07      2.205e-03    2.205e-03    2.990e+00    1.079e-05          True
     16074      7   1738   6.118061e-01   6.118061e-01   6.118042e-01   6.109538e-01    1.924e-06      8.523e-04    8.504e-04    3.829e+00    1.079e-05          True
     16075      7   1739  -4.997878e-01  -4.997878e-01  -4.997891e-01  -5.003152e-01    1.311e-06      5.274e-04    5.261e-04    2.326e+00    1.079e-05          True
     16080      7   1744  -4.826425e-01  -4.826425e-01  -4.826427e-01  -4.817460e-01    1.892e-07      8.965e-04    8.967e-04    1.820e+00    5.395e-06          True
     16081      7   1745   1.982085e-01   1.982085e-01   1.982075e-01   1.989388e-01    1.028e-06      7.303e-04    7.313e-04    2.753e+00    1.079e-05          True
     16084      7   1748   1.192059e+00   1.192059e+00   1.192059e+00   1.193275e+00    5.347e-07      1.216e-03    1.216e-03    3.976e+00    1.079e-05          True
     16086      7   1750   1.050600e-01   1.050600e-01   1.050621e-01   1.055769e-01    2.081e-06      5.169e-04    5.148e-04    2.795e+00    1.079e-05          True
     16087      7   1751   7.428484e-01   7.428484e-01   7.428484e-01   7.435930e-01    3.234e-08      7.445e-04    7.446e-04    1.979e+00    5.395e-06          True
     16117      7   1781   2.458490e-01   2.458490e-01   2.458409e-01   2.449844e-01    8.064e-06      8.646e-04    8.565e-04    4.475e+00    2.158e-05          True
     16123      7   1787   5.191832e-01   5.191832e-01   5.191807e-01   5.183645e-01    2.435e-06      8.186e-04    8.162e-04    6.196e+00    2.158e-05          True
     16132      7   1796   1.593176e+00   1.593176e+00   1.593174e+00   1.594781e+00    1.798e-06      1.605e-03    1.606e-03    7.529e+00    2.158e-05          True
     16135      7   1799   2.024415e+00   2.024415e+00   2.024412e+00   2.026538e+00    3.740e-06      2.122e-03    2.126e-03    3.513e+00    1.079e-05          True
     16145      7   1809  -1.363465e-01  -1.363465e-01  -1.363465e-01  -1.360242e-01    6.070e-08      3.223e-04    3.223e-04    3.065e+00    1.079e-05          True
     16146      7   1810  -3.273810e-02  -3.273810e-02  -3.273965e-02  -3.265641e-02    1.554e-06      8.169e-05    8.325e-05    3.811e+00    1.079e-05          True
     16147      7   1811  -6.982774e-01  -6.982774e-01  -6.982772e-01  -6.995078e-01    1.810e-07      1.230e-03    1.231e-03    2.221e+00    1.079e-05          True
     16150      7   1814  -1.095431e+00  -1.095431e+00  -1.095433e+00  -1.093013e+00    1.864e-06      2.418e-03    2.420e-03    4.571e+00    2.158e-05          True
     16160      7   1824  -4.501295e-01  -4.501295e-01  -4.501272e-01  -4.495761e-01    2.281e-06      5.534e-04    5.512e-04    3.271e+00    1.079e-05          True
     16165      7   1829  -2.733278e-02  -2.733278e-02  -2.733088e-02  -2.717030e-02    1.897e-06      1.625e-04    1.606e-04    3.332e+00    1.079e-05          True
     16167      7   1831  -2.284288e-01  -2.284288e-01  -2.284275e-01  -2.272661e-01    1.268e-06      1.163e-03    1.161e-03    3.369e+00    1.079e-05          True
     16173      7   1837  -1.297311e-02  -1.297311e-02  -1.297315e-02  -1.336643e-02    3.845e-08      3.933e-04    3.933e-04    1.783e+00    5.395e-06          True
     16176      7   1840   7.395992e-01   7.395992e-01   7.396014e-01   7.409624e-01    2.191e-06      1.363e-03    1.361e-03    3.052e+00    1.079e-05          True
     16190      7   1854  -1.394574e+00  -1.394574e+00  -1.394575e+00  -1.396898e+00    1.467e-07      2.323e-03    2.323e-03    1.747e+00    5.395e-06          True
     16192      7   1856   3.785434e-01   3.785434e-01   3.785433e-01   3.779983e-01    9.011e-08      5.451e-04    5.450e-04    1.656e+00    5.395e-06          True
     16196      7   1860   7.099912e-01   7.099912e-01   7.099944e-01   7.083836e-01    3.138e-06      1.608e-03    1.611e-03    5.906e+00    2.158e-05          True
     16201      7   1865  -2.834583e-01  -2.834583e-01  -2.834572e-01  -2.843263e-01    1.029e-06      8.680e-04    8.690e-04    2.257e+00    1.079e-05          True
     16202      7   1866  -4.642620e-01  -4.642620e-01  -4.642613e-01  -4.650656e-01    7.548e-07      8.036e-04    8.043e-04    2.605e+00    1.079e-05          True
     16208      7   1872   1.579363e-01   1.579363e-01   1.579365e-01   1.581859e-01    2.074e-07      2.495e-04    2.493e-04    4.684e+00    2.158e-05          True
     16209      7   1873  -4.453852e-01  -4.453852e-01  -4.453864e-01  -4.446292e-01    1.186e-06      7.560e-04    7.572e-04    3.813e+00    1.079e-05          True
     16218      7   1882   1.389887e-01   1.389887e-01   1.389885e-01   1.382910e-01    1.681e-07      6.976e-04    6.975e-04    3.038e+00    1.079e-05          True
     16226      7   1890   4.198464e-01   4.198464e-01   4.198441e-01   4.209657e-01    2.237e-06      1.119e-03    1.122e-03    2.997e+00    1.079e-05          True
     16228      7   1892  -3.640010e-01  -3.640010e-01  -3.640021e-01  -3.610885e-01    1.124e-06      2.912e-03    2.914e-03    2.439e+00    1.079e-05          True
     16234      7   1898   5.571898e-01   5.571898e-01   5.571939e-01   5.582393e-01    4.078e-06      1.049e-03    1.045e-03    3.723e+00    1.079e-05          True
     16237      7   1901  -2.616653e-01  -2.616653e-01  -2.616643e-01  -2.628675e-01    9.578e-07      1.202e-03    1.203e-03    2.496e+00    1.079e-05          True
     16239      7   1903  -9.129077e-03  -9.129077e-03  -9.128077e-03  -9.029225e-03    9.997e-07      9.985e-05    9.885e-05    2.901e+00    1.079e-05          True
     16244      7   1908  -3.152341e-01  -3.152341e-01  -3.152365e-01  -3.167900e-01    2.457e-06      1.556e-03    1.554e-03    2.791e+00    1.079e-05          True
     16248      7   1912  -6.078016e-01  -6.078016e-01  -6.077991e-01  -6.070498e-01    2.592e-06      7.519e-04    7.493e-04    2.872e+00    1.079e-05          True
     16256      7   1920   2.111334e-01   2.111334e-01   2.111326e-01   2.117528e-01    7.208e-07      6.194e-04    6.201e-04    1.881e+00    5.395e-06          True
     16257      7   1921   7.483786e-01   7.483786e-01   7.483789e-01   7.469126e-01    3.641e-07      1.466e-03    1.466e-03    2.808e+00    1.079e-05          True
     16271      7   1935  -2.965769e-01  -2.965769e-01  -2.965744e-01  -2.956680e-01    2.412e-06      9.088e-04    9.064e-04    3.342e+00    1.079e-05          True
     16279      7   1943   2.063081e+00   2.063081e+00   2.063080e+00   2.065691e+00    1.297e-06      2.609e-03    2.610e-03    2.290e+00    1.079e-05          True
     16288      7   1952   3.874592e-01   3.874592e-01   3.874595e-01   3.897765e-01    2.698e-07      2.317e-03    2.317e-03    2.658e+00    1.079e-05          True
     16289      7   1953   2.589063e+00   2.589063e+00   2.589065e+00   2.591826e+00    1.119e-06      2.762e-03    2.761e-03    4.154e+00    2.158e-05          True
     16300      7   1964  -5.015853e-01  -5.015853e-01  -5.015861e-01  -5.004660e-01    8.459e-07      1.119e-03    1.120e-03    2.828e+00    1.079e-05          True
     16305      7   1969   2.862119e-01   2.862119e-01   2.862128e-01   2.854474e-01    8.848e-07      7.645e-04    7.654e-04    4.426e+00    2.158e-05          True
     16308      7   1972   6.150475e-01   6.150475e-01   6.150478e-01   6.137265e-01    3.579e-07      1.321e-03    1.321e-03    1.995e+00    5.395e-06          True
     16314      7   1978  -1.413860e-01  -1.413860e-01  -1.413835e-01  -1.424972e-01    2.478e-06      1.111e-03    1.114e-03    3.505e+00    1.079e-05          True
     16317      7   1981  -4.105271e-01  -4.105271e-01  -4.105282e-01  -4.096068e-01    1.089e-06      9.203e-04    9.214e-04    2.854e+00    1.079e-05          True
     16327      7   1991  -7.384314e-01  -7.384314e-01  -7.384282e-01  -7.396507e-01    3.214e-06      1.219e-03    1.222e-03    4.708e+00    2.158e-05          True
     16340      7   2004  -4.265066e-01  -4.265066e-01  -4.265078e-01  -4.275125e-01    1.244e-06      1.006e-03    1.005e-03    3.348e+00    1.079e-05          True
     16344      7   2008   5.601031e-01   5.601031e-01   5.601028e-01   5.620080e-01    3.075e-07      1.905e-03    1.905e-03    4.575e+00    2.158e-05          True
     16348      7   2012  -5.290804e-01  -5.290804e-01  -5.290791e-01  -5.282345e-01    1.317e-06      8.459e-04    8.445e-04    3.277e+00    1.079e-05          True
     16349      7   2013   5.036837e-01   5.036837e-01   5.036834e-01   5.031512e-01    3.411e-07      5.325e-04    5.322e-04    2.976e+00    1.079e-05          True
     16350      7   2014   5.378276e-01   5.378276e-01   5.378270e-01   5.402330e-01    5.586e-07      2.405e-03    2.406e-03    2.835e+00    1.079e-05          True
     16351      7   2015  -1.630129e-01  -1.630129e-01  -1.630129e-01  -1.635426e-01    6.890e-09      5.297e-04    5.297e-04    2.384e+00    1.079e-05          True
     16359      7   2023  -1.443003e-01  -1.443003e-01  -1.443026e-01  -1.454602e-01    2.261e-06      1.160e-03    1.158e-03    2.731e+00    1.079e-05          True
     16378      7   2042   1.222267e-01   1.222267e-01   1.222274e-01   1.235549e-01    6.857e-07      1.328e-03    1.327e-03    2.834e+00    1.079e-05          True
     16382      7   2046  -4.261724e-01  -4.261724e-01  -4.261759e-01  -4.277761e-01    3.559e-06      1.604e-03    1.600e-03    5.763e+00    2.158e-05          True
     16396      8     12  -3.166457e-01  -3.166457e-01  -3.166451e-01  -3.173747e-01    6.199e-07      7.290e-04    7.296e-04    3.203e+00    1.079e-05          True
     16398      8     14   3.824131e-01   3.824131e-01   3.824130e-01   3.839283e-01    2.508e-08      1.515e-03    1.515e-03    2.500e+00    1.079e-05          True
     16403      8     19   1.774812e-01   1.774812e-01   1.774785e-01   1.780134e-01    2.739e-06      5.321e-04    5.349e-04    3.335e+00    1.079e-05          True
     16411      8     27  -2.650408e-01  -2.650408e-01  -2.650394e-01  -2.660339e-01    1.401e-06      9.931e-04    9.945e-04    1.921e+00    5.395e-06          True
     16413      8     29  -3.019088e-01  -3.019088e-01  -3.019089e-01  -3.000381e-01    1.036e-07      1.871e-03    1.871e-03    2.602e+00    1.079e-05          True
     16420      8     36  -1.159572e+00  -1.159572e+00  -1.159571e+00  -1.158156e+00    7.709e-07      1.416e-03    1.415e-03    5.228e+00    2.158e-05          True
     16422      8     38   3.141224e-01   3.141224e-01   3.141224e-01   3.152148e-01    5.734e-08      1.092e-03    1.092e-03    3.442e+00    1.079e-05          True
     16427      8     43   4.173280e-01   4.173280e-01   4.173257e-01   4.163078e-01    2.283e-06      1.020e-03    1.018e-03    4.858e+00    2.158e-05          True
     16430      8     46   5.364348e-01   5.364348e-01   5.364363e-01   5.354601e-01    1.492e-06      9.747e-04    9.762e-04    3.307e+00    1.079e-05          True
     16431      8     47   1.195728e+00   1.195728e+00   1.195729e+00   1.197014e+00    1.129e-06      1.286e-03    1.285e-03    3.493e+00    1.079e-05          True
     16435      8     51  -1.205534e+00  -1.205534e+00  -1.205535e+00  -1.207038e+00    4.696e-07      1.504e-03    1.503e-03    2.920e+00    1.079e-05          True
     16437      8     53  -1.003978e+00  -1.003978e+00  -1.003979e+00  -1.002123e+00    1.082e-06      1.856e-03    1.857e-03    5.754e+00    2.158e-05          True
     16438      8     54  -3.013550e-01  -3.013550e-01  -3.013543e-01  -3.007296e-01    6.811e-07      6.254e-04    6.247e-04    3.041e+00    1.079e-05          True
     16443      8     59   4.569716e-01   4.569716e-01   4.569746e-01   4.559321e-01    2.998e-06      1.040e-03    1.043e-03    5.223e+00    2.158e-05          True
     16461      8     77   1.077866e+00   1.077866e+00   1.077874e+00   1.076367e+00    7.943e-06      1.499e-03    1.507e-03    5.916e+00    2.158e-05          True
     16463      8     79  -1.483491e-01  -1.483491e-01  -1.483484e-01  -1.496971e-01    6.478e-07      1.348e-03    1.349e-03    2.698e+00    1.079e-05          True
     16469      8     85  -3.871296e-01  -3.871296e-01  -3.871272e-01  -3.846730e-01    2.422e-06      2.457e-03    2.454e-03    2.605e+00    1.079e-05          True
     16471      8     87  -9.574340e-01  -9.574340e-01  -9.574355e-01  -9.557713e-01    1.459e-06      1.663e-03    1.664e-03    3.242e+00    1.079e-05          True
     16475      8     91   3.475451e-02   3.475451e-02   3.475463e-02   3.317278e-02    1.287e-07      1.582e-03    1.582e-03    1.930e+00    5.395e-06          True
     16482      8     98   4.703612e-01   4.703612e-01   4.703597e-01   4.735990e-01    1.454e-06      3.238e-03    3.239e-03    3.880e+00    1.079e-05          True
     16492      8    108   1.208710e+00   1.208710e+00   1.208709e+00   1.210304e+00    4.207e-07      1.594e-03    1.595e-03    2.666e+00    1.079e-05          True
     16526      8    142   7.350232e-01   7.350232e-01   7.350225e-01   7.339247e-01    6.654e-07      1.099e-03    1.098e-03    4.785e+00    2.158e-05          True
     16550      8    166   5.472034e-01   5.472034e-01   5.472053e-01   5.463544e-01    1.946e-06      8.490e-04    8.509e-04    6.189e+00    2.158e-05          True
     16561      8    177  -8.441423e-01  -8.441423e-01  -8.441433e-01  -8.451544e-01    9.798e-07      1.012e-03    1.011e-03    3.113e+00    1.079e-05          True
     16563      8    179  -7.059652e-01  -7.059652e-01  -7.059658e-01  -7.041619e-01    5.387e-07      1.803e-03    1.804e-03    2.639e+00    1.079e-05          True
     16567      8    183   5.166171e-01   5.166171e-01   5.166159e-01   5.157239e-01    1.188e-06      8.932e-04    8.920e-04    1.608e+00    5.395e-06          True
     16577      8    193   8.323534e-01   8.323534e-01   8.323551e-01   8.313069e-01    1.743e-06      1.047e-03    1.048e-03    3.577e+00    1.079e-05          True
     16587      8    203   5.154847e-01   5.154847e-01   5.154841e-01   5.148925e-01    5.977e-07      5.922e-04    5.916e-04    1.446e+00    5.395e-06          True
     16588      8    204   8.397322e-01   8.397322e-01   8.397318e-01   8.382218e-01    3.562e-07      1.510e-03    1.510e-03    3.435e+00    1.079e-05          True
     16596      8    212  -2.306681e-01  -2.306681e-01  -2.306675e-01  -2.302401e-01    6.691e-07      4.281e-04    4.274e-04    4.513e+00    2.158e-05          True
     16597      8    213   3.853365e-01   3.853365e-01   3.853356e-01   3.862101e-01    9.801e-07      8.735e-04    8.745e-04    2.909e+00    1.079e-05          True
     16604      8    220   2.730723e+00   2.730723e+00   2.730726e+00   2.727760e+00    3.426e-06      2.963e-03    2.967e-03    4.903e+00    2.158e-05          True
     16609      8    225  -7.637973e-01  -7.637973e-01  -7.637971e-01  -7.627820e-01    1.971e-07      1.015e-03    1.015e-03    1.682e+00    5.395e-06          True
     16611      8    227   1.438496e+00   1.438496e+00   1.438499e+00   1.440218e+00    3.017e-06      1.722e-03    1.719e-03    2.997e+00    1.079e-05          True
     16612      8    228  -1.800651e+00  -1.800651e+00  -1.800649e+00  -1.802632e+00    1.861e-06      1.981e-03    1.983e-03    4.214e+00    2.158e-05          True
     16613      8    229   1.474550e-01   1.474550e-01   1.474556e-01   1.492956e-01    5.848e-07      1.841e-03    1.840e-03    2.786e+00    1.079e-05          True
     16621      8    237   6.730331e-01   6.730331e-01   6.730334e-01   6.712587e-01    3.314e-07      1.774e-03    1.775e-03    3.276e+00    1.079e-05          True
     16625      8    241  -1.121538e+00  -1.121538e+00  -1.121538e+00  -1.118906e+00    1.943e-07      2.633e-03    2.633e-03    3.243e+00    1.079e-05          True
     16642      8    258  -6.360552e-02  -6.360552e-02  -6.360670e-02  -6.345344e-02    1.186e-06      1.521e-04    1.533e-04    1.958e+00    5.395e-06          True
     16656      8    272   4.976267e-01   4.976267e-01   4.976263e-01   4.965982e-01    3.747e-07      1.028e-03    1.028e-03    2.633e+00    1.079e-05          True
     16660      8    276  -1.062809e+00  -1.062809e+00  -1.062806e+00  -1.064291e+00    3.078e-06      1.482e-03    1.485e-03    3.280e+00    1.079e-05          True
     16669      8    285   1.755978e-02   1.755978e-02   1.755893e-02   1.772511e-02    8.526e-07      1.653e-04    1.662e-04    2.279e+00    1.079e-05          True
     16670      8    286   1.317572e-01   1.317572e-01   1.317536e-01   1.318953e-01    3.520e-06      1.381e-04    1.417e-04    2.885e+00    1.079e-05          True
     16678      8    294   6.347471e-01   6.347471e-01   6.347483e-01   6.359520e-01    1.225e-06      1.205e-03    1.204e-03    2.456e+00    1.079e-05          True
     16679      8    295  -7.705686e-01  -7.705686e-01  -7.705697e-01  -7.723562e-01    1.042e-06      1.788e-03    1.787e-03    3.132e+00    1.079e-05          True
     16684      8    300  -6.943664e-01  -6.943664e-01  -6.943653e-01  -6.929178e-01    1.099e-06      1.449e-03    1.448e-03    3.164e+00    1.079e-05          True
     16686      8    302  -1.669013e+00  -1.669013e+00  -1.669013e+00  -1.670951e+00    7.102e-07      1.939e-03    1.938e-03    4.126e+00    2.158e-05          True
     16687      8    303   9.174570e-01   9.174570e-01   9.174592e-01   9.190730e-01    2.194e-06      1.616e-03    1.614e-03    3.317e+00    1.079e-05          True
     16696      8    312   3.043129e-03   3.043129e-03   3.041669e-03   3.858792e-03    1.460e-06      8.157e-04    8.171e-04    2.088e+00    1.079e-05          True
     16728      8    344   1.027548e+00   1.027548e+00   1.027545e+00   1.028662e+00    2.688e-06      1.114e-03    1.117e-03    3.483e+00    1.079e-05          True
     16735      8    351  -3.366416e-01  -3.366416e-01  -3.366416e-01  -3.355867e-01    2.448e-08      1.055e-03    1.055e-03    2.523e+00    1.079e-05          True
     16739      8    355  -2.824781e-01  -2.824781e-01  -2.824791e-01  -2.817200e-01    1.019e-06      7.581e-04    7.592e-04    2.882e+00    1.079e-05          True
     16744      8    360  -1.029548e+00  -1.029548e+00  -1.029541e+00  -1.030987e+00    7.437e-06      1.439e-03    1.447e-03    7.750e+00    2.158e-05          True
     16749      8    365   7.111306e-01   7.111306e-01   7.111341e-01   7.098680e-01    3.540e-06      1.263e-03    1.266e-03    4.596e+00    2.158e-05          True
     16750      8    366  -7.431346e-01  -7.431346e-01  -7.431369e-01  -7.419895e-01    2.364e-06      1.145e-03    1.147e-03    2.100e+00    1.079e-05          True
     16761      8    377   8.853374e-02   8.853374e-02   8.853205e-02   8.864526e-02    1.692e-06      1.115e-04    1.132e-04    2.640e+00    1.079e-05          True
     16782      8    398   5.072410e-01   5.072410e-01   5.072411e-01   5.081577e-01    1.704e-07      9.167e-04    9.165e-04    3.132e+00    1.079e-05          True
     16786      8    402  -1.038332e-01  -1.038332e-01  -1.038324e-01  -1.041890e-01    7.750e-07      3.558e-04    3.565e-04    2.981e+00    1.079e-05          True
     16787      8    403   1.882084e-02   1.882084e-02   1.881979e-02   1.851545e-02    1.047e-06      3.054e-04    3.043e-04    2.763e+00    1.079e-05          True
     16789      8    405   7.128579e-01   7.128579e-01   7.128576e-01   7.141469e-01    2.772e-07      1.289e-03    1.289e-03    3.270e+00    1.079e-05          True
     16794      8    410   7.018834e-01   7.018834e-01   7.018843e-01   7.027763e-01    9.101e-07      8.930e-04    8.920e-04    3.039e+00    1.079e-05          True
     16822      8    438   2.061265e+00   2.061265e+00   2.061265e+00   2.059054e+00    1.394e-07      2.210e-03    2.210e-03    3.236e+00    1.079e-05          True
     16825      8    441   1.085398e+00   1.085398e+00   1.085401e+00   1.087186e+00    2.990e-06      1.789e-03    1.786e-03    4.469e+00    2.158e-05          True
     16829      8    445   3.834494e-01   3.834494e-01   3.834492e-01   3.815198e-01    1.994e-07      1.930e-03    1.929e-03    4.871e+00    2.158e-05          True
     16830      8    446  -9.506409e-03  -9.506409e-03  -9.507609e-03  -1.100513e-02    1.199e-06      1.499e-03    1.498e-03    2.163e+00    1.079e-05          True
     16831      8    447   4.829591e-02   4.829591e-02   4.829822e-02   4.775572e-02    2.308e-06      5.402e-04    5.425e-04    2.111e+00    1.079e-05          True
     16836      8    452   3.182050e-01   3.182050e-01   3.182047e-01   3.167185e-01    2.763e-07      1.486e-03    1.486e-03    2.306e+00    1.079e-05          True
     16844      8    460   1.696296e-01   1.696296e-01   1.696281e-01   1.701964e-01    1.477e-06      5.668e-04    5.683e-04    3.374e+00    1.079e-05          True
     16846      8    462   2.064877e-01   2.064877e-01   2.064887e-01   2.058530e-01    9.244e-07      6.347e-04    6.356e-04    2.259e+00    1.079e-05          True
     16852      8    468  -5.955583e-01  -5.955583e-01  -5.955586e-01  -5.968084e-01    3.641e-07      1.250e-03    1.250e-03    3.213e+00    1.079e-05          True
     16860      8    476   7.792529e-01   7.792529e-01   7.792515e-01   7.802221e-01    1.469e-06      9.692e-04    9.707e-04    3.962e+00    1.079e-05          True
     16876      8    492  -3.425462e-01  -3.425462e-01  -3.425454e-01  -3.411234e-01    7.745e-07      1.423e-03    1.422e-03    2.470e+00    1.079e-05          True
     16884      8    500   9.820273e-01   9.820273e-01   9.820273e-01   9.809207e-01    2.320e-08      1.107e-03    1.107e-03    2.677e+00    1.079e-05          True
     16887      8    503   9.055129e-01   9.055129e-01   9.055121e-01   9.066949e-01    7.877e-07      1.182e-03    1.183e-03    2.012e+00    1.079e-05          True
     16891      8    507   1.689381e-01   1.689381e-01   1.689417e-01   1.683568e-01    3.581e-06      5.813e-04    5.849e-04    3.924e+00    1.079e-05          True
     16896      8    512   7.958422e-01   7.958422e-01   7.958423e-01   7.948214e-01    1.138e-07      1.021e-03    1.021e-03    3.086e+00    1.079e-05          True
     16910      8    526  -2.476205e-01  -2.476205e-01  -2.476185e-01  -2.463236e-01    2.040e-06      1.297e-03    1.295e-03    4.955e+00    2.158e-05          True
     16911      8    527   2.697011e-01   2.697011e-01   2.697085e-01   2.692795e-01    7.398e-06      4.217e-04    4.291e-04    4.876e+00    2.158e-05          True
     16914      8    530   8.110843e-01   8.110843e-01   8.110845e-01   8.101237e-01    2.426e-07      9.606e-04    9.608e-04    3.874e+00    1.079e-05          True
     16920      8    536   3.697910e-01   3.697910e-01   3.697912e-01   3.710120e-01    1.901e-07      1.221e-03    1.221e-03    2.930e+00    1.079e-05          True
     16928      8    544  -6.217187e-01  -6.217187e-01  -6.217189e-01  -6.241105e-01    1.876e-07      2.392e-03    2.392e-03    1.735e+00    5.395e-06          True
     16933      8    549  -8.950308e-02  -8.950308e-02  -8.950423e-02  -8.783790e-02    1.152e-06      1.665e-03    1.666e-03    2.099e+00    1.079e-05          True
     16941      8    557   6.159534e-01   6.159534e-01   6.159538e-01   6.173707e-01    4.139e-07      1.417e-03    1.417e-03    2.671e+00    1.079e-05          True
     16952      8    568   9.201188e-01   9.201188e-01   9.201184e-01   9.190110e-01    3.748e-07      1.108e-03    1.107e-03    2.336e+00    1.079e-05          True
     16957      8    573  -1.310238e+00  -1.310238e+00  -1.310239e+00  -1.311805e+00    1.552e-06      1.567e-03    1.566e-03    3.564e+00    1.079e-05          True
     16958      8    574   1.012143e+00   1.012143e+00   1.012143e+00   1.010743e+00    4.345e-07      1.400e-03    1.399e-03    4.456e+00    2.158e-05          True
     16975      8    591  -5.518996e-01  -5.518996e-01  -5.519022e-01  -5.534092e-01    2.668e-06      1.510e-03    1.507e-03    4.100e+00    2.158e-05          True
     16981      8    597  -1.854696e+00  -1.854696e+00  -1.854695e+00  -1.852126e+00    9.610e-07      2.570e-03    2.569e-03    2.580e+00    1.079e-05          True
     16987      8    603  -4.443303e-01  -4.443303e-01  -4.443308e-01  -4.464297e-01    4.984e-07      2.099e-03    2.099e-03    2.397e+00    1.079e-05          True
     16988      8    604  -9.456138e-02  -9.456138e-02  -9.456249e-02  -9.349058e-02    1.103e-06      1.071e-03    1.072e-03    2.396e+00    1.079e-05          True
     16989      8    605  -3.738159e-01  -3.738159e-01  -3.738152e-01  -3.751980e-01    7.385e-07      1.382e-03    1.383e-03    2.786e+00    1.079e-05          True
     16991      8    607   1.230431e+00   1.230431e+00   1.230432e+00   1.228494e+00    6.268e-07      1.938e-03    1.938e-03    3.974e+00    1.079e-05          True
     17001      8    617  -2.036116e-01  -2.036116e-01  -2.036074e-01  -2.030402e-01    4.257e-06      5.714e-04    5.671e-04    3.402e+00    1.079e-05          True
     17003      8    619   4.137872e-01   4.137872e-01   4.137886e-01   4.146598e-01    1.429e-06      8.726e-04    8.712e-04    3.447e+00    1.079e-05          True
     17008      8    624  -9.527459e-02  -9.527459e-02  -9.527532e-02  -9.241244e-02    7.323e-07      2.862e-03    2.863e-03    2.726e+00    1.079e-05          True
     17026      8    642  -5.732320e-01  -5.732320e-01  -5.732329e-01  -5.738670e-01    9.331e-07      6.350e-04    6.341e-04    2.785e+00    1.079e-05          True
     17030      8    646  -1.410759e-01  -1.410759e-01  -1.410757e-01  -1.398983e-01    1.772e-07      1.178e-03    1.177e-03    3.135e+00    1.079e-05          True
     17039      8    655  -8.448285e-01  -8.448285e-01  -8.448277e-01  -8.439282e-01    8.150e-07      9.002e-04    8.994e-04    2.459e+00    1.079e-05          True
     17044      8    660  -1.725777e+00  -1.725777e+00  -1.725775e+00  -1.723497e+00    1.736e-06      2.280e-03    2.278e-03    2.625e+00    1.079e-05          True
     17053      8    669   1.840121e-01   1.840121e-01   1.840123e-01   1.829383e-01    1.698e-07      1.074e-03    1.074e-03    1.835e+00    5.395e-06          True
     17054      8    670  -1.011284e+00  -1.011284e+00  -1.011282e+00  -1.009681e+00    1.907e-06      1.603e-03    1.601e-03    4.471e+00    2.158e-05          True
     17055      8    671  -6.230425e-01  -6.230425e-01  -6.230422e-01  -6.221539e-01    2.412e-07      8.886e-04    8.883e-04    2.198e+00    1.079e-05          True
     17066      8    682  -2.998144e-01  -2.998144e-01  -2.998156e-01  -3.005319e-01    1.194e-06      7.174e-04    7.162e-04    3.549e+00    1.079e-05          True
     17068      8    684  -1.653532e-01  -1.653532e-01  -1.653511e-01  -1.659685e-01    2.162e-06      6.153e-04    6.174e-04    4.329e+00    2.158e-05          True
     17080      8    696  -4.633443e-01  -4.633443e-01  -4.633484e-01  -4.624426e-01    4.184e-06      9.017e-04    9.058e-04    4.529e+00    2.158e-05          True
     17085      8    701   1.748796e-01   1.748796e-01   1.748789e-01   1.762083e-01    7.598e-07      1.329e-03    1.329e-03    2.562e+00    1.079e-05          True
     17100      8    716   8.694338e-01   8.694338e-01   8.694329e-01   8.703329e-01    9.737e-07      8.991e-04    9.000e-04    2.399e+00    1.079e-05          True
     17117      8    733  -4.513941e-01  -4.513941e-01  -4.513968e-01  -4.529764e-01    2.713e-06      1.582e-03    1.580e-03    2.941e+00    1.079e-05          True
     17118      8    734   2.051640e-01   2.051640e-01   2.051645e-01   2.058784e-01    5.746e-07      7.144e-04    7.139e-04    2.252e+00    1.079e-05          True
     17122      8    738   1.221696e+00   1.221696e+00   1.221697e+00   1.220095e+00    2.056e-07      1.602e-03    1.602e-03    3.585e+00    1.079e-05          True
     17123      8    739  -2.671700e+00  -2.671700e+00  -2.671701e+00  -2.674547e+00    6.636e-07      2.846e-03    2.846e-03    2.925e+00    1.079e-05          True
     17128      8    744  -4.721676e-03  -4.721676e-03  -4.721703e-03  -4.026296e-03    2.662e-08      6.954e-04    6.954e-04    2.330e+00    1.079e-05          True
     17137      8    753   1.578107e+00   1.578107e+00   1.578110e+00   1.580674e+00    3.240e-06      2.567e-03    2.564e-03    3.555e+00    1.079e-05          True
     17141      8    757  -2.859499e-01  -2.859499e-01  -2.859499e-01  -2.881229e-01    2.422e-08      2.173e-03    2.173e-03    2.606e+00    1.079e-05          True
     17143      8    759  -1.698749e+00  -1.698749e+00  -1.698754e+00  -1.700951e+00    5.554e-06      2.202e-03    2.196e-03    5.058e+00    2.158e-05          True
     17148      8    764   2.450691e-01   2.450691e-01   2.450696e-01   2.442200e-01    4.849e-07      8.491e-04    8.496e-04    2.815e+00    1.079e-05          True
     17164      8    780   1.040294e-01   1.040294e-01   1.040323e-01   1.028553e-01    2.866e-06      1.174e-03    1.177e-03    2.931e+00    1.079e-05          True
     17167      8    783  -3.321199e-01  -3.321199e-01  -3.321202e-01  -3.311609e-01    3.234e-07      9.590e-04    9.593e-04    5.119e+00    2.158e-05          True
     17170      8    786   6.606049e-02   6.606049e-02   6.605897e-02   6.574600e-02    1.523e-06      3.145e-04    3.130e-04    3.252e+00    1.079e-05          True
     17172      8    788  -9.744992e-01  -9.744992e-01  -9.744998e-01  -9.756702e-01    5.900e-07      1.171e-03    1.170e-03    3.041e+00    1.079e-05          True
     17175      8    791   1.377000e+00   1.377000e+00   1.377002e+00   1.375325e+00    1.654e-06      1.676e-03    1.677e-03    6.054e+00    2.158e-05          True
     17190      8    806  -7.158796e-01  -7.158796e-01  -7.158806e-01  -7.170980e-01    9.924e-07      1.218e-03    1.217e-03    3.917e+00    1.079e-05          True
     17191      8    807  -2.950469e-01  -2.950469e-01  -2.950497e-01  -2.933902e-01    2.724e-06      1.657e-03    1.660e-03    6.700e+00    2.158e-05          True
     17198      8    814  -1.592917e+00  -1.592917e+00  -1.592915e+00  -1.590982e+00    1.755e-06      1.935e-03    1.933e-03    2.879e+00    1.079e-05          True
     17200      8    816   4.880332e-01   4.880332e-01   4.880338e-01   4.863927e-01    6.190e-07      1.640e-03    1.641e-03    2.657e+00    1.079e-05          True
     17203      8    819   8.533545e-02   8.533545e-02   8.533659e-02   8.631214e-02    1.143e-06      9.767e-04    9.756e-04    1.970e+00    5.395e-06          True
     17209      8    825  -1.827162e+00  -1.827162e+00  -1.827162e+00  -1.829905e+00    2.782e-07      2.743e-03    2.743e-03    2.540e+00    1.079e-05          True
     17212      8    828  -1.349803e+00  -1.349803e+00  -1.349804e+00  -1.351952e+00    1.299e-06      2.149e-03    2.148e-03    3.294e+00    1.079e-05          True
     17213      8    829  -3.062393e-01  -3.062393e-01  -3.062389e-01  -3.054501e-01    3.710e-07      7.892e-04    7.889e-04    3.242e+00    1.079e-05          True
     17217      8    833   4.652817e-01   4.652817e-01   4.652829e-01   4.645894e-01    1.210e-06      6.923e-04    6.935e-04    3.687e+00    1.079e-05          True
     17218      8    834   8.325543e-01   8.325543e-01   8.325513e-01   8.310408e-01    2.979e-06      1.513e-03    1.511e-03    4.821e+00    2.158e-05          True
     17222      8    838   8.582159e-01   8.582159e-01   8.582166e-01   8.593153e-01    7.779e-07      1.099e-03    1.099e-03    2.184e+00    1.079e-05          True
     17223      8    839  -1.411122e-01  -1.411122e-01  -1.411121e-01  -1.392561e-01    8.798e-08      1.856e-03    1.856e-03    5.330e+00    2.158e-05          True
     17230      8    846   1.650363e-01   1.650363e-01   1.650360e-01   1.656332e-01    3.626e-07      5.968e-04    5.972e-04    2.280e+00    1.079e-05          True
     17242      8    858  -6.676978e-01  -6.676978e-01  -6.676959e-01  -6.664647e-01    1.875e-06      1.233e-03    1.231e-03    5.395e+00    2.158e-05          True
     17244      8    860   1.005060e+00   1.005060e+00   1.005059e+00   1.003865e+00    1.546e-06      1.195e-03    1.194e-03    3.570e+00    1.079e-05          True
     17247      8    863  -5.694217e-01  -5.694217e-01  -5.694211e-01  -5.704498e-01    6.351e-07      1.028e-03    1.029e-03    2.261e+00    1.079e-05          True
     17250      8    866  -7.542663e-01  -7.542663e-01  -7.542616e-01  -7.530918e-01    4.785e-06      1.175e-03    1.170e-03    5.345e+00    2.158e-05          True
     17258      8    874  -4.109966e-01  -4.109966e-01  -4.109960e-01  -4.129690e-01    5.705e-07      1.972e-03    1.973e-03    2.975e+00    1.079e-05          True
     17268      8    884   2.466669e-01   2.466669e-01   2.466649e-01   2.486798e-01    2.026e-06      2.013e-03    2.015e-03    3.312e+00    1.079e-05          True
     17275      8    891  -1.522873e-01  -1.522873e-01  -1.522843e-01  -1.511277e-01    2.937e-06      1.160e-03    1.157e-03    3.500e+00    1.079e-05          True
     17279      8    895  -8.487289e-01  -8.487289e-01  -8.487299e-01  -8.510281e-01    1.002e-06      2.299e-03    2.298e-03    2.478e+00    1.079e-05          True
     17293      8    909  -4.305043e-01  -4.305043e-01  -4.305064e-01  -4.287689e-01    2.133e-06      1.735e-03    1.738e-03    2.936e+00    1.079e-05          True
     17308      8    924   2.939204e-01   2.939204e-01   2.939256e-01   2.960902e-01    5.197e-06      2.170e-03    2.165e-03    6.610e+00    2.158e-05          True
     17322      8    938   5.077591e-01   5.077591e-01   5.077612e-01   5.089747e-01    2.090e-06      1.216e-03    1.213e-03    1.925e+00    5.395e-06          True
     17323      8    939  -9.729892e-01  -9.729892e-01  -9.729906e-01  -9.714437e-01    1.448e-06      1.545e-03    1.547e-03    4.254e+00    2.158e-05          True
     17338      8    954   9.865122e-01   9.865122e-01   9.865138e-01   9.880842e-01    1.621e-06      1.572e-03    1.570e-03    3.451e+00    1.079e-05          True
     17339      8    955  -7.816195e-02  -7.816195e-02  -7.816285e-02  -8.020175e-02    8.992e-07      2.040e-03    2.039e-03    3.778e+00    1.079e-05          True
     17340      8    956  -1.636800e+00  -1.636800e+00  -1.636797e+00  -1.634238e+00    2.882e-06      2.563e-03    2.560e-03    3.629e+00    1.079e-05          True
     17341      8    957   5.770418e-01   5.770418e-01   5.770419e-01   5.761026e-01    7.694e-08      9.393e-04    9.394e-04    2.064e+00    1.079e-05          True
     17344      8    960   2.585843e-01   2.585843e-01   2.585896e-01   2.595626e-01    5.353e-06      9.783e-04    9.730e-04    6.035e+00    2.158e-05          True
     17347      8    963   5.741980e-01   5.741980e-01   5.741961e-01   5.735281e-01    1.875e-06      6.699e-04    6.680e-04    2.566e+00    1.079e-05          True
     17349      8    965  -6.128405e-01  -6.128405e-01  -6.128396e-01  -6.119387e-01    8.596e-07      9.018e-04    9.010e-04    5.560e+00    2.158e-05          True
     17350      8    966  -9.157015e-02  -9.157015e-02  -9.156822e-02  -9.112080e-02    1.936e-06      4.494e-04    4.474e-04    3.217e+00    1.079e-05          True
     17354      8    970  -5.867626e-01  -5.867626e-01  -5.867655e-01  -5.878200e-01    2.888e-06      1.057e-03    1.055e-03    4.542e+00    2.158e-05          True
     17355      8    971   3.774859e-01   3.774859e-01   3.774853e-01   3.787333e-01    5.756e-07      1.247e-03    1.248e-03    4.389e+00    2.158e-05          True
     17366      8    982   1.036335e+00   1.036335e+00   1.036334e+00   1.034740e+00    9.771e-07      1.595e-03    1.594e-03    2.617e+00    1.079e-05          True
     17370      8    986   4.003135e-01   4.003135e-01   4.003158e-01   4.024506e-01    2.257e-06      2.137e-03    2.135e-03    3.151e+00    1.079e-05          True
     17371      8    987  -9.543141e-01  -9.543141e-01  -9.543181e-01  -9.554541e-01    4.010e-06      1.140e-03    1.136e-03    4.060e+00    2.158e-05          True
     17382      8    998  -2.350779e-01  -2.350779e-01  -2.350764e-01  -2.343717e-01    1.445e-06      7.062e-04    7.047e-04    2.247e+00    1.079e-05          True
     17383      8    999  -6.164094e-01  -6.164094e-01  -6.164095e-01  -6.154896e-01    1.294e-07      9.198e-04    9.199e-04    2.690e+00    1.079e-05          True
     17386      8   1002  -2.151657e+00  -2.151657e+00  -2.151654e+00  -2.154024e+00    2.708e-06      2.367e-03    2.369e-03    4.337e+00    2.158e-05          True
     17393      8   1009   3.673791e-01   3.673791e-01   3.673757e-01   3.667092e-01    3.418e-06      6.699e-04    6.665e-04    4.826e+00    2.158e-05          True
     17395      8   1011  -9.001967e-01  -9.001967e-01  -9.001969e-01  -9.013667e-01    1.866e-07      1.170e-03    1.170e-03    1.989e+00    5.395e-06          True
     17421      8   1037  -1.548113e+00  -1.548113e+00  -1.548116e+00  -1.549674e+00    2.695e-06      1.561e-03    1.558e-03    5.476e+00    2.158e-05          True
     17432      8   1048   4.078137e-01   4.078137e-01   4.078110e-01   4.091084e-01    2.752e-06      1.295e-03    1.297e-03    5.036e+00    2.158e-05          True
     17441      8   1057  -3.986269e-01  -3.986269e-01  -3.986255e-01  -3.977697e-01    1.418e-06      8.572e-04    8.558e-04    2.508e+00    1.079e-05          True
     17442      8   1058  -3.940493e-02  -3.940493e-02  -3.940386e-02  -4.056365e-02    1.063e-06      1.159e-03    1.160e-03    2.922e+00    1.079e-05          True
     17449      8   1065  -6.649129e-01  -6.649129e-01  -6.649124e-01  -6.640139e-01    4.849e-07      8.990e-04    8.985e-04    2.670e+00    1.079e-05          True
     17450      8   1066   1.940066e-01   1.940066e-01   1.940078e-01   1.937795e-01    1.246e-06      2.271e-04    2.284e-04    3.329e+00    1.079e-05          True
     17456      8   1072   7.933140e-01   7.933140e-01   7.933123e-01   7.918673e-01    1.787e-06      1.447e-03    1.445e-03    3.059e+00    1.079e-05          True
     17459      8   1075  -7.650073e-01  -7.650073e-01  -7.650069e-01  -7.661037e-01    3.562e-07      1.096e-03    1.097e-03    2.073e+00    1.079e-05          True
     17462      8   1078  -5.393396e-01  -5.393396e-01  -5.393395e-01  -5.399384e-01    1.296e-07      5.988e-04    5.989e-04    2.146e+00    1.079e-05          True
     17465      8   1081  -3.454621e-01  -3.454621e-01  -3.454637e-01  -3.449600e-01    1.608e-06      5.021e-04    5.037e-04    2.564e+00    1.079e-05          True
     17487      8   1103  -7.427556e-01  -7.427556e-01  -7.427585e-01  -7.436072e-01    2.875e-06      8.516e-04    8.487e-04    5.510e+00    2.158e-05          True
     17499      8   1115  -1.904786e-01  -1.904786e-01  -1.904790e-01  -1.910793e-01    4.592e-07      6.007e-04    6.003e-04    4.253e+00    2.158e-05          True
     17501      8   1117   1.387099e+00   1.387099e+00   1.387098e+00   1.385616e+00    6.106e-07      1.483e-03    1.482e-03    2.222e+00    1.079e-05          True
     17505      8   1121   1.328592e+00   1.328592e+00   1.328592e+00   1.326772e+00    8.442e-08      1.820e-03    1.820e-03    3.751e+00    1.079e-05          True
     17508      8   1124  -2.476042e-01  -2.476042e-01  -2.476078e-01  -2.472274e-01    3.586e-06      3.769e-04    3.804e-04    3.624e+00    1.079e-05          True
     17513      8   1129   2.965508e-01   2.965508e-01   2.965515e-01   2.982638e-01    7.012e-07      1.713e-03    1.712e-03    4.316e+00    2.158e-05          True
     17515      8   1131  -2.170253e+00  -2.170253e+00  -2.170254e+00  -2.173022e+00    8.432e-07      2.769e-03    2.768e-03    5.091e+00    2.158e-05          True
     17520      8   1136   1.304355e-01   1.304355e-01   1.304351e-01   1.316627e-01    4.592e-07      1.227e-03    1.228e-03    3.016e+00    1.079e-05          True
     17521      8   1137   2.989622e-01   2.989622e-01   2.989600e-01   3.011757e-01    2.206e-06      2.213e-03    2.216e-03    3.110e+00    1.079e-05          True
     17524      8   1140   9.688012e-01   9.688012e-01   9.688081e-01   9.699614e-01    6.835e-06      1.160e-03    1.153e-03    5.289e+00    2.158e-05          True
     17535      8   1151   7.960115e-01   7.960115e-01   7.960123e-01   7.940449e-01    8.500e-07      1.967e-03    1.967e-03    3.133e+00    1.079e-05          True
     17549      8   1165   1.987456e-01   1.987456e-01   1.987443e-01   1.990983e-01    1.359e-06      3.526e-04    3.540e-04    3.148e+00    1.079e-05          True
     17551      8   1167   1.098224e-01   1.098224e-01   1.098247e-01   1.099796e-01    2.325e-06      1.572e-04    1.549e-04    4.720e+00    2.158e-05          True
     17554      8   1170   7.652435e-01   7.652435e-01   7.652425e-01   7.672729e-01    9.594e-07      2.029e-03    2.030e-03    1.977e+00    5.395e-06          True
     17564      8   1180   1.379844e+00   1.379844e+00   1.379845e+00   1.378456e+00    8.816e-07      1.388e-03    1.389e-03    5.774e+00    2.158e-05          True
     17569      8   1185  -2.295754e-01  -2.295754e-01  -2.295706e-01  -2.300406e-01    4.864e-06      4.652e-04    4.700e-04    4.050e+00    2.158e-05          True
     17582      8   1198  -5.904100e-01  -5.904100e-01  -5.904089e-01  -5.912054e-01    1.166e-06      7.953e-04    7.965e-04    2.993e+00    1.079e-05          True
     17585      8   1201  -6.001345e-01  -6.001345e-01  -6.001340e-01  -6.008349e-01    5.412e-07      7.004e-04    7.010e-04    2.134e+00    1.079e-05          True
     17593      8   1209  -3.442951e-01  -3.442951e-01  -3.442979e-01  -3.446625e-01    2.799e-06      3.675e-04    3.647e-04    3.625e+00    1.079e-05          True
     17601      8   1217   1.690828e-01   1.690828e-01   1.690850e-01   1.684238e-01    2.176e-06      6.590e-04    6.612e-04    3.997e+00    1.079e-05          True
     17602      8   1218  -2.438046e-01  -2.438046e-01  -2.438032e-01  -2.435277e-01    1.381e-06      2.770e-04    2.756e-04    2.156e+00    1.079e-05          True
     17605      8   1221  -9.533420e-01  -9.533420e-01  -9.533411e-01  -9.509351e-01    8.260e-07      2.407e-03    2.406e-03    1.821e+00    5.395e-06          True
     17610      8   1226  -4.544199e-01  -4.544199e-01  -4.544197e-01  -4.516179e-01    1.573e-07      2.802e-03    2.802e-03    3.382e+00    1.079e-05          True
     17625      8   1241   1.611862e-02   1.611862e-02   1.611817e-02   1.590229e-02    4.492e-07      2.163e-04    2.159e-04    2.482e+00    1.079e-05          True
     17630      8   1246   8.166978e-01   8.166978e-01   8.166991e-01   8.178809e-01    1.302e-06      1.183e-03    1.182e-03    2.484e+00    1.079e-05          True
     17654      8   1270  -3.944570e-01  -3.944570e-01  -3.944574e-01  -3.948525e-01    4.152e-07      3.955e-04    3.951e-04    4.209e+00    2.158e-05          True
     17657      8   1273   9.386196e-01   9.386196e-01   9.386197e-01   9.401497e-01    3.039e-08      1.530e-03    1.530e-03    2.832e+00    1.079e-05          True
     17667      8   1283  -1.164771e+00  -1.164771e+00  -1.164771e+00  -1.166681e+00    3.718e-07      1.910e-03    1.910e-03    2.695e+00    1.079e-05          True
     17671      8   1287   1.425156e-01   1.425156e-01   1.425150e-01   1.401482e-01    6.284e-07      2.367e-03    2.367e-03    3.261e+00    1.079e-05          True
     17674      8   1290   9.324675e-01   9.324675e-01   9.324680e-01   9.347888e-01    4.980e-07      2.321e-03    2.321e-03    4.536e+00    2.158e-05          True
     17679      8   1295   8.129533e-01   8.129533e-01   8.129553e-01   8.108053e-01    2.068e-06      2.148e-03    2.150e-03    3.047e+00    1.079e-05          True
     17695      8   1311  -4.707577e-02  -4.707577e-02  -4.707533e-02  -4.597665e-02    4.346e-07      1.099e-03    1.099e-03    3.612e+00    1.079e-05          True
     17697      8   1313   2.685557e-02   2.685557e-02   2.685206e-02   2.700716e-02    3.506e-06      1.516e-04    1.551e-04    2.495e+00    1.079e-05          True
     17702      8   1318   3.189913e-01   3.189913e-01   3.189928e-01   3.195914e-01    1.502e-06      6.001e-04    5.986e-04    3.181e+00    1.079e-05          True
     17707      8   1323   3.778418e-01   3.778418e-01   3.778415e-01   3.763634e-01    3.217e-07      1.478e-03    1.478e-03    2.530e+00    1.079e-05          True
     17711      8   1327   8.477941e-01   8.477941e-01   8.477929e-01   8.469416e-01    1.227e-06      8.525e-04    8.513e-04    2.204e+00    1.079e-05          True
     17716      8   1332   1.905534e-01   1.905534e-01   1.905513e-01   1.896649e-01    2.062e-06      8.885e-04    8.864e-04    5.895e+00    2.158e-05          True
     17725      8   1341  -2.712340e-01  -2.712340e-01  -2.712359e-01  -2.717743e-01    1.930e-06      5.403e-04    5.384e-04    3.939e+00    1.079e-05          True
     17731      8   1347  -1.684487e+00  -1.684487e+00  -1.684485e+00  -1.686291e+00    1.497e-06      1.804e-03    1.806e-03    2.985e+00    1.079e-05          True
     17743      8   1359  -5.221080e-02  -5.221080e-02  -5.221159e-02  -5.431054e-02    7.899e-07      2.100e-03    2.099e-03    2.711e+00    1.079e-05          True
     17745      8   1361  -7.315585e-01  -7.315585e-01  -7.315604e-01  -7.302492e-01    1.952e-06      1.309e-03    1.311e-03    4.131e+00    2.158e-05          True
     17756      8   1372  -9.719654e-01  -9.719654e-01  -9.719652e-01  -9.735618e-01    2.306e-07      1.596e-03    1.597e-03    2.409e+00    1.079e-05          True
     17757      8   1373   1.149815e+00   1.149815e+00   1.149816e+00   1.151493e+00    1.228e-06      1.678e-03    1.677e-03    3.413e+00    1.079e-05          True
     17770      8   1386  -5.481652e-01  -5.481652e-01  -5.481631e-01  -5.468134e-01    2.192e-06      1.352e-03    1.350e-03    3.423e+00    1.079e-05          True
     17772      8   1388   1.006074e+00   1.006074e+00   1.006080e+00   1.007913e+00    6.238e-06      1.838e-03    1.832e-03    5.151e+00    2.158e-05          True
     17776      8   1392   7.044624e-01   7.044624e-01   7.044616e-01   7.055513e-01    8.094e-07      1.089e-03    1.090e-03    3.219e+00    1.079e-05          True
     17777      8   1393  -1.640323e+00  -1.640323e+00  -1.640324e+00  -1.642141e+00    8.651e-07      1.818e-03    1.817e-03    5.161e+00    2.158e-05          True
     17779      8   1395  -5.317444e-01  -5.317444e-01  -5.317447e-01  -5.326844e-01    3.413e-07      9.401e-04    9.397e-04    2.316e+00    1.079e-05          True
     17798      8   1414  -1.329499e+00  -1.329499e+00  -1.329499e+00  -1.331004e+00    2.143e-07      1.505e-03    1.505e-03    1.737e+00    5.395e-06          True
     17802      8   1418   2.433842e-01   2.433842e-01   2.433831e-01   2.444292e-01    1.105e-06      1.045e-03    1.046e-03    4.103e+00    2.158e-05          True
     17806      8   1422  -7.176464e-01  -7.176464e-01  -7.176469e-01  -7.192956e-01    4.767e-07      1.649e-03    1.649e-03    2.802e+00    1.079e-05          True
     17816      8   1432  -9.127959e-01  -9.127959e-01  -9.127984e-01  -9.137127e-01    2.539e-06      9.169e-04    9.143e-04    4.186e+00    2.158e-05          True
     17835      8   1451  -6.734596e-01  -6.734596e-01  -6.734587e-01  -6.748863e-01    8.961e-07      1.427e-03    1.428e-03    2.677e+00    1.079e-05          True
     17850      8   1466   9.743917e-02   9.743917e-02   9.743720e-02   9.872578e-02    1.972e-06      1.287e-03    1.289e-03    3.382e+00    1.079e-05          True
     17862      8   1478   1.145674e+00   1.145674e+00   1.145675e+00   1.144200e+00    6.315e-07      1.474e-03    1.475e-03    3.468e+00    1.079e-05          True
     17868      8   1484   1.402395e-01   1.402395e-01   1.402371e-01   1.407625e-01    2.356e-06      5.230e-04    5.254e-04    2.975e+00    1.079e-05          True
     17881      8   1497   1.774288e+00   1.774288e+00   1.774289e+00   1.771709e+00    1.723e-06      2.578e-03    2.580e-03    4.110e+00    2.158e-05          True
     17885      8   1501  -5.397786e-02  -5.397786e-02  -5.397939e-02  -5.432911e-02    1.527e-06      3.513e-04    3.497e-04    2.877e+00    1.079e-05          True
     17893      8   1509  -1.578638e-01  -1.578638e-01  -1.578639e-01  -1.580299e-01    4.452e-08      1.661e-04    1.660e-04    3.573e+00    1.079e-05          True
     17894      8   1510   1.626073e-01   1.626073e-01   1.626064e-01   1.617011e-01    8.604e-07      9.062e-04    9.053e-04    2.632e+00    1.079e-05          True
     17896      8   1512  -3.873692e-01  -3.873692e-01  -3.873694e-01  -3.869025e-01    2.721e-07      4.667e-04    4.670e-04    2.564e+00    1.079e-05          True
     17901      8   1517  -9.963387e-02  -9.963387e-02  -9.963492e-02  -9.881978e-02    1.042e-06      8.141e-04    8.151e-04    4.512e+00    2.158e-05          True
     17906      8   1522   1.584968e+00   1.584968e+00   1.584968e+00   1.587018e+00    5.052e-07      2.050e-03    2.051e-03    2.126e+00    1.079e-05          True
     17910      8   1526  -6.257662e-01  -6.257662e-01  -6.257680e-01  -6.247074e-01    1.786e-06      1.059e-03    1.061e-03    3.208e+00    1.079e-05          True
     17912      8   1528   1.421342e+00   1.421342e+00   1.421340e+00   1.419776e+00    2.037e-06      1.566e-03    1.564e-03    4.726e+00    2.158e-05          True
     17913      8   1529  -8.128361e-01  -8.128361e-01  -8.128322e-01  -8.115113e-01    3.961e-06      1.325e-03    1.321e-03    2.972e+00    1.079e-05          True
     17914      8   1530   2.313143e-01   2.313143e-01   2.313152e-01   2.318364e-01    8.558e-07      5.221e-04    5.213e-04    5.228e+00    2.158e-05          True
     17918      8   1534   1.238679e-01   1.238679e-01   1.238686e-01   1.234230e-01    7.277e-07      4.449e-04    4.456e-04    3.629e+00    1.079e-05          True
     17920      8   1536  -1.020630e+00  -1.020630e+00  -1.020630e+00  -1.019417e+00    3.710e-08      1.213e-03    1.213e-03    3.759e+00    1.079e-05          True
     17923      8   1539  -5.077333e-01  -5.077333e-01  -5.077347e-01  -5.071683e-01    1.451e-06      5.650e-04    5.664e-04    3.581e+00    1.079e-05          True
     17931      8   1547   1.763677e+00   1.763677e+00   1.763679e+00   1.765663e+00    2.218e-06      1.986e-03    1.984e-03    2.638e+00    1.079e-05          True
     17935      8   1551   1.191401e+00   1.191401e+00   1.191399e+00   1.189790e+00    2.111e-06      1.611e-03    1.609e-03    4.324e+00    2.158e-05          True
     17937      8   1553   8.032757e-01   8.032757e-01   8.032779e-01   8.043655e-01    2.145e-06      1.090e-03    1.088e-03    2.428e+00    1.079e-05          True
     17951      8   1567   2.848419e-01   2.848419e-01   2.848407e-01   2.836117e-01    1.196e-06      1.230e-03    1.229e-03    2.273e+00    1.079e-05          True
     17959      8   1575   2.718402e-01   2.718402e-01   2.718416e-01   2.698623e-01    1.437e-06      1.978e-03    1.979e-03    3.540e+00    1.079e-05          True
     17961      8   1577   7.028172e-01   7.028172e-01   7.028178e-01   7.044407e-01    6.058e-07      1.624e-03    1.623e-03    2.953e+00    1.079e-05          True
     17963      8   1579   5.211482e-01   5.211482e-01   5.211498e-01   5.197517e-01    1.524e-06      1.397e-03    1.398e-03    2.897e+00    1.079e-05          True
     17972      8   1588  -1.366257e+00  -1.366257e+00  -1.366258e+00  -1.364524e+00    5.427e-07      1.733e-03    1.734e-03    1.962e+00    5.395e-06          True
     17979      8   1595  -2.036351e-01  -2.036351e-01  -2.036354e-01  -2.042607e-01    2.316e-07      6.255e-04    6.253e-04    4.494e+00    2.158e-05          True
     17992      8   1608   1.685257e-01   1.685257e-01   1.685275e-01   1.697175e-01    1.861e-06      1.192e-03    1.190e-03    3.973e+00    1.079e-05          True
     17994      8   1610   1.320006e-02   1.320006e-02   1.320131e-02   1.371117e-02    1.252e-06      5.111e-04    5.099e-04    1.757e+00    5.395e-06          True
     18023      8   1639   1.010393e+00   1.010393e+00   1.010393e+00   1.008593e+00    7.039e-07      1.800e-03    1.799e-03    4.113e+00    2.158e-05          True
     18028      8   1644   1.622318e-01   1.622318e-01   1.622330e-01   1.628356e-01    1.156e-06      6.038e-04    6.026e-04    1.808e+00    5.395e-06          True
     18039      8   1655  -9.878675e-01  -9.878675e-01  -9.878668e-01  -9.860161e-01    7.134e-07      1.851e-03    1.851e-03    2.335e+00    1.079e-05          True
     18051      8   1667   1.011243e-01   1.011243e-01   1.011258e-01   1.016337e-01    1.540e-06      5.094e-04    5.079e-04    4.001e+00    2.158e-05          True
     18052      8   1668  -3.830093e-01  -3.830093e-01  -3.830091e-01  -3.822735e-01    2.182e-07      7.359e-04    7.356e-04    2.078e+00    1.079e-05          True
     18055      8   1671   9.204438e-01   9.204438e-01   9.204435e-01   9.216742e-01    3.206e-07      1.230e-03    1.231e-03    2.881e+00    1.079e-05          True
     18056      8   1672  -3.741150e-01  -3.741150e-01  -3.741146e-01  -3.736362e-01    4.382e-07      4.788e-04    4.784e-04    2.896e+00    1.079e-05          True
     18061      8   1677  -1.052273e+00  -1.052273e+00  -1.052274e+00  -1.053913e+00    1.536e-06      1.640e-03    1.638e-03    3.298e+00    1.079e-05          True
     18064      8   1680  -3.026280e-01  -3.026280e-01  -3.026266e-01  -3.035322e-01    1.323e-06      9.043e-04    9.056e-04    1.932e+00    5.395e-06          True
     18066      8   1682   3.086423e-02   3.086423e-02   3.086355e-02   3.211287e-02    6.795e-07      1.249e-03    1.249e-03    2.784e+00    1.079e-05          True
     18068      8   1684   5.057621e-01   5.057621e-01   5.057618e-01   5.068080e-01    3.306e-07      1.046e-03    1.046e-03    3.258e+00    1.079e-05          True
     18074      8   1690   6.928989e-01   6.928989e-01   6.928993e-01   6.918197e-01    3.419e-07      1.079e-03    1.080e-03    3.786e+00    1.079e-05          True
     18082      8   1698  -3.345902e-01  -3.345902e-01  -3.345881e-01  -3.339183e-01    2.133e-06      6.719e-04    6.698e-04    2.842e+00    1.079e-05          True
     18085      8   1701   1.250219e+00   1.250219e+00   1.250220e+00   1.252722e+00    1.194e-06      2.503e-03    2.502e-03    3.064e+00    1.079e-05          True
     18123      8   1739   1.474241e-01   1.474241e-01   1.474231e-01   1.481888e-01    1.022e-06      7.647e-04    7.657e-04    2.956e+00    1.079e-05          True
     18126      8   1742  -3.229375e-01  -3.229375e-01  -3.229363e-01  -3.241076e-01    1.155e-06      1.170e-03    1.171e-03    2.661e+00    1.079e-05          True
     18141      8   1757   2.061001e-01   2.061001e-01   2.061009e-01   2.065069e-01    7.796e-07      4.067e-04    4.060e-04    3.238e+00    1.079e-05          True
     18147      8   1763  -1.292525e-01  -1.292525e-01  -1.292552e-01  -1.281283e-01    2.731e-06      1.124e-03    1.127e-03    4.133e+00    2.158e-05          True
     18150      8   1766   6.598890e-02   6.598890e-02   6.598804e-02   6.729512e-02    8.544e-07      1.306e-03    1.307e-03    3.554e+00    1.079e-05          True
     18154      8   1770   5.220797e-01   5.220797e-01   5.220792e-01   5.194764e-01    4.922e-07      2.603e-03    2.603e-03    3.580e+00    1.079e-05          True
     18161      8   1777   2.565972e-01   2.565972e-01   2.565965e-01   2.568981e-01    7.258e-07      3.009e-04    3.017e-04    2.001e+00    1.079e-05          True
     18165      8   1781  -2.381625e-01  -2.381625e-01  -2.381621e-01  -2.373049e-01    4.692e-07      8.577e-04    8.572e-04    2.808e+00    1.079e-05          True
     18166      8   1782   1.462593e-01   1.462593e-01   1.462601e-01   1.468825e-01    8.256e-07      6.232e-04    6.224e-04    4.663e+00    2.158e-05          True
     18167      8   1783  -3.207892e-01  -3.207892e-01  -3.207904e-01  -3.215744e-01    1.196e-06      7.852e-04    7.840e-04    3.692e+00    1.079e-05          True
     18191      8   1807   3.836141e-01   3.836141e-01   3.836140e-01   3.842963e-01    9.524e-08      6.822e-04    6.823e-04    3.621e+00    1.079e-05          True
     18198      8   1814   4.967340e-02   4.967340e-02   4.967422e-02   4.892573e-02    8.164e-07      7.477e-04    7.485e-04    3.245e+00    1.079e-05          True
     18200      8   1816  -1.494345e-01  -1.494345e-01  -1.494344e-01  -1.479904e-01    7.822e-08      1.444e-03    1.444e-03    2.877e+00    1.079e-05          True
     18202      8   1818  -2.794058e-01  -2.794058e-01  -2.794034e-01  -2.809031e-01    2.410e-06      1.497e-03    1.500e-03    3.296e+00    1.079e-05          True
     18203      8   1819   9.788623e-01   9.788623e-01   9.788622e-01   9.810007e-01    5.104e-08      2.138e-03    2.138e-03    1.782e+00    5.395e-06          True
     18204      8   1820  -1.394767e+00  -1.394767e+00  -1.394767e+00  -1.392939e+00    2.146e-07      1.828e-03    1.828e-03    3.359e+00    1.079e-05          True
     18205      8   1821   5.080356e-01   5.080356e-01   5.080371e-01   5.091131e-01    1.545e-06      1.077e-03    1.076e-03    5.156e+00    2.158e-05          True
     18208      8   1824   2.164117e+00   2.164117e+00   2.164118e+00   2.161664e+00    3.844e-07      2.454e-03    2.454e-03    2.962e+00    1.079e-05          True
     18213      8   1829  -3.532759e-02  -3.532759e-02  -3.532811e-02  -3.528707e-02    5.210e-07      4.052e-05    4.104e-05    3.619e+00    1.079e-05          True
     18215      8   1831   3.689499e+00   3.689499e+00   3.689500e+00   3.685742e+00    1.208e-06      3.757e-03    3.758e-03    5.728e+00    2.158e-05          True
     18219      8   1835  -1.556493e-01  -1.556493e-01  -1.556499e-01  -1.552558e-01    5.559e-07      3.935e-04    3.941e-04    4.483e+00    2.158e-05          True
     18224      8   1840   6.746442e-01   6.746442e-01   6.746419e-01   6.737096e-01    2.261e-06      9.345e-04    9.323e-04    2.469e+00    1.079e-05          True
     18228      8   1844   5.677505e-01   5.677505e-01   5.677472e-01   5.690266e-01    3.326e-06      1.276e-03    1.279e-03    2.773e+00    1.079e-05          True
     18229      8   1845   2.938467e-01   2.938467e-01   2.938457e-01   2.960173e-01    9.431e-07      2.171e-03    2.172e-03    2.230e+00    1.079e-05          True
     18230      8   1846  -4.586976e-01  -4.586976e-01  -4.586977e-01  -4.609814e-01    6.407e-08      2.284e-03    2.284e-03    2.825e+00    1.079e-05          True
     18241      8   1857  -2.694725e-01  -2.694725e-01  -2.694704e-01  -2.698889e-01    2.179e-06      4.164e-04    4.185e-04    3.888e+00    1.079e-05          True
     18265      8   1881  -1.273776e+00  -1.273776e+00  -1.273778e+00  -1.271498e+00    2.579e-06      2.277e-03    2.280e-03    2.202e+00    1.079e-05          True
     18268      8   1884   6.964038e-01   6.964038e-01   6.964035e-01   6.971489e-01    2.886e-07      7.451e-04    7.454e-04    2.122e+00    1.079e-05          True
     18271      8   1887  -1.764624e+00  -1.764624e+00  -1.764624e+00  -1.766760e+00    1.311e-07      2.136e-03    2.136e-03    2.081e+00    1.079e-05          True
     18274      8   1890   8.316701e-01   8.316701e-01   8.316696e-01   8.305531e-01    5.451e-07      1.117e-03    1.116e-03    2.749e+00    1.079e-05          True
     18278      8   1894  -8.242235e-01  -8.242235e-01  -8.242267e-01  -8.267109e-01    3.220e-06      2.487e-03    2.484e-03    3.211e+00    1.079e-05          True
     18281      8   1897  -1.489541e+00  -1.489541e+00  -1.489537e+00  -1.491704e+00    3.429e-06      2.163e-03    2.166e-03    3.753e+00    1.079e-05          True
     18289      8   1905  -6.049781e-02  -6.049781e-02  -6.049824e-02  -5.990904e-02    4.230e-07      5.888e-04    5.892e-04    3.339e+00    1.079e-05          True
     18294      8   1910   1.144791e+00   1.144791e+00   1.144790e+00   1.146688e+00    1.665e-06      1.897e-03    1.899e-03    5.333e+00    2.158e-05          True
     18295      8   1911   5.204317e-01   5.204317e-01   5.204303e-01   5.197253e-01    1.370e-06      7.064e-04    7.051e-04    2.013e+00    1.079e-05          True
     18302      8   1918   1.488557e-03   1.488557e-03   1.487204e-03   2.648830e-04    1.353e-06      1.224e-03    1.222e-03    3.370e+00    1.079e-05          True
     18310      8   1926   5.838518e-01   5.838518e-01   5.838461e-01   5.844994e-01    5.731e-06      6.475e-04    6.533e-04    5.942e+00    2.158e-05          True
     18315      8   1931   6.573131e-01   6.573131e-01   6.573119e-01   6.545715e-01    1.162e-06      2.742e-03    2.740e-03    3.312e+00    1.079e-05          True
     18316      8   1932   3.536215e-01   3.536215e-01   3.536176e-01   3.515918e-01    3.885e-06      2.030e-03    2.026e-03    4.145e+00    2.158e-05          True
     18323      8   1939   4.625880e-01   4.625880e-01   4.625886e-01   4.640050e-01    5.947e-07      1.417e-03    1.416e-03    3.511e+00    1.079e-05          True
     18326      8   1942  -1.282050e+00  -1.282050e+00  -1.282050e+00  -1.280352e+00    2.144e-07      1.698e-03    1.698e-03    2.536e+00    1.079e-05          True
     18327      8   1943  -1.073445e+00  -1.073445e+00  -1.073445e+00  -1.071420e+00    4.328e-07      2.025e-03    2.025e-03    2.569e+00    1.079e-05          True
     18328      8   1944  -8.157130e-02  -8.157130e-02  -8.157053e-02  -8.129263e-02    7.726e-07      2.787e-04    2.779e-04    3.075e+00    1.079e-05          True
     18362      8   1978  -2.614048e-01  -2.614048e-01  -2.614069e-01  -2.620113e-01    2.066e-06      6.065e-04    6.044e-04    2.689e+00    1.079e-05          True
     18363      8   1979   2.645642e-01   2.645642e-01   2.645639e-01   2.636799e-01    2.812e-07      8.843e-04    8.840e-04    4.594e+00    2.158e-05          True
     18367      8   1983   1.667473e+00   1.667473e+00   1.667470e+00   1.669309e+00    2.901e-06      1.836e-03    1.839e-03    4.814e+00    2.158e-05          True
     18368      8   1984   1.066510e+00   1.066510e+00   1.066510e+00   1.067703e+00    1.658e-07      1.193e-03    1.193e-03    3.118e+00    1.079e-05          True
     18375      8   1991   1.086137e-01   1.086137e-01   1.086140e-01   1.077918e-01    3.630e-07      8.219e-04    8.222e-04    3.971e+00    1.079e-05          True
     18377      8   1993   5.312841e-01   5.312841e-01   5.312847e-01   5.320845e-01    5.537e-07      8.004e-04    7.998e-04    2.240e+00    1.079e-05          True
     18379      8   1995   7.891132e-01   7.891132e-01   7.891135e-01   7.901384e-01    3.021e-07      1.025e-03    1.025e-03    1.948e+00    5.395e-06          True
     18383      8   1999  -4.646904e-01  -4.646904e-01  -4.646899e-01  -4.641072e-01    4.558e-07      5.832e-04    5.827e-04    2.784e+00    1.079e-05          True
     18385      8   2001   2.062649e-01   2.062649e-01   2.062644e-01   2.052246e-01    4.522e-07      1.040e-03    1.040e-03    2.816e+00    1.079e-05          True
     18388      8   2004  -3.947205e-01  -3.947205e-01  -3.947212e-01  -3.960603e-01    7.184e-07      1.340e-03    1.339e-03    4.471e+00    2.158e-05          True
     18391      8   2007   5.778401e-01   5.778401e-01   5.778386e-01   5.801911e-01    1.496e-06      2.351e-03    2.352e-03    2.097e+00    1.079e-05          True
     18393      8   2009   3.692838e-01   3.692838e-01   3.692836e-01   3.699251e-01    2.541e-07      6.412e-04    6.415e-04    2.051e+00    1.079e-05          True
     18396      8   2012  -4.979865e-01  -4.979865e-01  -4.979852e-01  -4.973654e-01    1.338e-06      6.211e-04    6.198e-04    3.643e+00    1.079e-05          True
     18399      8   2015   3.024496e-01   3.024496e-01   3.024521e-01   3.007396e-01    2.508e-06      1.710e-03    1.713e-03    4.268e+00    2.158e-05          True
     18411      8   2027   7.787456e-01   7.787456e-01   7.787464e-01   7.772647e-01    8.299e-07      1.481e-03    1.482e-03    3.304e+00    1.079e-05          True
     18416      8   2032   1.020952e-01   1.020952e-01   1.020956e-01   1.023949e-01    4.414e-07      2.997e-04    2.992e-04    2.642e+00    1.079e-05          True
     18423      8   2039  -2.687265e-01  -2.687265e-01  -2.687291e-01  -2.692796e-01    2.568e-06      5.530e-04    5.505e-04    3.595e+00    1.079e-05          True
     18437      9      5  -2.022006e-01  -2.022006e-01  -2.022019e-01  -2.031960e-01    1.296e-06      9.954e-04    9.941e-04    1.694e+00    5.395e-06          True
     18442      9     10  -6.298831e-01  -6.298831e-01  -6.298809e-01  -6.306927e-01    2.224e-06      8.095e-04    8.118e-04    3.187e+00    1.079e-05          True
     18447      9     15  -5.500414e-01  -5.500414e-01  -5.500402e-01  -5.493172e-01    1.259e-06      7.242e-04    7.229e-04    2.465e+00    1.079e-05          True
     18448      9     16  -1.779641e-01  -1.779641e-01  -1.779645e-01  -1.776753e-01    4.040e-07      2.888e-04    2.892e-04    2.907e+00    1.079e-05          True
     18453      9     21  -1.122479e+00  -1.122479e+00  -1.122477e+00  -1.123744e+00    2.054e-06      1.265e-03    1.267e-03    3.485e+00    1.079e-05          True
     18460      9     28  -3.636396e-01  -3.636396e-01  -3.636429e-01  -3.626843e-01    3.337e-06      9.552e-04    9.586e-04    4.736e+00    2.158e-05          True
     18464      9     32   1.036996e+00   1.036996e+00   1.036996e+00   1.035372e+00    3.217e-07      1.624e-03    1.624e-03    2.959e+00    1.079e-05          True
     18475      9     43   5.140280e-03   5.140280e-03   5.139432e-03   3.682032e-03    8.481e-07      1.458e-03    1.457e-03    3.195e+00    1.079e-05          True
     18482      9     50   7.663650e-01   7.663650e-01   7.663652e-01   7.650911e-01    2.258e-07      1.274e-03    1.274e-03    2.386e+00    1.079e-05          True
     18485      9     53   5.557326e-01   5.557326e-01   5.557316e-01   5.548936e-01    1.014e-06      8.390e-04    8.380e-04    2.054e+00    1.079e-05          True
     18486      9     54   1.708740e-01   1.708740e-01   1.708735e-01   1.703157e-01    5.417e-07      5.583e-04    5.577e-04    2.593e+00    1.079e-05          True
     18488      9     56   1.406464e+00   1.406464e+00   1.406464e+00   1.408172e+00    1.678e-07      1.709e-03    1.709e-03    1.637e+00    5.395e-06          True
     18489      9     57   1.474924e-01   1.474924e-01   1.474937e-01   1.485133e-01    1.246e-06      1.021e-03    1.020e-03    3.733e+00    1.079e-05          True
     18491      9     59   2.742292e-01   2.742292e-01   2.742290e-01   2.737964e-01    2.275e-07      4.328e-04    4.326e-04    2.515e+00    1.079e-05          True
     18492      9     60  -7.347726e-01  -7.347726e-01  -7.347726e-01  -7.373218e-01    6.578e-09      2.549e-03    2.549e-03    2.615e+00    1.079e-05          True
     18500      9     68   1.163554e-01   1.163554e-01   1.163535e-01   1.160224e-01    1.818e-06      3.330e-04    3.312e-04    3.849e+00    1.079e-05          True
     18501      9     69  -2.195046e-01  -2.195046e-01  -2.195055e-01  -2.204254e-01    9.002e-07      9.207e-04    9.198e-04    2.670e+00    1.079e-05          True
     18504      9     72  -2.583917e-01  -2.583917e-01  -2.583908e-01  -2.600725e-01    9.571e-07      1.681e-03    1.682e-03    3.225e+00    1.079e-05          True
     18507      9     75   2.569971e-01   2.569971e-01   2.569954e-01   2.550645e-01    1.672e-06      1.933e-03    1.931e-03    2.250e+00    1.079e-05          True
     18508      9     76   2.156962e-01   2.156962e-01   2.156978e-01   2.169468e-01    1.602e-06      1.251e-03    1.249e-03    2.657e+00    1.079e-05          True
     18522      9     90   4.324773e-02   4.324773e-02   4.324857e-02   4.298065e-02    8.407e-07      2.671e-04    2.679e-04    2.111e+00    1.079e-05          True
     18527      9     95   1.748242e-01   1.748242e-01   1.748228e-01   1.757320e-01    1.408e-06      9.078e-04    9.092e-04    1.731e+00    5.395e-06          True
     18536      9    104   1.395390e+00   1.395390e+00   1.395390e+00   1.397166e+00    9.185e-07      1.776e-03    1.777e-03    4.940e+00    2.158e-05          True
     18537      9    105  -5.121094e-02  -5.121094e-02  -5.121090e-02  -5.034758e-02    3.724e-08      8.634e-04    8.633e-04    2.269e+00    1.079e-05          True
     18544      9    112   5.365618e-03   5.365618e-03   5.364922e-03   6.075012e-03    6.966e-07      7.094e-04    7.101e-04    2.125e+00    1.079e-05          True
     18557      9    125   2.140544e-01   2.140544e-01   2.140544e-01   2.134438e-01    1.616e-08      6.106e-04    6.106e-04    2.458e+00    1.079e-05          True
     18559      9    127   6.511013e-01   6.511013e-01   6.511017e-01   6.498550e-01    3.855e-07      1.246e-03    1.247e-03    3.540e+00    1.079e-05          True
     18566      9    134   1.115324e+00   1.115324e+00   1.115323e+00   1.113776e+00    8.554e-07      1.548e-03    1.547e-03    2.527e+00    1.079e-05          True
     18576      9    144   1.970501e-01   1.970501e-01   1.970512e-01   1.992362e-01    1.187e-06      2.186e-03    2.185e-03    2.804e+00    1.079e-05          True
     18578      9    146   6.906768e-02   6.906768e-02   6.906883e-02   6.873605e-02    1.154e-06      3.316e-04    3.328e-04    2.328e+00    1.079e-05          True
     18586      9    154  -1.589219e-01  -1.589219e-01  -1.589214e-01  -1.608543e-01    4.889e-07      1.932e-03    1.933e-03    4.180e+00    2.158e-05          True
     18587      9    155  -1.970154e-01  -1.970154e-01  -1.970125e-01  -1.955098e-01    2.946e-06      1.506e-03    1.503e-03    2.800e+00    1.079e-05          True
     18590      9    158   8.622845e-01   8.622845e-01   8.622853e-01   8.598646e-01    7.309e-07      2.420e-03    2.421e-03    3.684e+00    1.079e-05          True
     18641      9    209   1.456890e+00   1.456890e+00   1.456891e+00   1.458594e+00    1.272e-06      1.704e-03    1.703e-03    2.474e+00    1.079e-05          True
     18649      9    217   2.457901e-01   2.457901e-01   2.457907e-01   2.451065e-01    6.061e-07      6.836e-04    6.842e-04    2.693e+00    1.079e-05          True
     18653      9    221   1.323863e+00   1.323863e+00   1.323866e+00   1.321456e+00    2.427e-06      2.407e-03    2.410e-03    3.492e+00    1.079e-05          True
     18658      9    226   6.677942e-01   6.677942e-01   6.677916e-01   6.665406e-01    2.617e-06      1.254e-03    1.251e-03    3.488e+00    1.079e-05          True
     18660      9    228   1.040361e+00   1.040361e+00   1.040359e+00   1.039018e+00    2.280e-06      1.343e-03    1.341e-03    3.906e+00    1.079e-05          True
     18666      9    234   1.485690e-01   1.485690e-01   1.485689e-01   1.504505e-01    1.653e-07      1.881e-03    1.882e-03    2.237e+00    1.079e-05          True
     18682      9    250  -6.050021e-02  -6.050021e-02  -6.049995e-02  -6.002294e-02    2.632e-07      4.773e-04    4.770e-04    2.619e+00    1.079e-05          True
     18687      9    255   2.066246e-01   2.066246e-01   2.066268e-01   2.063040e-01    2.172e-06      3.206e-04    3.228e-04    3.309e+00    1.079e-05          True
     18694      9    262  -6.288750e-01  -6.288750e-01  -6.288747e-01  -6.305252e-01    3.411e-07      1.650e-03    1.651e-03    3.070e+00    1.079e-05          True
     18699      9    267  -4.643788e-01  -4.643788e-01  -4.643802e-01  -4.653067e-01    1.355e-06      9.278e-04    9.265e-04    3.003e+00    1.079e-05          True
     18709      9    277  -1.139858e+00  -1.139858e+00  -1.139857e+00  -1.141160e+00    9.128e-07      1.302e-03    1.303e-03    2.131e+00    1.079e-05          True
     18710      9    278   5.340904e-01   5.340904e-01   5.340914e-01   5.329493e-01    9.740e-07      1.141e-03    1.142e-03    3.697e+00    1.079e-05          True
     18713      9    281  -6.862937e-01  -6.862937e-01  -6.862913e-01  -6.872153e-01    2.391e-06      9.216e-04    9.240e-04    2.376e+00    1.079e-05          True
     18724      9    292  -2.828184e-02  -2.828184e-02  -2.828056e-02  -2.823614e-02    1.278e-06      4.570e-05    4.442e-05    5.350e+00    2.158e-05          True
     18730      9    298   8.035707e-01   8.035707e-01   8.035704e-01   8.045948e-01    3.315e-07      1.024e-03    1.024e-03    4.205e+00    2.158e-05          True
     18731      9    299  -1.254628e+00  -1.254628e+00  -1.254626e+00  -1.256092e+00    2.582e-06      1.464e-03    1.466e-03    3.353e+00    1.079e-05          True
     18736      9    304  -2.296695e+00  -2.296695e+00  -2.296695e+00  -2.299588e+00    3.056e-07      2.894e-03    2.893e-03    2.769e+00    1.079e-05          True
     18737      9    305  -1.724699e-01  -1.724699e-01  -1.724697e-01  -1.720359e-01    1.668e-07      4.340e-04    4.338e-04    2.724e+00    1.079e-05          True
     18743      9    311  -1.162153e+00  -1.162153e+00  -1.162150e+00  -1.164209e+00    2.759e-06      2.056e-03    2.059e-03    3.506e+00    1.079e-05          True
     18752      9    320  -3.900968e-01  -3.900968e-01  -3.900978e-01  -3.887267e-01    9.181e-07      1.370e-03    1.371e-03    3.813e+00    1.079e-05          True
     18755      9    323   7.899614e-01   7.899614e-01   7.899614e-01   7.871118e-01    4.494e-08      2.850e-03    2.850e-03    2.985e+00    1.079e-05          True
     18758      9    326   3.973846e-01   3.973846e-01   3.973846e-01   3.967722e-01    2.252e-08      6.124e-04    6.124e-04    2.205e+00    1.079e-05          True
     18769      9    337   6.214413e-01   6.214413e-01   6.214409e-01   6.203853e-01    4.027e-07      1.056e-03    1.056e-03    4.239e+00    2.158e-05          True
     18772      9    340   1.753361e-01   1.753361e-01   1.753348e-01   1.749196e-01    1.320e-06      4.166e-04    4.153e-04    5.418e+00    2.158e-05          True
     18783      9    351  -8.655521e-01  -8.655521e-01  -8.655512e-01  -8.672361e-01    8.444e-07      1.684e-03    1.685e-03    3.276e+00    1.079e-05          True
     18800      9    368  -1.778327e-01  -1.778327e-01  -1.778291e-01  -1.787134e-01    3.622e-06      8.807e-04    8.844e-04    2.759e+00    1.079e-05          True
     18803      9    371  -9.874305e-01  -9.874305e-01  -9.874292e-01  -9.864271e-01    1.259e-06      1.003e-03    1.002e-03    5.190e+00    2.158e-05          True
     18804      9    372  -7.581627e-01  -7.581627e-01  -7.581651e-01  -7.592492e-01    2.326e-06      1.086e-03    1.084e-03    3.048e+00    1.079e-05          True
     18810      9    378  -2.863264e+00  -2.863264e+00  -2.863266e+00  -2.866429e+00    1.116e-06      3.164e-03    3.163e-03    3.325e+00    1.079e-05          True
     18811      9    379   3.466319e-01   3.466319e-01   3.466324e-01   3.459270e-01    4.917e-07      7.050e-04    7.055e-04    1.788e+00    5.395e-06          True
     18816      9    384  -4.431513e-01  -4.431513e-01  -4.431511e-01  -4.446976e-01    2.441e-07      1.546e-03    1.547e-03    3.596e+00    1.079e-05          True
     18824      9    392   6.878244e-01   6.878244e-01   6.878225e-01   6.891188e-01    1.943e-06      1.294e-03    1.296e-03    3.254e+00    1.079e-05          True
     18831      9    399   2.049105e-01   2.049105e-01   2.049109e-01   2.061741e-01    4.436e-07      1.264e-03    1.263e-03    4.236e+00    2.158e-05          True
     18843      9    411  -1.489560e+00  -1.489560e+00  -1.489561e+00  -1.491299e+00    6.930e-07      1.739e-03    1.738e-03    3.022e+00    1.079e-05          True
     18846      9    414   4.875919e-01   4.875919e-01   4.875911e-01   4.867493e-01    7.470e-07      8.426e-04    8.419e-04    3.542e+00    1.079e-05          True
     18853      9    421   1.333399e+00   1.333399e+00   1.333398e+00   1.335052e+00    5.412e-07      1.653e-03    1.654e-03    3.217e+00    1.079e-05          True
     18854      9    422  -1.413888e-01  -1.413888e-01  -1.413894e-01  -1.405395e-01    6.156e-07      8.493e-04    8.499e-04    2.950e+00    1.079e-05          True
     18863      9    431   3.240724e-01   3.240724e-01   3.240723e-01   3.246278e-01    1.108e-07      5.553e-04    5.554e-04    4.309e+00    2.158e-05          True
     18867      9    435  -4.137859e-01  -4.137859e-01  -4.137866e-01  -4.122735e-01    6.784e-07      1.512e-03    1.513e-03    2.203e+00    1.079e-05          True
     18879      9    447  -4.762798e-01  -4.762798e-01  -4.762795e-01  -4.756115e-01    3.450e-07      6.683e-04    6.680e-04    1.685e+00    5.395e-06          True
     18908      9    476   1.428614e-01   1.428614e-01   1.428608e-01   1.427160e-01    5.625e-07      1.454e-04    1.448e-04    2.641e+00    1.079e-05          True
     18918      9    486   8.171705e-01   8.171705e-01   8.171703e-01   8.159845e-01    1.606e-07      1.186e-03    1.186e-03    2.466e+00    1.079e-05          True
     18921      9    489   7.847904e-01   7.847904e-01   7.847936e-01   7.828437e-01    3.113e-06      1.947e-03    1.950e-03    2.697e+00    1.079e-05          True
     18922      9    490   5.691142e-01   5.691142e-01   5.691153e-01   5.671670e-01    1.032e-06      1.947e-03    1.948e-03    1.478e+00    5.395e-06          True
     18926      9    494  -1.228429e+00  -1.228429e+00  -1.228427e+00  -1.226003e+00    1.907e-06      2.426e-03    2.424e-03    5.318e+00    2.158e-05          True
     18928      9    496  -4.703948e-03  -4.703948e-03  -4.705701e-03  -4.891895e-03    1.754e-06      1.879e-04    1.862e-04    2.726e+00    1.079e-05          True
     18931      9    499  -1.302034e+00  -1.302034e+00  -1.302035e+00  -1.300540e+00    7.701e-07      1.493e-03    1.494e-03    3.513e+00    1.079e-05          True
     18936      9    504   8.615274e-01   8.615274e-01   8.615254e-01   8.596219e-01    2.005e-06      1.905e-03    1.903e-03    2.447e+00    1.079e-05          True
     18947      9    515  -1.692148e-01  -1.692148e-01  -1.692115e-01  -1.687768e-01    3.323e-06      4.380e-04    4.347e-04    4.260e+00    2.158e-05          True
     18949      9    517  -1.390181e+00  -1.390181e+00  -1.390182e+00  -1.391757e+00    9.022e-07      1.576e-03    1.575e-03    2.379e+00    1.079e-05          True
     18953      9    521   4.120009e-01   4.120009e-01   4.120041e-01   4.111041e-01    3.145e-06      8.969e-04    9.000e-04    2.690e+00    1.079e-05          True
     18955      9    523   1.009007e+00   1.009007e+00   1.009008e+00   1.010179e+00    1.238e-06      1.173e-03    1.171e-03    2.515e+00    1.079e-05          True
     18966      9    534   2.430958e-01   2.430958e-01   2.430958e-01   2.417448e-01    4.019e-08      1.351e-03    1.351e-03    2.719e+00    1.079e-05          True
     18980      9    548  -1.442988e-01  -1.442988e-01  -1.442987e-01  -1.453105e-01    1.317e-07      1.012e-03    1.012e-03    2.539e+00    1.079e-05          True
     18983      9    551  -3.786904e-01  -3.786904e-01  -3.786896e-01  -3.776818e-01    7.966e-07      1.009e-03    1.008e-03    2.801e+00    1.079e-05          True
     18984      9    552  -2.769133e-02  -2.769133e-02  -2.768995e-02  -2.724489e-02    1.385e-06      4.464e-04    4.451e-04    4.338e+00    2.158e-05          True
     18985      9    553  -4.275490e-01  -4.275490e-01  -4.275499e-01  -4.289312e-01    8.936e-07      1.382e-03    1.381e-03    2.316e+00    1.079e-05          True
     18987      9    555   8.776620e-01   8.776620e-01   8.776621e-01   8.758017e-01    1.621e-07      1.860e-03    1.860e-03    2.850e+00    1.079e-05          True
     18989      9    557   1.283400e-01   1.283400e-01   1.283392e-01   1.281553e-01    7.802e-07      1.847e-04    1.839e-04    3.094e+00    1.079e-05          True
     18990      9    558  -3.508688e-01  -3.508688e-01  -3.508697e-01  -3.502832e-01    9.100e-07      5.857e-04    5.866e-04    2.479e+00    1.079e-05          True
     18991      9    559  -1.052828e+00  -1.052828e+00  -1.052830e+00  -1.050686e+00    2.333e-06      2.142e-03    2.144e-03    3.891e+00    1.079e-05          True
     19004      9    572  -4.686721e-01  -4.686721e-01  -4.686726e-01  -4.679459e-01    5.748e-07      7.261e-04    7.267e-04    3.249e+00    1.079e-05          True
     19019      9    587   2.044717e-02   2.044717e-02   2.044786e-02   2.124853e-02    6.907e-07      8.014e-04    8.007e-04    3.288e+00    1.079e-05          True
     19024      9    592  -3.046634e-01  -3.046634e-01  -3.046648e-01  -3.038011e-01    1.378e-06      8.623e-04    8.636e-04    2.175e+00    1.079e-05          True
     19026      9    594  -4.507556e-01  -4.507556e-01  -4.507560e-01  -4.499753e-01    3.969e-07      7.803e-04    7.807e-04    4.696e+00    2.158e-05          True
     19036      9    604  -9.688589e-03  -9.688589e-03  -9.687854e-03  -8.381000e-03    7.348e-07      1.308e-03    1.307e-03    3.369e+00    1.079e-05          True
     19042      9    610  -1.368564e+00  -1.368564e+00  -1.368563e+00  -1.369973e+00    1.020e-06      1.409e-03    1.410e-03    4.740e+00    2.158e-05          True
     19062      9    630   3.514131e-01   3.514131e-01   3.514138e-01   3.521265e-01    7.640e-07      7.135e-04    7.127e-04    2.157e+00    1.079e-05          True
     19070      9    638  -1.798308e-01  -1.798308e-01  -1.798305e-01  -1.810671e-01    3.040e-07      1.236e-03    1.237e-03    1.991e+00    5.395e-06          True
     19076      9    644   3.929991e-01   3.929991e-01   3.929994e-01   3.942698e-01    2.679e-07      1.271e-03    1.270e-03    4.129e+00    2.158e-05          True
     19082      9    650   1.876342e+00   1.876342e+00   1.876345e+00   1.878576e+00    3.119e-06      2.234e-03    2.231e-03    3.386e+00    1.079e-05          True
     19085      9    653   4.619394e-01   4.619394e-01   4.619377e-01   4.605071e-01    1.679e-06      1.432e-03    1.431e-03    3.978e+00    1.079e-05          True
     19087      9    655  -2.434366e-01  -2.434366e-01  -2.434365e-01  -2.426414e-01    1.021e-07      7.952e-04    7.951e-04    2.456e+00    1.079e-05          True
     19094      9    662  -4.113640e-01  -4.113640e-01  -4.113664e-01  -4.127205e-01    2.389e-06      1.357e-03    1.354e-03    4.735e+00    2.158e-05          True
     19095      9    663  -5.504191e-01  -5.504191e-01  -5.504173e-01  -5.509970e-01    1.746e-06      5.779e-04    5.797e-04    3.696e+00    1.079e-05          True
     19105      9    673  -2.790712e-01  -2.790712e-01  -2.790728e-01  -2.799793e-01    1.669e-06      9.081e-04    9.065e-04    3.048e+00    1.079e-05          True
     19107      9    675   9.432745e-01   9.432745e-01   9.432749e-01   9.422448e-01    3.837e-07      1.030e-03    1.030e-03    3.915e+00    1.079e-05          True
     19111      9    679   9.344477e-01   9.344477e-01   9.344474e-01   9.333054e-01    3.288e-07      1.142e-03    1.142e-03    5.601e+00    2.158e-05          True
     19125      9    693   1.341367e+00   1.341367e+00   1.341366e+00   1.339034e+00    9.979e-07      2.333e-03    2.332e-03    3.811e+00    1.079e-05          True
     19132      9    700  -4.287681e-01  -4.287681e-01  -4.287643e-01  -4.275887e-01    3.798e-06      1.179e-03    1.176e-03    3.796e+00    1.079e-05          True
     19134      9    702  -7.176030e-01  -7.176030e-01  -7.176032e-01  -7.185875e-01    2.559e-07      9.845e-04    9.843e-04    3.249e+00    1.079e-05          True
     19136      9    704   7.285786e-01   7.285786e-01   7.285774e-01   7.267873e-01    1.274e-06      1.791e-03    1.790e-03    3.665e+00    1.079e-05          True
     19140      9    708  -6.872160e-01  -6.872160e-01  -6.872184e-01  -6.859050e-01    2.382e-06      1.311e-03    1.313e-03    4.057e+00    2.158e-05          True
     19144      9    712  -3.828493e-01  -3.828493e-01  -3.828487e-01  -3.838978e-01    5.476e-07      1.049e-03    1.049e-03    3.867e+00    1.079e-05          True
     19145      9    713   8.814018e-01   8.814018e-01   8.814026e-01   8.828533e-01    7.698e-07      1.451e-03    1.451e-03    3.836e+00    1.079e-05          True
     19155      9    723  -6.191393e-02  -6.191393e-02  -6.191370e-02  -6.386211e-02    2.302e-07      1.948e-03    1.948e-03    2.787e+00    1.079e-05          True
     19162      9    730  -3.804456e-01  -3.804456e-01  -3.804458e-01  -3.808665e-01    2.452e-07      4.210e-04    4.207e-04    2.631e+00    1.079e-05          True
     19170      9    738   1.286201e+00   1.286201e+00   1.286202e+00   1.284201e+00    1.332e-06      2.000e-03    2.001e-03    3.650e+00    1.079e-05          True
     19177      9    745  -1.006069e+00  -1.006069e+00  -1.006074e+00  -1.007799e+00    5.348e-06      1.730e-03    1.725e-03    4.664e+00    2.158e-05          True
     19187      9    755  -1.039439e+00  -1.039439e+00  -1.039435e+00  -1.040541e+00    3.713e-06      1.102e-03    1.106e-03    4.424e+00    2.158e-05          True
     19222      9    790  -7.944586e-01  -7.944586e-01  -7.944568e-01  -7.952558e-01    1.827e-06      7.972e-04    7.990e-04    4.271e+00    2.158e-05          True
     19235      9    803  -1.299598e+00  -1.299598e+00  -1.299597e+00  -1.298056e+00    1.836e-07      1.541e-03    1.541e-03    3.513e+00    1.079e-05          True
     19265      9    833   9.920734e-02   9.920734e-02   9.920787e-02   1.000344e-01    5.322e-07      8.270e-04    8.265e-04    2.699e+00    1.079e-05          True
     19266      9    834   9.882522e-01   9.882522e-01   9.882511e-01   9.863281e-01    1.030e-06      1.924e-03    1.923e-03    3.097e+00    1.079e-05          True
     19267      9    835   4.837554e-01   4.837554e-01   4.837539e-01   4.851328e-01    1.494e-06      1.377e-03    1.379e-03    3.503e+00    1.079e-05          True
     19284      9    852   3.520845e-01   3.520845e-01   3.520854e-01   3.526007e-01    8.176e-07      5.162e-04    5.154e-04    3.691e+00    1.079e-05          True
     19287      9    855  -2.354383e-01  -2.354383e-01  -2.354369e-01  -2.359565e-01    1.379e-06      5.183e-04    5.196e-04    2.766e+00    1.079e-05          True
     19290      9    858   1.474359e+00   1.474359e+00   1.474357e+00   1.472827e+00    2.180e-06      1.532e-03    1.530e-03    3.702e+00    1.079e-05          True
     19295      9    863   4.602812e-01   4.602812e-01   4.602778e-01   4.589829e-01    3.336e-06      1.298e-03    1.295e-03    3.162e+00    1.079e-05          True
     19302      9    870  -7.150235e-01  -7.150235e-01  -7.150265e-01  -7.162024e-01    2.950e-06      1.179e-03    1.176e-03    3.403e+00    1.079e-05          True
     19305      9    873   3.587846e-01   3.587846e-01   3.587863e-01   3.592269e-01    1.793e-06      4.423e-04    4.405e-04    3.977e+00    1.079e-05          True
     19308      9    876   5.671792e-01   5.671792e-01   5.671800e-01   5.653130e-01    8.721e-07      1.866e-03    1.867e-03    3.478e+00    1.079e-05          True
     19316      9    884  -1.784429e+00  -1.784429e+00  -1.784433e+00  -1.782007e+00    4.588e-06      2.422e-03    2.426e-03    4.124e+00    2.158e-05          True
     19326      9    894   6.845030e-01   6.845030e-01   6.845025e-01   6.860606e-01    4.093e-07      1.558e-03    1.558e-03    2.923e+00    1.079e-05          True
     19338      9    906   1.553647e+00   1.553647e+00   1.553646e+00   1.555201e+00    7.940e-07      1.555e-03    1.555e-03    3.321e+00    1.079e-05          True
     19352      9    920   6.024350e-02   6.024350e-02   6.024580e-02   6.040686e-02    2.302e-06      1.634e-04    1.611e-04    2.636e+00    1.079e-05          True
     19353      9    921  -1.116039e+00  -1.116039e+00  -1.116041e+00  -1.117353e+00    1.584e-06      1.314e-03    1.312e-03    3.514e+00    1.079e-05          True
     19387      9    955  -1.252951e-01  -1.252951e-01  -1.252960e-01  -1.246083e-01    9.615e-07      6.868e-04    6.878e-04    4.605e+00    2.158e-05          True
     19398      9    966  -4.102378e-01  -4.102378e-01  -4.102415e-01  -4.106662e-01    3.671e-06      4.283e-04    4.247e-04    4.517e+00    2.158e-05          True
     19404      9    972  -3.725653e-01  -3.725653e-01  -3.725649e-01  -3.743278e-01    4.668e-07      1.762e-03    1.763e-03    2.009e+00    1.079e-05          True
     19408      9    976   4.461903e-01   4.461903e-01   4.461890e-01   4.453394e-01    1.357e-06      8.509e-04    8.495e-04    3.396e+00    1.079e-05          True
     19409      9    977  -8.525173e-01  -8.525173e-01  -8.525154e-01  -8.533867e-01    1.927e-06      8.694e-04    8.713e-04    3.872e+00    1.079e-05          True
     19410      9    978   8.492070e-01   8.492070e-01   8.492056e-01   8.506812e-01    1.354e-06      1.474e-03    1.476e-03    3.787e+00    1.079e-05          True
     19414      9    982  -5.715351e-01  -5.715351e-01  -5.715361e-01  -5.706341e-01    1.013e-06      9.010e-04    9.020e-04    2.986e+00    1.079e-05          True
     19423      9    991   3.405451e-01   3.405451e-01   3.405465e-01   3.417281e-01    1.442e-06      1.183e-03    1.182e-03    3.258e+00    1.079e-05          True
     19432      9   1000   3.086543e-01   3.086543e-01   3.086540e-01   3.098201e-01    2.112e-07      1.166e-03    1.166e-03    4.603e+00    2.158e-05          True
     19433      9   1001   7.273350e-01   7.273350e-01   7.273353e-01   7.283368e-01    2.605e-07      1.002e-03    1.002e-03    1.910e+00    5.395e-06          True
     19438      9   1006   1.383448e+00   1.383448e+00   1.383446e+00   1.381528e+00    2.227e-06      1.919e-03    1.917e-03    4.254e+00    2.158e-05          True
     19443      9   1011   3.992973e-02   3.992973e-02   3.992876e-02   3.910811e-02    9.740e-07      8.216e-04    8.206e-04    2.138e+00    1.079e-05          True
     19451      9   1019   3.413878e-01   3.413878e-01   3.413883e-01   3.410098e-01    5.058e-07      3.780e-04    3.785e-04    3.339e+00    1.079e-05          True
     19455      9   1023  -1.536143e+00  -1.536143e+00  -1.536145e+00  -1.537687e+00    2.075e-06      1.544e-03    1.542e-03    2.835e+00    1.079e-05          True
     19459      9   1027  -1.961928e-01  -1.961928e-01  -1.961924e-01  -1.969284e-01    3.703e-07      7.356e-04    7.360e-04    1.473e+00    5.395e-06          True
     19462      9   1030  -1.060707e+00  -1.060707e+00  -1.060707e+00  -1.062048e+00    2.387e-07      1.341e-03    1.341e-03    3.884e+00    1.079e-05          True
     19467      9   1035  -1.079415e+00  -1.079415e+00  -1.079414e+00  -1.080592e+00    1.214e-06      1.176e-03    1.178e-03    3.170e+00    1.079e-05          True
     19471      9   1039  -1.095629e+00  -1.095629e+00  -1.095627e+00  -1.096775e+00    1.703e-06      1.146e-03    1.148e-03    3.271e+00    1.079e-05          True
     19472      9   1040  -2.871980e-02  -2.871980e-02  -2.872165e-02  -2.954311e-02    1.847e-06      8.233e-04    8.215e-04    3.556e+00    1.079e-05          True
     19481      9   1049   2.611036e-01   2.611036e-01   2.611017e-01   2.600767e-01    1.982e-06      1.027e-03    1.025e-03    4.362e+00    2.158e-05          True
     19484      9   1052   2.540894e-02   2.540894e-02   2.540991e-02   2.651591e-02    9.623e-07      1.107e-03    1.106e-03    2.860e+00    1.079e-05          True
     19488      9   1056  -7.955843e-01  -7.955843e-01  -7.955834e-01  -7.940956e-01    9.065e-07      1.489e-03    1.488e-03    1.910e+00    5.395e-06          True
     19489      9   1057   3.442567e-01   3.442567e-01   3.442574e-01   3.438372e-01    7.398e-07      4.194e-04    4.202e-04    2.119e+00    1.079e-05          True
     19495      9   1063   6.588016e-01   6.588016e-01   6.588014e-01   6.598548e-01    1.855e-07      1.053e-03    1.053e-03    3.221e+00    1.079e-05          True
     19498      9   1066  -3.982597e-02  -3.982597e-02  -3.982707e-02  -3.971595e-02    1.102e-06      1.100e-04    1.111e-04    2.647e+00    1.079e-05          True
     19505      9   1073  -3.710388e-01  -3.710388e-01  -3.710424e-01  -3.703469e-01    3.608e-06      6.919e-04    6.955e-04    4.551e+00    2.158e-05          True
     19507      9   1075   2.960642e-01   2.960642e-01   2.960661e-01   2.955210e-01    1.966e-06      5.432e-04    5.451e-04    2.353e+00    1.079e-05          True
     19512      9   1080   7.024897e-01   7.024897e-01   7.024896e-01   7.006382e-01    7.865e-08      1.851e-03    1.851e-03    5.267e+00    2.158e-05          True
     19515      9   1083  -2.399548e-01  -2.399548e-01  -2.399531e-01  -2.395043e-01    1.654e-06      4.505e-04    4.488e-04    3.408e+00    1.079e-05          True
     19518      9   1086   6.190754e-01   6.190754e-01   6.190761e-01   6.172508e-01    7.234e-07      1.825e-03    1.825e-03    1.593e+00    5.395e-06          True
     19529      9   1097   6.676989e-01   6.676989e-01   6.676989e-01   6.652918e-01    7.273e-08      2.407e-03    2.407e-03    2.996e+00    1.079e-05          True
     19530      9   1098   1.043439e-01   1.043439e-01   1.043413e-01   1.037692e-01    2.669e-06      5.747e-04    5.721e-04    3.884e+00    1.079e-05          True
     19536      9   1104  -1.047106e-01  -1.047106e-01  -1.047107e-01  -1.041032e-01    1.068e-07      6.075e-04    6.076e-04    1.989e+00    5.395e-06          True
     19537      9   1105   4.761927e-01   4.761927e-01   4.761913e-01   4.744076e-01    1.441e-06      1.785e-03    1.784e-03    4.576e+00    2.158e-05          True
     19546      9   1114  -1.462215e-01  -1.462215e-01  -1.462205e-01  -1.468965e-01    1.002e-06      6.750e-04    6.760e-04    4.324e+00    2.158e-05          True
     19550      9   1118  -6.392557e-01  -6.392557e-01  -6.392542e-01  -6.399219e-01    1.536e-06      6.662e-04    6.677e-04    3.830e+00    1.079e-05          True
     19571      9   1139   3.360951e-01   3.360951e-01   3.360922e-01   3.370622e-01    2.915e-06      9.672e-04    9.701e-04    2.428e+00    1.079e-05          True
     19572      9   1140  -5.392243e-01  -5.392243e-01  -5.392237e-01  -5.398979e-01    5.366e-07      6.737e-04    6.742e-04    2.176e+00    1.079e-05          True
     19576      9   1144   1.257722e+00   1.257722e+00   1.257720e+00   1.255993e+00    1.111e-06      1.728e-03    1.727e-03    3.548e+00    1.079e-05          True
     19596      9   1164   8.689657e-01   8.689657e-01   8.689687e-01   8.700873e-01    3.073e-06      1.122e-03    1.119e-03    5.010e+00    2.158e-05          True
     19598      9   1166   5.875025e-02   5.875025e-02   5.874918e-02   5.930201e-02    1.065e-06      5.518e-04    5.528e-04    3.183e+00    1.079e-05          True
     19599      9   1167  -7.891791e-02  -7.891791e-02  -7.891860e-02  -7.923165e-02    6.885e-07      3.137e-04    3.131e-04    3.015e+00    1.079e-05          True
     19605      9   1173  -5.468453e-01  -5.468453e-01  -5.468456e-01  -5.454568e-01    3.514e-07      1.388e-03    1.389e-03    4.094e+00    2.158e-05          True
     19606      9   1174  -2.435739e-01  -2.435739e-01  -2.435760e-01  -2.426020e-01    2.053e-06      9.719e-04    9.739e-04    2.238e+00    1.079e-05          True
     19607      9   1175   5.111888e-01   5.111888e-01   5.111894e-01   5.117677e-01    6.309e-07      5.790e-04    5.783e-04    4.900e+00    2.158e-05          True
     19609      9   1177  -6.294666e-01  -6.294666e-01  -6.294660e-01  -6.302807e-01    5.583e-07      8.142e-04    8.147e-04    2.403e+00    1.079e-05          True
     19614      9   1182   2.093929e-01   2.093929e-01   2.093938e-01   2.100690e-01    8.840e-07      6.761e-04    6.752e-04    2.892e+00    1.079e-05          True
     19619      9   1187  -2.672645e-01  -2.672645e-01  -2.672667e-01  -2.663110e-01    2.231e-06      9.534e-04    9.557e-04    4.258e+00    2.158e-05          True
     19621      9   1189  -5.154368e-01  -5.154368e-01  -5.154371e-01  -5.148513e-01    2.479e-07      5.855e-04    5.857e-04    2.173e+00    1.079e-05          True
     19627      9   1195   5.444396e-01   5.444396e-01   5.444405e-01   5.458311e-01    8.854e-07      1.392e-03    1.391e-03    4.395e+00    2.158e-05          True
     19628      9   1196   1.135285e+00   1.135285e+00   1.135286e+00   1.132903e+00    1.345e-06      2.381e-03    2.383e-03    3.034e+00    1.079e-05          True
     19645      9   1213   1.439182e-01   1.439182e-01   1.439202e-01   1.436232e-01    1.923e-06      2.950e-04    2.970e-04    3.212e+00    1.079e-05          True
     19651      9   1219   2.849226e-01   2.849226e-01   2.849231e-01   2.842816e-01    5.200e-07      6.410e-04    6.415e-04    1.954e+00    5.395e-06          True
     19659      9   1227  -4.857395e-01  -4.857395e-01  -4.857408e-01  -4.873371e-01    1.328e-06      1.598e-03    1.596e-03    3.874e+00    1.079e-05          True
     19660      9   1228  -3.976266e-01  -3.976266e-01  -3.976261e-01  -3.985017e-01    5.373e-07      8.751e-04    8.756e-04    2.948e+00    1.079e-05          True
     19669      9   1237   2.694056e-01   2.694056e-01   2.694043e-01   2.687304e-01    1.334e-06      6.752e-04    6.739e-04    3.042e+00    1.079e-05          True
     19683      9   1251  -1.051980e-01  -1.051980e-01  -1.051978e-01  -1.055391e-01    2.093e-07      3.411e-04    3.413e-04    3.188e+00    1.079e-05          True
     19685      9   1253   3.534004e-01   3.534004e-01   3.533998e-01   3.521147e-01    6.449e-07      1.286e-03    1.285e-03    5.939e+00    2.158e-05          True
     19690      9   1258   9.226948e-01   9.226948e-01   9.226943e-01   9.248713e-01    5.353e-07      2.176e-03    2.177e-03    3.017e+00    1.079e-05          True
     19697      9   1265  -9.386290e-01  -9.386290e-01  -9.386265e-01  -9.364166e-01    2.512e-06      2.212e-03    2.210e-03    2.831e+00    1.079e-05          True
     19699      9   1267  -1.155145e+00  -1.155145e+00  -1.155145e+00  -1.153960e+00    5.044e-07      1.185e-03    1.186e-03    2.727e+00    1.079e-05          True
     19701      9   1269  -1.019582e-01  -1.019582e-01  -1.019587e-01  -1.021650e-01    5.495e-07      2.068e-04    2.063e-04    1.931e+00    5.395e-06          True
     19706      9   1274  -9.917148e-01  -9.917148e-01  -9.917128e-01  -9.930685e-01    1.991e-06      1.354e-03    1.356e-03    3.629e+00    1.079e-05          True
     19711      9   1279   1.459989e+00   1.459989e+00   1.459985e+00   1.458458e+00    3.599e-06      1.531e-03    1.527e-03    4.220e+00    2.158e-05          True
     19713      9   1281  -1.034062e+00  -1.034062e+00  -1.034063e+00  -1.032049e+00    8.167e-07      2.013e-03    2.014e-03    2.531e+00    1.079e-05          True
     19728      9   1296  -1.301254e+00  -1.301254e+00  -1.301255e+00  -1.299655e+00    4.004e-07      1.600e-03    1.600e-03    2.525e+00    1.079e-05          True
     19736      9   1304  -7.075653e-01  -7.075653e-01  -7.075624e-01  -7.062885e-01    2.871e-06      1.277e-03    1.274e-03    3.763e+00    1.079e-05          True
     19738      9   1306  -5.377415e-01  -5.377415e-01  -5.377434e-01  -5.365043e-01    1.962e-06      1.237e-03    1.239e-03    6.187e+00    2.158e-05          True
     19741      9   1309  -3.936496e-01  -3.936496e-01  -3.936533e-01  -3.926747e-01    3.656e-06      9.750e-04    9.786e-04    4.569e+00    2.158e-05          True
     19743      9   1311   4.374262e-01   4.374262e-01   4.374236e-01   4.365695e-01    2.647e-06      8.568e-04    8.541e-04    4.166e+00    2.158e-05          True
     19749      9   1317  -4.276569e-01  -4.276569e-01  -4.276568e-01  -4.263422e-01    1.331e-07      1.315e-03    1.315e-03    1.916e+00    5.395e-06          True
     19752      9   1320  -4.755959e-01  -4.755959e-01  -4.755944e-01  -4.749559e-01    1.547e-06      6.401e-04    6.385e-04    3.964e+00    1.079e-05          True
     19754      9   1322  -1.701379e+00  -1.701379e+00  -1.701379e+00  -1.703356e+00    8.264e-07      1.978e-03    1.977e-03    5.296e+00    2.158e-05          True
     19757      9   1325   5.863996e-01   5.863996e-01   5.864021e-01   5.876353e-01    2.436e-06      1.236e-03    1.233e-03    2.790e+00    1.079e-05          True
     19772      9   1340   8.327858e-01   8.327858e-01   8.327875e-01   8.314314e-01    1.666e-06      1.354e-03    1.356e-03    3.749e+00    1.079e-05          True
     19790      9   1358  -1.487514e+00  -1.487514e+00  -1.487516e+00  -1.485885e+00    1.411e-06      1.629e-03    1.631e-03    2.846e+00    1.079e-05          True
     19791      9   1359   1.221520e-01   1.221520e-01   1.221520e-01   1.217996e-01    9.489e-09      3.524e-04    3.524e-04    3.228e+00    1.079e-05          True
     19796      9   1364   1.230246e+00   1.230246e+00   1.230246e+00   1.232982e+00    1.416e-07      2.736e-03    2.736e-03    2.205e+00    1.079e-05          True
     19799      9   1367   2.593645e-02   2.593645e-02   2.593811e-02   2.522026e-02    1.656e-06      7.162e-04    7.178e-04    2.488e+00    1.079e-05          True
     19805      9   1373  -3.753636e-02  -3.753636e-02  -3.753425e-02  -3.806238e-02    2.111e-06      5.260e-04    5.281e-04    3.523e+00    1.079e-05          True
     19806      9   1374  -4.921140e-01  -4.921140e-01  -4.921127e-01  -4.914897e-01    1.263e-06      6.243e-04    6.230e-04    2.511e+00    1.079e-05          True
     19813      9   1381  -3.368474e-02  -3.368474e-02  -3.368520e-02  -3.311289e-02    4.550e-07      5.719e-04    5.723e-04    2.293e+00    1.079e-05          True
     19816      9   1384   1.177888e+00   1.177888e+00   1.177888e+00   1.179688e+00    5.476e-07      1.800e-03    1.800e-03    2.140e+00    1.079e-05          True
     19817      9   1385   3.706268e-01   3.706268e-01   3.706264e-01   3.711897e-01    3.479e-07      5.629e-04    5.632e-04    3.023e+00    1.079e-05          True
     19818      9   1386   3.820757e-01   3.820757e-01   3.820763e-01   3.802899e-01    5.162e-07      1.786e-03    1.786e-03    4.281e+00    2.158e-05          True
     19830      9   1398  -7.919021e-01  -7.919021e-01  -7.919022e-01  -7.910870e-01    6.525e-08      8.151e-04    8.152e-04    2.563e+00    1.079e-05          True
     19835      9   1403  -7.210713e-01  -7.210713e-01  -7.210733e-01  -7.223249e-01    1.923e-06      1.254e-03    1.252e-03    3.421e+00    1.079e-05          True
     19839      9   1407   4.822880e-01   4.822880e-01   4.822882e-01   4.811264e-01    1.509e-07      1.162e-03    1.162e-03    2.178e+00    1.079e-05          True
     19840      9   1408  -7.819925e-01  -7.819925e-01  -7.819912e-01  -7.843016e-01    1.287e-06      2.309e-03    2.310e-03    2.897e+00    1.079e-05          True
     19842      9   1410  -5.471145e-01  -5.471145e-01  -5.471139e-01  -5.481506e-01    6.216e-07      1.036e-03    1.037e-03    2.883e+00    1.079e-05          True
     19854      9   1422   3.466142e-01   3.466142e-01   3.466173e-01   3.492580e-01    3.115e-06      2.644e-03    2.641e-03    4.411e+00    2.158e-05          True
     19871      9   1439  -2.909841e-01  -2.909841e-01  -2.909828e-01  -2.900200e-01    1.244e-06      9.640e-04    9.628e-04    3.826e+00    1.079e-05          True
     19886      9   1454  -9.379240e-02  -9.379240e-02  -9.379496e-02  -9.351911e-02    2.562e-06      2.733e-04    2.759e-04    6.123e+00    2.158e-05          True
     19890      9   1458   3.551357e-01   3.551357e-01   3.551345e-01   3.537377e-01    1.225e-06      1.398e-03    1.397e-03    2.420e+00    1.079e-05          True
     19894      9   1462  -4.444454e-01  -4.444454e-01  -4.444467e-01  -4.433465e-01    1.360e-06      1.099e-03    1.100e-03    3.206e+00    1.079e-05          True
     19897      9   1465   3.828427e-01   3.828427e-01   3.828453e-01   3.818053e-01    2.587e-06      1.037e-03    1.040e-03    3.782e+00    1.079e-05          True
     19903      9   1471  -5.433222e-01  -5.433222e-01  -5.433207e-01  -5.442609e-01    1.496e-06      9.388e-04    9.403e-04    1.699e+00    5.395e-06          True
     19908      9   1476  -7.088480e-01  -7.088480e-01  -7.088491e-01  -7.072579e-01    1.094e-06      1.590e-03    1.591e-03    3.132e+00    1.079e-05          True
     19916      9   1484  -7.344770e-01  -7.344770e-01  -7.344775e-01  -7.367650e-01    4.756e-07      2.288e-03    2.288e-03    2.289e+00    1.079e-05          True
     19931      9   1499   1.721478e-01   1.721478e-01   1.721468e-01   1.712319e-01    1.029e-06      9.159e-04    9.149e-04    2.790e+00    1.079e-05          True
     19954      9   1522   1.925123e-01   1.925123e-01   1.925113e-01   1.939811e-01    9.903e-07      1.469e-03    1.470e-03    2.656e+00    1.079e-05          True
     19956      9   1524   1.064355e+00   1.064355e+00   1.064354e+00   1.063231e+00    1.473e-06      1.125e-03    1.123e-03    2.417e+00    1.079e-05          True
     19967      9   1535  -9.375996e-02  -9.375996e-02  -9.376509e-02  -9.402506e-02    5.129e-06      2.651e-04    2.600e-04    4.419e+00    2.158e-05          True
     19970      9   1538   7.937973e-01   7.937973e-01   7.937985e-01   7.953292e-01    1.223e-06      1.532e-03    1.531e-03    3.050e+00    1.079e-05          True
     19975      9   1543  -3.689187e-01  -3.689187e-01  -3.689184e-01  -3.681020e-01    3.046e-07      8.167e-04    8.164e-04    2.058e+00    1.079e-05          True
     19981      9   1549  -4.060377e-02  -4.060377e-02  -4.060306e-02  -4.037006e-02    7.045e-07      2.337e-04    2.330e-04    1.992e+00    5.395e-06          True
     19992      9   1560  -9.308808e-01  -9.308808e-01  -9.308813e-01  -9.298201e-01    4.845e-07      1.061e-03    1.061e-03    2.939e+00    1.079e-05          True
     19993      9   1561   1.352340e+00   1.352340e+00   1.352341e+00   1.354141e+00    8.913e-07      1.801e-03    1.800e-03    3.939e+00    1.079e-05          True
     20013      9   1581  -1.149371e-01  -1.149371e-01  -1.149371e-01  -1.164457e-01    4.564e-08      1.509e-03    1.509e-03    2.768e+00    1.079e-05          True
     20015      9   1583  -1.968163e-01  -1.968163e-01  -1.968133e-01  -1.978457e-01    2.968e-06      1.029e-03    1.032e-03    4.147e+00    2.158e-05          True
     20016      9   1584  -2.216844e-01  -2.216844e-01  -2.216819e-01  -2.220748e-01    2.494e-06      3.903e-04    3.928e-04    3.095e+00    1.079e-05          True
     20023      9   1591   2.629732e-01   2.629732e-01   2.629717e-01   2.624772e-01    1.462e-06      4.960e-04    4.946e-04    2.017e+00    1.079e-05          True
     20033      9   1601   9.611760e-01   9.611760e-01   9.611776e-01   9.596031e-01    1.648e-06      1.573e-03    1.575e-03    4.979e+00    2.158e-05          True
     20040      9   1608  -4.440861e-01  -4.440861e-01  -4.440854e-01  -4.447338e-01    7.010e-07      6.477e-04    6.484e-04    1.927e+00    5.395e-06          True
     20042      9   1610  -2.733111e-02  -2.733111e-02  -2.733302e-02  -2.697293e-02    1.915e-06      3.582e-04    3.601e-04    3.968e+00    1.079e-05          True
     20045      9   1613  -6.677410e-01  -6.677410e-01  -6.677395e-01  -6.693705e-01    1.544e-06      1.629e-03    1.631e-03    2.834e+00    1.079e-05          True
     20049      9   1617   3.751949e-01   3.751949e-01   3.751931e-01   3.757895e-01    1.805e-06      5.946e-04    5.964e-04    3.019e+00    1.079e-05          True
     20068      9   1636  -1.879950e-01  -1.879950e-01  -1.879958e-01  -1.867582e-01    8.552e-07      1.237e-03    1.238e-03    2.680e+00    1.079e-05          True
     20070      9   1638  -3.145804e-02  -3.145804e-02  -3.145795e-02  -3.229839e-02    8.661e-08      8.403e-04    8.404e-04    2.536e+00    1.079e-05          True
     20089      9   1657   4.657224e-01   4.657224e-01   4.657209e-01   4.666431e-01    1.523e-06      9.207e-04    9.222e-04    3.762e+00    1.079e-05          True
     20098      9   1666  -9.078593e-01  -9.078593e-01  -9.078586e-01  -9.092578e-01    7.633e-07      1.399e-03    1.399e-03    1.934e+00    5.395e-06          True
     20110      9   1678  -1.132829e-01  -1.132829e-01  -1.132860e-01  -1.122245e-01    3.114e-06      1.058e-03    1.062e-03    3.213e+00    1.079e-05          True
     20116      9   1684   3.618062e-01   3.618062e-01   3.618070e-01   3.634524e-01    7.889e-07      1.646e-03    1.645e-03    4.578e+00    2.158e-05          True
     20123      9   1691  -6.370779e-02  -6.370779e-02  -6.370742e-02  -6.315210e-02    3.741e-07      5.557e-04    5.553e-04    2.991e+00    1.079e-05          True
     20127      9   1695   6.642298e-02   6.642298e-02   6.642553e-02   6.674181e-02    2.551e-06      3.188e-04    3.163e-04    2.707e+00    1.079e-05          True
     20128      9   1696   8.281887e-02   8.281887e-02   8.281627e-02   8.324959e-02    2.602e-06      4.307e-04    4.333e-04    3.816e+00    1.079e-05          True
     20144      9   1712  -5.273676e-01  -5.273676e-01  -5.273689e-01  -5.268403e-01    1.313e-06      5.273e-04    5.286e-04    3.871e+00    1.079e-05          True
     20148      9   1716  -8.597247e-01  -8.597247e-01  -8.597249e-01  -8.578225e-01    2.832e-07      1.902e-03    1.902e-03    1.644e+00    5.395e-06          True
     20156      9   1724   9.671445e-01   9.671445e-01   9.671469e-01   9.655339e-01    2.401e-06      1.611e-03    1.613e-03    3.006e+00    1.079e-05          True
     20157      9   1725  -3.081323e-01  -3.081323e-01  -3.081350e-01  -3.054198e-01    2.724e-06      2.713e-03    2.715e-03    4.103e+00    2.158e-05          True
     20160      9   1728  -9.041920e-01  -9.041920e-01  -9.041909e-01  -9.055692e-01    1.055e-06      1.377e-03    1.378e-03    4.174e+00    2.158e-05          True
     20166      9   1734   1.534941e+00   1.534941e+00   1.534942e+00   1.536627e+00    1.520e-06      1.686e-03    1.684e-03    3.228e+00    1.079e-05          True
     20169      9   1737   6.477172e-02   6.477172e-02   6.477074e-02   6.541008e-02    9.844e-07      6.384e-04    6.393e-04    2.546e+00    1.079e-05          True
     20191      9   1759  -1.007186e+00  -1.007186e+00  -1.007186e+00  -1.005025e+00    1.531e-07      2.161e-03    2.161e-03    2.706e+00    1.079e-05          True
     20197      9   1765  -3.860395e-01  -3.860395e-01  -3.860409e-01  -3.843637e-01    1.355e-06      1.676e-03    1.677e-03    3.902e+00    1.079e-05          True
     20214      9   1782  -7.392759e-01  -7.392759e-01  -7.392756e-01  -7.368729e-01    3.652e-07      2.403e-03    2.403e-03    3.358e+00    1.079e-05          True
     20217      9   1785  -1.679495e+00  -1.679495e+00  -1.679493e+00  -1.677550e+00    2.107e-06      1.945e-03    1.943e-03    2.153e+00    1.079e-05          True
     20226      9   1794   6.798757e-01   6.798757e-01   6.798756e-01   6.808926e-01    1.037e-07      1.017e-03    1.017e-03    3.117e+00    1.079e-05          True
     20236      9   1804  -1.417901e+00  -1.417901e+00  -1.417903e+00  -1.414861e+00    2.314e-06      3.040e-03    3.042e-03    5.239e+00    2.158e-05          True
     20237      9   1805   4.625592e-01   4.625592e-01   4.625580e-01   4.640198e-01    1.220e-06      1.461e-03    1.462e-03    3.326e+00    1.079e-05          True
     20238      9   1806  -8.316530e-01  -8.316530e-01  -8.316523e-01  -8.337866e-01    7.142e-07      2.134e-03    2.134e-03    2.830e+00    1.079e-05          True
     20240      9   1808  -1.808330e+00  -1.808330e+00  -1.808325e+00  -1.806435e+00    4.876e-06      1.895e-03    1.890e-03    5.366e+00    2.158e-05          True
     20246      9   1814   7.969945e-01   7.969945e-01   7.969943e-01   7.991248e-01    2.097e-07      2.130e-03    2.131e-03    2.238e+00    1.079e-05          True
     20251      9   1819  -1.518287e+00  -1.518287e+00  -1.518287e+00  -1.519886e+00    2.465e-08      1.599e-03    1.599e-03    2.255e+00    1.079e-05          True
     20253      9   1821  -1.034327e+00  -1.034327e+00  -1.034328e+00  -1.032981e+00    1.582e-06      1.345e-03    1.347e-03    3.460e+00    1.079e-05          True
     20261      9   1829  -3.024936e-01  -3.024936e-01  -3.024950e-01  -3.008485e-01    1.391e-06      1.645e-03    1.646e-03    2.116e+00    1.079e-05          True
     20262      9   1830   6.458079e-01   6.458079e-01   6.458083e-01   6.468754e-01    3.911e-07      1.067e-03    1.067e-03    2.437e+00    1.079e-05          True
     20266      9   1834   2.415185e-02   2.415185e-02   2.415485e-02   2.469554e-02    2.998e-06      5.437e-04    5.407e-04    4.244e+00    2.158e-05          True
     20269      9   1837   7.608619e-01   7.608619e-01   7.608582e-01   7.598683e-01    3.684e-06      9.936e-04    9.899e-04    4.141e+00    2.158e-05          True
     20272      9   1840  -6.397226e-01  -6.397226e-01  -6.397226e-01  -6.386033e-01    4.799e-08      1.119e-03    1.119e-03    2.322e+00    1.079e-05          True
     20273      9   1841   2.944046e-01   2.944046e-01   2.944034e-01   2.962891e-01    1.197e-06      1.884e-03    1.886e-03    3.626e+00    1.079e-05          True
     20275      9   1843  -2.781246e-01  -2.781246e-01  -2.781285e-01  -2.798122e-01    3.869e-06      1.688e-03    1.684e-03    4.321e+00    2.158e-05          True
     20279      9   1847   3.258819e-01   3.258819e-01   3.258803e-01   3.250886e-01    1.649e-06      7.933e-04    7.917e-04    3.779e+00    1.079e-05          True
     20283      9   1851   1.215594e-01   1.215594e-01   1.215611e-01   1.209088e-01    1.774e-06      6.505e-04    6.523e-04    2.631e+00    1.079e-05          True
     20286      9   1854   1.726526e-02   1.726526e-02   1.726548e-02   1.881799e-02    2.223e-07      1.553e-03    1.553e-03    1.974e+00    5.395e-06          True
     20289      9   1857  -6.274218e-01  -6.274218e-01  -6.274231e-01  -6.267080e-01    1.347e-06      7.138e-04    7.151e-04    2.388e+00    1.079e-05          True
     20301      9   1869  -6.226286e-02  -6.226286e-02  -6.226171e-02  -6.196062e-02    1.151e-06      3.022e-04    3.011e-04    2.585e+00    1.079e-05          True
     20306      9   1874   1.064081e+00   1.064081e+00   1.064080e+00   1.066050e+00    7.988e-07      1.970e-03    1.970e-03    1.820e+00    5.395e-06          True
     20309      9   1877   5.573462e-01   5.573462e-01   5.573453e-01   5.567520e-01    8.899e-07      5.941e-04    5.932e-04    2.161e+00    1.079e-05          True
     20314      9   1882  -2.050887e+00  -2.050887e+00  -2.050885e+00  -2.048644e+00    1.776e-06      2.243e-03    2.241e-03    3.904e+00    1.079e-05          True
     20319      9   1887  -3.469697e-01  -3.469697e-01  -3.469685e-01  -3.480389e-01    1.225e-06      1.069e-03    1.070e-03    3.839e+00    1.079e-05          True
     20325      9   1893   4.650287e-01   4.650287e-01   4.650287e-01   4.633071e-01    2.284e-08      1.722e-03    1.722e-03    4.216e+00    2.158e-05          True
     20336      9   1904   1.759799e+00   1.759799e+00   1.759798e+00   1.761827e+00    1.406e-06      2.028e-03    2.029e-03    4.414e+00    2.158e-05          True
     20337      9   1905   5.123195e-01   5.123195e-01   5.123206e-01   5.141029e-01    1.157e-06      1.783e-03    1.782e-03    3.116e+00    1.079e-05          True
     20344      9   1912  -5.503095e-01  -5.503095e-01  -5.503101e-01  -5.493735e-01    6.517e-07      9.360e-04    9.366e-04    1.679e+00    5.395e-06          True
     20354      9   1922   1.954549e-01   1.954549e-01   1.954544e-01   1.950270e-01    5.381e-07      4.279e-04    4.274e-04    1.730e+00    5.395e-06          True
     20357      9   1925  -2.073979e-01  -2.073979e-01  -2.073991e-01  -2.055302e-01    1.248e-06      1.868e-03    1.869e-03    3.637e+00    1.079e-05          True
     20370      9   1938  -5.879800e-01  -5.879800e-01  -5.879788e-01  -5.893871e-01    1.185e-06      1.407e-03    1.408e-03    2.968e+00    1.079e-05          True
     20372      9   1940  -2.307840e-01  -2.307840e-01  -2.307831e-01  -2.293420e-01    8.365e-07      1.442e-03    1.441e-03    3.043e+00    1.079e-05          True
     20377      9   1945  -1.709128e-01  -1.709128e-01  -1.709131e-01  -1.712174e-01    3.316e-07      3.045e-04    3.042e-04    1.886e+00    5.395e-06          True
     20380      9   1948   2.310307e-01   2.310307e-01   2.310298e-01   2.306585e-01    9.497e-07      3.722e-04    3.712e-04    2.301e+00    1.079e-05          True
     20389      9   1957  -4.822925e-02  -4.822925e-02  -4.822923e-02  -4.789428e-02    2.000e-08      3.350e-04    3.350e-04    3.353e+00    1.079e-05          True
     20391      9   1959   8.277432e-01   8.277432e-01   8.277439e-01   8.287892e-01    7.630e-07      1.046e-03    1.045e-03    2.359e+00    1.079e-05          True
     20393      9   1961  -4.332760e-01  -4.332760e-01  -4.332758e-01  -4.342695e-01    1.476e-07      9.935e-04    9.937e-04    3.658e+00    1.079e-05          True
     20399      9   1967   9.619831e-01   9.619831e-01   9.619844e-01   9.604176e-01    1.263e-06      1.566e-03    1.567e-03    1.839e+00    5.395e-06          True
     20404      9   1972   1.070260e-02   1.070260e-02   1.070435e-02   1.046551e-02    1.753e-06      2.371e-04    2.388e-04    3.282e+00    1.079e-05          True
     20413      9   1981   2.247276e-01   2.247276e-01   2.247296e-01   2.243888e-01    1.933e-06      3.388e-04    3.407e-04    2.219e+00    1.079e-05          True
     20417      9   1985  -1.411743e-03  -1.411743e-03  -1.412253e-03  -1.285970e-05    5.100e-07      1.399e-03    1.399e-03    3.433e+00    1.079e-05          True
     20431      9   1999   4.873401e-01   4.873401e-01   4.873400e-01   4.881019e-01    1.103e-07      7.618e-04    7.619e-04    2.863e+00    1.079e-05          True
     20441      9   2009  -8.962083e-01  -8.962083e-01  -8.962097e-01  -8.971407e-01    1.338e-06      9.324e-04    9.311e-04    4.550e+00    2.158e-05          True
     20448      9   2016  -1.256172e-01  -1.256172e-01  -1.256167e-01  -1.246838e-01    5.739e-07      9.334e-04    9.329e-04    1.802e+00    5.395e-06          True
     20459      9   2027  -3.437560e-01  -3.437560e-01  -3.437561e-01  -3.442324e-01    1.204e-07      4.764e-04    4.763e-04    3.486e+00    1.079e-05          True
     20460      9   2028  -9.221819e-01  -9.221819e-01  -9.221830e-01  -9.208351e-01    1.109e-06      1.347e-03    1.348e-03    3.077e+00    1.079e-05          True
     20468      9   2036   2.855981e-02   2.855981e-02   2.856071e-02   2.915281e-02    8.994e-07      5.930e-04    5.921e-04    4.534e+00    2.158e-05          True
     20469      9   2037  -5.148119e-01  -5.148119e-01  -5.148126e-01  -5.155571e-01    6.477e-07      7.452e-04    7.445e-04    2.235e+00    1.079e-05          True
     20474      9   2042   1.656909e-01   1.656909e-01   1.656916e-01   1.650352e-01    6.835e-07      6.557e-04    6.564e-04    3.629e+00    1.079e-05          True
     20478      9   2046   1.350557e+00   1.350557e+00   1.350557e+00   1.351971e+00    4.750e-07      1.414e-03    1.414e-03    3.348e+00    1.079e-05          True
     20479      9   2047  -2.500981e-02  -2.500981e-02  -2.500904e-02  -2.451217e-02    7.692e-07      4.976e-04    4.969e-04    3.066e+00    1.079e-05          True
     20489     10      9  -1.231718e-01  -1.231718e-01  -1.231684e-01  -1.222562e-01    3.390e-06      9.156e-04    9.122e-04    3.156e+00    1.079e-05          True
     20519     10     39   4.239341e-02   4.239341e-02   4.239519e-02   4.121970e-02    1.784e-06      1.174e-03    1.175e-03    2.828e+00    1.079e-05          True
     20535     10     55  -4.529228e-01  -4.529228e-01  -4.529231e-01  -4.493270e-01    3.384e-07      3.596e-03    3.596e-03    3.122e+00    1.079e-05          True
     20546     10     66  -1.180056e+00  -1.180056e+00  -1.180055e+00  -1.178637e+00    1.737e-07      1.419e-03    1.418e-03    3.212e+00    1.079e-05          True
     20554     10     74   5.725613e-01   5.725613e-01   5.725623e-01   5.716267e-01    1.086e-06      9.346e-04    9.357e-04    2.154e+00    1.079e-05          True
     20558     10     78  -1.206080e+00  -1.206080e+00  -1.206082e+00  -1.207496e+00    1.236e-06      1.416e-03    1.415e-03    4.257e+00    2.158e-05          True
     20562     10     82   6.844350e-02   6.844350e-02   6.844236e-02   6.748983e-02    1.141e-06      9.537e-04    9.525e-04    4.257e+00    2.158e-05          True
     20564     10     84  -9.083833e-01  -9.083833e-01  -9.083840e-01  -9.109334e-01    7.343e-07      2.550e-03    2.549e-03    2.157e+00    1.079e-05          True
     20567     10     87  -5.535059e-02  -5.535059e-02  -5.535054e-02  -5.576248e-02    5.183e-08      4.119e-04    4.119e-04    2.885e+00    1.079e-05          True
     20573     10     93   2.659062e-01   2.659062e-01   2.659066e-01   2.653005e-01    4.284e-07      6.057e-04    6.061e-04    2.460e+00    1.079e-05          True
     20578     10     98  -1.102756e+00  -1.102756e+00  -1.102758e+00  -1.101382e+00    2.646e-06      1.374e-03    1.377e-03    2.832e+00    1.079e-05          True
     20580     10    100  -1.227112e-01  -1.227112e-01  -1.227117e-01  -1.239332e-01    4.599e-07      1.222e-03    1.221e-03    3.824e+00    1.079e-05          True
     20585     10    105  -5.763663e-01  -5.763663e-01  -5.763657e-01  -5.779962e-01    5.482e-07      1.630e-03    1.630e-03    2.436e+00    1.079e-05          True
     20591     10    111   6.348286e-01   6.348286e-01   6.348294e-01   6.336507e-01    7.808e-07      1.178e-03    1.179e-03    2.266e+00    1.079e-05          True
     20593     10    113   5.651118e-01   5.651118e-01   5.651096e-01   5.661101e-01    2.280e-06      9.983e-04    1.001e-03    3.616e+00    1.079e-05          True
     20595     10    115   7.877353e-01   7.877353e-01   7.877360e-01   7.890140e-01    7.206e-07      1.279e-03    1.278e-03    3.593e+00    1.079e-05          True
     20608     10    128  -2.586730e-01  -2.586730e-01  -2.586721e-01  -2.596761e-01    8.174e-07      1.003e-03    1.004e-03    3.719e+00    1.079e-05          True
     20627     10    147   7.551433e-02   7.551433e-02   7.551234e-02   7.616600e-02    1.983e-06      6.517e-04    6.537e-04    5.099e+00    2.158e-05          True
     20642     10    162  -9.048263e-02  -9.048263e-02  -9.048355e-02  -9.018090e-02    9.251e-07      3.017e-04    3.027e-04    3.904e+00    1.079e-05          True
     20648     10    168   6.594663e-01   6.594663e-01   6.594666e-01   6.585325e-01    2.296e-07      9.338e-04    9.341e-04    2.454e+00    1.079e-05          True
     20649     10    169   2.183336e-01   2.183336e-01   2.183336e-01   2.198450e-01    2.541e-08      1.511e-03    1.511e-03    1.553e+00    5.395e-06          True
     20650     10    170   8.113938e-02   8.113938e-02   8.113955e-02   8.013149e-02    1.709e-07      1.008e-03    1.008e-03    2.811e+00    1.079e-05          True
     20652     10    172   3.113190e-01   3.113190e-01   3.113194e-01   3.105191e-01    4.425e-07      7.999e-04    8.003e-04    1.892e+00    5.395e-06          True
     20656     10    176   1.937195e-01   1.937195e-01   1.937192e-01   1.920337e-01    2.955e-07      1.686e-03    1.686e-03    3.554e+00    1.079e-05          True
     20665     10    185  -3.535824e-01  -3.535824e-01  -3.535843e-01  -3.544804e-01    1.858e-06      8.980e-04    8.962e-04    2.690e+00    1.079e-05          True
     20666     10    186   6.839339e-01   6.839339e-01   6.839341e-01   6.849006e-01    1.453e-07      9.666e-04    9.665e-04    2.123e+00    1.079e-05          True
     20668     10    188  -1.289800e+00  -1.289800e+00  -1.289802e+00  -1.288271e+00    1.373e-06      1.530e-03    1.531e-03    4.633e+00    2.158e-05          True
     20680     10    200   2.389998e+00   2.389998e+00   2.389996e+00   2.392471e+00    2.411e-06      2.473e-03    2.475e-03    3.147e+00    1.079e-05          True
     20690     10    210   1.933318e-01   1.933318e-01   1.933289e-01   1.921707e-01    2.881e-06      1.161e-03    1.158e-03    3.184e+00    1.079e-05          True
     20696     10    216  -2.536962e-01  -2.536962e-01  -2.536973e-01  -2.545442e-01    1.070e-06      8.480e-04    8.469e-04    2.795e+00    1.079e-05          True
     20704     10    224   5.569492e-01   5.569492e-01   5.569493e-01   5.557771e-01    1.282e-07      1.172e-03    1.172e-03    2.394e+00    1.079e-05          True
     20707     10    227  -3.700963e-01  -3.700963e-01  -3.700970e-01  -3.684100e-01    6.735e-07      1.686e-03    1.687e-03    3.157e+00    1.079e-05          True
     20723     10    243  -8.209096e-01  -8.209096e-01  -8.209112e-01  -8.196254e-01    1.661e-06      1.284e-03    1.286e-03    2.766e+00    1.079e-05          True
     20733     10    253  -2.611893e-01  -2.611893e-01  -2.611896e-01  -2.590915e-01    3.771e-07      2.098e-03    2.098e-03    1.797e+00    5.395e-06          True
     20736     10    256  -7.676961e-01  -7.676961e-01  -7.676959e-01  -7.688410e-01    1.896e-07      1.145e-03    1.145e-03    2.876e+00    1.079e-05          True
     20745     10    265  -9.592251e-04  -9.592251e-04  -9.578563e-04   7.506236e-04    1.369e-06      1.710e-03    1.708e-03    2.769e+00    1.079e-05          True
     20770     10    290   3.974812e-01   3.974812e-01   3.974813e-01   3.965162e-01    1.219e-07      9.650e-04    9.651e-04    1.765e+00    5.395e-06          True
     20771     10    291  -7.965156e-01  -7.965156e-01  -7.965143e-01  -7.990713e-01    1.373e-06      2.556e-03    2.557e-03    3.081e+00    1.079e-05          True
     20776     10    296  -2.366504e-01  -2.366504e-01  -2.366501e-01  -2.369916e-01    3.175e-07      3.411e-04    3.415e-04    2.113e+00    1.079e-05          True
     20781     10    301   4.023040e-01   4.023040e-01   4.023040e-01   4.029242e-01    5.806e-09      6.202e-04    6.202e-04    2.605e+00    1.079e-05          True
     20785     10    305  -7.757716e-03  -7.757716e-03  -7.758602e-03  -9.031147e-03    8.853e-07      1.273e-03    1.273e-03    2.765e+00    1.079e-05          True
     20789     10    309   8.674033e-01   8.674033e-01   8.674021e-01   8.683915e-01    1.197e-06      9.882e-04    9.894e-04    2.425e+00    1.079e-05          True
     20792     10    312   1.171565e+00   1.171565e+00   1.171564e+00   1.170217e+00    1.372e-06      1.348e-03    1.347e-03    4.467e+00    2.158e-05          True
     20793     10    313   1.453467e-01   1.453467e-01   1.453483e-01   1.445128e-01    1.590e-06      8.339e-04    8.355e-04    3.404e+00    1.079e-05          True
     20795     10    315   4.160458e-01   4.160458e-01   4.160437e-01   4.151292e-01    2.105e-06      9.166e-04    9.145e-04    4.150e+00    2.158e-05          True
     20797     10    317  -1.239971e+00  -1.239971e+00  -1.239970e+00  -1.241309e+00    1.100e-06      1.338e-03    1.340e-03    3.679e+00    1.079e-05          True
     20804     10    324  -1.271763e+00  -1.271763e+00  -1.271766e+00  -1.270359e+00    3.365e-06      1.404e-03    1.407e-03    4.991e+00    2.158e-05          True
     20806     10    326   1.177798e+00   1.177798e+00   1.177797e+00   1.180257e+00    9.867e-07      2.459e-03    2.460e-03    4.056e+00    2.158e-05          True
     20833     10    353  -5.872004e-02  -5.872004e-02  -5.871801e-02  -5.837183e-02    2.022e-06      3.482e-04    3.462e-04    2.556e+00    1.079e-05          True
     20838     10    358  -2.871975e+00  -2.871975e+00  -2.871976e+00  -2.867848e+00    8.293e-07      4.127e-03    4.128e-03    3.188e+00    1.079e-05          True
     20839     10    359   1.073578e-01   1.073578e-01   1.073567e-01   1.085980e-01    1.125e-06      1.240e-03    1.241e-03    1.976e+00    5.395e-06          True
     20861     10    381  -1.927758e+00  -1.927758e+00  -1.927764e+00  -1.925326e+00    5.878e-06      2.432e-03    2.438e-03    4.252e+00    2.158e-05          True
     20872     10    392   3.658137e-01   3.658137e-01   3.658103e-01   3.643061e-01    3.385e-06      1.508e-03    1.504e-03    3.649e+00    1.079e-05          True
     20874     10    394   8.095622e-01   8.095622e-01   8.095636e-01   8.105375e-01    1.481e-06      9.753e-04    9.738e-04    2.280e+00    1.079e-05          True
     20886     10    406   6.832521e-01   6.832521e-01   6.832525e-01   6.819883e-01    3.617e-07      1.264e-03    1.264e-03    2.437e+00    1.079e-05          True
     20895     10    415  -1.210794e-01  -1.210794e-01  -1.210773e-01  -1.212347e-01    2.136e-06      1.553e-04    1.574e-04    4.070e+00    2.158e-05          True
     20917     10    437   1.358714e-01   1.358714e-01   1.358760e-01   1.368397e-01    4.605e-06      9.682e-04    9.636e-04    5.377e+00    2.158e-05          True
     20920     10    440   1.852836e-01   1.852836e-01   1.852841e-01   1.847696e-01    4.779e-07      5.140e-04    5.145e-04    2.603e+00    1.079e-05          True
     20923     10    443  -9.623361e-01  -9.623361e-01  -9.623297e-01  -9.610854e-01    6.402e-06      1.251e-03    1.244e-03    3.694e+00    1.079e-05          True
     20935     10    455   2.409871e-01   2.409871e-01   2.409859e-01   2.402325e-01    1.152e-06      7.546e-04    7.534e-04    3.317e+00    1.079e-05          True
     20948     10    468  -3.232620e-02  -3.232620e-02  -3.232717e-02  -3.069326e-02    9.650e-07      1.633e-03    1.634e-03    3.131e+00    1.079e-05          True
     20952     10    472  -1.337514e+00  -1.337514e+00  -1.337515e+00  -1.339152e+00    3.314e-07      1.638e-03    1.637e-03    3.384e+00    1.079e-05          True
     20979     10    499  -3.692802e-01  -3.692802e-01  -3.692799e-01  -3.683653e-01    3.799e-07      9.150e-04    9.146e-04    2.316e+00    1.079e-05          True
     20992     10    512  -1.071340e+00  -1.071340e+00  -1.071340e+00  -1.072454e+00    3.422e-07      1.115e-03    1.114e-03    2.923e+00    1.079e-05          True
     20993     10    513  -1.134527e-01  -1.134527e-01  -1.134521e-01  -1.139164e-01    6.158e-07      4.636e-04    4.642e-04    2.030e+00    1.079e-05          True
     20996     10    516   1.530125e-01   1.530125e-01   1.530166e-01   1.531998e-01    4.081e-06      1.873e-04    1.832e-04    5.573e+00    2.158e-05          True
     21003     10    523   2.179884e-01   2.179884e-01   2.179895e-01   2.158873e-01    1.083e-06      2.101e-03    2.102e-03    1.774e+00    5.395e-06          True
     21007     10    527  -7.077830e-01  -7.077830e-01  -7.077805e-01  -7.061337e-01    2.541e-06      1.649e-03    1.647e-03    4.292e+00    2.158e-05          True
     21009     10    529   5.400772e-01   5.400772e-01   5.400754e-01   5.409808e-01    1.814e-06      9.036e-04    9.054e-04    2.868e+00    1.079e-05          True
     21017     10    537   2.252839e+00   2.252839e+00   2.252841e+00   2.249878e+00    2.037e-06      2.961e-03    2.963e-03    3.944e+00    1.079e-05          True
     21024     10    544   2.401216e-01   2.401216e-01   2.401234e-01   2.393852e-01    1.807e-06      7.364e-04    7.382e-04    2.321e+00    1.079e-05          True
     21044     10    564   5.925218e-02   5.925218e-02   5.925269e-02   5.870597e-02    5.028e-07      5.462e-04    5.467e-04    4.431e+00    2.158e-05          True
     21048     10    568  -1.516380e+00  -1.516380e+00  -1.516381e+00  -1.519154e+00    6.170e-07      2.774e-03    2.773e-03    2.043e+00    1.079e-05          True
     21057     10    577  -1.339414e+00  -1.339414e+00  -1.339414e+00  -1.341343e+00    8.796e-08      1.928e-03    1.928e-03    2.329e+00    1.079e-05          True
     21058     10    578   2.069470e-01   2.069470e-01   2.069502e-01   2.078215e-01    3.206e-06      8.745e-04    8.713e-04    5.709e+00    2.158e-05          True
     21075     10    595  -1.589816e-01  -1.589816e-01  -1.589813e-01  -1.579959e-01    3.089e-07      9.857e-04    9.854e-04    3.059e+00    1.079e-05          True
     21093     10    613  -7.748728e-02  -7.748728e-02  -7.748590e-02  -7.580271e-02    1.379e-06      1.685e-03    1.683e-03    3.129e+00    1.079e-05          True
     21097     10    617   1.089259e-01   1.089259e-01   1.089257e-01   1.079398e-01    1.657e-07      9.861e-04    9.860e-04    2.465e+00    1.079e-05          True
     21106     10    626   4.332836e-01   4.332836e-01   4.332842e-01   4.340216e-01    5.866e-07      7.380e-04    7.374e-04    2.611e+00    1.079e-05          True
     21108     10    628   1.638811e+00   1.638811e+00   1.638812e+00   1.637081e+00    2.942e-07      1.730e-03    1.731e-03    2.342e+00    1.079e-05          True
     21111     10    631   5.708123e-01   5.708123e-01   5.708117e-01   5.727118e-01    5.215e-07      1.900e-03    1.900e-03    4.883e+00    2.158e-05          True
     21118     10    638   3.521874e-01   3.521874e-01   3.521879e-01   3.504348e-01    4.253e-07      1.753e-03    1.753e-03    2.738e+00    1.079e-05          True
     21132     10    652  -5.568437e-02  -5.568437e-02  -5.568381e-02  -5.643986e-02    5.562e-07      7.555e-04    7.561e-04    4.249e+00    2.158e-05          True
     21147     10    667   6.624709e-01   6.624709e-01   6.624720e-01   6.613972e-01    1.039e-06      1.074e-03    1.075e-03    1.914e+00    5.395e-06          True
     21154     10    674   1.255798e+00   1.255798e+00   1.255800e+00   1.254047e+00    1.824e-06      1.751e-03    1.753e-03    4.231e+00    2.158e-05          True
     21155     10    675  -9.469230e-01  -9.469230e-01  -9.469229e-01  -9.485093e-01    7.280e-08      1.586e-03    1.586e-03    1.978e+00    5.395e-06          True
     21156     10    676   3.102440e-01   3.102440e-01   3.102423e-01   3.113470e-01    1.678e-06      1.103e-03    1.105e-03    1.620e+00    5.395e-06          True
     21159     10    679   2.963550e-01   2.963550e-01   2.963522e-01   2.958392e-01    2.809e-06      5.159e-04    5.130e-04    2.685e+00    1.079e-05          True
     21167     10    687  -3.107222e-01  -3.107222e-01  -3.107210e-01  -3.096844e-01    1.233e-06      1.038e-03    1.037e-03    2.697e+00    1.079e-05          True
     21169     10    689  -5.334672e-01  -5.334672e-01  -5.334633e-01  -5.325966e-01    3.925e-06      8.706e-04    8.667e-04    4.193e+00    2.158e-05          True
     21174     10    694  -1.427920e+00  -1.427920e+00  -1.427920e+00  -1.426119e+00    2.611e-07      1.801e-03    1.800e-03    3.117e+00    1.079e-05          True
     21176     10    696   7.174105e-01   7.174105e-01   7.174104e-01   7.165115e-01    5.087e-08      8.990e-04    8.990e-04    1.776e+00    5.395e-06          True
     21179     10    699  -5.078044e-01  -5.078044e-01  -5.078040e-01  -5.089469e-01    3.187e-07      1.143e-03    1.143e-03    4.289e+00    2.158e-05          True
     21184     10    704   1.087526e+00   1.087526e+00   1.087527e+00   1.088653e+00    5.475e-07      1.127e-03    1.126e-03    2.686e+00    1.079e-05          True
     21196     10    716   4.305640e-01   4.305640e-01   4.305653e-01   4.295143e-01    1.222e-06      1.050e-03    1.051e-03    2.334e+00    1.079e-05          True
     21204     10    724   8.608284e-02   8.608284e-02   8.608193e-02   8.732449e-02    9.086e-07      1.242e-03    1.243e-03    2.520e+00    1.079e-05          True
     21210     10    730   1.132724e+00   1.132724e+00   1.132723e+00   1.131274e+00    1.729e-06      1.451e-03    1.449e-03    3.608e+00    1.079e-05          True
     21211     10    731  -8.091134e-01  -8.091134e-01  -8.091158e-01  -8.075162e-01    2.388e-06      1.597e-03    1.600e-03    2.722e+00    1.079e-05          True
     21213     10    733   4.959862e-01   4.959862e-01   4.959869e-01   4.973032e-01    6.652e-07      1.317e-03    1.316e-03    3.282e+00    1.079e-05          True
     21220     10    740  -3.901804e-01  -3.901804e-01  -3.901813e-01  -3.909655e-01    9.397e-07      7.851e-04    7.842e-04    2.904e+00    1.079e-05          True
     21226     10    746  -2.623776e-01  -2.623776e-01  -2.623740e-01  -2.627799e-01    3.586e-06      4.023e-04    4.059e-04    3.146e+00    1.079e-05          True
     21250     10    770  -7.751096e-01  -7.751096e-01  -7.751095e-01  -7.759681e-01    4.783e-08      8.585e-04    8.585e-04    2.119e+00    1.079e-05          True
     21261     10    781   1.526551e+00   1.526551e+00   1.526554e+00   1.524828e+00    2.415e-06      1.723e-03    1.726e-03    3.466e+00    1.079e-05          True
     21268     10    788  -8.731763e-01  -8.731763e-01  -8.731765e-01  -8.750061e-01    1.665e-07      1.830e-03    1.830e-03    2.173e+00    1.079e-05          True
     21274     10    794  -4.012668e-01  -4.012668e-01  -4.012685e-01  -4.022377e-01    1.689e-06      9.709e-04    9.692e-04    3.323e+00    1.079e-05          True
     21282     10    802   2.243536e+00   2.243536e+00   2.243536e+00   2.245928e+00    1.608e-07      2.392e-03    2.392e-03    2.860e+00    1.079e-05          True
     21289     10    809   1.132087e+00   1.132087e+00   1.132085e+00   1.133363e+00    1.290e-06      1.276e-03    1.277e-03    4.869e+00    2.158e-05          True
     21293     10    813  -2.846763e-01  -2.846763e-01  -2.846763e-01  -2.855253e-01    2.314e-08      8.490e-04    8.490e-04    4.569e+00    2.158e-05          True
     21301     10    821   4.839821e-01   4.839821e-01   4.839833e-01   4.858425e-01    1.191e-06      1.860e-03    1.859e-03    4.165e+00    2.158e-05          True
     21310     10    830   4.407927e-01   4.407927e-01   4.407924e-01   4.423796e-01    2.155e-07      1.587e-03    1.587e-03    2.982e+00    1.079e-05          True
     21322     10    842   3.898356e-01   3.898356e-01   3.898356e-01   3.883293e-01    1.065e-08      1.506e-03    1.506e-03    3.465e+00    1.079e-05          True
     21331     10    851  -9.886412e-01  -9.886412e-01  -9.886411e-01  -9.896954e-01    1.607e-08      1.054e-03    1.054e-03    2.312e+00    1.079e-05          True
     21344     10    864   5.275670e-01   5.275670e-01   5.275666e-01   5.267816e-01    4.368e-07      7.854e-04    7.850e-04    1.955e+00    5.395e-06          True
     21348     10    868  -1.008319e+00  -1.008319e+00  -1.008319e+00  -1.010060e+00    8.526e-07      1.742e-03    1.741e-03    4.028e+00    2.158e-05          True
     21361     10    881   3.722820e-02   3.722820e-02   3.723166e-02   3.744149e-02    3.458e-06      2.133e-04    2.098e-04    6.237e+00    2.158e-05          True
     21364     10    884  -3.202555e-01  -3.202555e-01  -3.202518e-01  -3.206207e-01    3.776e-06      3.651e-04    3.689e-04    4.202e+00    2.158e-05          True
     21365     10    885   2.626397e-01   2.626397e-01   2.626390e-01   2.630755e-01    6.905e-07      4.358e-04    4.365e-04    2.241e+00    1.079e-05          True
     21366     10    886  -1.805456e+00  -1.805456e+00  -1.805459e+00  -1.807392e+00    3.009e-06      1.937e-03    1.934e-03    5.095e+00    2.158e-05          True
     21367     10    887   1.466279e+00   1.466279e+00   1.466279e+00   1.464467e+00    6.047e-07      1.812e-03    1.812e-03    4.158e+00    2.158e-05          True
     21377     10    897  -1.085278e+00  -1.085278e+00  -1.085277e+00  -1.084006e+00    1.071e-06      1.272e-03    1.271e-03    2.329e+00    1.079e-05          True
     21386     10    906   3.773242e-01   3.773242e-01   3.773246e-01   3.750516e-01    3.996e-07      2.273e-03    2.273e-03    1.970e+00    5.395e-06          True
     21398     10    918  -5.088515e-01  -5.088515e-01  -5.088550e-01  -5.094858e-01    3.582e-06      6.344e-04    6.308e-04    3.072e+00    1.079e-05          True
     21401     10    921   8.890160e-01   8.890160e-01   8.890160e-01   8.902948e-01    1.242e-08      1.279e-03    1.279e-03    3.454e+00    1.079e-05          True
     21409     10    929   1.226176e+00   1.226176e+00   1.226172e+00   1.224490e+00    4.360e-06      1.686e-03    1.682e-03    4.442e+00    2.158e-05          True
     21430     10    950   1.683706e+00   1.683706e+00   1.683708e+00   1.685581e+00    1.669e-06      1.875e-03    1.873e-03    2.898e+00    1.079e-05          True
     21446     10    966   8.979401e-01   8.979401e-01   8.979365e-01   8.957918e-01    3.622e-06      2.148e-03    2.145e-03    3.713e+00    1.079e-05          True
     21452     10    972   2.296980e+00   2.296980e+00   2.296984e+00   2.294434e+00    3.279e-06      2.546e-03    2.549e-03    6.709e+00    2.158e-05          True
     21457     10    977   5.611609e-01   5.611609e-01   5.611591e-01   5.595918e-01    1.794e-06      1.569e-03    1.567e-03    2.525e+00    1.079e-05          True
     21481     10   1001   4.253162e-01   4.253162e-01   4.253168e-01   4.248522e-01    5.969e-07      4.640e-04    4.646e-04    3.288e+00    1.079e-05          True
     21482     10   1002   1.030484e+00   1.030484e+00   1.030484e+00   1.029100e+00    9.677e-08      1.384e-03    1.384e-03    3.888e+00    1.079e-05          True
     21483     10   1003  -1.085933e+00  -1.085933e+00  -1.085932e+00  -1.087278e+00    1.273e-06      1.345e-03    1.346e-03    3.581e+00    1.079e-05          True
     21484     10   1004  -5.800968e-02  -5.800968e-02  -5.800980e-02  -5.703080e-02    1.221e-07      9.789e-04    9.790e-04    3.248e+00    1.079e-05          True
     21496     10   1016   5.022563e-01   5.022563e-01   5.022572e-01   5.012648e-01    8.780e-07      9.915e-04    9.924e-04    2.735e+00    1.079e-05          True
     21510     10   1030   1.172273e-01   1.172273e-01   1.172266e-01   1.189613e-01    6.895e-07      1.734e-03    1.735e-03    2.223e+00    1.079e-05          True
     21511     10   1031  -1.529282e+00  -1.529282e+00  -1.529280e+00  -1.527302e+00    2.491e-06      1.980e-03    1.977e-03    3.969e+00    1.079e-05          True
     21512     10   1032  -5.249316e-01  -5.249316e-01  -5.249336e-01  -5.243481e-01    1.949e-06      5.835e-04    5.854e-04    2.411e+00    1.079e-05          True
     21514     10   1034  -1.215560e+00  -1.215560e+00  -1.215560e+00  -1.217654e+00    6.469e-07      2.093e-03    2.094e-03    2.911e+00    1.079e-05          True
     21517     10   1037  -3.218240e-01  -3.218240e-01  -3.218251e-01  -3.204243e-01    1.068e-06      1.400e-03    1.401e-03    5.139e+00    2.158e-05          True
     21540     10   1060   1.283981e+00   1.283981e+00   1.283982e+00   1.285304e+00    9.968e-07      1.324e-03    1.323e-03    2.057e+00    1.079e-05          True
     21541     10   1061   5.282572e-01   5.282572e-01   5.282587e-01   5.291729e-01    1.513e-06      9.157e-04    9.142e-04    3.000e+00    1.079e-05          True
     21555     10   1075   3.173779e-01   3.173779e-01   3.173789e-01   3.162613e-01    9.986e-07      1.117e-03    1.118e-03    2.523e+00    1.079e-05          True
     21567     10   1087   5.372219e-01   5.372219e-01   5.372208e-01   5.358129e-01    1.086e-06      1.409e-03    1.408e-03    2.481e+00    1.079e-05          True
     21581     10   1101   7.826506e-01   7.826506e-01   7.826504e-01   7.834355e-01    2.756e-07      7.849e-04    7.852e-04    2.844e+00    1.079e-05          True
     21591     10   1111   6.991290e-01   6.991290e-01   6.991282e-01   6.972191e-01    8.500e-07      1.910e-03    1.909e-03    2.143e+00    1.079e-05          True
     21592     10   1112   1.227385e+00   1.227385e+00   1.227387e+00   1.225953e+00    2.700e-06      1.432e-03    1.435e-03    2.941e+00    1.079e-05          True
     21598     10   1118   1.302946e+00   1.302946e+00   1.302949e+00   1.301576e+00    2.505e-06      1.370e-03    1.373e-03    3.254e+00    1.079e-05          True
     21605     10   1125   9.475392e-01   9.475392e-01   9.475400e-01   9.487917e-01    8.003e-07      1.253e-03    1.252e-03    4.993e+00    2.158e-05          True
     21616     10   1136  -2.432113e-01  -2.432113e-01  -2.432080e-01  -2.425146e-01    3.318e-06      6.968e-04    6.934e-04    3.123e+00    1.079e-05          True
     21618     10   1138  -2.919265e-02  -2.919265e-02  -2.919224e-02  -2.950472e-02    4.025e-07      3.121e-04    3.125e-04    2.442e+00    1.079e-05          True
     21619     10   1139  -9.593106e-03  -9.593106e-03  -9.594239e-03  -9.310648e-03    1.134e-06      2.825e-04    2.836e-04    2.419e+00    1.079e-05          True
     21628     10   1148  -4.171017e-01  -4.171017e-01  -4.171000e-01  -4.179975e-01    1.740e-06      8.958e-04    8.976e-04    4.287e+00    2.158e-05          True
     21633     10   1153   7.586264e-01   7.586264e-01   7.586305e-01   7.596118e-01    4.104e-06      9.854e-04    9.813e-04    4.100e+00    2.158e-05          True
     21642     10   1162   3.570482e-01   3.570482e-01   3.570487e-01   3.566436e-01    5.126e-07      4.045e-04    4.050e-04    2.778e+00    1.079e-05          True
     21643     10   1163   7.829508e-01   7.829508e-01   7.829491e-01   7.812116e-01    1.723e-06      1.739e-03    1.738e-03    4.120e+00    2.158e-05          True
     21646     10   1166   3.148614e-01   3.148614e-01   3.148595e-01   3.133966e-01    1.817e-06      1.465e-03    1.463e-03    5.561e+00    2.158e-05          True
     21651     10   1171  -3.562143e-01  -3.562143e-01  -3.562143e-01  -3.545006e-01    5.094e-11      1.714e-03    1.714e-03    2.603e+00    1.079e-05          True
     21654     10   1174  -1.661360e-01  -1.661360e-01  -1.661331e-01  -1.669032e-01    2.830e-06      7.672e-04    7.700e-04    3.461e+00    1.079e-05          True
     21665     10   1185  -5.066770e-01  -5.066770e-01  -5.066780e-01  -5.050072e-01    9.951e-07      1.670e-03    1.671e-03    2.249e+00    1.079e-05          True
     21667     10   1187   2.104355e-02   2.104355e-02   2.103941e-02   1.912700e-02    4.135e-06      1.917e-03    1.912e-03    3.040e+00    1.079e-05          True
     21678     10   1198   4.454804e-02   4.454804e-02   4.454787e-02   4.403229e-02    1.697e-07      5.157e-04    5.156e-04    2.969e+00    1.079e-05          True
     21688     10   1208   5.691326e-01   5.691326e-01   5.691286e-01   5.679698e-01    3.925e-06      1.163e-03    1.159e-03    4.551e+00    2.158e-05          True
     21691     10   1211  -7.328957e-01  -7.328957e-01  -7.328960e-01  -7.316896e-01    3.640e-07      1.206e-03    1.206e-03    3.055e+00    1.079e-05          True
     21702     10   1222  -1.725516e+00  -1.725516e+00  -1.725516e+00  -1.727875e+00    6.827e-07      2.359e-03    2.360e-03    3.930e+00    1.079e-05          True
     21704     10   1224   1.793477e+00   1.793477e+00   1.793485e+00   1.791460e+00    7.837e-06      2.017e-03    2.025e-03    7.275e+00    2.158e-05          True
     21705     10   1225  -1.585459e-01  -1.585459e-01  -1.585462e-01  -1.592642e-01    3.265e-07      7.184e-04    7.181e-04    2.591e+00    1.079e-05          True
     21714     10   1234   4.371548e-02   4.371548e-02   4.371617e-02   4.428089e-02    6.862e-07      5.654e-04    5.647e-04    3.015e+00    1.079e-05          True
     21717     10   1237  -8.207809e-03  -8.207809e-03  -8.206437e-03  -9.828635e-03    1.372e-06      1.621e-03    1.622e-03    3.064e+00    1.079e-05          True
     21723     10   1243  -1.741802e-01  -1.741802e-01  -1.741769e-01  -1.737530e-01    3.343e-06      4.272e-04    4.238e-04    4.037e+00    2.158e-05          True
     21725     10   1245   2.274608e+00   2.274608e+00   2.274607e+00   2.276969e+00    1.038e-06      2.361e-03    2.362e-03    2.275e+00    1.079e-05          True
     21738     10   1258   1.616025e-01   1.616025e-01   1.616026e-01   1.628726e-01    6.649e-08      1.270e-03    1.270e-03    3.508e+00    1.079e-05          True
     21748     10   1268  -6.830754e-01  -6.830754e-01  -6.830729e-01  -6.841841e-01    2.476e-06      1.109e-03    1.111e-03    3.205e+00    1.079e-05          True
     21757     10   1277   2.915246e-01   2.915246e-01   2.915236e-01   2.910988e-01    1.012e-06      4.259e-04    4.249e-04    3.713e+00    1.079e-05          True
     21758     10   1278  -1.666588e+00  -1.666588e+00  -1.666589e+00  -1.669917e+00    1.136e-06      3.329e-03    3.328e-03    3.724e+00    1.079e-05          True
     21760     10   1280   3.733894e-02   3.733894e-02   3.733949e-02   3.864357e-02    5.497e-07      1.305e-03    1.304e-03    2.570e+00    1.079e-05          True
     21769     10   1289  -2.456473e+00  -2.456473e+00  -2.456472e+00  -2.453746e+00    1.187e-06      2.727e-03    2.726e-03    5.633e+00    2.158e-05          True
     21778     10   1298   1.413180e-01   1.413180e-01   1.413181e-01   1.410125e-01    1.319e-07      3.055e-04    3.056e-04    1.883e+00    5.395e-06          True
     21795     10   1315  -1.587330e-01  -1.587330e-01  -1.587308e-01  -1.589040e-01    2.242e-06      1.710e-04    1.732e-04    3.161e+00    1.079e-05          True
     21797     10   1317   1.005162e+00   1.005162e+00   1.005161e+00   1.006214e+00    1.308e-06      1.052e-03    1.053e-03    3.128e+00    1.079e-05          True
     21800     10   1320  -2.865701e-01  -2.865701e-01  -2.865704e-01  -2.849869e-01    3.096e-07      1.583e-03    1.584e-03    2.027e+00    1.079e-05          True
     21808     10   1328   3.711631e-01   3.711631e-01   3.711670e-01   3.725081e-01    3.899e-06      1.345e-03    1.341e-03    4.611e+00    2.158e-05          True
     21809     10   1329  -1.070348e+00  -1.070348e+00  -1.070351e+00  -1.069057e+00    3.364e-06      1.291e-03    1.294e-03    3.307e+00    1.079e-05          True
     21826     10   1346  -3.771750e-01  -3.771750e-01  -3.771745e-01  -3.793214e-01    5.127e-07      2.146e-03    2.147e-03    1.921e+00    5.395e-06          True
     21827     10   1347   5.069226e-01   5.069226e-01   5.069207e-01   5.061759e-01    1.896e-06      7.467e-04    7.448e-04    2.602e+00    1.079e-05          True
     21831     10   1351   9.132297e-01   9.132297e-01   9.132308e-01   9.145161e-01    1.032e-06      1.286e-03    1.285e-03    1.442e+00    5.395e-06          True
     21838     10   1358  -2.025264e+00  -2.025264e+00  -2.025265e+00  -2.027586e+00    1.542e-06      2.322e-03    2.320e-03    4.898e+00    2.158e-05          True
     21840     10   1360   8.772706e-01   8.772706e-01   8.772696e-01   8.796101e-01    9.982e-07      2.340e-03    2.341e-03    2.448e+00    1.079e-05          True
     21846     10   1366   2.506016e-01   2.506016e-01   2.506028e-01   2.508991e-01    1.236e-06      2.975e-04    2.963e-04    2.876e+00    1.079e-05          True
     21852     10   1372  -4.598389e-01  -4.598389e-01  -4.598378e-01  -4.587201e-01    1.104e-06      1.119e-03    1.118e-03    2.114e+00    1.079e-05          True
     21854     10   1374  -2.626163e-01  -2.626163e-01  -2.626187e-01  -2.633885e-01    2.347e-06      7.722e-04    7.699e-04    3.219e+00    1.079e-05          True
     21860     10   1380   1.444190e+00   1.444190e+00   1.444191e+00   1.442728e+00    1.002e-06      1.462e-03    1.463e-03    8.806e+00    4.316e-05          True
     21863     10   1383   7.942924e-01   7.942924e-01   7.942942e-01   7.931342e-01    1.800e-06      1.158e-03    1.160e-03    3.955e+00    1.079e-05          True
     21864     10   1384  -3.074860e-01  -3.074860e-01  -3.074870e-01  -3.085665e-01    1.008e-06      1.081e-03    1.080e-03    2.409e+00    1.079e-05          True
     21880     10   1400   1.451388e+00   1.451388e+00   1.451387e+00   1.449677e+00    1.252e-06      1.711e-03    1.710e-03    2.339e+00    1.079e-05          True
     21883     10   1403   4.743595e-01   4.743595e-01   4.743562e-01   4.724278e-01    3.286e-06      1.932e-03    1.928e-03    3.031e+00    1.079e-05          True
     21888     10   1408   4.773384e-01   4.773384e-01   4.773372e-01   4.782478e-01    1.187e-06      9.094e-04    9.106e-04    3.503e+00    1.079e-05          True
     21891     10   1411  -8.670186e-01  -8.670186e-01  -8.670189e-01  -8.682601e-01    3.247e-07      1.242e-03    1.241e-03    4.155e+00    2.158e-05          True
     21910     10   1430  -2.178941e-01  -2.178941e-01  -2.178934e-01  -2.175245e-01    6.852e-07      3.696e-04    3.689e-04    2.755e+00    1.079e-05          True
     21912     10   1432  -4.384624e-01  -4.384624e-01  -4.384644e-01  -4.379249e-01    1.941e-06      5.376e-04    5.395e-04    3.805e+00    1.079e-05          True
     21917     10   1437  -1.267373e+00  -1.267373e+00  -1.267370e+00  -1.270370e+00    3.128e-06      2.997e-03    3.000e-03    4.346e+00    2.158e-05          True
     21930     10   1450  -7.224357e-01  -7.224357e-01  -7.224374e-01  -7.232412e-01    1.659e-06      8.055e-04    8.038e-04    1.813e+00    5.395e-06          True
     21937     10   1457  -1.123644e+00  -1.123644e+00  -1.123645e+00  -1.125520e+00    8.695e-07      1.876e-03    1.875e-03    3.746e+00    1.079e-05          True
     21948     10   1468  -5.881270e-03  -5.881270e-03  -5.880876e-03  -6.671324e-03    3.939e-07      7.901e-04    7.904e-04    1.733e+00    5.395e-06          True
     21958     10   1478   8.059086e-02   8.059086e-02   8.059126e-02   7.966994e-02    4.048e-07      9.209e-04    9.213e-04    2.758e+00    1.079e-05          True
     21965     10   1485   4.351559e-01   4.351559e-01   4.351556e-01   4.356413e-01    3.026e-07      4.854e-04    4.857e-04    3.265e+00    1.079e-05          True
     21967     10   1487  -1.343010e-01  -1.343010e-01  -1.342982e-01  -1.346456e-01    2.851e-06      3.446e-04    3.474e-04    3.371e+00    1.079e-05          True
     21968     10   1488  -4.853141e-01  -4.853141e-01  -4.853121e-01  -4.858316e-01    1.981e-06      5.175e-04    5.195e-04    2.328e+00    1.079e-05          True
     21971     10   1491   3.382964e-01   3.382964e-01   3.382971e-01   3.374303e-01    6.712e-07      8.661e-04    8.668e-04    2.767e+00    1.079e-05          True
     21974     10   1494   7.933168e-01   7.933168e-01   7.933147e-01   7.924584e-01    2.096e-06      8.584e-04    8.563e-04    2.757e+00    1.079e-05          True
     21979     10   1499   1.020043e+00   1.020043e+00   1.020043e+00   1.018756e+00    2.344e-07      1.286e-03    1.287e-03    3.778e+00    1.079e-05          True
     21982     10   1502   1.698228e-02   1.698228e-02   1.698156e-02   1.587369e-02    7.167e-07      1.109e-03    1.108e-03    2.831e+00    1.079e-05          True
     21985     10   1505  -4.652349e-01  -4.652349e-01  -4.652371e-01  -4.662997e-01    2.148e-06      1.065e-03    1.063e-03    3.926e+00    1.079e-05          True
     21997     10   1517  -3.755931e-01  -3.755931e-01  -3.755928e-01  -3.761518e-01    2.830e-07      5.588e-04    5.591e-04    2.918e+00    1.079e-05          True
     21998     10   1518  -7.616123e-02  -7.616123e-02  -7.615943e-02  -7.576198e-02    1.809e-06      3.993e-04    3.974e-04    3.152e+00    1.079e-05          True
     22004     10   1524   2.270154e-01   2.270154e-01   2.270153e-01   2.265565e-01    1.152e-07      4.589e-04    4.588e-04    2.568e+00    1.079e-05          True
     22009     10   1529  -7.006986e-01  -7.006986e-01  -7.006987e-01  -6.997161e-01    1.606e-07      9.825e-04    9.826e-04    2.158e+00    1.079e-05          True
     22013     10   1533  -1.057992e-01  -1.057992e-01  -1.057992e-01  -1.065800e-01    3.365e-08      7.808e-04    7.808e-04    2.499e+00    1.079e-05          True
     22015     10   1535   1.469283e-02   1.469283e-02   1.469420e-02   1.497781e-02    1.366e-06      2.850e-04    2.836e-04    4.798e+00    2.158e-05          True
     22018     10   1538  -9.001822e-01  -9.001822e-01  -9.001803e-01  -8.991659e-01    1.933e-06      1.016e-03    1.014e-03    2.695e+00    1.079e-05          True
     22022     10   1542   7.894505e-01   7.894505e-01   7.894511e-01   7.914277e-01    6.242e-07      1.977e-03    1.977e-03    3.757e+00    1.079e-05          True
     22028     10   1548   1.801363e+00   1.801363e+00   1.801364e+00   1.803186e+00    1.343e-06      1.824e-03    1.822e-03    3.776e+00    1.079e-05          True
     22030     10   1550  -9.735562e-01  -9.735562e-01  -9.735562e-01  -9.722922e-01    1.805e-08      1.264e-03    1.264e-03    4.278e+00    2.158e-05          True
     22031     10   1551  -1.409850e+00  -1.409850e+00  -1.409850e+00  -1.411377e+00    4.210e-07      1.527e-03    1.527e-03    2.934e+00    1.079e-05          True
     22033     10   1553   1.324991e-01   1.324991e-01   1.324985e-01   1.329810e-01    6.380e-07      4.819e-04    4.825e-04    2.038e+00    1.079e-05          True
     22040     10   1560  -2.604911e-02  -2.604911e-02  -2.604811e-02  -2.807840e-02    1.002e-06      2.029e-03    2.030e-03    3.915e+00    1.079e-05          True
     22046     10   1566   4.354189e-01   4.354189e-01   4.354195e-01   4.342642e-01    6.394e-07      1.155e-03    1.155e-03    3.773e+00    1.079e-05          True
     22047     10   1567   5.906024e-01   5.906024e-01   5.906034e-01   5.927943e-01    1.005e-06      2.192e-03    2.191e-03    2.748e+00    1.079e-05          True
     22057     10   1577  -3.883372e-01  -3.883372e-01  -3.883380e-01  -3.894477e-01    8.345e-07      1.111e-03    1.110e-03    2.127e+00    1.079e-05          True
     22058     10   1578   6.813687e-01   6.813687e-01   6.813654e-01   6.820846e-01    3.314e-06      7.159e-04    7.192e-04    4.744e+00    2.158e-05          True
     22059     10   1579  -4.342313e-01  -4.342313e-01  -4.342312e-01  -4.347409e-01    9.408e-08      5.096e-04    5.097e-04    2.691e+00    1.079e-05          True
     22069     10   1589  -6.495092e-01  -6.495092e-01  -6.495095e-01  -6.487889e-01    3.029e-07      7.203e-04    7.206e-04    2.659e+00    1.079e-05          True
     22071     10   1591   1.191214e+00   1.191214e+00   1.191211e+00   1.189934e+00    2.956e-06      1.281e-03    1.278e-03    2.989e+00    1.079e-05          True
     22076     10   1596  -8.997681e-01  -8.997681e-01  -8.997678e-01  -8.980132e-01    3.015e-07      1.755e-03    1.755e-03    2.637e+00    1.079e-05          True
     22082     10   1602   1.240343e+00   1.240343e+00   1.240343e+00   1.242147e+00    2.149e-07      1.804e-03    1.804e-03    2.519e+00    1.079e-05          True
     22091     10   1611   9.924924e-02   9.924924e-02   9.924777e-02   9.938370e-02    1.469e-06      1.345e-04    1.359e-04    3.365e+00    1.079e-05          True
     22094     10   1614   1.211653e-01   1.211653e-01   1.211672e-01   1.209573e-01    1.834e-06      2.080e-04    2.099e-04    6.705e+00    2.158e-05          True
     22111     10   1631   5.999744e-01   5.999744e-01   5.999745e-01   5.993519e-01    1.164e-08      6.225e-04    6.225e-04    4.928e+00    2.158e-05          True
     22124     10   1644  -1.413477e+00  -1.413477e+00  -1.413477e+00  -1.415719e+00    2.198e-07      2.242e-03    2.242e-03    4.363e+00    2.158e-05          True
     22125     10   1645  -1.610254e+00  -1.610254e+00  -1.610253e+00  -1.608508e+00    8.129e-07      1.746e-03    1.745e-03    2.982e+00    1.079e-05          True
     22126     10   1646  -5.732619e-01  -5.732619e-01  -5.732614e-01  -5.712575e-01    5.027e-07      2.004e-03    2.004e-03    3.876e+00    1.079e-05          True
     22127     10   1647   1.207988e-01   1.207988e-01   1.207998e-01   1.216508e-01    9.976e-07      8.519e-04    8.509e-04    2.411e+00    1.079e-05          True
     22128     10   1648   1.909431e-01   1.909431e-01   1.909436e-01   1.913429e-01    4.325e-07      3.997e-04    3.993e-04    1.990e+00    5.395e-06          True
     22129     10   1649  -1.458939e+00  -1.458939e+00  -1.458936e+00  -1.457012e+00    2.543e-06      1.927e-03    1.924e-03    2.706e+00    1.079e-05          True
     22131     10   1651  -6.661476e-01  -6.661476e-01  -6.661485e-01  -6.668632e-01    9.654e-07      7.156e-04    7.147e-04    3.630e+00    1.079e-05          True
     22146     10   1666   6.801928e-01   6.801928e-01   6.801945e-01   6.810306e-01    1.711e-06      8.378e-04    8.361e-04    4.017e+00    2.158e-05          True
     22150     10   1670  -4.017628e-01  -4.017628e-01  -4.017629e-01  -4.013393e-01    9.839e-08      4.235e-04    4.236e-04    2.494e+00    1.079e-05          True
     22152     10   1672  -5.333700e-01  -5.333700e-01  -5.333706e-01  -5.348658e-01    5.622e-07      1.496e-03    1.495e-03    2.014e+00    1.079e-05          True
     22159     10   1679  -5.568110e-01  -5.568110e-01  -5.568112e-01  -5.580615e-01    1.945e-07      1.251e-03    1.250e-03    3.684e+00    1.079e-05          True
     22169     10   1689  -6.383309e-01  -6.383309e-01  -6.383306e-01  -6.404353e-01    2.968e-07      2.104e-03    2.105e-03    3.245e+00    1.079e-05          True
     22172     10   1692  -5.512243e-02  -5.512243e-02  -5.512277e-02  -5.600989e-02    3.385e-07      8.875e-04    8.871e-04    3.171e+00    1.079e-05          True
     22180     10   1700   1.334856e+00   1.334856e+00   1.334854e+00   1.333497e+00    2.340e-06      1.359e-03    1.357e-03    3.699e+00    1.079e-05          True
     22181     10   1701  -7.298722e-01  -7.298722e-01  -7.298717e-01  -7.288118e-01    4.515e-07      1.060e-03    1.060e-03    2.631e+00    1.079e-05          True
     22198     10   1718  -5.375586e-01  -5.375586e-01  -5.375590e-01  -5.385026e-01    3.784e-07      9.440e-04    9.437e-04    2.159e+00    1.079e-05          True
     22199     10   1719  -2.658612e-01  -2.658612e-01  -2.658612e-01  -2.666617e-01    1.584e-08      8.005e-04    8.005e-04    3.098e+00    1.079e-05          True
     22202     10   1722  -1.590675e-01  -1.590675e-01  -1.590677e-01  -1.587840e-01    1.516e-07      2.835e-04    2.836e-04    3.036e+00    1.079e-05          True
     22215     10   1735   1.306307e-01   1.306307e-01   1.306342e-01   1.303403e-01    3.579e-06      2.903e-04    2.939e-04    3.468e+00    1.079e-05          True
     22218     10   1738  -4.086976e-01  -4.086976e-01  -4.086979e-01  -4.094958e-01    3.389e-07      7.983e-04    7.979e-04    2.458e+00    1.079e-05          True
     22221     10   1741   4.232638e-01   4.232638e-01   4.232647e-01   4.225406e-01    8.969e-07      7.232e-04    7.241e-04    2.763e+00    1.079e-05          True
     22223     10   1743   8.962912e-02   8.962912e-02   8.962822e-02   8.932868e-02    9.023e-07      3.004e-04    2.995e-04    1.803e+00    5.395e-06          True
     22230     10   1750   7.092397e-01   7.092397e-01   7.092385e-01   7.076013e-01    1.229e-06      1.638e-03    1.637e-03    1.878e+00    5.395e-06          True
     22234     10   1754  -9.948290e-02  -9.948290e-02  -9.948198e-02  -9.937655e-02    9.268e-07      1.064e-04    1.054e-04    2.689e+00    1.079e-05          True
     22236     10   1756   1.051470e+00   1.051470e+00   1.051470e+00   1.049777e+00    2.830e-07      1.693e-03    1.693e-03    3.925e+00    1.079e-05          True
     22243     10   1763  -1.569163e+00  -1.569163e+00  -1.569166e+00  -1.567363e+00    2.257e-06      1.800e-03    1.802e-03    7.873e+00    2.158e-05          True
     22247     10   1767   7.881769e-01   7.881769e-01   7.881775e-01   7.899927e-01    6.417e-07      1.816e-03    1.815e-03    2.103e+00    1.079e-05          True
     22252     10   1772  -2.014235e-02  -2.014235e-02  -2.014054e-02  -2.056897e-02    1.817e-06      4.266e-04    4.284e-04    2.876e+00    1.079e-05          True
     22254     10   1774  -6.922200e-01  -6.922200e-01  -6.922159e-01  -6.933151e-01    4.129e-06      1.095e-03    1.099e-03    3.222e+00    1.079e-05          True
     22261     10   1781   2.485256e-02   2.485256e-02   2.485364e-02   2.336043e-02    1.090e-06      1.492e-03    1.493e-03    3.435e+00    1.079e-05          True
     22277     10   1797  -7.411397e-01  -7.411397e-01  -7.411401e-01  -7.429569e-01    3.737e-07      1.817e-03    1.817e-03    1.792e+00    5.395e-06          True
     22278     10   1798   4.739010e-01   4.739010e-01   4.739045e-01   4.724770e-01    3.463e-06      1.424e-03    1.428e-03    3.669e+00    1.079e-05          True
     22281     10   1801  -1.286365e+00  -1.286365e+00  -1.286364e+00  -1.288038e+00    1.314e-06      1.673e-03    1.674e-03    3.131e+00    1.079e-05          True
     22283     10   1803   1.527999e-01   1.527999e-01   1.527983e-01   1.525996e-01    1.671e-06      2.003e-04    1.986e-04    2.282e+00    1.079e-05          True
     22290     10   1810  -1.139231e+00  -1.139231e+00  -1.139231e+00  -1.140831e+00    2.230e-08      1.601e-03    1.601e-03    2.800e+00    1.079e-05          True
     22295     10   1815   1.615330e-02   1.615330e-02   1.615475e-02   1.519617e-02    1.445e-06      9.571e-04    9.586e-04    2.505e+00    1.079e-05          True
     22301     10   1821  -5.906762e-01  -5.906762e-01  -5.906757e-01  -5.895906e-01    5.306e-07      1.086e-03    1.085e-03    3.364e+00    1.079e-05          True
     22311     10   1831   6.223267e-01   6.223267e-01   6.223297e-01   6.233026e-01    2.969e-06      9.758e-04    9.729e-04    3.915e+00    1.079e-05          True
     22315     10   1835  -4.058954e-01  -4.058954e-01  -4.058987e-01  -4.052506e-01    3.292e-06      6.448e-04    6.481e-04    3.102e+00    1.079e-05          True
     22324     10   1844  -1.728543e+00  -1.728543e+00  -1.728542e+00  -1.726449e+00    1.165e-06      2.094e-03    2.093e-03    2.723e+00    1.079e-05          True
     22325     10   1845  -4.874609e-01  -4.874609e-01  -4.874605e-01  -4.885187e-01    4.222e-07      1.058e-03    1.058e-03    4.080e+00    2.158e-05          True
     22332     10   1852   3.429379e-01   3.429379e-01   3.429378e-01   3.454280e-01    1.096e-07      2.490e-03    2.490e-03    1.934e+00    5.395e-06          True
     22334     10   1854  -1.425484e-01  -1.425484e-01  -1.425497e-01  -1.422714e-01    1.270e-06      2.770e-04    2.783e-04    2.405e+00    1.079e-05          True
     22335     10   1855   9.215875e-01   9.215875e-01   9.215871e-01   9.228772e-01    3.848e-07      1.290e-03    1.290e-03    2.593e+00    1.079e-05          True
     22338     10   1858  -2.281858e-01  -2.281858e-01  -2.281839e-01  -2.279146e-01    1.938e-06      2.713e-04    2.693e-04    5.230e+00    2.158e-05          True
     22343     10   1863   8.797686e-02   8.797686e-02   8.797629e-02   8.809408e-02    5.696e-07      1.172e-04    1.178e-04    3.973e+00    1.079e-05          True
     22348     10   1868  -1.850949e-01  -1.850949e-01  -1.850957e-01  -1.843465e-01    7.778e-07      7.484e-04    7.492e-04    2.386e+00    1.079e-05          True
     22349     10   1869  -3.963066e-02  -3.963066e-02  -3.963211e-02  -3.907401e-02    1.456e-06      5.566e-04    5.581e-04    3.537e+00    1.079e-05          True
     22356     10   1876   9.478104e-01   9.478104e-01   9.478130e-01   9.461713e-01    2.578e-06      1.639e-03    1.642e-03    5.641e+00    2.158e-05          True
     22358     10   1878   2.146881e-01   2.146881e-01   2.146866e-01   2.130345e-01    1.492e-06      1.654e-03    1.652e-03    2.900e+00    1.079e-05          True
     22359     10   1879  -1.534375e+00  -1.534375e+00  -1.534374e+00  -1.532376e+00    8.239e-07      1.999e-03    1.998e-03    1.876e+00    5.395e-06          True
     22360     10   1880  -9.946397e-01  -9.946397e-01  -9.946379e-01  -9.933760e-01    1.786e-06      1.264e-03    1.262e-03    4.201e+00    2.158e-05          True
     22375     10   1895  -1.581914e+00  -1.581914e+00  -1.581913e+00  -1.583865e+00    3.881e-07      1.952e-03    1.952e-03    2.633e+00    1.079e-05          True
     22381     10   1901   4.521814e-01   4.521814e-01   4.521805e-01   4.514102e-01    8.383e-07      7.712e-04    7.703e-04    2.872e+00    1.079e-05          True
     22388     10   1908   8.495348e-01   8.495348e-01   8.495353e-01   8.513992e-01    5.021e-07      1.864e-03    1.864e-03    3.668e+00    1.079e-05          True
     22396     10   1916   3.903573e-01   3.903573e-01   3.903566e-01   3.910316e-01    6.663e-07      6.744e-04    6.750e-04    4.855e+00    2.158e-05          True
     22404     10   1924  -1.149181e+00  -1.149181e+00  -1.149181e+00  -1.146932e+00    3.540e-09      2.249e-03    2.249e-03    3.600e+00    1.079e-05          True
     22411     10   1931   2.682622e-01   2.682622e-01   2.682626e-01   2.673223e-01    4.572e-07      9.399e-04    9.404e-04    3.582e+00    1.079e-05          True
     22413     10   1933   7.592041e-01   7.592041e-01   7.592046e-01   7.609231e-01    5.242e-07      1.719e-03    1.719e-03    2.852e+00    1.079e-05          True
     22418     10   1938   2.802291e-01   2.802291e-01   2.802298e-01   2.794779e-01    6.620e-07      7.513e-04    7.519e-04    2.987e+00    1.079e-05          True
     22421     10   1941  -1.271344e+00  -1.271344e+00  -1.271342e+00  -1.269952e+00    2.268e-06      1.392e-03    1.390e-03    3.201e+00    1.079e-05          True
     22428     10   1948  -1.779347e-01  -1.779347e-01  -1.779340e-01  -1.786083e-01    7.518e-07      6.736e-04    6.744e-04    2.641e+00    1.079e-05          True
     22442     10   1962   7.072265e-01   7.072265e-01   7.072276e-01   7.055153e-01    1.112e-06      1.711e-03    1.712e-03    4.288e+00    2.158e-05          True
     22444     10   1964  -1.010688e-01  -1.010688e-01  -1.010674e-01  -1.020865e-01    1.381e-06      1.018e-03    1.019e-03    2.951e+00    1.079e-05          True
     22450     10   1970  -3.410798e-02  -3.410798e-02  -3.410883e-02  -3.349993e-02    8.519e-07      6.081e-04    6.089e-04    2.405e+00    1.079e-05          True
     22464     10   1984   7.591444e-01   7.591444e-01   7.591439e-01   7.578152e-01    5.184e-07      1.329e-03    1.329e-03    2.660e+00    1.079e-05          True
     22474     10   1994   7.394315e-02   7.394315e-02   7.394192e-02   7.444014e-02    1.224e-06      4.970e-04    4.982e-04    4.550e+00    2.158e-05          True
     22481     10   2001  -2.785877e-01  -2.785877e-01  -2.785881e-01  -2.779995e-01    4.277e-07      5.882e-04    5.886e-04    2.597e+00    1.079e-05          True
     22493     10   2013  -7.218997e-01  -7.218997e-01  -7.218972e-01  -7.209589e-01    2.491e-06      9.407e-04    9.382e-04    4.102e+00    2.158e-05          True
     22502     10   2022  -1.304840e+00  -1.304840e+00  -1.304838e+00  -1.302514e+00    2.191e-06      2.327e-03    2.324e-03    2.249e+00    1.079e-05          True
     22511     10   2031  -2.806610e-01  -2.806610e-01  -2.806620e-01  -2.809683e-01    9.661e-07      3.072e-04    3.063e-04    2.311e+00    1.079e-05          True
     22536     11      8  -7.762731e-01  -7.762731e-01  -7.762715e-01  -7.770822e-01    1.652e-06      8.091e-04    8.107e-04    3.529e+00    1.079e-05          True
     22541     11     13  -6.964781e-01  -6.964781e-01  -6.964754e-01  -6.980836e-01    2.671e-06      1.606e-03    1.608e-03    3.676e+00    1.079e-05          True
     22545     11     17  -6.925010e-02  -6.925010e-02  -6.925174e-02  -7.017225e-02    1.636e-06      9.221e-04    9.205e-04    4.119e+00    2.158e-05          True
     22547     11     19   1.720424e-01   1.720424e-01   1.720437e-01   1.729727e-01    1.313e-06      9.303e-04    9.290e-04    2.780e+00    1.079e-05          True
     22557     11     29   6.779563e-01   6.779563e-01   6.779580e-01   6.793297e-01    1.663e-06      1.373e-03    1.372e-03    3.965e+00    1.079e-05          True
     22565     11     37   9.757525e-02   9.757525e-02   9.757651e-02   9.715305e-02    1.258e-06      4.222e-04    4.235e-04    1.973e+00    5.395e-06          True
     22567     11     39  -3.923310e-01  -3.923310e-01  -3.923301e-01  -3.934840e-01    9.322e-07      1.153e-03    1.154e-03    2.507e+00    1.079e-05          True
     22569     11     41   4.147287e-01   4.147287e-01   4.147274e-01   4.157417e-01    1.208e-06      1.013e-03    1.014e-03    2.363e+00    1.079e-05          True
     22570     11     42  -7.953339e-01  -7.953339e-01  -7.953359e-01  -7.969110e-01    2.033e-06      1.577e-03    1.575e-03    3.485e+00    1.079e-05          True
     22579     11     51   1.511869e+00   1.511869e+00   1.511872e+00   1.513653e+00    2.882e-06      1.784e-03    1.781e-03    3.794e+00    1.079e-05          True
     22581     11     53   1.808176e-03   1.808176e-03   1.805557e-03   2.048008e-03    2.619e-06      2.398e-04    2.425e-04    4.236e+00    2.158e-05          True
     22583     11     55  -7.321374e-01  -7.321374e-01  -7.321386e-01  -7.308266e-01    1.185e-06      1.311e-03    1.312e-03    3.474e+00    1.079e-05          True
     22584     11     56   7.007727e-01   7.007727e-01   7.007735e-01   6.997725e-01    7.886e-07      1.000e-03    1.001e-03    2.580e+00    1.079e-05          True
     22587     11     59  -6.521482e-01  -6.521482e-01  -6.521472e-01  -6.537182e-01    9.734e-07      1.570e-03    1.571e-03    4.256e+00    2.158e-05          True
     22598     11     70  -2.676980e+00  -2.676980e+00  -2.676978e+00  -2.674114e+00    1.788e-06      2.866e-03    2.864e-03    3.867e+00    1.079e-05          True
     22618     11     90   7.150255e-03   7.150255e-03   7.150791e-03   7.627249e-03    5.361e-07      4.770e-04    4.765e-04    2.814e+00    1.079e-05          True
     22627     11     99  -5.372984e-01  -5.372984e-01  -5.373010e-01  -5.358219e-01    2.649e-06      1.476e-03    1.479e-03    4.409e+00    2.158e-05          True
     22639     11    111   4.930050e-01   4.930050e-01   4.930042e-01   4.910369e-01    8.536e-07      1.968e-03    1.967e-03    2.471e+00    1.079e-05          True
     22640     11    112   3.341043e-01   3.341043e-01   3.341048e-01   3.331986e-01    5.662e-07      9.057e-04    9.062e-04    1.945e+00    5.395e-06          True
     22642     11    114  -2.728193e-02  -2.728193e-02  -2.728273e-02  -2.890937e-02    7.970e-07      1.627e-03    1.627e-03    3.634e+00    1.079e-05          True
     22685     11    157  -3.877765e-01  -3.877765e-01  -3.877771e-01  -3.872103e-01    5.600e-07      5.662e-04    5.668e-04    3.721e+00    1.079e-05          True
     22695     11    167   8.438644e-01   8.438644e-01   8.438640e-01   8.427977e-01    4.194e-07      1.067e-03    1.066e-03    2.082e+00    1.079e-05          True
     22697     11    169   1.016697e+00   1.016697e+00   1.016698e+00   1.015600e+00    1.169e-06      1.097e-03    1.098e-03    4.788e+00    2.158e-05          True
     22699     11    171  -1.022760e-01  -1.022760e-01  -1.022778e-01  -1.016363e-01    1.812e-06      6.397e-04    6.415e-04    2.051e+00    1.079e-05          True
     22712     11    184   1.554375e-01   1.554375e-01   1.554374e-01   1.560997e-01    1.532e-07      6.622e-04    6.624e-04    2.260e+00    1.079e-05          True
     22722     11    194   1.531012e+00   1.531012e+00   1.531012e+00   1.529160e+00    1.222e-07      1.852e-03    1.852e-03    3.261e+00    1.079e-05          True
     22725     11    197   2.386219e+00   2.386219e+00   2.386213e+00   2.388644e+00    6.370e-06      2.425e-03    2.431e-03    4.258e+00    2.158e-05          True
     22726     11    198   9.918352e-01   9.918352e-01   9.918350e-01   9.930253e-01    2.077e-07      1.190e-03    1.190e-03    2.546e+00    1.079e-05          True
     22731     11    203  -9.610577e-01  -9.610577e-01  -9.610583e-01  -9.623007e-01    5.612e-07      1.243e-03    1.242e-03    2.932e+00    1.079e-05          True
     22732     11    204  -1.748263e-01  -1.748263e-01  -1.748261e-01  -1.739574e-01    1.861e-07      8.688e-04    8.687e-04    4.706e+00    2.158e-05          True
     22734     11    206   1.419131e+00   1.419131e+00   1.419131e+00   1.417461e+00    3.759e-08      1.670e-03    1.670e-03    2.178e+00    1.079e-05          True
     22739     11    211  -3.804028e-02  -3.804028e-02  -3.803560e-02  -3.836888e-02    4.678e-06      3.286e-04    3.333e-04    3.420e+00    1.079e-05          True
     22744     11    216  -1.343123e-01  -1.343123e-01  -1.343121e-01  -1.347303e-01    2.184e-07      4.180e-04    4.182e-04    4.117e+00    2.158e-05          True
     22746     11    218   2.317617e+00   2.317617e+00   2.317615e+00   2.313977e+00    1.570e-06      3.640e-03    3.639e-03    2.764e+00    1.079e-05          True
     22754     11    226   3.160923e-01   3.160923e-01   3.160948e-01   3.155326e-01    2.504e-06      5.597e-04    5.623e-04    4.043e+00    2.158e-05          True
     22762     11    234   8.331336e-01   8.331336e-01   8.331314e-01   8.344680e-01    2.144e-06      1.334e-03    1.337e-03    3.072e+00    1.079e-05          True
     22767     11    239   1.281441e+00   1.281441e+00   1.281440e+00   1.280046e+00    7.892e-07      1.395e-03    1.394e-03    3.313e+00    1.079e-05          True
     22783     11    255   9.750996e-01   9.750996e-01   9.751022e-01   9.739922e-01    2.600e-06      1.107e-03    1.110e-03    3.313e+00    1.079e-05          True
     22791     11    263  -4.664749e-01  -4.664749e-01  -4.664742e-01  -4.655797e-01    6.819e-07      8.952e-04    8.945e-04    4.875e+00    2.158e-05          True
     22795     11    267  -1.465923e+00  -1.465923e+00  -1.465923e+00  -1.464282e+00    5.953e-07      1.641e-03    1.641e-03    3.354e+00    1.079e-05          True
     22801     11    273   9.382043e-01   9.382043e-01   9.382060e-01   9.393052e-01    1.645e-06      1.101e-03    1.099e-03    4.845e+00    2.158e-05          True
     22802     11    274   2.317922e+00   2.317922e+00   2.317920e+00   2.315602e+00    1.799e-06      2.321e-03    2.319e-03    4.686e+00    2.158e-05          True
     22808     11    280   2.781162e-01   2.781162e-01   2.781160e-01   2.784028e-01    1.784e-07      2.866e-04    2.868e-04    3.187e+00    1.079e-05          True
     22809     11    281  -3.896982e-01  -3.896982e-01  -3.896970e-01  -3.890475e-01    1.233e-06      6.507e-04    6.494e-04    2.027e+00    1.079e-05          True
     22811     11    283  -6.016573e-01  -6.016573e-01  -6.016556e-01  -6.024158e-01    1.693e-06      7.585e-04    7.602e-04    4.922e+00    2.158e-05          True
     22813     11    285  -1.253281e+00  -1.253281e+00  -1.253283e+00  -1.255697e+00    1.310e-06      2.415e-03    2.414e-03    3.421e+00    1.079e-05          True
     22820     11    292   1.369337e-01   1.369337e-01   1.369338e-01   1.378870e-01    6.864e-08      9.533e-04    9.533e-04    2.037e+00    1.079e-05          True
     22835     11    307  -2.995615e-01  -2.995615e-01  -2.995594e-01  -3.005393e-01    2.119e-06      9.778e-04    9.800e-04    6.422e+00    2.158e-05          True
     22840     11    312  -1.384739e+00  -1.384739e+00  -1.384738e+00  -1.386217e+00    1.379e-06      1.477e-03    1.479e-03    2.624e+00    1.079e-05          True
     22857     11    329  -2.565703e-01  -2.565703e-01  -2.565712e-01  -2.572604e-01    8.398e-07      6.901e-04    6.893e-04    3.451e+00    1.079e-05          True
     22870     11    342   1.521022e+00   1.521022e+00   1.521025e+00   1.523329e+00    3.125e-06      2.308e-03    2.305e-03    4.558e+00    2.158e-05          True
     22879     11    351   6.534600e-01   6.534600e-01   6.534617e-01   6.543111e-01    1.706e-06      8.511e-04    8.494e-04    3.962e+00    1.079e-05          True
     22886     11    358   3.050023e-01   3.050023e-01   3.050022e-01   3.046316e-01    6.888e-08      3.707e-04    3.706e-04    2.221e+00    1.079e-05          True
     22892     11    364   5.757106e-01   5.757106e-01   5.757083e-01   5.768438e-01    2.301e-06      1.133e-03    1.135e-03    3.407e+00    1.079e-05          True
     22914     11    386  -1.426209e+00  -1.426209e+00  -1.426210e+00  -1.427686e+00    9.694e-07      1.477e-03    1.477e-03    2.515e+00    1.079e-05          True
     22915     11    387  -1.659874e-01  -1.659874e-01  -1.659859e-01  -1.672803e-01    1.455e-06      1.293e-03    1.294e-03    2.260e+00    1.079e-05          True
     22939     11    411  -3.969617e-01  -3.969617e-01  -3.969588e-01  -3.950936e-01    2.824e-06      1.868e-03    1.865e-03    3.803e+00    1.079e-05          True
     22942     11    414  -5.712725e-01  -5.712725e-01  -5.712735e-01  -5.733313e-01    1.047e-06      2.059e-03    2.058e-03    2.460e+00    1.079e-05          True
     22945     11    417   1.994027e-01   1.994027e-01   1.994024e-01   1.981025e-01    3.544e-07      1.300e-03    1.300e-03    1.724e+00    5.395e-06          True
     22957     11    429  -6.512896e-01  -6.512896e-01  -6.512916e-01  -6.502723e-01    2.056e-06      1.017e-03    1.019e-03    2.586e+00    1.079e-05          True
     22965     11    437  -1.172447e-01  -1.172447e-01  -1.172449e-01  -1.153409e-01    1.990e-07      1.904e-03    1.904e-03    2.172e+00    1.079e-05          True
     22989     11    461   1.987667e-01   1.987667e-01   1.987657e-01   1.976561e-01    1.031e-06      1.111e-03    1.110e-03    2.949e+00    1.079e-05          True
     22995     11    467  -5.448998e-01  -5.448998e-01  -5.448972e-01  -5.460637e-01    2.586e-06      1.164e-03    1.167e-03    3.431e+00    1.079e-05          True
     22997     11    469  -9.491102e-01  -9.491102e-01  -9.491081e-01  -9.505271e-01    2.138e-06      1.417e-03    1.419e-03    3.256e+00    1.079e-05          True
     23001     11    473  -2.510203e-01  -2.510203e-01  -2.510200e-01  -2.502861e-01    3.547e-07      7.342e-04    7.339e-04    2.464e+00    1.079e-05          True
     23009     11    481  -4.689720e-01  -4.689720e-01  -4.689727e-01  -4.675712e-01    7.498e-07      1.401e-03    1.402e-03    3.189e+00    1.079e-05          True
     23011     11    483  -6.621941e-01  -6.621941e-01  -6.621931e-01  -6.642810e-01    1.071e-06      2.087e-03    2.088e-03    2.375e+00    1.079e-05          True
     23020     11    492   6.269666e-01   6.269666e-01   6.269662e-01   6.279292e-01    4.562e-07      9.626e-04    9.630e-04    4.096e+00    2.158e-05          True
     23029     11    501  -4.758045e-01  -4.758045e-01  -4.758039e-01  -4.766434e-01    6.341e-07      8.389e-04    8.395e-04    3.132e+00    1.079e-05          True
     23031     11    503  -1.743249e-02  -1.743249e-02  -1.743156e-02  -1.728263e-02    9.274e-07      1.499e-04    1.489e-04    2.937e+00    1.079e-05          True
     23036     11    508  -2.341866e-02  -2.341866e-02  -2.342089e-02  -2.466461e-02    2.228e-06      1.246e-03    1.244e-03    5.322e+00    2.158e-05          True
     23045     11    517  -1.041102e-01  -1.041102e-01  -1.041088e-01  -1.060061e-01    1.419e-06      1.896e-03    1.897e-03    2.602e+00    1.079e-05          True
     23050     11    522   1.349706e-01   1.349706e-01   1.349712e-01   1.347165e-01    5.238e-07      2.541e-04    2.546e-04    2.618e+00    1.079e-05          True
     23060     11    532   8.358523e-01   8.358523e-01   8.358520e-01   8.345348e-01    3.662e-07      1.318e-03    1.317e-03    2.623e+00    1.079e-05          True
     23066     11    538  -9.561640e-02  -9.561640e-02  -9.561505e-02  -9.501176e-02    1.348e-06      6.046e-04    6.033e-04    2.110e+00    1.079e-05          True
     23070     11    542  -8.198065e-01  -8.198065e-01  -8.198047e-01  -8.208516e-01    1.827e-06      1.045e-03    1.047e-03    5.513e+00    2.158e-05          True
     23086     11    558   1.779650e-01   1.779650e-01   1.779642e-01   1.756705e-01    7.882e-07      2.294e-03    2.294e-03    1.879e+00    5.395e-06          True
     23087     11    559  -6.973182e-02  -6.973182e-02  -6.973292e-02  -7.058981e-02    1.102e-06      8.580e-04    8.569e-04    3.296e+00    1.079e-05          True
     23105     11    577   1.027450e+00   1.027450e+00   1.027448e+00   1.029378e+00    1.908e-06      1.928e-03    1.930e-03    3.039e+00    1.079e-05          True
     23111     11    583  -2.855365e-01  -2.855365e-01  -2.855358e-01  -2.851498e-01    6.912e-07      3.867e-04    3.860e-04    2.724e+00    1.079e-05          True
     23114     11    586  -3.301286e-01  -3.301286e-01  -3.301271e-01  -3.307914e-01    1.484e-06      6.628e-04    6.643e-04    3.762e+00    1.079e-05          True
     23122     11    594  -9.499821e-02  -9.499821e-02  -9.499843e-02  -9.435721e-02    2.192e-07      6.410e-04    6.412e-04    1.889e+00    5.395e-06          True
     23126     11    598  -4.599041e-01  -4.599041e-01  -4.599060e-01  -4.592451e-01    1.825e-06      6.590e-04    6.608e-04    3.483e+00    1.079e-05          True
     23130     11    602  -7.309671e-01  -7.309671e-01  -7.309669e-01  -7.300854e-01    1.384e-07      8.816e-04    8.815e-04    3.449e+00    1.079e-05          True
     23132     11    604  -6.588170e-01  -6.588170e-01  -6.588166e-01  -6.581510e-01    4.048e-07      6.661e-04    6.657e-04    3.060e+00    1.079e-05          True
     23135     11    607  -8.076414e-01  -8.076414e-01  -8.076414e-01  -8.063489e-01    2.636e-08      1.293e-03    1.293e-03    3.020e+00    1.079e-05          True
     23142     11    614  -4.293474e-01  -4.293474e-01  -4.293455e-01  -4.300922e-01    1.869e-06      7.448e-04    7.467e-04    2.605e+00    1.079e-05          True
     23159     11    631  -1.270615e+00  -1.270615e+00  -1.270612e+00  -1.271952e+00    2.566e-06      1.337e-03    1.340e-03    3.855e+00    1.079e-05          True
     23160     11    632  -2.581010e-01  -2.581010e-01  -2.581020e-01  -2.569496e-01    9.216e-07      1.151e-03    1.152e-03    2.519e+00    1.079e-05          True
     23161     11    633   6.460708e-01   6.460708e-01   6.460721e-01   6.467857e-01    1.342e-06      7.149e-04    7.135e-04    3.095e+00    1.079e-05          True
     23163     11    635   5.542477e-01   5.542477e-01   5.542470e-01   5.550069e-01    6.396e-07      7.592e-04    7.598e-04    2.276e+00    1.079e-05          True
     23164     11    636   7.713893e-01   7.713893e-01   7.713903e-01   7.700933e-01    9.523e-07      1.296e-03    1.297e-03    5.883e+00    2.158e-05          True
     23168     11    640  -5.841095e-01  -5.841095e-01  -5.841105e-01  -5.827769e-01    9.869e-07      1.333e-03    1.334e-03    3.421e+00    1.079e-05          True
     23170     11    642  -4.903642e-02  -4.903642e-02  -4.903525e-02  -4.853214e-02    1.173e-06      5.043e-04    5.031e-04    3.127e+00    1.079e-05          True
     23179     11    651   1.263089e+00   1.263089e+00   1.263090e+00   1.264461e+00    6.994e-07      1.372e-03    1.372e-03    3.732e+00    1.079e-05          True
     23180     11    652  -4.251991e-01  -4.251991e-01  -4.251997e-01  -4.239387e-01    5.428e-07      1.260e-03    1.261e-03    4.353e+00    2.158e-05          True
     23192     11    664   4.845153e-01   4.845153e-01   4.845188e-01   4.856365e-01    3.538e-06      1.121e-03    1.118e-03    2.487e+00    1.079e-05          True
     23193     11    665  -5.552763e-02  -5.552763e-02  -5.552795e-02  -5.439885e-02    3.261e-07      1.129e-03    1.129e-03    1.825e+00    5.395e-06          True
     23201     11    673   5.385897e-02   5.385897e-02   5.386073e-02   5.461146e-02    1.756e-06      7.525e-04    7.507e-04    3.600e+00    1.079e-05          True
     23208     11    680  -4.523544e-01  -4.523544e-01  -4.523515e-01  -4.528468e-01    2.994e-06      4.924e-04    4.954e-04    4.676e+00    2.158e-05          True
     23212     11    684   2.104455e-01   2.104455e-01   2.104442e-01   2.106664e-01    1.317e-06      2.209e-04    2.222e-04    3.774e+00    1.079e-05          True
     23213     11    685   7.361711e-02   7.361711e-02   7.361747e-02   7.347168e-02    3.679e-07      1.454e-04    1.458e-04    2.295e+00    1.079e-05          True
     23223     11    695  -3.346739e-01  -3.346739e-01  -3.346702e-01  -3.339795e-01    3.711e-06      6.944e-04    6.907e-04    5.183e+00    2.158e-05          True
     23224     11    696  -9.484290e-01  -9.484290e-01  -9.484313e-01  -9.469955e-01    2.338e-06      1.433e-03    1.436e-03    4.245e+00    2.158e-05          True
     23242     11    714   2.255377e-01   2.255377e-01   2.255380e-01   2.247657e-01    2.958e-07      7.719e-04    7.722e-04    1.829e+00    5.395e-06          True
     23262     11    734   1.714487e+00   1.714487e+00   1.714485e+00   1.712515e+00    1.257e-06      1.972e-03    1.970e-03    2.829e+00    1.079e-05          True
     23268     11    740  -4.292959e-01  -4.292959e-01  -4.292985e-01  -4.284481e-01    2.609e-06      8.477e-04    8.503e-04    2.787e+00    1.079e-05          True
     23278     11    750  -2.786006e-01  -2.786006e-01  -2.786016e-01  -2.789444e-01    1.015e-06      3.438e-04    3.428e-04    2.449e+00    1.079e-05          True
     23281     11    753   7.624783e-01   7.624783e-01   7.624815e-01   7.635068e-01    3.109e-06      1.028e-03    1.025e-03    3.174e+00    1.079e-05          True
     23282     11    754   2.238614e-01   2.238614e-01   2.238603e-01   2.252218e-01    1.115e-06      1.360e-03    1.362e-03    2.055e+00    1.079e-05          True
     23288     11    760   9.521588e-01   9.521588e-01   9.521579e-01   9.540419e-01    9.382e-07      1.883e-03    1.884e-03    2.097e+00    1.079e-05          True
     23295     11    767   5.596422e-01   5.596422e-01   5.596437e-01   5.579210e-01    1.503e-06      1.721e-03    1.723e-03    1.836e+00    5.395e-06          True
     23301     11    773   3.964640e-01   3.964640e-01   3.964632e-01   3.952576e-01    8.862e-07      1.206e-03    1.206e-03    2.605e+00    1.079e-05          True
     23302     11    774   1.226666e+00   1.226666e+00   1.226667e+00   1.223406e+00    1.579e-07      3.261e-03    3.261e-03    4.535e+00    2.158e-05          True
     23310     11    782   4.773653e-02   4.773653e-02   4.773747e-02   4.720040e-02    9.430e-07      5.361e-04    5.371e-04    2.674e+00    1.079e-05          True
     23316     11    788  -2.059694e-01  -2.059694e-01  -2.059683e-01  -2.063166e-01    1.149e-06      3.472e-04    3.484e-04    2.848e+00    1.079e-05          True
     23321     11    793   4.335699e-01   4.335699e-01   4.335690e-01   4.341251e-01    9.093e-07      5.551e-04    5.561e-04    5.413e+00    2.158e-05          True
     23331     11    803  -6.901676e-01  -6.901676e-01  -6.901673e-01  -6.913878e-01    3.131e-07      1.220e-03    1.221e-03    2.700e+00    1.079e-05          True
     23343     11    815  -4.193176e-01  -4.193176e-01  -4.193177e-01  -4.203428e-01    6.888e-08      1.025e-03    1.025e-03    2.529e+00    1.079e-05          True
     23344     11    816   7.590918e-01   7.590918e-01   7.590926e-01   7.580522e-01    7.816e-07      1.040e-03    1.040e-03    4.796e+00    2.158e-05          True
     23353     11    825   1.957538e-01   1.957538e-01   1.957516e-01   1.943760e-01    2.234e-06      1.378e-03    1.376e-03    3.013e+00    1.079e-05          True
     23354     11    826  -1.491771e-01  -1.491771e-01  -1.491797e-01  -1.481994e-01    2.604e-06      9.777e-04    9.803e-04    4.371e+00    2.158e-05          True
     23355     11    827  -5.114033e-02  -5.114033e-02  -5.114024e-02  -5.021435e-02    9.348e-08      9.260e-04    9.259e-04    1.897e+00    5.395e-06          True
     23356     11    828  -5.632571e-01  -5.632571e-01  -5.632569e-01  -5.622848e-01    2.028e-07      9.723e-04    9.721e-04    2.031e+00    1.079e-05          True
     23363     11    835  -4.735535e-02  -4.735535e-02  -4.735352e-02  -4.775161e-02    1.829e-06      3.963e-04    3.981e-04    3.787e+00    1.079e-05          True
     23367     11    839  -1.401648e+00  -1.401648e+00  -1.401648e+00  -1.400054e+00    2.772e-07      1.595e-03    1.595e-03    3.321e+00    1.079e-05          True
     23378     11    850   1.036446e-01   1.036446e-01   1.036448e-01   1.043221e-01    1.369e-07      6.775e-04    6.773e-04    2.897e+00    1.079e-05          True
     23383     11    855   7.670535e-01   7.670535e-01   7.670518e-01   7.661091e-01    1.634e-06      9.443e-04    9.427e-04    2.945e+00    1.079e-05          True
     23384     11    856  -6.267198e-01  -6.267198e-01  -6.267196e-01  -6.277436e-01    2.341e-07      1.024e-03    1.024e-03    3.982e+00    1.079e-05          True
     23388     11    860   3.818414e-01   3.818414e-01   3.818409e-01   3.805994e-01    4.080e-07      1.242e-03    1.242e-03    4.966e+00    2.158e-05          True
     23390     11    862  -9.999281e-02  -9.999281e-02  -9.999306e-02  -1.002765e-01    2.516e-07      2.837e-04    2.835e-04    2.183e+00    1.079e-05          True
     23392     11    864  -9.946164e-01  -9.946164e-01  -9.946174e-01  -9.967711e-01    9.651e-07      2.155e-03    2.154e-03    3.285e+00    1.079e-05          True
     23401     11    873  -1.560693e+00  -1.560693e+00  -1.560697e+00  -1.562876e+00    3.362e-06      2.182e-03    2.179e-03    4.126e+00    2.158e-05          True
     23402     11    874  -8.393929e-01  -8.393929e-01  -8.393934e-01  -8.416060e-01    4.442e-07      2.213e-03    2.213e-03    2.200e+00    1.079e-05          True
     23403     11    875   1.051252e+00   1.051252e+00   1.051250e+00   1.052411e+00    1.368e-06      1.159e-03    1.161e-03    2.616e+00    1.079e-05          True
     23408     11    880  -1.509026e+00  -1.509026e+00  -1.509024e+00  -1.506694e+00    2.021e-06      2.331e-03    2.329e-03    2.824e+00    1.079e-05          True
     23428     11    900   8.585183e-02   8.585183e-02   8.585168e-02   8.626465e-02    1.509e-07      4.128e-04    4.130e-04    2.433e+00    1.079e-05          True
     23433     11    905  -4.744003e-01  -4.744003e-01  -4.743997e-01  -4.724662e-01    6.443e-07      1.934e-03    1.933e-03    2.642e+00    1.079e-05          True
     23446     11    918   4.980126e-01   4.980126e-01   4.980166e-01   4.972564e-01    3.954e-06      7.562e-04    7.602e-04    5.361e+00    2.158e-05          True
     23450     11    922   1.504044e+00   1.504044e+00   1.504042e+00   1.502440e+00    1.886e-06      1.604e-03    1.602e-03    3.589e+00    1.079e-05          True
     23451     11    923   7.706483e-02   7.706483e-02   7.706521e-02   7.690275e-02    3.732e-07      1.621e-04    1.625e-04    2.721e+00    1.079e-05          True
     23458     11    930   1.625967e-01   1.625967e-01   1.625954e-01   1.622338e-01    1.229e-06      3.629e-04    3.617e-04    3.670e+00    1.079e-05          True
     23465     11    937   1.610032e+00   1.610032e+00   1.610031e+00   1.611919e+00    1.459e-06      1.886e-03    1.888e-03    3.625e+00    1.079e-05          True
     23469     11    941   1.887896e-01   1.887896e-01   1.887883e-01   1.884137e-01    1.284e-06      3.759e-04    3.746e-04    2.347e+00    1.079e-05          True
     23474     11    946  -9.209081e-02  -9.209081e-02  -9.209099e-02  -9.294678e-02    1.781e-07      8.560e-04    8.558e-04    4.016e+00    2.158e-05          True
     23500     11    972   4.855712e-01   4.855712e-01   4.855729e-01   4.861315e-01    1.742e-06      5.603e-04    5.586e-04    3.815e+00    1.079e-05          True
     23517     11    989   1.900790e+00   1.900790e+00   1.900791e+00   1.903089e+00    1.312e-06      2.298e-03    2.297e-03    4.396e+00    2.158e-05          True
     23529     11   1001  -1.222941e+00  -1.222941e+00  -1.222940e+00  -1.221627e+00    7.432e-07      1.314e-03    1.313e-03    2.728e+00    1.079e-05          True
     23533     11   1005  -1.386302e-01  -1.386302e-01  -1.386298e-01  -1.369892e-01    3.673e-07      1.641e-03    1.641e-03    2.853e+00    1.079e-05          True
     23535     11   1007  -1.223300e-01  -1.223300e-01  -1.223285e-01  -1.229898e-01    1.479e-06      6.598e-04    6.612e-04    3.254e+00    1.079e-05          True
     23540     11   1012   1.002271e-01   1.002271e-01   1.002262e-01   1.009398e-01    8.980e-07      7.127e-04    7.136e-04    3.936e+00    1.079e-05          True
     23544     11   1016   6.904258e-01   6.904258e-01   6.904255e-01   6.911305e-01    2.706e-07      7.047e-04    7.049e-04    4.194e+00    2.158e-05          True
     23549     11   1021  -1.478309e-01  -1.478309e-01  -1.478329e-01  -1.461243e-01    1.968e-06      1.707e-03    1.709e-03    3.703e+00    1.079e-05          True
     23555     11   1027   1.515789e+00   1.515789e+00   1.515790e+00   1.514268e+00    9.637e-07      1.521e-03    1.522e-03    3.667e+00    1.079e-05          True
     23568     11   1040  -1.496549e+00  -1.496549e+00  -1.496548e+00  -1.494826e+00    1.212e-06      1.722e-03    1.721e-03    1.943e+00    5.395e-06          True
     23573     11   1045  -6.395985e-01  -6.395985e-01  -6.395984e-01  -6.409931e-01    6.829e-08      1.395e-03    1.395e-03    2.130e+00    1.079e-05          True
     23594     11   1066   6.395997e-01   6.395997e-01   6.395990e-01   6.410180e-01    7.039e-07      1.418e-03    1.419e-03    2.131e+00    1.079e-05          True
     23623     11   1095  -7.252693e-01  -7.252693e-01  -7.252689e-01  -7.262756e-01    4.476e-07      1.006e-03    1.007e-03    2.820e+00    1.079e-05          True
     23626     11   1098  -1.515866e-01  -1.515866e-01  -1.515843e-01  -1.509683e-01    2.379e-06      6.183e-04    6.159e-04    5.649e+00    2.158e-05          True
     23629     11   1101   7.870416e-01   7.870416e-01   7.870412e-01   7.856786e-01    3.308e-07      1.363e-03    1.363e-03    1.929e+00    5.395e-06          True
     23634     11   1106  -8.430989e-01  -8.430989e-01  -8.430985e-01  -8.440951e-01    3.553e-07      9.962e-04    9.965e-04    2.281e+00    1.079e-05          True
     23642     11   1114  -9.549193e-02  -9.549193e-02  -9.549295e-02  -9.624767e-02    1.020e-06      7.557e-04    7.547e-04    2.280e+00    1.079e-05          True
     23645     11   1117  -8.411239e-01  -8.411239e-01  -8.411232e-01  -8.402737e-01    7.204e-07      8.503e-04    8.495e-04    1.986e+00    5.395e-06          True
     23653     11   1125   1.877013e-01   1.877013e-01   1.876971e-01   1.880655e-01    4.182e-06      3.642e-04    3.684e-04    3.554e+00    1.079e-05          True
     23665     11   1137  -2.686965e-01  -2.686965e-01  -2.686949e-01  -2.694572e-01    1.611e-06      7.607e-04    7.623e-04    2.796e+00    1.079e-05          True
     23666     11   1138  -5.274181e-01  -5.274181e-01  -5.274180e-01  -5.264859e-01    5.653e-08      9.322e-04    9.321e-04    3.430e+00    1.079e-05          True
     23690     11   1162  -3.522586e-01  -3.522586e-01  -3.522596e-01  -3.515779e-01    9.537e-07      6.807e-04    6.817e-04    2.348e+00    1.079e-05          True
     23701     11   1173  -7.911374e-01  -7.911374e-01  -7.911406e-01  -7.888718e-01    3.244e-06      2.266e-03    2.269e-03    4.185e+00    2.158e-05          True
     23713     11   1185  -3.427247e-01  -3.427247e-01  -3.427252e-01  -3.412541e-01    5.448e-07      1.471e-03    1.471e-03    1.690e+00    5.395e-06          True
     23723     11   1195  -6.406712e-01  -6.406712e-01  -6.406710e-01  -6.392841e-01    2.221e-07      1.387e-03    1.387e-03    2.837e+00    1.079e-05          True
     23725     11   1197  -3.101827e-01  -3.101827e-01  -3.101819e-01  -3.109532e-01    7.556e-07      7.705e-04    7.713e-04    2.840e+00    1.079e-05          True
     23727     11   1199   4.249083e-01   4.249083e-01   4.249098e-01   4.236616e-01    1.495e-06      1.247e-03    1.248e-03    3.111e+00    1.079e-05          True
     23736     11   1208   9.124322e-02   9.124322e-02   9.124377e-02   9.018616e-02    5.436e-07      1.057e-03    1.058e-03    2.027e+00    1.079e-05          True
     23739     11   1211   1.430558e+00   1.430558e+00   1.430557e+00   1.432304e+00    1.113e-06      1.746e-03    1.747e-03    2.974e+00    1.079e-05          True
     23742     11   1214   2.496264e-01   2.496264e-01   2.496287e-01   2.489262e-01    2.310e-06      7.001e-04    7.025e-04    3.481e+00    1.079e-05          True
     23747     11   1219   1.269031e+00   1.269031e+00   1.269031e+00   1.267571e+00    2.793e-07      1.460e-03    1.460e-03    3.896e+00    1.079e-05          True
     23753     11   1225  -7.923707e-01  -7.923707e-01  -7.923703e-01  -7.934845e-01    4.188e-07      1.114e-03    1.114e-03    3.043e+00    1.079e-05          True
     23756     11   1228   2.734374e-02   2.734374e-02   2.734427e-02   2.667771e-02    5.284e-07      6.660e-04    6.666e-04    2.260e+00    1.079e-05          True
     23759     11   1231  -2.958877e-01  -2.958877e-01  -2.958900e-01  -2.965994e-01    2.272e-06      7.117e-04    7.094e-04    3.174e+00    1.079e-05          True
     23766     11   1238   8.729596e-01   8.729596e-01   8.729610e-01   8.741607e-01    1.389e-06      1.201e-03    1.200e-03    2.449e+00    1.079e-05          True
     23769     11   1241  -5.029480e-01  -5.029480e-01  -5.029481e-01  -5.019711e-01    7.691e-08      9.769e-04    9.770e-04    2.168e+00    1.079e-05          True
     23778     11   1250  -1.092700e+00  -1.092700e+00  -1.092704e+00  -1.091431e+00    3.868e-06      1.269e-03    1.273e-03    3.763e+00    1.079e-05          True
     23792     11   1264   5.250433e-01   5.250433e-01   5.250463e-01   5.236068e-01    2.963e-06      1.437e-03    1.440e-03    5.281e+00    2.158e-05          True
     23798     11   1270  -1.676483e-01  -1.676483e-01  -1.676484e-01  -1.674806e-01    1.041e-07      1.677e-04    1.678e-04    4.410e+00    2.158e-05          True
     23800     11   1272   2.023503e-01   2.023503e-01   2.023526e-01   2.011408e-01    2.224e-06      1.210e-03    1.212e-03    3.122e+00    1.079e-05          True
     23806     11   1278  -2.068542e-01  -2.068542e-01  -2.068564e-01  -2.072959e-01    2.145e-06      4.417e-04    4.395e-04    4.637e+00    2.158e-05          True
     23812     11   1284   6.582615e-01   6.582615e-01   6.582626e-01   6.591595e-01    1.099e-06      8.981e-04    8.970e-04    3.914e+00    1.079e-05          True
     23815     11   1287   2.304359e-01   2.304359e-01   2.304345e-01   2.292877e-01    1.392e-06      1.148e-03    1.147e-03    3.097e+00    1.079e-05          True
     23839     11   1311   4.183072e-01   4.183072e-01   4.183079e-01   4.194220e-01    6.594e-07      1.115e-03    1.114e-03    1.796e+00    5.395e-06          True
     23840     11   1312   7.062165e-01   7.062165e-01   7.062165e-01   7.054905e-01    1.742e-08      7.261e-04    7.260e-04    2.330e+00    1.079e-05          True
     23841     11   1313   7.477626e-01   7.477626e-01   7.477676e-01   7.468490e-01    5.014e-06      9.136e-04    9.186e-04    3.673e+00    1.079e-05          True
     23842     11   1314  -7.739533e-02  -7.739533e-02  -7.739647e-02  -7.767172e-02    1.142e-06      2.764e-04    2.753e-04    2.829e+00    1.079e-05          True
     23856     11   1328   9.186945e-01   9.186945e-01   9.186934e-01   9.197072e-01    1.043e-06      1.013e-03    1.014e-03    2.677e+00    1.079e-05          True
     23861     11   1333   3.600022e-01   3.600022e-01   3.600028e-01   3.583342e-01    6.478e-07      1.668e-03    1.669e-03    1.984e+00    5.395e-06          True
     23864     11   1336   5.947450e-01   5.947450e-01   5.947440e-01   5.932986e-01    1.003e-06      1.446e-03    1.445e-03    3.671e+00    1.079e-05          True
     23867     11   1339  -2.362141e-01  -2.362141e-01  -2.362131e-01  -2.353440e-01    9.955e-07      8.701e-04    8.691e-04    4.032e+00    2.158e-05          True
     23868     11   1340   1.187324e+00   1.187324e+00   1.187324e+00   1.185665e+00    4.517e-07      1.659e-03    1.659e-03    3.459e+00    1.079e-05          True
     23885     11   1357  -1.354557e+00  -1.354557e+00  -1.354557e+00  -1.352367e+00    9.056e-08      2.190e-03    2.190e-03    5.130e+00    2.158e-05          True
     23888     11   1360   1.225115e+00   1.225115e+00   1.225116e+00   1.223832e+00    6.547e-07      1.283e-03    1.283e-03    2.486e+00    1.079e-05          True
     23890     11   1362  -1.447895e-01  -1.447895e-01  -1.447912e-01  -1.445441e-01    1.774e-06      2.453e-04    2.471e-04    3.519e+00    1.079e-05          True
     23895     11   1367  -2.009080e-01  -2.009080e-01  -2.009079e-01  -2.017545e-01    1.535e-07      8.464e-04    8.466e-04    2.390e+00    1.079e-05          True
     23896     11   1368  -9.142179e-02  -9.142179e-02  -9.142285e-02  -9.252968e-02    1.061e-06      1.108e-03    1.107e-03    1.846e+00    5.395e-06          True
     23900     11   1372  -3.364194e-01  -3.364194e-01  -3.364177e-01  -3.356877e-01    1.705e-06      7.317e-04    7.300e-04    2.080e+00    1.079e-05          True
     23912     11   1384  -9.075078e-02  -9.075078e-02  -9.075062e-02  -8.968686e-02    1.584e-07      1.064e-03    1.064e-03    3.534e+00    1.079e-05          True
     23918     11   1390   2.793435e-01   2.793435e-01   2.793454e-01   2.797872e-01    1.849e-06      4.437e-04    4.418e-04    3.370e+00    1.079e-05          True
     23919     11   1391   1.346926e-01   1.346926e-01   1.346933e-01   1.362063e-01    6.010e-07      1.514e-03    1.513e-03    3.741e+00    1.079e-05          True
     23928     11   1400   1.147313e+00   1.147313e+00   1.147314e+00   1.145391e+00    9.321e-07      1.922e-03    1.923e-03    3.327e+00    1.079e-05          True
     23929     11   1401   3.373313e-02   3.373313e-02   3.373483e-02   3.518883e-02    1.701e-06      1.456e-03    1.454e-03    4.281e+00    2.158e-05          True
     23932     11   1404   4.041291e-01   4.041291e-01   4.041272e-01   4.058710e-01    1.863e-06      1.742e-03    1.744e-03    2.125e+00    1.079e-05          True
     23937     11   1409   6.699841e-01   6.699841e-01   6.699852e-01   6.725202e-01    1.033e-06      2.536e-03    2.535e-03    2.423e+00    1.079e-05          True
     23948     11   1420   1.273776e-01   1.273776e-01   1.273762e-01   1.287246e-01    1.352e-06      1.347e-03    1.348e-03    4.145e+00    2.158e-05          True
     23959     11   1431   5.815691e-01   5.815691e-01   5.815669e-01   5.805092e-01    2.166e-06      1.060e-03    1.058e-03    2.853e+00    1.079e-05          True
     23968     11   1440   1.458212e-01   1.458212e-01   1.458205e-01   1.456722e-01    6.519e-07      1.490e-04    1.483e-04    4.640e+00    2.158e-05          True
     23975     11   1447  -1.622137e+00  -1.622137e+00  -1.622136e+00  -1.624600e+00    1.073e-06      2.463e-03    2.464e-03    2.797e+00    1.079e-05          True
     23978     11   1450   4.777155e-01   4.777155e-01   4.777170e-01   4.763346e-01    1.495e-06      1.381e-03    1.382e-03    3.326e+00    1.079e-05          True
     23980     11   1452  -3.750946e-01  -3.750946e-01  -3.750948e-01  -3.760232e-01    2.556e-07      9.287e-04    9.284e-04    3.816e+00    1.079e-05          True
     23989     11   1461   4.701929e-02   4.701929e-02   4.701962e-02   4.751092e-02    3.298e-07      4.916e-04    4.913e-04    2.207e+00    1.079e-05          True
     23994     11   1466  -4.021283e-01  -4.021283e-01  -4.021285e-01  -4.030136e-01    2.126e-07      8.853e-04    8.851e-04    2.080e+00    1.079e-05          True
     24001     11   1473  -2.264155e-01  -2.264155e-01  -2.264162e-01  -2.250677e-01    7.708e-07      1.348e-03    1.349e-03    2.984e+00    1.079e-05          True
     24002     11   1474   2.559332e-01   2.559332e-01   2.559316e-01   2.542101e-01    1.688e-06      1.723e-03    1.721e-03    3.589e+00    1.079e-05          True
     24010     11   1482   1.380982e-01   1.380982e-01   1.381008e-01   1.383832e-01    2.573e-06      2.849e-04    2.824e-04    3.450e+00    1.079e-05          True
     24015     11   1487  -6.265436e-01  -6.265436e-01  -6.265430e-01  -6.275508e-01    5.515e-07      1.007e-03    1.008e-03    2.911e+00    1.079e-05          True
     24024     11   1496   7.291915e-01   7.291915e-01   7.291920e-01   7.277403e-01    5.409e-07      1.451e-03    1.452e-03    5.063e+00    2.158e-05          True
     24030     11   1502  -4.866058e-01  -4.866058e-01  -4.866027e-01  -4.880431e-01    3.170e-06      1.437e-03    1.440e-03    4.122e+00    2.158e-05          True
     24035     11   1507  -1.030317e+00  -1.030317e+00  -1.030318e+00  -1.031474e+00    5.251e-07      1.156e-03    1.156e-03    2.503e+00    1.079e-05          True
     24040     11   1512   1.705485e-01   1.705485e-01   1.705503e-01   1.719459e-01    1.741e-06      1.397e-03    1.396e-03    3.050e+00    1.079e-05          True
     24044     11   1516   9.248923e-01   9.248923e-01   9.248941e-01   9.261928e-01    1.813e-06      1.301e-03    1.299e-03    3.150e+00    1.079e-05          True
     24046     11   1518  -8.803910e-01  -8.803910e-01  -8.803927e-01  -8.792420e-01    1.763e-06      1.149e-03    1.151e-03    5.395e+00    2.158e-05          True
     24049     11   1521  -1.140157e+00  -1.140157e+00  -1.140157e+00  -1.138215e+00    2.040e-07      1.942e-03    1.942e-03    2.229e+00    1.079e-05          True
     24054     11   1526   2.796332e-01   2.796332e-01   2.796324e-01   2.810973e-01    8.496e-07      1.464e-03    1.465e-03    2.248e+00    1.079e-05          True
     24058     11   1530  -5.205223e-01  -5.205223e-01  -5.205213e-01  -5.190124e-01    9.978e-07      1.510e-03    1.509e-03    3.672e+00    1.079e-05          True
     24062     11   1534   2.419682e-01   2.419682e-01   2.419688e-01   2.424834e-01    5.108e-07      5.151e-04    5.146e-04    2.206e+00    1.079e-05          True
     24066     11   1538  -4.818060e-01  -4.818060e-01  -4.818060e-01  -4.804371e-01    5.123e-08      1.369e-03    1.369e-03    3.233e+00    1.079e-05          True
     24075     11   1547   5.920081e-01   5.920081e-01   5.920058e-01   5.904837e-01    2.255e-06      1.524e-03    1.522e-03    2.526e+00    1.079e-05          True
     24076     11   1548  -1.261400e+00  -1.261400e+00  -1.261400e+00  -1.262770e+00    5.851e-07      1.370e-03    1.369e-03    3.093e+00    1.079e-05          True
     24082     11   1554   1.758542e+00   1.758542e+00   1.758542e+00   1.756571e+00    4.544e-08      1.971e-03    1.971e-03    1.834e+00    5.395e-06          True
     24086     11   1558  -2.637298e-01  -2.637298e-01  -2.637269e-01  -2.643449e-01    2.920e-06      6.151e-04    6.180e-04    3.588e+00    1.079e-05          True
     24091     11   1563   1.524495e+00   1.524495e+00   1.524494e+00   1.522885e+00    8.370e-07      1.610e-03    1.610e-03    3.750e+00    1.079e-05          True
     24095     11   1567  -6.591979e-01  -6.591979e-01  -6.591963e-01  -6.598692e-01    1.615e-06      6.713e-04    6.729e-04    3.705e+00    1.079e-05          True
     24112     11   1584   1.458499e+00   1.458499e+00   1.458499e+00   1.460165e+00    3.464e-08      1.667e-03    1.667e-03    2.878e+00    1.079e-05          True
     24119     11   1591   3.895489e-01   3.895489e-01   3.895448e-01   3.902172e-01    4.047e-06      6.683e-04    6.724e-04    4.557e+00    2.158e-05          True
     24121     11   1593   2.832465e-01   2.832465e-01   2.832483e-01   2.836587e-01    1.794e-06      4.121e-04    4.103e-04    2.912e+00    1.079e-05          True
     24123     11   1595  -6.920396e-01  -6.920396e-01  -6.920406e-01  -6.930006e-01    9.873e-07      9.609e-04    9.599e-04    4.347e+00    2.158e-05          True
     24124     11   1596   7.093341e-01   7.093341e-01   7.093360e-01   7.084268e-01    1.858e-06      9.073e-04    9.091e-04    3.658e+00    1.079e-05          True
     24133     11   1605   4.369585e-01   4.369585e-01   4.369609e-01   4.375627e-01    2.371e-06      6.042e-04    6.019e-04    5.706e+00    2.158e-05          True
     24149     11   1621  -5.894944e-02  -5.894944e-02  -5.895131e-02  -5.980226e-02    1.867e-06      8.528e-04    8.510e-04    3.552e+00    1.079e-05          True
     24151     11   1623   8.819240e-02   8.819240e-02   8.819424e-02   8.794810e-02    1.834e-06      2.443e-04    2.461e-04    3.626e+00    1.079e-05          True
     24155     11   1627   5.088424e-02   5.088424e-02   5.088567e-02   5.138964e-02    1.426e-06      5.054e-04    5.040e-04    3.517e+00    1.079e-05          True
     24158     11   1630  -1.073951e+00  -1.073951e+00  -1.073952e+00  -1.075223e+00    5.251e-07      1.272e-03    1.271e-03    2.325e+00    1.079e-05          True
     24163     11   1635   1.374409e+00   1.374409e+00   1.374409e+00   1.372419e+00    3.287e-07      1.990e-03    1.990e-03    6.184e+00    2.158e-05          True
     24165     11   1637  -1.020769e-01  -1.020769e-01  -1.020781e-01  -1.017940e-01    1.215e-06      2.828e-04    2.841e-04    2.830e+00    1.079e-05          True
     24174     11   1646  -2.401124e-01  -2.401124e-01  -2.401126e-01  -2.406787e-01    1.475e-07      5.662e-04    5.661e-04    2.845e+00    1.079e-05          True
     24175     11   1647  -4.287259e-01  -4.287259e-01  -4.287266e-01  -4.278135e-01    7.357e-07      9.124e-04    9.131e-04    2.079e+00    1.079e-05          True
     24188     11   1660   4.668724e-01   4.668724e-01   4.668727e-01   4.648773e-01    2.988e-07      1.995e-03    1.995e-03    2.561e+00    1.079e-05          True
     24207     11   1679  -7.926415e-01  -7.926415e-01  -7.926385e-01  -7.914046e-01    2.992e-06      1.237e-03    1.234e-03    2.949e+00    1.079e-05          True
     24209     11   1681  -1.098967e+00  -1.098967e+00  -1.098967e+00  -1.097475e+00    3.990e-07      1.492e-03    1.492e-03    1.877e+00    5.395e-06          True
     24212     11   1684  -7.408409e-01  -7.408409e-01  -7.408407e-01  -7.419969e-01    2.452e-07      1.156e-03    1.156e-03    2.945e+00    1.079e-05          True
     24213     11   1685  -7.534751e-01  -7.534751e-01  -7.534726e-01  -7.547732e-01    2.521e-06      1.298e-03    1.301e-03    2.991e+00    1.079e-05          True
     24217     11   1689  -1.547421e-01  -1.547421e-01  -1.547427e-01  -1.551769e-01    6.435e-07      4.349e-04    4.342e-04    2.633e+00    1.079e-05          True
     24219     11   1691   6.673505e-01   6.673505e-01   6.673508e-01   6.683819e-01    2.688e-07      1.031e-03    1.031e-03    2.981e+00    1.079e-05          True
     24223     11   1695  -8.950584e-01  -8.950584e-01  -8.950607e-01  -8.961363e-01    2.220e-06      1.078e-03    1.076e-03    3.477e+00    1.079e-05          True
     24234     11   1706   8.931319e-02   8.931319e-02   8.931479e-02   9.022021e-02    1.596e-06      9.070e-04    9.054e-04    4.237e+00    2.158e-05          True
     24236     11   1708  -2.898625e-01  -2.898625e-01  -2.898629e-01  -2.890524e-01    3.967e-07      8.101e-04    8.105e-04    5.554e+00    2.158e-05          True
     24238     11   1710  -1.514323e+00  -1.514323e+00  -1.514321e+00  -1.512779e+00    1.236e-06      1.544e-03    1.543e-03    4.587e+00    2.158e-05          True
     24239     11   1711  -5.936253e-01  -5.936253e-01  -5.936254e-01  -5.925604e-01    1.340e-07      1.065e-03    1.065e-03    2.322e+00    1.079e-05          True
     24242     11   1714  -2.635967e-01  -2.635967e-01  -2.635939e-01  -2.623696e-01    2.774e-06      1.227e-03    1.224e-03    4.315e+00    2.158e-05          True
     24256     11   1728  -9.209992e-01  -9.209992e-01  -9.209987e-01  -9.230017e-01    5.562e-07      2.002e-03    2.003e-03    3.257e+00    1.079e-05          True
     24260     11   1732  -1.431490e-02  -1.431490e-02  -1.431524e-02  -1.383041e-02    3.434e-07      4.845e-04    4.848e-04    2.805e+00    1.079e-05          True
     24269     11   1741   6.847632e-01   6.847632e-01   6.847625e-01   6.854657e-01    7.155e-07      7.025e-04    7.032e-04    2.410e+00    1.079e-05          True
     24271     11   1743   6.590558e-01   6.590558e-01   6.590565e-01   6.583162e-01    6.486e-07      7.396e-04    7.403e-04    2.422e+00    1.079e-05          True
     24278     11   1750   2.808241e-01   2.808241e-01   2.808210e-01   2.790859e-01    3.072e-06      1.738e-03    1.735e-03    3.543e+00    1.079e-05          True
     24307     11   1779   2.345998e-01   2.345998e-01   2.345963e-01   2.352389e-01    3.498e-06      6.392e-04    6.427e-04    3.703e+00    1.079e-05          True
     24308     11   1780   2.995218e-01   2.995218e-01   2.995256e-01   2.991515e-01    3.721e-06      3.703e-04    3.740e-04    5.154e+00    2.158e-05          True
     24317     11   1789   4.403687e-01   4.403687e-01   4.403671e-01   4.390648e-01    1.606e-06      1.304e-03    1.302e-03    3.859e+00    1.079e-05          True
     24323     11   1795   2.931044e-02   2.931044e-02   2.931252e-02   3.094592e-02    2.085e-06      1.635e-03    1.633e-03    2.759e+00    1.079e-05          True
     24326     11   1798  -5.003752e-01  -5.003752e-01  -5.003768e-01  -5.013691e-01    1.607e-06      9.939e-04    9.923e-04    2.460e+00    1.079e-05          True
     24327     11   1799  -2.462202e-01  -2.462202e-01  -2.462218e-01  -2.469814e-01    1.627e-06      7.613e-04    7.596e-04    4.015e+00    2.158e-05          True
     24334     11   1806  -8.070607e-01  -8.070607e-01  -8.070613e-01  -8.079791e-01    5.518e-07      9.184e-04    9.179e-04    2.088e+00    1.079e-05          True
     24335     11   1807   1.695461e-01   1.695461e-01   1.695458e-01   1.685048e-01    3.191e-07      1.041e-03    1.041e-03    2.804e+00    1.079e-05          True
     24348     11   1820   5.446041e-01   5.446041e-01   5.446045e-01   5.437039e-01    3.523e-07      9.003e-04    9.006e-04    1.564e+00    5.395e-06          True
     24351     11   1823  -1.639312e-01  -1.639312e-01  -1.639309e-01  -1.641041e-01    3.596e-07      1.729e-04    1.732e-04    4.520e+00    2.158e-05          True
     24361     11   1833  -7.654668e-02  -7.654668e-02  -7.654369e-02  -7.779258e-02    2.994e-06      1.246e-03    1.249e-03    2.727e+00    1.079e-05          True
     24366     11   1838  -3.046114e-01  -3.046114e-01  -3.046128e-01  -3.049770e-01    1.370e-06      3.656e-04    3.642e-04    3.797e+00    1.079e-05          True
     24368     11   1840   3.607467e-01   3.607467e-01   3.607468e-01   3.590189e-01    1.083e-07      1.728e-03    1.728e-03    2.739e+00    1.079e-05          True
     24369     11   1841  -1.008451e+00  -1.008451e+00  -1.008452e+00  -1.010805e+00    4.892e-07      2.354e-03    2.353e-03    1.953e+00    5.395e-06          True
     24377     11   1849  -1.166667e-01  -1.166667e-01  -1.166647e-01  -1.142151e-01    2.018e-06      2.452e-03    2.450e-03    4.850e+00    2.158e-05          True
     24382     11   1854   1.699510e+00   1.699510e+00   1.699510e+00   1.701317e+00    7.451e-08      1.807e-03    1.807e-03    3.230e+00    1.079e-05          True
     24390     11   1862   4.537958e-01   4.537958e-01   4.537980e-01   4.550593e-01    2.206e-06      1.264e-03    1.261e-03    3.445e+00    1.079e-05          True
     24394     11   1866   6.861836e-01   6.861836e-01   6.861870e-01   6.869957e-01    3.375e-06      8.122e-04    8.088e-04    3.391e+00    1.079e-05          True
     24399     11   1871   1.494333e+00   1.494333e+00   1.494332e+00   1.495912e+00    7.533e-07      1.579e-03    1.580e-03    3.229e+00    1.079e-05          True
     24418     11   1890  -4.064329e-01  -4.064329e-01  -4.064339e-01  -4.083140e-01    9.799e-07      1.881e-03    1.880e-03    2.581e+00    1.079e-05          True
     24421     11   1893  -3.796633e-01  -3.796633e-01  -3.796597e-01  -3.791700e-01    3.604e-06      4.933e-04    4.897e-04    3.895e+00    1.079e-05          True
     24427     11   1899  -7.732297e-01  -7.732297e-01  -7.732311e-01  -7.724248e-01    1.476e-06      8.049e-04    8.064e-04    3.750e+00    1.079e-05          True
     24430     11   1902  -1.317676e+00  -1.317676e+00  -1.317673e+00  -1.316315e+00    2.777e-06      1.361e-03    1.358e-03    3.749e+00    1.079e-05          True
     24440     11   1912  -9.901507e-01  -9.901507e-01  -9.901500e-01  -9.878882e-01    6.711e-07      2.263e-03    2.262e-03    3.355e+00    1.079e-05          True
     24443     11   1915   1.808877e-01   1.808877e-01   1.808903e-01   1.793581e-01    2.630e-06      1.530e-03    1.532e-03    2.865e+00    1.079e-05          True
     24447     11   1919  -7.812766e-04  -7.812766e-04  -7.817873e-04  -1.980513e-04    5.107e-07      5.832e-04    5.837e-04    4.475e+00    2.158e-05          True
     24448     11   1920  -1.289414e-01  -1.289414e-01  -1.289416e-01  -1.293288e-01    1.531e-07      3.874e-04    3.872e-04    4.286e+00    2.158e-05          True
     24453     11   1925  -6.522382e-01  -6.522382e-01  -6.522402e-01  -6.530443e-01    1.982e-06      8.061e-04    8.041e-04    4.371e+00    2.158e-05          True
     24454     11   1926  -3.013099e-01  -3.013099e-01  -3.013092e-01  -3.009560e-01    6.360e-07      3.539e-04    3.532e-04    2.911e+00    1.079e-05          True
     24466     11   1938  -3.296750e-01  -3.296750e-01  -3.296742e-01  -3.303596e-01    8.019e-07      6.845e-04    6.853e-04    3.639e+00    1.079e-05          True
     24477     11   1949   1.329010e+00   1.329010e+00   1.329010e+00   1.327607e+00    6.259e-07      1.402e-03    1.403e-03    3.202e+00    1.079e-05          True
     24478     11   1950   1.232856e+00   1.232856e+00   1.232856e+00   1.231208e+00    2.078e-07      1.648e-03    1.648e-03    5.634e+00    2.158e-05          True
     24483     11   1955  -4.115937e-01  -4.115937e-01  -4.115919e-01  -4.122951e-01    1.862e-06      7.014e-04    7.032e-04    3.105e+00    1.079e-05          True
     24486     11   1958   8.398315e-01   8.398315e-01   8.398299e-01   8.376794e-01    1.530e-06      2.152e-03    2.151e-03    4.066e+00    2.158e-05          True
     24496     11   1968  -3.948350e-01  -3.948350e-01  -3.948328e-01  -3.933193e-01    2.182e-06      1.516e-03    1.514e-03    3.251e+00    1.079e-05          True
     24499     11   1971   8.327117e-02   8.327117e-02   8.327395e-02   8.261738e-02    2.780e-06      6.538e-04    6.566e-04    3.861e+00    1.079e-05          True
     24509     11   1981   1.378852e+00   1.378852e+00   1.378850e+00   1.380782e+00    2.252e-06      1.930e-03    1.932e-03    3.965e+00    1.079e-05          True
     24533     11   2005  -1.102381e-01  -1.102381e-01  -1.102375e-01  -1.074080e-01    5.187e-07      2.830e-03    2.830e-03    1.776e+00    5.395e-06          True
     24536     11   2008   5.463080e-01   5.463080e-01   5.463080e-01   5.450312e-01    6.815e-08      1.277e-03    1.277e-03    3.310e+00    1.079e-05          True
     24539     11   2011  -5.662090e-02  -5.662090e-02  -5.662013e-02  -5.671587e-02    7.646e-07      9.497e-05    9.574e-05    5.020e+00    2.158e-05          True
     24540     11   2012  -1.033855e+00  -1.033855e+00  -1.033851e+00  -1.035356e+00    3.260e-06      1.502e-03    1.505e-03    4.179e+00    2.158e-05          True
     24554     11   2026   1.340666e-01   1.340666e-01   1.340664e-01   1.332352e-01    2.899e-07      8.314e-04    8.312e-04    2.096e+00    1.079e-05          True
     24558     11   2030  -4.776890e-01  -4.776890e-01  -4.776905e-01  -4.785590e-01    1.438e-06      8.700e-04    8.686e-04    3.251e+00    1.079e-05          True
     24565     11   2037  -3.746967e-02  -3.746967e-02  -3.747058e-02  -3.798662e-02    9.069e-07      5.170e-04    5.160e-04    4.310e+00    2.158e-05          True
     24578     12      2  -3.178436e-01  -3.178436e-01  -3.178455e-01  -3.192193e-01    1.880e-06      1.376e-03    1.374e-03    4.229e+00    2.158e-05          True
     24584     12      8  -5.501787e-01  -5.501787e-01  -5.501741e-01  -5.509032e-01    4.626e-06      7.245e-04    7.291e-04    4.071e+00    2.158e-05          True
     24595     12     19   6.404472e-01   6.404472e-01   6.404462e-01   6.393334e-01    1.050e-06      1.114e-03    1.113e-03    3.499e+00    1.079e-05          True
     24618     12     42   1.526696e-01   1.526696e-01   1.526701e-01   1.544507e-01    5.291e-07      1.781e-03    1.781e-03    1.880e+00    5.395e-06          True
     24628     12     52   4.624229e-02   4.624229e-02   4.624205e-02   4.519575e-02    2.394e-07      1.047e-03    1.046e-03    3.050e+00    1.079e-05          True
     24637     12     61  -4.532583e-02  -4.532583e-02  -4.532674e-02  -4.479983e-02    9.027e-07      5.260e-04    5.269e-04    3.179e+00    1.079e-05          True
     24650     12     74  -4.362172e-01  -4.362172e-01  -4.362172e-01  -4.368134e-01    5.846e-09      5.962e-04    5.962e-04    2.715e+00    1.079e-05          True
     24652     12     76  -5.960005e-01  -5.960005e-01  -5.960001e-01  -5.949479e-01    3.563e-07      1.053e-03    1.052e-03    2.154e+00    1.079e-05          True
     24656     12     80   9.662546e-01   9.662546e-01   9.662537e-01   9.648304e-01    9.380e-07      1.424e-03    1.423e-03    2.203e+00    1.079e-05          True
     24660     12     84  -3.505686e-01  -3.505686e-01  -3.505693e-01  -3.501135e-01    7.415e-07      4.551e-04    4.559e-04    2.943e+00    1.079e-05          True
     24665     12     89   9.312032e-01   9.312032e-01   9.312025e-01   9.301062e-01    6.961e-07      1.097e-03    1.096e-03    2.754e+00    1.079e-05          True
     24668     12     92   4.314891e-01   4.314891e-01   4.314888e-01   4.307881e-01    3.279e-07      7.010e-04    7.007e-04    2.938e+00    1.079e-05          True
     24678     12    102  -5.585702e-01  -5.585702e-01  -5.585716e-01  -5.565621e-01    1.485e-06      2.008e-03    2.010e-03    2.848e+00    1.079e-05          True
     24682     12    106   9.811974e-01   9.811974e-01   9.812001e-01   9.801308e-01    2.689e-06      1.067e-03    1.069e-03    4.397e+00    2.158e-05          True
     24688     12    112  -3.913584e-01  -3.913584e-01  -3.913569e-01  -3.906102e-01    1.556e-06      7.482e-04    7.466e-04    2.880e+00    1.079e-05          True
     24697     12    121   5.025003e-01   5.025003e-01   5.025004e-01   5.010163e-01    7.745e-08      1.484e-03    1.484e-03    2.710e+00    1.079e-05          True
     24701     12    125   1.934518e-02   1.934518e-02   1.934505e-02   1.952571e-02    1.344e-07      1.805e-04    1.807e-04    3.218e+00    1.079e-05          True
     24704     12    128  -1.020882e-01  -1.020882e-01  -1.020876e-01  -1.024844e-01    5.783e-07      3.962e-04    3.968e-04    2.657e+00    1.079e-05          True
     24711     12    135  -5.381298e-01  -5.381298e-01  -5.381307e-01  -5.370397e-01    9.479e-07      1.090e-03    1.091e-03    3.458e+00    1.079e-05          True
     24712     12    136  -9.459539e-01  -9.459539e-01  -9.459537e-01  -9.447246e-01    2.300e-07      1.229e-03    1.229e-03    2.221e+00    1.079e-05          True
     24715     12    139  -4.782965e-01  -4.782965e-01  -4.782938e-01  -4.792182e-01    2.652e-06      9.218e-04    9.244e-04    2.606e+00    1.079e-05          True
     24719     12    143   1.260559e+00   1.260559e+00   1.260558e+00   1.258720e+00    9.798e-07      1.840e-03    1.839e-03    4.644e+00    2.158e-05          True
     24720     12    144  -7.545891e-01  -7.545891e-01  -7.545902e-01  -7.535879e-01    1.098e-06      1.001e-03    1.002e-03    3.800e+00    1.079e-05          True
     24726     12    150   1.391682e+00   1.391682e+00   1.391685e+00   1.389563e+00    2.489e-06      2.119e-03    2.122e-03    3.205e+00    1.079e-05          True
     24750     12    174  -1.864330e-01  -1.864330e-01  -1.864328e-01  -1.867358e-01    2.423e-07      3.027e-04    3.030e-04    2.296e+00    1.079e-05          True
     24756     12    180   1.589695e-01   1.589695e-01   1.589686e-01   1.597027e-01    9.440e-07      7.332e-04    7.342e-04    2.597e+00    1.079e-05          True
     24766     12    190   1.966935e-01   1.966935e-01   1.966921e-01   1.969202e-01    1.470e-06      2.267e-04    2.281e-04    2.454e+00    1.079e-05          True
     24767     12    191   2.754844e-01   2.754844e-01   2.754831e-01   2.747526e-01    1.244e-06      7.318e-04    7.306e-04    1.817e+00    5.395e-06          True
     24771     12    195   1.104278e+00   1.104278e+00   1.104277e+00   1.105506e+00    1.096e-06      1.228e-03    1.229e-03    2.298e+00    1.079e-05          True
     24779     12    203  -1.301380e+00  -1.301380e+00  -1.301382e+00  -1.303501e+00    2.141e-06      2.122e-03    2.120e-03    3.861e+00    1.079e-05          True
     24783     12    207  -8.401627e-01  -8.401627e-01  -8.401600e-01  -8.379819e-01    2.796e-06      2.181e-03    2.178e-03    3.733e+00    1.079e-05          True
     24795     12    219  -9.925135e-02  -9.925135e-02  -9.924983e-02  -1.008262e-01    1.515e-06      1.575e-03    1.576e-03    4.959e+00    2.158e-05          True
     24799     12    223  -2.548619e-01  -2.548619e-01  -2.548604e-01  -2.545292e-01    1.477e-06      3.327e-04    3.313e-04    3.247e+00    1.079e-05          True
     24800     12    224   4.976482e-01   4.976482e-01   4.976491e-01   4.982345e-01    8.457e-07      5.862e-04    5.854e-04    2.624e+00    1.079e-05          True
     24809     12    233   3.757426e-01   3.757426e-01   3.757423e-01   3.764375e-01    3.924e-07      6.949e-04    6.953e-04    2.457e+00    1.079e-05          True
     24811     12    235  -1.662581e-01  -1.662581e-01  -1.662581e-01  -1.668784e-01    8.678e-09      6.203e-04    6.203e-04    3.115e+00    1.079e-05          True
     24814     12    238  -1.212821e+00  -1.212821e+00  -1.212822e+00  -1.215165e+00    9.127e-07      2.344e-03    2.343e-03    2.885e+00    1.079e-05          True
     24816     12    240   1.232765e-01   1.232765e-01   1.232773e-01   1.218591e-01    7.444e-07      1.417e-03    1.418e-03    1.600e+00    5.395e-06          True
     24819     12    243   5.369196e-01   5.369196e-01   5.369191e-01   5.375854e-01    5.304e-07      6.658e-04    6.663e-04    3.956e+00    1.079e-05          True
     24827     12    251   2.635426e-01   2.635426e-01   2.635427e-01   2.623324e-01    9.174e-08      1.210e-03    1.210e-03    2.240e+00    1.079e-05          True
     24828     12    252   3.039938e-02   3.039938e-02   3.040162e-02   2.892852e-02    2.238e-06      1.471e-03    1.473e-03    2.489e+00    1.079e-05          True
     24829     12    253   2.670016e-01   2.670016e-01   2.670036e-01   2.661789e-01    2.041e-06      8.227e-04    8.247e-04    3.395e+00    1.079e-05          True
     24837     12    261  -1.713513e-01  -1.713513e-01  -1.713546e-01  -1.717147e-01    3.358e-06      3.634e-04    3.601e-04    4.410e+00    2.158e-05          True
     24845     12    269  -7.058190e-01  -7.058190e-01  -7.058157e-01  -7.048529e-01    3.359e-06      9.661e-04    9.627e-04    2.599e+00    1.079e-05          True
     24846     12    270   1.849523e-01   1.849523e-01   1.849517e-01   1.841327e-01    5.949e-07      8.196e-04    8.190e-04    3.698e+00    1.079e-05          True
     24859     12    283   8.871957e-01   8.871957e-01   8.871943e-01   8.858088e-01    1.317e-06      1.387e-03    1.386e-03    5.525e+00    2.158e-05          True
     24873     12    297   4.829371e-01   4.829371e-01   4.829374e-01   4.842295e-01    2.918e-07      1.292e-03    1.292e-03    2.025e+00    1.079e-05          True
     24874     12    298  -6.608252e-01  -6.608252e-01  -6.608268e-01  -6.600650e-01    1.617e-06      7.602e-04    7.618e-04    4.091e+00    2.158e-05          True
     24876     12    300  -4.051259e-01  -4.051259e-01  -4.051287e-01  -4.067778e-01    2.807e-06      1.652e-03    1.649e-03    4.504e+00    2.158e-05          True
     24882     12    306   1.719937e-01   1.719937e-01   1.719912e-01   1.751260e-01    2.478e-06      3.132e-03    3.135e-03    3.399e+00    1.079e-05          True
     24893     12    317  -1.900614e-01  -1.900614e-01  -1.900612e-01  -1.879201e-01    1.911e-07      2.141e-03    2.141e-03    3.338e+00    1.079e-05          True
     24898     12    322  -1.294245e-02  -1.294245e-02  -1.294326e-02  -1.147555e-02    8.130e-07      1.467e-03    1.468e-03    4.479e+00    2.158e-05          True
     24904     12    328   2.718655e-01   2.718655e-01   2.718661e-01   2.727405e-01    6.127e-07      8.750e-04    8.744e-04    1.857e+00    5.395e-06          True
     24905     12    329   3.519059e-01   3.519059e-01   3.519061e-01   3.523276e-01    1.939e-07      4.217e-04    4.215e-04    2.231e+00    1.079e-05          True
     24907     12    331  -1.521695e+00  -1.521695e+00  -1.521694e+00  -1.523449e+00    7.493e-07      1.754e-03    1.755e-03    3.062e+00    1.079e-05          True
     24921     12    345   2.921939e-01   2.921939e-01   2.921936e-01   2.918420e-01    2.947e-07      3.519e-04    3.516e-04    4.010e+00    2.158e-05          True
     24928     12    352  -2.115366e-01  -2.115366e-01  -2.115362e-01  -2.100560e-01    4.298e-07      1.481e-03    1.480e-03    4.183e+00    2.158e-05          True
     24929     12    353   1.638108e+00   1.638108e+00   1.638109e+00   1.640282e+00    2.109e-07      2.174e-03    2.173e-03    2.753e+00    1.079e-05          True
     24934     12    358   3.166067e-01   3.166067e-01   3.166036e-01   3.169320e-01    3.108e-06      3.253e-04    3.284e-04    4.148e+00    2.158e-05          True
     24935     12    359  -1.523262e+00  -1.523262e+00  -1.523262e+00  -1.521597e+00    5.206e-07      1.665e-03    1.665e-03    2.457e+00    1.079e-05          True
     24957     12    381   5.472199e-01   5.472199e-01   5.472186e-01   5.461110e-01    1.366e-06      1.109e-03    1.108e-03    3.111e+00    1.079e-05          True
     24961     12    385  -3.368994e-01  -3.368994e-01  -3.368990e-01  -3.378236e-01    3.256e-07      9.242e-04    9.246e-04    3.521e+00    1.079e-05          True
     24962     12    386   1.103182e-01   1.103182e-01   1.103178e-01   1.098662e-01    3.225e-07      4.520e-04    4.517e-04    2.412e+00    1.079e-05          True
     24980     12    404   1.772063e-01   1.772063e-01   1.772099e-01   1.775005e-01    3.546e-06      2.941e-04    2.906e-04    4.602e+00    2.158e-05          True
     24984     12    408   1.234574e-01   1.234574e-01   1.234582e-01   1.218085e-01    7.959e-07      1.649e-03    1.650e-03    3.859e+00    1.079e-05          True
     24987     12    411  -1.466203e-03  -1.466203e-03  -1.464632e-03  -9.261034e-04    1.572e-06      5.401e-04    5.385e-04    5.845e+00    2.158e-05          True
     24988     12    412  -8.670642e-01  -8.670642e-01  -8.670647e-01  -8.692738e-01    4.396e-07      2.210e-03    2.209e-03    3.424e+00    1.079e-05          True
     24991     12    415   5.063308e-01   5.063308e-01   5.063310e-01   5.053330e-01    1.375e-07      9.978e-04    9.980e-04    2.194e+00    1.079e-05          True
     24992     12    416   7.113618e-01   7.113618e-01   7.113633e-01   7.120825e-01    1.561e-06      7.208e-04    7.192e-04    4.257e+00    2.158e-05          True
     25004     12    428   9.345403e-01   9.345403e-01   9.345412e-01   9.321698e-01    9.306e-07      2.370e-03    2.371e-03    3.080e+00    1.079e-05          True
     25020     12    444   5.828302e-01   5.828302e-01   5.828301e-01   5.836470e-01    4.255e-08      8.168e-04    8.168e-04    3.793e+00    1.079e-05          True
     25027     12    451   1.194845e+00   1.194845e+00   1.194845e+00   1.196894e+00    3.437e-08      2.049e-03    2.049e-03    2.432e+00    1.079e-05          True
     25030     12    454  -4.035834e-01  -4.035834e-01  -4.035839e-01  -4.042470e-01    5.616e-07      6.636e-04    6.630e-04    3.371e+00    1.079e-05          True
     25032     12    456  -3.544363e-01  -3.544363e-01  -3.544353e-01  -3.529997e-01    9.596e-07      1.437e-03    1.436e-03    2.482e+00    1.079e-05          True
     25033     12    457   1.081058e+00   1.081058e+00   1.081056e+00   1.083335e+00    1.839e-06      2.277e-03    2.279e-03    5.337e+00    2.158e-05          True
     25035     12    459  -1.421480e+00  -1.421480e+00  -1.421480e+00  -1.419210e+00    8.310e-07      2.269e-03    2.270e-03    2.443e+00    1.079e-05          True
     25037     12    461  -4.859293e-01  -4.859293e-01  -4.859246e-01  -4.884444e-01    4.704e-06      2.515e-03    2.520e-03    6.645e+00    2.158e-05          True
     25051     12    475  -7.735083e-01  -7.735083e-01  -7.735091e-01  -7.752168e-01    7.922e-07      1.708e-03    1.708e-03    2.748e+00    1.079e-05          True
     25052     12    476  -3.797141e-01  -3.797141e-01  -3.797128e-01  -3.787136e-01    1.265e-06      1.000e-03    9.992e-04    3.947e+00    1.079e-05          True
     25062     12    486   1.540263e+00   1.540263e+00   1.540261e+00   1.542285e+00    2.010e-06      2.022e-03    2.024e-03    5.181e+00    2.158e-05          True
     25079     12    503   4.958772e-01   4.958772e-01   4.958760e-01   4.943044e-01    1.183e-06      1.573e-03    1.572e-03    2.896e+00    1.079e-05          True
     25085     12    509   1.956339e-01   1.956339e-01   1.956339e-01   1.951385e-01    8.522e-09      4.954e-04    4.954e-04    3.492e+00    1.079e-05          True
     25087     12    511   1.560020e+00   1.560020e+00   1.560023e+00   1.557695e+00    2.693e-06      2.325e-03    2.328e-03    4.357e+00    2.158e-05          True
     25100     12    524  -2.947982e-01  -2.947982e-01  -2.947978e-01  -2.952598e-01    4.605e-07      4.615e-04    4.620e-04    2.299e+00    1.079e-05          True
     25103     12    527   7.539146e-01   7.539146e-01   7.539149e-01   7.524616e-01    2.481e-07      1.453e-03    1.453e-03    2.595e+00    1.079e-05          True
     25105     12    529   5.949613e-01   5.949613e-01   5.949614e-01   5.939620e-01    1.296e-07      9.993e-04    9.994e-04    2.936e+00    1.079e-05          True
     25106     12    530   7.437581e-01   7.437581e-01   7.437593e-01   7.419918e-01    1.163e-06      1.766e-03    1.767e-03    2.666e+00    1.079e-05          True
     25112     12    536  -1.271911e+00  -1.271911e+00  -1.271911e+00  -1.270411e+00    6.080e-07      1.500e-03    1.500e-03    4.080e+00    2.158e-05          True
     25114     12    538  -2.136248e-01  -2.136248e-01  -2.136247e-01  -2.133394e-01    5.899e-08      2.854e-04    2.854e-04    2.118e+00    1.079e-05          True
     25117     12    541  -5.479719e-01  -5.479719e-01  -5.479707e-01  -5.469830e-01    1.286e-06      9.889e-04    9.876e-04    4.068e+00    2.158e-05          True
     25118     12    542   1.009392e+00   1.009392e+00   1.009391e+00   1.007210e+00    4.652e-07      2.182e-03    2.181e-03    4.079e+00    2.158e-05          True
     25126     12    550   6.835344e-01   6.835344e-01   6.835331e-01   6.823287e-01    1.227e-06      1.206e-03    1.204e-03    2.938e+00    1.079e-05          True
     25155     12    579  -6.013936e-01  -6.013936e-01  -6.013930e-01  -6.001403e-01    5.279e-07      1.253e-03    1.253e-03    2.245e+00    1.079e-05          True
     25170     12    594   3.440934e-01   3.440934e-01   3.440912e-01   3.435632e-01    2.231e-06      5.302e-04    5.280e-04    2.264e+00    1.079e-05          True
     25195     12    619   6.318346e-01   6.318346e-01   6.318338e-01   6.311337e-01    7.851e-07      7.009e-04    7.001e-04    3.334e+00    1.079e-05          True
     25210     12    634  -8.520086e-01  -8.520086e-01  -8.520041e-01  -8.506569e-01    4.478e-06      1.352e-03    1.347e-03    4.746e+00    2.158e-05          True
     25215     12    639  -8.763015e-02  -8.763015e-02  -8.763006e-02  -8.657980e-02    8.962e-08      1.050e-03    1.050e-03    2.124e+00    1.079e-05          True
     25225     12    649  -1.617282e-01  -1.617282e-01  -1.617306e-01  -1.610374e-01    2.419e-06      6.908e-04    6.932e-04    4.103e+00    2.158e-05          True
     25226     12    650  -2.020166e-01  -2.020166e-01  -2.020156e-01  -2.017991e-01    9.989e-07      2.174e-04    2.164e-04    2.751e+00    1.079e-05          True
     25227     12    651  -1.226103e+00  -1.226103e+00  -1.226103e+00  -1.227466e+00    4.086e-07      1.363e-03    1.363e-03    2.651e+00    1.079e-05          True
     25231     12    655  -1.131831e+00  -1.131831e+00  -1.131832e+00  -1.133213e+00    9.181e-07      1.382e-03    1.381e-03    2.500e+00    1.079e-05          True
     25244     12    668   5.413226e-01   5.413226e-01   5.413224e-01   5.425110e-01    1.790e-07      1.188e-03    1.189e-03    3.107e+00    1.079e-05          True
     25245     12    669  -1.200432e-01  -1.200432e-01  -1.200410e-01  -1.205197e-01    2.222e-06      4.765e-04    4.787e-04    1.902e+00    5.395e-06          True
     25247     12    671   7.141071e-02   7.141071e-02   7.141037e-02   7.212244e-02    3.418e-07      7.117e-04    7.121e-04    4.553e+00    2.158e-05          True
     25255     12    679   5.425802e-01   5.425802e-01   5.425790e-01   5.434081e-01    1.209e-06      8.279e-04    8.291e-04    3.540e+00    1.079e-05          True
     25259     12    683  -1.278775e-01  -1.278775e-01  -1.278775e-01  -1.285105e-01    1.598e-08      6.330e-04    6.330e-04    2.424e+00    1.079e-05          True
     25265     12    689   1.605947e-01   1.605947e-01   1.605976e-01   1.602357e-01    2.912e-06      3.590e-04    3.619e-04    3.745e+00    1.079e-05          True
     25268     12    692  -2.353113e-01  -2.353113e-01  -2.353128e-01  -2.360389e-01    1.516e-06      7.276e-04    7.261e-04    2.774e+00    1.079e-05          True
     25276     12    700   5.808455e-01   5.808455e-01   5.808448e-01   5.816177e-01    7.381e-07      7.722e-04    7.730e-04    2.252e+00    1.079e-05          True
     25285     12    709  -5.481685e-02  -5.481685e-02  -5.481738e-02  -5.413593e-02    5.325e-07      6.809e-04    6.815e-04    3.019e+00    1.079e-05          True
     25293     12    717   6.532462e-01   6.532462e-01   6.532459e-01   6.539481e-01    2.645e-07      7.019e-04    7.021e-04    2.693e+00    1.079e-05          True
     25295     12    719  -9.977913e-01  -9.977913e-01  -9.977901e-01  -9.964063e-01    1.175e-06      1.385e-03    1.384e-03    2.664e+00    1.079e-05          True
     25298     12    722  -1.615866e+00  -1.615866e+00  -1.615864e+00  -1.614071e+00    1.717e-06      1.795e-03    1.793e-03    4.594e+00    2.158e-05          True
     25307     12    731  -7.253142e-02  -7.253142e-02  -7.253186e-02  -7.460923e-02    4.444e-07      2.078e-03    2.077e-03    2.269e+00    1.079e-05          True
     25314     12    738  -2.792046e-01  -2.792046e-01  -2.792031e-01  -2.782268e-01    1.555e-06      9.778e-04    9.763e-04    2.462e+00    1.079e-05          True
     25319     12    743   1.407235e-01   1.407235e-01   1.407229e-01   1.409104e-01    6.181e-07      1.869e-04    1.875e-04    2.066e+00    1.079e-05          True
     25325     12    749  -1.113910e+00  -1.113910e+00  -1.113906e+00  -1.110772e+00    3.501e-06      3.138e-03    3.135e-03    3.042e+00    1.079e-05          True
     25331     12    755  -4.071865e-02  -4.071865e-02  -4.072020e-02  -4.236371e-02    1.551e-06      1.645e-03    1.644e-03    5.039e+00    2.158e-05          True
     25335     12    759  -8.975152e-01  -8.975152e-01  -8.975140e-01  -8.957610e-01    1.188e-06      1.754e-03    1.753e-03    2.189e+00    1.079e-05          True
     25336     12    760  -1.257743e+00  -1.257743e+00  -1.257743e+00  -1.256180e+00    2.145e-07      1.563e-03    1.562e-03    2.192e+00    1.079e-05          True
     25341     12    765  -5.378155e-02  -5.378155e-02  -5.377930e-02  -5.389187e-02    2.248e-06      1.103e-04    1.126e-04    3.224e+00    1.079e-05          True
     25346     12    770   1.335617e+00   1.335617e+00   1.335617e+00   1.337272e+00    2.846e-09      1.655e-03    1.655e-03    1.825e+00    5.395e-06          True
     25350     12    774   5.238040e-02   5.238040e-02   5.237732e-02   5.228749e-02    3.079e-06      9.291e-05    8.983e-05    4.106e+00    2.158e-05          True
     25355     12    779  -7.452409e-02  -7.452409e-02  -7.452579e-02  -7.484096e-02    1.698e-06      3.169e-04    3.152e-04    4.341e+00    2.158e-05          True
     25369     12    793  -1.134046e-01  -1.134046e-01  -1.134063e-01  -1.139908e-01    1.769e-06      5.862e-04    5.845e-04    2.612e+00    1.079e-05          True
     25375     12    799  -4.854225e-01  -4.854225e-01  -4.854245e-01  -4.859362e-01    2.075e-06      5.137e-04    5.116e-04    4.312e+00    2.158e-05          True
     25377     12    801  -8.182835e-01  -8.182835e-01  -8.182844e-01  -8.202904e-01    8.579e-07      2.007e-03    2.006e-03    3.522e+00    1.079e-05          True
     25382     12    806   3.689534e-02   3.689534e-02   3.689612e-02   3.815230e-02    7.881e-07      1.257e-03    1.256e-03    2.997e+00    1.079e-05          True
     25383     12    807  -6.752615e-01  -6.752615e-01  -6.752604e-01  -6.759910e-01    1.100e-06      7.295e-04    7.306e-04    4.591e+00    2.158e-05          True
     25385     12    809   5.428868e-01   5.428868e-01   5.428867e-01   5.435095e-01    4.658e-08      6.227e-04    6.227e-04    3.047e+00    1.079e-05          True
     25388     12    812  -2.720567e-02  -2.720567e-02  -2.720868e-02  -2.621426e-02    3.003e-06      9.914e-04    9.944e-04    2.824e+00    1.079e-05          True
     25392     12    816   2.371258e-01   2.371258e-01   2.371256e-01   2.382108e-01    1.892e-07      1.085e-03    1.085e-03    2.942e+00    1.079e-05          True
     25400     12    824  -5.604191e-01  -5.604191e-01  -5.604184e-01  -5.624492e-01    7.070e-07      2.030e-03    2.031e-03    4.159e+00    2.158e-05          True
     25413     12    837  -9.282775e-01  -9.282775e-01  -9.282773e-01  -9.297591e-01    2.609e-07      1.482e-03    1.482e-03    2.903e+00    1.079e-05          True
     25422     12    846  -6.107814e-01  -6.107814e-01  -6.107824e-01  -6.117851e-01    9.897e-07      1.004e-03    1.003e-03    3.304e+00    1.079e-05          True
     25425     12    849   1.114198e-01   1.114198e-01   1.114191e-01   1.097661e-01    7.162e-07      1.654e-03    1.653e-03    3.450e+00    1.079e-05          True
     25427     12    851   5.783705e-01   5.783705e-01   5.783688e-01   5.800046e-01    1.697e-06      1.634e-03    1.636e-03    2.247e+00    1.079e-05          True
     25428     12    852  -8.264260e-01  -8.264260e-01  -8.264264e-01  -8.247605e-01    4.857e-07      1.665e-03    1.666e-03    5.219e+00    2.158e-05          True
     25431     12    855   1.449454e-01   1.449454e-01   1.449472e-01   1.446808e-01    1.866e-06      2.646e-04    2.665e-04    3.981e+00    1.079e-05          True
     25433     12    857   6.268315e-01   6.268315e-01   6.268325e-01   6.275169e-01    1.049e-06      6.854e-04    6.843e-04    2.219e+00    1.079e-05          True
     25434     12    858   4.495033e-01   4.495033e-01   4.495043e-01   4.504304e-01    1.050e-06      9.271e-04    9.260e-04    1.962e+00    5.395e-06          True
     25435     12    859   2.975442e-01   2.975442e-01   2.975444e-01   2.991946e-01    1.947e-07      1.650e-03    1.650e-03    4.207e+00    2.158e-05          True
     25438     12    862   3.895935e-01   3.895935e-01   3.895942e-01   3.877318e-01    6.919e-07      1.862e-03    1.862e-03    2.594e+00    1.079e-05          True
     25449     12    873  -8.105123e-02  -8.105123e-02  -8.104686e-02  -8.165352e-02    4.362e-06      6.023e-04    6.067e-04    3.358e+00    1.079e-05          True
     25454     12    878  -2.669925e-01  -2.669925e-01  -2.669933e-01  -2.666458e-01    7.996e-07      3.468e-04    3.476e-04    2.828e+00    1.079e-05          True
     25455     12    879  -7.912499e-01  -7.912499e-01  -7.912493e-01  -7.896411e-01    5.914e-07      1.609e-03    1.608e-03    3.465e+00    1.079e-05          True
     25462     12    886   1.306558e-01   1.306558e-01   1.306573e-01   1.294122e-01    1.485e-06      1.244e-03    1.245e-03    3.860e+00    1.079e-05          True
     25480     12    904   2.848317e-01   2.848317e-01   2.848318e-01   2.854888e-01    1.055e-07      6.571e-04    6.570e-04    2.203e+00    1.079e-05          True
     25484     12    908  -6.671323e-01  -6.671323e-01  -6.671299e-01  -6.688309e-01    2.389e-06      1.699e-03    1.701e-03    5.624e+00    2.158e-05          True
     25489     12    913  -3.533708e-01  -3.533708e-01  -3.533716e-01  -3.519837e-01    7.628e-07      1.387e-03    1.388e-03    4.312e+00    2.158e-05          True
     25490     12    914   1.169349e-02   1.169349e-02   1.169455e-02   1.075483e-02    1.056e-06      9.387e-04    9.397e-04    3.583e+00    1.079e-05          True
     25491     12    915   7.677887e-01   7.677887e-01   7.677866e-01   7.694843e-01    2.053e-06      1.696e-03    1.698e-03    2.980e+00    1.079e-05          True
     25499     12    923  -8.011547e-01  -8.011547e-01  -8.011527e-01  -7.997516e-01    1.965e-06      1.403e-03    1.401e-03    2.488e+00    1.079e-05          True
     25502     12    926   2.245639e-01   2.245639e-01   2.245632e-01   2.264830e-01    6.469e-07      1.919e-03    1.920e-03    4.552e+00    2.158e-05          True
     25507     12    931   6.324017e-01   6.324017e-01   6.324017e-01   6.334918e-01    1.601e-08      1.090e-03    1.090e-03    2.271e+00    1.079e-05          True
     25512     12    936  -3.054542e-01  -3.054542e-01  -3.054534e-01  -3.060365e-01    7.397e-07      5.823e-04    5.830e-04    2.655e+00    1.079e-05          True
     25516     12    940  -6.245962e-01  -6.245962e-01  -6.245957e-01  -6.239601e-01    4.724e-07      6.360e-04    6.356e-04    4.069e+00    2.158e-05          True
     25518     12    942   2.882950e-01   2.882950e-01   2.882971e-01   2.879624e-01    2.024e-06      3.327e-04    3.347e-04    2.860e+00    1.079e-05          True
     25525     12    949   5.223209e-02   5.223209e-02   5.223064e-02   5.366160e-02    1.445e-06      1.430e-03    1.431e-03    3.508e+00    1.079e-05          True
     25531     12    955   6.317434e-02   6.317434e-02   6.317384e-02   6.241300e-02    5.068e-07      7.613e-04    7.608e-04    3.042e+00    1.079e-05          True
     25533     12    957   8.849043e-01   8.849043e-01   8.849058e-01   8.823335e-01    1.516e-06      2.571e-03    2.572e-03    3.315e+00    1.079e-05          True
     25542     12    966  -6.545962e-01  -6.545962e-01  -6.545936e-01  -6.522926e-01    2.573e-06      2.304e-03    2.301e-03    4.100e+00    2.158e-05          True
     25545     12    969  -6.001456e-01  -6.001456e-01  -6.001450e-01  -6.018713e-01    5.275e-07      1.726e-03    1.726e-03    3.055e+00    1.079e-05          True
     25549     12    973   6.542771e-01   6.542771e-01   6.542779e-01   6.533895e-01    7.119e-07      8.876e-04    8.883e-04    3.971e+00    1.079e-05          True
     25552     12    976  -1.757246e-01  -1.757246e-01  -1.757238e-01  -1.748639e-01    8.040e-07      8.607e-04    8.599e-04    1.788e+00    5.395e-06          True
     25559     12    983   4.251559e-01   4.251559e-01   4.251556e-01   4.239172e-01    2.917e-07      1.239e-03    1.238e-03    3.342e+00    1.079e-05          True
     25561     12    985  -6.836943e-01  -6.836943e-01  -6.836946e-01  -6.822715e-01    2.770e-07      1.423e-03    1.423e-03    2.755e+00    1.079e-05          True
     25568     12    992   2.680669e-01   2.680669e-01   2.680679e-01   2.684875e-01    1.030e-06      4.206e-04    4.195e-04    2.502e+00    1.079e-05          True
     25570     12    994  -4.519764e-01  -4.519764e-01  -4.519772e-01  -4.537856e-01    8.126e-07      1.809e-03    1.808e-03    2.592e+00    1.079e-05          True
     25573     12    997   2.064368e-01   2.064368e-01   2.064359e-01   2.070872e-01    8.817e-07      6.504e-04    6.513e-04    5.371e+00    2.158e-05          True
     25581     12   1005  -8.615386e-01  -8.615386e-01  -8.615397e-01  -8.629936e-01    1.105e-06      1.455e-03    1.454e-03    3.143e+00    1.079e-05          True
     25586     12   1010   3.523327e-02   3.523327e-02   3.523513e-02   3.628020e-02    1.852e-06      1.047e-03    1.045e-03    3.991e+00    1.079e-05          True
     25590     12   1014  -3.292773e-01  -3.292773e-01  -3.292775e-01  -3.280635e-01    2.069e-07      1.214e-03    1.214e-03    2.697e+00    1.079e-05          True
     25595     12   1019  -6.682785e-01  -6.682785e-01  -6.682773e-01  -6.664039e-01    1.172e-06      1.875e-03    1.873e-03    3.073e+00    1.079e-05          True
     25598     12   1022  -2.003952e-01  -2.003952e-01  -2.003937e-01  -1.986240e-01    1.477e-06      1.771e-03    1.770e-03    2.404e+00    1.079e-05          True
     25599     12   1023   6.521053e-01   6.521053e-01   6.521073e-01   6.502963e-01    1.979e-06      1.809e-03    1.811e-03    3.459e+00    1.079e-05          True
     25600     12   1024   1.469030e+00   1.469030e+00   1.469032e+00   1.471030e+00    2.163e-06      2.000e-03    1.998e-03    3.667e+00    1.079e-05          True
     25611     12   1035   1.243892e+00   1.243892e+00   1.243893e+00   1.242537e+00    1.262e-06      1.355e-03    1.356e-03    2.821e+00    1.079e-05          True
     25615     12   1039   1.557242e+00   1.557242e+00   1.557240e+00   1.559237e+00    1.675e-06      1.995e-03    1.997e-03    3.333e+00    1.079e-05          True
     25616     12   1040  -1.394919e+00  -1.394919e+00  -1.394918e+00  -1.393160e+00    1.380e-06      1.759e-03    1.758e-03    2.483e+00    1.079e-05          True
     25622     12   1046   1.015535e+00   1.015535e+00   1.015535e+00   1.016572e+00    1.809e-07      1.037e-03    1.036e-03    1.808e+00    5.395e-06          True
     25625     12   1049   2.444514e-01   2.444514e-01   2.444503e-01   2.450859e-01    1.056e-06      6.345e-04    6.356e-04    2.766e+00    1.079e-05          True
     25627     12   1051   8.028759e-01   8.028759e-01   8.028772e-01   8.015769e-01    1.325e-06      1.299e-03    1.300e-03    2.234e+00    1.079e-05          True
     25632     12   1056  -6.963377e-01  -6.963377e-01  -6.963377e-01  -6.954195e-01    1.022e-08      9.182e-04    9.182e-04    1.846e+00    5.395e-06          True
     25641     12   1065   9.464604e-02   9.464604e-02   9.464535e-02   9.378516e-02    6.887e-07      8.609e-04    8.602e-04    3.745e+00    1.079e-05          True
     25651     12   1075  -5.684676e-01  -5.684676e-01  -5.684679e-01  -5.690683e-01    2.253e-07      6.007e-04    6.005e-04    3.555e+00    1.079e-05          True
     25658     12   1082   2.939824e-02   2.939824e-02   2.939850e-02   2.671914e-02    2.588e-07      2.679e-03    2.679e-03    2.067e+00    1.079e-05          True
     25659     12   1083  -4.068463e-01  -4.068463e-01  -4.068458e-01  -4.064015e-01    5.382e-07      4.449e-04    4.443e-04    3.291e+00    1.079e-05          True
     25670     12   1094  -1.209652e+00  -1.209652e+00  -1.209650e+00  -1.211142e+00    2.490e-06      1.490e-03    1.492e-03    5.042e+00    2.158e-05          True
     25671     12   1095  -3.502558e-01  -3.502558e-01  -3.502537e-01  -3.494013e-01    2.073e-06      8.545e-04    8.524e-04    2.208e+00    1.079e-05          True
     25675     12   1099  -8.488873e-01  -8.488873e-01  -8.488877e-01  -8.475581e-01    4.026e-07      1.329e-03    1.330e-03    5.624e+00    2.158e-05          True
     25681     12   1105  -3.421859e-01  -3.421859e-01  -3.421861e-01  -3.428212e-01    1.995e-07      6.353e-04    6.351e-04    4.290e+00    2.158e-05          True
     25687     12   1111  -5.096798e-03  -5.096798e-03  -5.097295e-03  -4.899278e-03    4.973e-07      1.975e-04    1.980e-04    2.526e+00    1.079e-05          True
     25692     12   1116   8.739323e-01   8.739323e-01   8.739354e-01   8.759440e-01    3.090e-06      2.012e-03    2.009e-03    5.459e+00    2.158e-05          True
     25699     12   1123  -5.841475e-01  -5.841475e-01  -5.841472e-01  -5.823095e-01    3.652e-07      1.838e-03    1.838e-03    2.042e+00    1.079e-05          True
     25701     12   1125   5.041157e-02   5.041157e-02   5.040902e-02   4.970969e-02    2.544e-06      7.019e-04    6.993e-04    3.734e+00    1.079e-05          True
     25703     12   1127  -1.123557e-01  -1.123557e-01  -1.123561e-01  -1.107970e-01    4.190e-07      1.559e-03    1.559e-03    2.768e+00    1.079e-05          True
     25710     12   1134   2.265603e-01   2.265603e-01   2.265600e-01   2.273939e-01    2.569e-07      8.336e-04    8.338e-04    2.643e+00    1.079e-05          True
     25722     12   1146  -8.976789e-01  -8.976789e-01  -8.976768e-01  -8.967049e-01    2.091e-06      9.741e-04    9.720e-04    4.390e+00    2.158e-05          True
     25723     12   1147   4.968281e-02   4.968281e-02   4.968096e-02   5.214806e-02    1.849e-06      2.465e-03    2.467e-03    3.109e+00    1.079e-05          True
     25728     12   1152   7.958160e-01   7.958160e-01   7.958177e-01   7.947193e-01    1.649e-06      1.097e-03    1.098e-03    5.440e+00    2.158e-05          True
     25732     12   1156  -1.134764e-01  -1.134764e-01  -1.134767e-01  -1.129743e-01    2.576e-07      5.022e-04    5.024e-04    3.924e+00    1.079e-05          True
     25734     12   1158   6.096014e-01   6.096014e-01   6.096028e-01   6.081806e-01    1.406e-06      1.421e-03    1.422e-03    4.225e+00    2.158e-05          True
     25737     12   1161  -1.622885e-01  -1.622885e-01  -1.622910e-01  -1.611171e-01    2.432e-06      1.171e-03    1.174e-03    3.350e+00    1.079e-05          True
     25752     12   1176   3.584241e-01   3.584241e-01   3.584235e-01   3.592446e-01    5.936e-07      8.205e-04    8.211e-04    3.843e+00    1.079e-05          True
     25754     12   1178   7.101670e-01   7.101670e-01   7.101627e-01   7.092314e-01    4.302e-06      9.356e-04    9.313e-04    3.389e+00    1.079e-05          True
     25772     12   1196  -6.230198e-01  -6.230198e-01  -6.230193e-01  -6.238372e-01    5.053e-07      8.174e-04    8.180e-04    3.362e+00    1.079e-05          True
     25774     12   1198   5.446810e-02   5.446810e-02   5.446908e-02   5.585061e-02    9.785e-07      1.383e-03    1.382e-03    3.202e+00    1.079e-05          True
     25780     12   1204  -8.185240e-01  -8.185240e-01  -8.185238e-01  -8.198196e-01    1.819e-07      1.296e-03    1.296e-03    2.805e+00    1.079e-05          True
     25781     12   1205   1.018330e+00   1.018330e+00   1.018328e+00   1.019569e+00    1.655e-06      1.239e-03    1.241e-03    3.937e+00    1.079e-05          True
     25797     12   1221   8.991094e-02   8.991094e-02   8.991144e-02   8.837899e-02    4.964e-07      1.532e-03    1.532e-03    1.968e+00    5.395e-06          True
     25798     12   1222  -7.153283e-01  -7.153283e-01  -7.153304e-01  -7.144325e-01    2.101e-06      8.958e-04    8.979e-04    1.918e+00    5.395e-06          True
     25799     12   1223   2.010579e-01   2.010579e-01   2.010603e-01   2.012896e-01    2.351e-06      2.316e-04    2.293e-04    3.545e+00    1.079e-05          True
