    Finished `test` profile [unoptimized + debuginfo] target(s) in 0.02s
     Running tests/sm121_isa_probe_compile.rs (<home>/work/target-fandhe-ai/debug/deps/sm121_isa_probe_compile-3a5c9fb98d2b48b1)

running 1 test
SM121_PROBE_JSON {"v":1,"kind":"env","phase":"compile","probe":"-","target":"-","device":"none","cc":"none","nvrtc":"13.0"}
SM121_PROBE_JSON {"v":1,"kind":"cell","phase":"compile","probe":"ctl.copy","target":"compute_121","arch":"compute_121","stage":"nvrtc_ptx","status":"ok","code":"-","detail":"arch=compute_121 ptx_bytes=1052 .version 9.0 .target sm_121"}
SM121_PROBE_JSON {"v":1,"kind":"cell","phase":"compile","probe":"ctl.copy","target":"compute_121","arch":"sm_121","stage":"nvrtc_cubin","status":"ok","code":"-","detail":"arch=sm_121 ptx_bytes=1052 .version 9.0 .target sm_121"}
SM121_PROBE_JSON {"v":1,"kind":"cell","phase":"compile","probe":"ctl.copy","target":"compute_121a","arch":"compute_121a","stage":"nvrtc_ptx","status":"ok","code":"-","detail":"arch=compute_121a ptx_bytes=1053 .version 9.0 .target sm_121a"}
SM121_PROBE_JSON {"v":1,"kind":"cell","phase":"compile","probe":"ctl.copy","target":"compute_121a","arch":"sm_121a","stage":"nvrtc_cubin","status":"ok","code":"-","detail":"arch=sm_121a ptx_bytes=1053 .version 9.0 .target sm_121a"}
SM121_PROBE_JSON {"v":1,"kind":"cell","phase":"compile","probe":"ctl.copy","target":"compute_121f","arch":"compute_121f","stage":"nvrtc_ptx","status":"ok","code":"-","detail":"arch=compute_121f ptx_bytes=1053 .version 9.0 .target sm_121f"}
SM121_PROBE_JSON {"v":1,"kind":"cell","phase":"compile","probe":"ctl.copy","target":"compute_121f","arch":"sm_121f","stage":"nvrtc_cubin","status":"ok","code":"-","detail":"arch=sm_121f ptx_bytes=1053 .version 9.0 .target sm_121f"}
SM121_PROBE_JSON {"v":1,"kind":"cell","phase":"compile","probe":"ctl.copy","target":"home","arch":"sm_80","stage":"nvrtc_cubin","status":"ok","code":"-","detail":"arch=sm_80 ptx_bytes=1099 .version 9.0 .target sm_80"}
SM121_PROBE_JSON {"v":1,"kind":"cell","phase":"compile","probe":"ctl.copy","target":"hopper","arch":"sm_90a","stage":"nvrtc_cubin","status":"ok","code":"-","detail":"arch=sm_90a ptx_bytes=1100 .version 9.0 .target sm_90a"}
SM121_PROBE_JSON {"v":1,"kind":"cell","phase":"compile","probe":"macro.arch","target":"compute_121","arch":"compute_121","stage":"nvrtc_ptx","status":"ok","code":"-","detail":"arch=compute_121 ptx_bytes=1821 .version 9.0 .target sm_121"}
SM121_PROBE_JSON {"v":1,"kind":"cell","phase":"compile","probe":"macro.arch","target":"compute_121","arch":"sm_121","stage":"nvrtc_cubin","status":"ok","code":"-","detail":"arch=sm_121 ptx_bytes=1821 .version 9.0 .target sm_121"}
SM121_PROBE_JSON {"v":1,"kind":"cell","phase":"compile","probe":"macro.arch","target":"compute_121a","arch":"compute_121a","stage":"nvrtc_ptx","status":"ok","code":"-","detail":"arch=compute_121a ptx_bytes=1822 .version 9.0 .target sm_121a"}
SM121_PROBE_JSON {"v":1,"kind":"cell","phase":"compile","probe":"macro.arch","target":"compute_121a","arch":"sm_121a","stage":"nvrtc_cubin","status":"ok","code":"-","detail":"arch=sm_121a ptx_bytes=1822 .version 9.0 .target sm_121a"}
SM121_PROBE_JSON {"v":1,"kind":"cell","phase":"compile","probe":"macro.arch","target":"compute_121f","arch":"compute_121f","stage":"nvrtc_ptx","status":"ok","code":"-","detail":"arch=compute_121f ptx_bytes=1822 .version 9.0 .target sm_121f"}
SM121_PROBE_JSON {"v":1,"kind":"cell","phase":"compile","probe":"macro.arch","target":"compute_121f","arch":"sm_121f","stage":"nvrtc_cubin","status":"ok","code":"-","detail":"arch=sm_121f ptx_bytes=1822 .version 9.0 .target sm_121f"}
SM121_PROBE_JSON {"v":1,"kind":"cell","phase":"compile","probe":"macro.arch","target":"home","arch":"sm_80","stage":"nvrtc_cubin","status":"ok","code":"-","detail":"arch=sm_80 ptx_bytes=1928 .version 9.0 .target sm_80"}
SM121_PROBE_JSON {"v":1,"kind":"cell","phase":"compile","probe":"macro.arch","target":"hopper","arch":"sm_90a","stage":"nvrtc_cubin","status":"ok","code":"-","detail":"arch=sm_90a ptx_bytes=1929 .version 9.0 .target sm_90a"}
SM121_PROBE_JSON {"v":1,"kind":"cell","phase":"compile","probe":"tc5.alloc","target":"compute_121","arch":"compute_121","stage":"nvrtc_ptx","status":"ok","code":"-","detail":"arch=compute_121 ptx_bytes=1554 .version 9.0 .target sm_121"}
SM121_PROBE_JSON {"v":1,"kind":"cell","phase":"compile","probe":"tc5.alloc","target":"compute_121","arch":"sm_121","stage":"nvrtc_cubin","status":"rejected","code":"NVRTC_COMPILE_ERROR","detail":"arch=sm_121 nvrtc=NvrtcError(NVRTC_ERROR_COMPILATION) options=[\"--gpu-architecture=sm_121\"] log=ptxas application ptx input, line 38; error   : Instruction 'tcgen05.alloc' not supported on .target 'sm_121'\nptxas application ptx input, line 38; error   : Feature '.cta_group::1' not supported on .target 'sm_121'\nptxas application ptx input, line 41; error   : Instruction 'tcgen05.relinquish_alloc_permit' not supported on .target 'sm_121'\nptxas application ptx input, line 41; error   : Feature '.cta_group::1' not supported on .target 'sm_121'\nptxas application ptx input, line 46; error   : Instruction 'tcgen05.dealloc' not supported on .target 'sm_121'\nptxas application ptx input, line 46; error   : Feature '.cta_group::1' not supported on .target 'sm_121'\nptxas fatal   : Ptx assembly aborted due to errors\n"}
SM121_PROBE_JSON {"v":1,"kind":"cell","phase":"compile","probe":"tc5.alloc","target":"compute_121a","arch":"compute_121a","stage":"nvrtc_ptx","status":"ok","code":"-","detail":"arch=compute_121a ptx_bytes=1555 .version 9.0 .target sm_121a"}
SM121_PROBE_JSON {"v":1,"kind":"cell","phase":"compile","probe":"tc5.alloc","target":"compute_121a","arch":"sm_121a","stage":"nvrtc_cubin","status":"rejected","code":"NVRTC_COMPILE_ERROR","detail":"arch=sm_121a nvrtc=NvrtcError(NVRTC_ERROR_COMPILATION) options=[\"--gpu-architecture=sm_121a\"] log=ptxas application ptx input, line 38; error   : Instruction 'tcgen05.alloc' not supported on .target 'sm_121a'\nptxas application ptx input, line 38; error   : Feature '.cta_group::1' not supported on .target 'sm_121a'\nptxas application ptx input, line 41; error   : Instruction 'tcgen05.relinquish_alloc_permit' not supported on .target 'sm_121a'\nptxas application ptx input, line 41; error   : Feature '.cta_group::1' not supported on .target 'sm_121a'\nptxas application ptx input, line 46; error   : Instruction 'tcgen05.dealloc' not supported on .target 'sm_121a'\nptxas application ptx input, line 46; error   : Feature '.cta_group::1' not supported on .target 'sm_121a'\nptxas fatal   : Ptx assembly aborted due to errors\n"}
SM121_PROBE_JSON {"v":1,"kind":"cell","phase":"compile","probe":"tc5.alloc","target":"compute_121f","arch":"compute_121f","stage":"nvrtc_ptx","status":"ok","code":"-","detail":"arch=compute_121f ptx_bytes=1555 .version 9.0 .target sm_121f"}
SM121_PROBE_JSON {"v":1,"kind":"cell","phase":"compile","probe":"tc5.alloc","target":"compute_121f","arch":"sm_121f","stage":"nvrtc_cubin","status":"rejected","code":"NVRTC_COMPILE_ERROR","detail":"arch=sm_121f nvrtc=NvrtcError(NVRTC_ERROR_COMPILATION) options=[\"--gpu-architecture=sm_121f\"] log=ptxas application ptx input, line 38; error   : Instruction 'tcgen05.alloc' not supported on .target 'sm_121f'\nptxas application ptx input, line 38; error   : Feature '.cta_group::1' not supported on .target 'sm_121f'\nptxas application ptx input, line 41; error   : Instruction 'tcgen05.relinquish_alloc_permit' not supported on .target 'sm_121f'\nptxas application ptx input, line 41; error   : Feature '.cta_group::1' not supported on .target 'sm_121f'\nptxas application ptx input, line 46; error   : Instruction 'tcgen05.dealloc' not supported on .target 'sm_121f'\nptxas application ptx input, line 46; error   : Feature '.cta_group::1' not supported on .target 'sm_121f'\nptxas fatal   : Ptx assembly aborted due to errors\n"}
SM121_PROBE_JSON {"v":1,"kind":"cell","phase":"compile","probe":"tc5.alloc","target":"home","arch":"sm_100a","stage":"nvrtc_cubin","status":"ok","code":"-","detail":"arch=sm_100a ptx_bytes=1555 .version 9.0 .target sm_100a"}
SM121_PROBE_JSON {"v":1,"kind":"cell","phase":"compile","probe":"tc5.alloc","target":"hopper","arch":"sm_90a","stage":"nvrtc_cubin","status":"rejected","code":"NVRTC_COMPILE_ERROR","detail":"arch=sm_90a nvrtc=NvrtcError(NVRTC_ERROR_COMPILATION) options=[\"--gpu-architecture=sm_90a\"] log=ptxas application ptx input, line 39; error   : Instruction 'tcgen05.alloc' not supported on .target 'sm_90a'\nptxas application ptx input, line 39; error   : Feature '.cta_group::1' not supported on .target 'sm_90a'\nptxas application ptx input, line 42; error   : Instruction 'tcgen05.relinquish_alloc_permit' not supported on .target 'sm_90a'\nptxas application ptx input, line 42; error   : Feature '.cta_group::1' not supported on .target 'sm_90a'\nptxas application ptx input, line 47; error   : Instruction 'tcgen05.dealloc' not supported on .target 'sm_90a'\nptxas application ptx input, line 47; error   : Feature '.cta_group::1' not supported on .target 'sm_90a'\nptxas fatal   : Ptx assembly aborted due to errors\n"}
SM121_PROBE_JSON {"v":1,"kind":"cell","phase":"compile","probe":"tc5.ld","target":"compute_121","arch":"compute_121","stage":"nvrtc_ptx","status":"ok","code":"-","detail":"arch=compute_121 ptx_bytes=1684 .version 9.0 .target sm_121"}
SM121_PROBE_JSON {"v":1,"kind":"cell","phase":"compile","probe":"tc5.ld","target":"compute_121","arch":"sm_121","stage":"nvrtc_cubin","status":"rejected","code":"NVRTC_COMPILE_ERROR","detail":"arch=sm_121 nvrtc=NvrtcError(NVRTC_ERROR_COMPILATION) options=[\"--gpu-architecture=sm_121\"] log=ptxas application ptx input, line 38; error   : Instruction 'tcgen05.alloc' not supported on .target 'sm_121'\nptxas application ptx input, line 38; error   : Feature '.cta_group::1' not supported on .target 'sm_121'\nptxas application ptx input, line 41; error   : Instruction 'tcgen05.relinquish_alloc_permit' not supported on .target 'sm_121'\nptxas application ptx input, line 41; error   : Feature '.cta_group::1' not supported on .target 'sm_121'\nptxas application ptx input, line 46; error   : Feature '.32x32b' not supported on .target 'sm_121'\nptxas application ptx input, line 46; error   : Instruction 'tcgen05.ld' not supported on .target 'sm_121'\nptxas application ptx input, line 49; error   : Instruction 'tcgen05.wait' not supported on .target 'sm_121'\nptxas application ptx input, line 52; error   : Instruction 'tcgen05.dealloc' not supported on .target 'sm_121'\nptxas application ptx input, line 52; error   : Feature '.cta_group::1' not supported on .target 'sm_121'\nptxas fatal   : Ptx assembly aborted due to errors\n"}
SM121_PROBE_JSON {"v":1,"kind":"cell","phase":"compile","probe":"tc5.ld","target":"compute_121a","arch":"compute_121a","stage":"nvrtc_ptx","status":"ok","code":"-","detail":"arch=compute_121a ptx_bytes=1685 .version 9.0 .target sm_121a"}
SM121_PROBE_JSON {"v":1,"kind":"cell","phase":"compile","probe":"tc5.ld","target":"compute_121a","arch":"sm_121a","stage":"nvrtc_cubin","status":"rejected","code":"NVRTC_COMPILE_ERROR","detail":"arch=sm_121a nvrtc=NvrtcError(NVRTC_ERROR_COMPILATION) options=[\"--gpu-architecture=sm_121a\"] log=ptxas application ptx input, line 38; error   : Instruction 'tcgen05.alloc' not supported on .target 'sm_121a'\nptxas application ptx input, line 38; error   : Feature '.cta_group::1' not supported on .target 'sm_121a'\nptxas application ptx input, line 41; error   : Instruction 'tcgen05.relinquish_alloc_permit' not supported on .target 'sm_121a'\nptxas application ptx input, line 41; error   : Feature '.cta_group::1' not supported on .target 'sm_121a'\nptxas application ptx input, line 46; error   : Feature '.32x32b' not supported on .target 'sm_121a'\nptxas application ptx input, line 46; error   : Instruction 'tcgen05.ld' not supported on .target 'sm_121a'\nptxas application ptx input, line 49; error   : Instruction 'tcgen05.wait' not supported on .target 'sm_121a'\nptxas application ptx input, line 52; error   : Instruction 'tcgen05.dealloc' not supported on .target 'sm_121a'\nptxas application ptx input, line 52; error   : Feature '.cta_group::1' not supported on .target 'sm_121a'\nptxas fatal   : Ptx assembly aborted due to errors\n"}
SM121_PROBE_JSON {"v":1,"kind":"cell","phase":"compile","probe":"tc5.ld","target":"compute_121f","arch":"compute_121f","stage":"nvrtc_ptx","status":"ok","code":"-","detail":"arch=compute_121f ptx_bytes=1685 .version 9.0 .target sm_121f"}
SM121_PROBE_JSON {"v":1,"kind":"cell","phase":"compile","probe":"tc5.ld","target":"compute_121f","arch":"sm_121f","stage":"nvrtc_cubin","status":"rejected","code":"NVRTC_COMPILE_ERROR","detail":"arch=sm_121f nvrtc=NvrtcError(NVRTC_ERROR_COMPILATION) options=[\"--gpu-architecture=sm_121f\"] log=ptxas application ptx input, line 38; error   : Instruction 'tcgen05.alloc' not supported on .target 'sm_121f'\nptxas application ptx input, line 38; error   : Feature '.cta_group::1' not supported on .target 'sm_121f'\nptxas application ptx input, line 41; error   : Instruction 'tcgen05.relinquish_alloc_permit' not supported on .target 'sm_121f'\nptxas application ptx input, line 41; error   : Feature '.cta_group::1' not supported on .target 'sm_121f'\nptxas application ptx input, line 46; error   : Feature '.32x32b' not supported on .target 'sm_121f'\nptxas application ptx input, line 46; error   : Instruction 'tcgen05.ld' not supported on .target 'sm_121f'\nptxas application ptx input, line 49; error   : Instruction 'tcgen05.wait' not supported on .target 'sm_121f'\nptxas application ptx input, line 52; error   : Instruction 'tcgen05.dealloc' not supported on .target 'sm_121f'\nptxas application ptx input, line 52; error   : Feature '.cta_group::1' not supported on .target 'sm_121f'\nptxas fatal   : Ptx assembly aborted due to errors\n"}
SM121_PROBE_JSON {"v":1,"kind":"cell","phase":"compile","probe":"tc5.ld","target":"home","arch":"sm_100a","stage":"nvrtc_cubin","status":"ok","code":"-","detail":"arch=sm_100a ptx_bytes=1685 .version 9.0 .target sm_100a"}
SM121_PROBE_JSON {"v":1,"kind":"cell","phase":"compile","probe":"tc5.ld","target":"hopper","arch":"sm_90a","stage":"nvrtc_cubin","status":"rejected","code":"NVRTC_COMPILE_ERROR","detail":"arch=sm_90a nvrtc=NvrtcError(NVRTC_ERROR_COMPILATION) options=[\"--gpu-architecture=sm_90a\"] log=ptxas application ptx input, line 39; error   : Instruction 'tcgen05.alloc' not supported on .target 'sm_90a'\nptxas application ptx input, line 39; error   : Feature '.cta_group::1' not supported on .target 'sm_90a'\nptxas application ptx input, line 42; error   : Instruction 'tcgen05.relinquish_alloc_permit' not supported on .target 'sm_90a'\nptxas application ptx input, line 42; error   : Feature '.cta_group::1' not supported on .target 'sm_90a'\nptxas application ptx input, line 47; error   : Feature '.32x32b' not supported on .target 'sm_90a'\nptxas application ptx input, line 47; error   : Instruction 'tcgen05.ld' not supported on .target 'sm_90a'\nptxas application ptx input, line 50; error   : Instruction 'tcgen05.wait' not supported on .target 'sm_90a'\nptxas application ptx input, line 53; error   : Instruction 'tcgen05.dealloc' not supported on .target 'sm_90a'\nptxas application ptx input, line 53; error   : Feature '.cta_group::1' not supported on .target 'sm_90a'\nptxas fatal   : Ptx assembly aborted due to errors\n"}
SM121_PROBE_JSON {"v":1,"kind":"cell","phase":"compile","probe":"tc5.cross","target":"compute_121","arch":"compute_100a","stage":"nvrtc_ptx","status":"ok","code":"-","detail":"arch=compute_100a ptx_bytes=1555 .version 9.0 .target sm_100a"}
SM121_PROBE_JSON {"v":1,"kind":"cell","phase":"compile","probe":"tc5.cross","target":"compute_121","arch":"sm_100a","stage":"nvrtc_cubin","status":"ok","code":"-","detail":"arch=sm_100a ptx_bytes=1555 .version 9.0 .target sm_100a"}
SM121_PROBE_JSON {"v":1,"kind":"cell","phase":"compile","probe":"tc5.cross","target":"compute_121a","arch":"compute_100a","stage":"nvrtc_ptx","status":"ok","code":"-","detail":"arch=compute_100a ptx_bytes=1555 .version 9.0 .target sm_100a"}
SM121_PROBE_JSON {"v":1,"kind":"cell","phase":"compile","probe":"tc5.cross","target":"compute_121a","arch":"sm_100a","stage":"nvrtc_cubin","status":"ok","code":"-","detail":"arch=sm_100a ptx_bytes=1555 .version 9.0 .target sm_100a"}
SM121_PROBE_JSON {"v":1,"kind":"cell","phase":"compile","probe":"tc5.cross","target":"compute_121f","arch":"compute_100a","stage":"nvrtc_ptx","status":"ok","code":"-","detail":"arch=compute_100a ptx_bytes=1555 .version 9.0 .target sm_100a"}
SM121_PROBE_JSON {"v":1,"kind":"cell","phase":"compile","probe":"tc5.cross","target":"compute_121f","arch":"sm_100a","stage":"nvrtc_cubin","status":"ok","code":"-","detail":"arch=sm_100a ptx_bytes=1555 .version 9.0 .target sm_100a"}
SM121_PROBE_JSON {"v":1,"kind":"cell","phase":"compile","probe":"tc5.cross","target":"home","arch":"sm_100a","stage":"nvrtc_cubin","status":"ok","code":"-","detail":"arch=sm_100a ptx_bytes=1555 .version 9.0 .target sm_100a"}
SM121_PROBE_JSON {"v":1,"kind":"cell","phase":"compile","probe":"tc5.cross","target":"hopper","arch":"sm_90a","stage":"nvrtc_cubin","status":"rejected","code":"NVRTC_COMPILE_ERROR","detail":"arch=sm_90a nvrtc=NvrtcError(NVRTC_ERROR_COMPILATION) options=[\"--gpu-architecture=sm_90a\"] log=ptxas application ptx input, line 39; error   : Instruction 'tcgen05.alloc' not supported on .target 'sm_90a'\nptxas application ptx input, line 39; error   : Feature '.cta_group::1' not supported on .target 'sm_90a'\nptxas application ptx input, line 42; error   : Instruction 'tcgen05.relinquish_alloc_permit' not supported on .target 'sm_90a'\nptxas application ptx input, line 42; error   : Feature '.cta_group::1' not supported on .target 'sm_90a'\nptxas application ptx input, line 47; error   : Instruction 'tcgen05.dealloc' not supported on .target 'sm_90a'\nptxas application ptx input, line 47; error   : Feature '.cta_group::1' not supported on .target 'sm_90a'\nptxas fatal   : Ptx assembly aborted due to errors\n"}
SM121_PROBE_JSON {"v":1,"kind":"cell","phase":"compile","probe":"mma.tf32.m16n8k8","target":"compute_121","arch":"compute_121","stage":"nvrtc_ptx","status":"ok","code":"-","detail":"arch=compute_121 ptx_bytes=3134 .version 9.0 .target sm_121"}
SM121_PROBE_JSON {"v":1,"kind":"cell","phase":"compile","probe":"mma.tf32.m16n8k8","target":"compute_121","arch":"sm_121","stage":"nvrtc_cubin","status":"ok","code":"-","detail":"arch=sm_121 ptx_bytes=3134 .version 9.0 .target sm_121"}
SM121_PROBE_JSON {"v":1,"kind":"cell","phase":"compile","probe":"mma.tf32.m16n8k8","target":"compute_121a","arch":"compute_121a","stage":"nvrtc_ptx","status":"ok","code":"-","detail":"arch=compute_121a ptx_bytes=3135 .version 9.0 .target sm_121a"}
SM121_PROBE_JSON {"v":1,"kind":"cell","phase":"compile","probe":"mma.tf32.m16n8k8","target":"compute_121a","arch":"sm_121a","stage":"nvrtc_cubin","status":"ok","code":"-","detail":"arch=sm_121a ptx_bytes=3135 .version 9.0 .target sm_121a"}
SM121_PROBE_JSON {"v":1,"kind":"cell","phase":"compile","probe":"mma.tf32.m16n8k8","target":"compute_121f","arch":"compute_121f","stage":"nvrtc_ptx","status":"ok","code":"-","detail":"arch=compute_121f ptx_bytes=3135 .version 9.0 .target sm_121f"}
SM121_PROBE_JSON {"v":1,"kind":"cell","phase":"compile","probe":"mma.tf32.m16n8k8","target":"compute_121f","arch":"sm_121f","stage":"nvrtc_cubin","status":"ok","code":"-","detail":"arch=sm_121f ptx_bytes=3135 .version 9.0 .target sm_121f"}
SM121_PROBE_JSON {"v":1,"kind":"cell","phase":"compile","probe":"mma.tf32.m16n8k8","target":"home","arch":"sm_80","stage":"nvrtc_cubin","status":"ok","code":"-","detail":"arch=sm_80 ptx_bytes=3137 .version 9.0 .target sm_80"}
SM121_PROBE_JSON {"v":1,"kind":"cell","phase":"compile","probe":"mma.tf32.m16n8k8","target":"hopper","arch":"sm_90a","stage":"nvrtc_cubin","status":"ok","code":"-","detail":"arch=sm_90a ptx_bytes=3138 .version 9.0 .target sm_90a"}
SM121_PROBE_JSON {"v":1,"kind":"cell","phase":"compile","probe":"mma.tf32.m16n8k4","target":"compute_121","arch":"compute_121","stage":"nvrtc_ptx","status":"ok","code":"-","detail":"arch=compute_121 ptx_bytes=2677 .version 9.0 .target sm_121"}
SM121_PROBE_JSON {"v":1,"kind":"cell","phase":"compile","probe":"mma.tf32.m16n8k4","target":"compute_121","arch":"sm_121","stage":"nvrtc_cubin","status":"ok","code":"-","detail":"arch=sm_121 ptx_bytes=2677 .version 9.0 .target sm_121"}
SM121_PROBE_JSON {"v":1,"kind":"cell","phase":"compile","probe":"mma.tf32.m16n8k4","target":"compute_121a","arch":"compute_121a","stage":"nvrtc_ptx","status":"ok","code":"-","detail":"arch=compute_121a ptx_bytes=2678 .version 9.0 .target sm_121a"}
SM121_PROBE_JSON {"v":1,"kind":"cell","phase":"compile","probe":"mma.tf32.m16n8k4","target":"compute_121a","arch":"sm_121a","stage":"nvrtc_cubin","status":"ok","code":"-","detail":"arch=sm_121a ptx_bytes=2678 .version 9.0 .target sm_121a"}
SM121_PROBE_JSON {"v":1,"kind":"cell","phase":"compile","probe":"mma.tf32.m16n8k4","target":"compute_121f","arch":"compute_121f","stage":"nvrtc_ptx","status":"ok","code":"-","detail":"arch=compute_121f ptx_bytes=2678 .version 9.0 .target sm_121f"}
SM121_PROBE_JSON {"v":1,"kind":"cell","phase":"compile","probe":"mma.tf32.m16n8k4","target":"compute_121f","arch":"sm_121f","stage":"nvrtc_cubin","status":"ok","code":"-","detail":"arch=sm_121f ptx_bytes=2678 .version 9.0 .target sm_121f"}
SM121_PROBE_JSON {"v":1,"kind":"cell","phase":"compile","probe":"mma.tf32.m16n8k4","target":"home","arch":"sm_80","stage":"nvrtc_cubin","status":"ok","code":"-","detail":"arch=sm_80 ptx_bytes=2668 .version 9.0 .target sm_80"}
SM121_PROBE_JSON {"v":1,"kind":"cell","phase":"compile","probe":"mma.tf32.m16n8k4","target":"hopper","arch":"sm_90a","stage":"nvrtc_cubin","status":"ok","code":"-","detail":"arch=sm_90a ptx_bytes=2669 .version 9.0 .target sm_90a"}
SM121_PROBE_JSON {"v":1,"kind":"cell","phase":"compile","probe":"mma.f16.m16n8k16.f32","target":"compute_121","arch":"compute_121","stage":"nvrtc_ptx","status":"ok","code":"-","detail":"arch=compute_121 ptx_bytes=3173 .version 9.0 .target sm_121"}
SM121_PROBE_JSON {"v":1,"kind":"cell","phase":"compile","probe":"mma.f16.m16n8k16.f32","target":"compute_121","arch":"sm_121","stage":"nvrtc_cubin","status":"ok","code":"-","detail":"arch=sm_121 ptx_bytes=3173 .version 9.0 .target sm_121"}
SM121_PROBE_JSON {"v":1,"kind":"cell","phase":"compile","probe":"mma.f16.m16n8k16.f32","target":"compute_121a","arch":"compute_121a","stage":"nvrtc_ptx","status":"ok","code":"-","detail":"arch=compute_121a ptx_bytes=3174 .version 9.0 .target sm_121a"}
SM121_PROBE_JSON {"v":1,"kind":"cell","phase":"compile","probe":"mma.f16.m16n8k16.f32","target":"compute_121a","arch":"sm_121a","stage":"nvrtc_cubin","status":"ok","code":"-","detail":"arch=sm_121a ptx_bytes=3174 .version 9.0 .target sm_121a"}
SM121_PROBE_JSON {"v":1,"kind":"cell","phase":"compile","probe":"mma.f16.m16n8k16.f32","target":"compute_121f","arch":"compute_121f","stage":"nvrtc_ptx","status":"ok","code":"-","detail":"arch=compute_121f ptx_bytes=3174 .version 9.0 .target sm_121f"}
SM121_PROBE_JSON {"v":1,"kind":"cell","phase":"compile","probe":"mma.f16.m16n8k16.f32","target":"compute_121f","arch":"sm_121f","stage":"nvrtc_cubin","status":"ok","code":"-","detail":"arch=sm_121f ptx_bytes=3174 .version 9.0 .target sm_121f"}
SM121_PROBE_JSON {"v":1,"kind":"cell","phase":"compile","probe":"mma.f16.m16n8k16.f32","target":"home","arch":"sm_80","stage":"nvrtc_cubin","status":"ok","code":"-","detail":"arch=sm_80 ptx_bytes=3176 .version 9.0 .target sm_80"}
SM121_PROBE_JSON {"v":1,"kind":"cell","phase":"compile","probe":"mma.f16.m16n8k16.f32","target":"hopper","arch":"sm_90a","stage":"nvrtc_cubin","status":"ok","code":"-","detail":"arch=sm_90a ptx_bytes=3177 .version 9.0 .target sm_90a"}
SM121_PROBE_JSON {"v":1,"kind":"cell","phase":"compile","probe":"mma.f16.m16n8k8.f32","target":"compute_121","arch":"compute_121","stage":"nvrtc_ptx","status":"ok","code":"-","detail":"arch=compute_121 ptx_bytes=2705 .version 9.0 .target sm_121"}
SM121_PROBE_JSON {"v":1,"kind":"cell","phase":"compile","probe":"mma.f16.m16n8k8.f32","target":"compute_121","arch":"sm_121","stage":"nvrtc_cubin","status":"ok","code":"-","detail":"arch=sm_121 ptx_bytes=2705 .version 9.0 .target sm_121"}
SM121_PROBE_JSON {"v":1,"kind":"cell","phase":"compile","probe":"mma.f16.m16n8k8.f32","target":"compute_121a","arch":"compute_121a","stage":"nvrtc_ptx","status":"ok","code":"-","detail":"arch=compute_121a ptx_bytes=2706 .version 9.0 .target sm_121a"}
SM121_PROBE_JSON {"v":1,"kind":"cell","phase":"compile","probe":"mma.f16.m16n8k8.f32","target":"compute_121a","arch":"sm_121a","stage":"nvrtc_cubin","status":"ok","code":"-","detail":"arch=sm_121a ptx_bytes=2706 .version 9.0 .target sm_121a"}
SM121_PROBE_JSON {"v":1,"kind":"cell","phase":"compile","probe":"mma.f16.m16n8k8.f32","target":"compute_121f","arch":"compute_121f","stage":"nvrtc_ptx","status":"ok","code":"-","detail":"arch=compute_121f ptx_bytes=2706 .version 9.0 .target sm_121f"}
SM121_PROBE_JSON {"v":1,"kind":"cell","phase":"compile","probe":"mma.f16.m16n8k8.f32","target":"compute_121f","arch":"sm_121f","stage":"nvrtc_cubin","status":"ok","code":"-","detail":"arch=sm_121f ptx_bytes=2706 .version 9.0 .target sm_121f"}
SM121_PROBE_JSON {"v":1,"kind":"cell","phase":"compile","probe":"mma.f16.m16n8k8.f32","target":"home","arch":"sm_80","stage":"nvrtc_cubin","status":"ok","code":"-","detail":"arch=sm_80 ptx_bytes=2696 .version 9.0 .target sm_80"}
SM121_PROBE_JSON {"v":1,"kind":"cell","phase":"compile","probe":"mma.f16.m16n8k8.f32","target":"hopper","arch":"sm_90a","stage":"nvrtc_cubin","status":"ok","code":"-","detail":"arch=sm_90a ptx_bytes=2697 .version 9.0 .target sm_90a"}
SM121_PROBE_JSON {"v":1,"kind":"cell","phase":"compile","probe":"mma.f16.m16n8k16.f16","target":"compute_121","arch":"compute_121","stage":"nvrtc_ptx","status":"ok","code":"-","detail":"arch=compute_121 ptx_bytes=2523 .version 9.0 .target sm_121"}
SM121_PROBE_JSON {"v":1,"kind":"cell","phase":"compile","probe":"mma.f16.m16n8k16.f16","target":"compute_121","arch":"sm_121","stage":"nvrtc_cubin","status":"ok","code":"-","detail":"arch=sm_121 ptx_bytes=2523 .version 9.0 .target sm_121"}
SM121_PROBE_JSON {"v":1,"kind":"cell","phase":"compile","probe":"mma.f16.m16n8k16.f16","target":"compute_121a","arch":"compute_121a","stage":"nvrtc_ptx","status":"ok","code":"-","detail":"arch=compute_121a ptx_bytes=2524 .version 9.0 .target sm_121a"}
SM121_PROBE_JSON {"v":1,"kind":"cell","phase":"compile","probe":"mma.f16.m16n8k16.f16","target":"compute_121a","arch":"sm_121a","stage":"nvrtc_cubin","status":"ok","code":"-","detail":"arch=sm_121a ptx_bytes=2524 .version 9.0 .target sm_121a"}
SM121_PROBE_JSON {"v":1,"kind":"cell","phase":"compile","probe":"mma.f16.m16n8k16.f16","target":"compute_121f","arch":"compute_121f","stage":"nvrtc_ptx","status":"ok","code":"-","detail":"arch=compute_121f ptx_bytes=2524 .version 9.0 .target sm_121f"}
SM121_PROBE_JSON {"v":1,"kind":"cell","phase":"compile","probe":"mma.f16.m16n8k16.f16","target":"compute_121f","arch":"sm_121f","stage":"nvrtc_cubin","status":"ok","code":"-","detail":"arch=sm_121f ptx_bytes=2524 .version 9.0 .target sm_121f"}
SM121_PROBE_JSON {"v":1,"kind":"cell","phase":"compile","probe":"mma.f16.m16n8k16.f16","target":"home","arch":"sm_80","stage":"nvrtc_cubin","status":"ok","code":"-","detail":"arch=sm_80 ptx_bytes=2533 .version 9.0 .target sm_80"}
SM121_PROBE_JSON {"v":1,"kind":"cell","phase":"compile","probe":"mma.f16.m16n8k16.f16","target":"hopper","arch":"sm_90a","stage":"nvrtc_cubin","status":"ok","code":"-","detail":"arch=sm_90a ptx_bytes=2534 .version 9.0 .target sm_90a"}
SM121_PROBE_JSON {"v":1,"kind":"cell","phase":"compile","probe":"mma.bf16.m16n8k16.f32","target":"compute_121","arch":"compute_121","stage":"nvrtc_ptx","status":"ok","code":"-","detail":"arch=compute_121 ptx_bytes=3185 .version 9.0 .target sm_121"}
SM121_PROBE_JSON {"v":1,"kind":"cell","phase":"compile","probe":"mma.bf16.m16n8k16.f32","target":"compute_121","arch":"sm_121","stage":"nvrtc_cubin","status":"ok","code":"-","detail":"arch=sm_121 ptx_bytes=3185 .version 9.0 .target sm_121"}
SM121_PROBE_JSON {"v":1,"kind":"cell","phase":"compile","probe":"mma.bf16.m16n8k16.f32","target":"compute_121a","arch":"compute_121a","stage":"nvrtc_ptx","status":"ok","code":"-","detail":"arch=compute_121a ptx_bytes=3186 .version 9.0 .target sm_121a"}
SM121_PROBE_JSON {"v":1,"kind":"cell","phase":"compile","probe":"mma.bf16.m16n8k16.f32","target":"compute_121a","arch":"sm_121a","stage":"nvrtc_cubin","status":"ok","code":"-","detail":"arch=sm_121a ptx_bytes=3186 .version 9.0 .target sm_121a"}
SM121_PROBE_JSON {"v":1,"kind":"cell","phase":"compile","probe":"mma.bf16.m16n8k16.f32","target":"compute_121f","arch":"compute_121f","stage":"nvrtc_ptx","status":"ok","code":"-","detail":"arch=compute_121f ptx_bytes=3186 .version 9.0 .target sm_121f"}
SM121_PROBE_JSON {"v":1,"kind":"cell","phase":"compile","probe":"mma.bf16.m16n8k16.f32","target":"compute_121f","arch":"sm_121f","stage":"nvrtc_cubin","status":"ok","code":"-","detail":"arch=sm_121f ptx_bytes=3186 .version 9.0 .target sm_121f"}
SM121_PROBE_JSON {"v":1,"kind":"cell","phase":"compile","probe":"mma.bf16.m16n8k16.f32","target":"home","arch":"sm_80","stage":"nvrtc_cubin","status":"ok","code":"-","detail":"arch=sm_80 ptx_bytes=3188 .version 9.0 .target sm_80"}
SM121_PROBE_JSON {"v":1,"kind":"cell","phase":"compile","probe":"mma.bf16.m16n8k16.f32","target":"hopper","arch":"sm_90a","stage":"nvrtc_cubin","status":"ok","code":"-","detail":"arch=sm_90a ptx_bytes=3189 .version 9.0 .target sm_90a"}
SM121_PROBE_JSON {"v":1,"kind":"cell","phase":"compile","probe":"mma.bf16.m16n8k8.f32","target":"compute_121","arch":"compute_121","stage":"nvrtc_ptx","status":"ok","code":"-","detail":"arch=compute_121 ptx_bytes=2717 .version 9.0 .target sm_121"}
SM121_PROBE_JSON {"v":1,"kind":"cell","phase":"compile","probe":"mma.bf16.m16n8k8.f32","target":"compute_121","arch":"sm_121","stage":"nvrtc_cubin","status":"ok","code":"-","detail":"arch=sm_121 ptx_bytes=2717 .version 9.0 .target sm_121"}
SM121_PROBE_JSON {"v":1,"kind":"cell","phase":"compile","probe":"mma.bf16.m16n8k8.f32","target":"compute_121a","arch":"compute_121a","stage":"nvrtc_ptx","status":"ok","code":"-","detail":"arch=compute_121a ptx_bytes=2718 .version 9.0 .target sm_121a"}
SM121_PROBE_JSON {"v":1,"kind":"cell","phase":"compile","probe":"mma.bf16.m16n8k8.f32","target":"compute_121a","arch":"sm_121a","stage":"nvrtc_cubin","status":"ok","code":"-","detail":"arch=sm_121a ptx_bytes=2718 .version 9.0 .target sm_121a"}
SM121_PROBE_JSON {"v":1,"kind":"cell","phase":"compile","probe":"mma.bf16.m16n8k8.f32","target":"compute_121f","arch":"compute_121f","stage":"nvrtc_ptx","status":"ok","code":"-","detail":"arch=compute_121f ptx_bytes=2718 .version 9.0 .target sm_121f"}
SM121_PROBE_JSON {"v":1,"kind":"cell","phase":"compile","probe":"mma.bf16.m16n8k8.f32","target":"compute_121f","arch":"sm_121f","stage":"nvrtc_cubin","status":"ok","code":"-","detail":"arch=sm_121f ptx_bytes=2718 .version 9.0 .target sm_121f"}
SM121_PROBE_JSON {"v":1,"kind":"cell","phase":"compile","probe":"mma.bf16.m16n8k8.f32","target":"home","arch":"sm_80","stage":"nvrtc_cubin","status":"ok","code":"-","detail":"arch=sm_80 ptx_bytes=2708 .version 9.0 .target sm_80"}
SM121_PROBE_JSON {"v":1,"kind":"cell","phase":"compile","probe":"mma.bf16.m16n8k8.f32","target":"hopper","arch":"sm_90a","stage":"nvrtc_cubin","status":"ok","code":"-","detail":"arch=sm_90a ptx_bytes=2709 .version 9.0 .target sm_90a"}
SM121_PROBE_JSON {"v":1,"kind":"cell","phase":"compile","probe":"mma.f64.m8n8k4","target":"compute_121","arch":"compute_121","stage":"nvrtc_ptx","status":"ok","code":"-","detail":"arch=compute_121 ptx_bytes=3358 .version 9.0 .target sm_121"}
SM121_PROBE_JSON {"v":1,"kind":"cell","phase":"compile","probe":"mma.f64.m8n8k4","target":"compute_121","arch":"sm_121","stage":"nvrtc_cubin","status":"ok","code":"-","detail":"arch=sm_121 ptx_bytes=3358 .version 9.0 .target sm_121"}
SM121_PROBE_JSON {"v":1,"kind":"cell","phase":"compile","probe":"mma.f64.m8n8k4","target":"compute_121a","arch":"compute_121a","stage":"nvrtc_ptx","status":"ok","code":"-","detail":"arch=compute_121a ptx_bytes=3359 .version 9.0 .target sm_121a"}
SM121_PROBE_JSON {"v":1,"kind":"cell","phase":"compile","probe":"mma.f64.m8n8k4","target":"compute_121a","arch":"sm_121a","stage":"nvrtc_cubin","status":"ok","code":"-","detail":"arch=sm_121a ptx_bytes=3359 .version 9.0 .target sm_121a"}
SM121_PROBE_JSON {"v":1,"kind":"cell","phase":"compile","probe":"mma.f64.m8n8k4","target":"compute_121f","arch":"compute_121f","stage":"nvrtc_ptx","status":"ok","code":"-","detail":"arch=compute_121f ptx_bytes=3359 .version 9.0 .target sm_121f"}
SM121_PROBE_JSON {"v":1,"kind":"cell","phase":"compile","probe":"mma.f64.m8n8k4","target":"compute_121f","arch":"sm_121f","stage":"nvrtc_cubin","status":"ok","code":"-","detail":"arch=sm_121f ptx_bytes=3359 .version 9.0 .target sm_121f"}
SM121_PROBE_JSON {"v":1,"kind":"cell","phase":"compile","probe":"mma.f64.m8n8k4","target":"home","arch":"sm_80","stage":"nvrtc_cubin","status":"ok","code":"-","detail":"arch=sm_80 ptx_bytes=3376 .version 9.0 .target sm_80"}
SM121_PROBE_JSON {"v":1,"kind":"cell","phase":"compile","probe":"mma.f64.m8n8k4","target":"hopper","arch":"sm_90a","stage":"nvrtc_cubin","status":"ok","code":"-","detail":"arch=sm_90a ptx_bytes=3377 .version 9.0 .target sm_90a"}
SM121_PROBE_JSON {"v":1,"kind":"cell","phase":"compile","probe":"mma.f16.m8n8k4","target":"compute_121","arch":"compute_121","stage":"nvrtc_ptx","status":"ok","code":"-","detail":"arch=compute_121 ptx_bytes=3985 .version 9.0 .target sm_121"}
SM121_PROBE_JSON {"v":1,"kind":"cell","phase":"compile","probe":"mma.f16.m8n8k4","target":"compute_121","arch":"sm_121","stage":"nvrtc_cubin","status":"ok","code":"-","detail":"arch=sm_121 ptx_bytes=3985 .version 9.0 .target sm_121"}
SM121_PROBE_JSON {"v":1,"kind":"cell","phase":"compile","probe":"mma.f16.m8n8k4","target":"compute_121a","arch":"compute_121a","stage":"nvrtc_ptx","status":"ok","code":"-","detail":"arch=compute_121a ptx_bytes=3986 .version 9.0 .target sm_121a"}
SM121_PROBE_JSON {"v":1,"kind":"cell","phase":"compile","probe":"mma.f16.m8n8k4","target":"compute_121a","arch":"sm_121a","stage":"nvrtc_cubin","status":"ok","code":"-","detail":"arch=sm_121a ptx_bytes=3986 .version 9.0 .target sm_121a"}
SM121_PROBE_JSON {"v":1,"kind":"cell","phase":"compile","probe":"mma.f16.m8n8k4","target":"compute_121f","arch":"compute_121f","stage":"nvrtc_ptx","status":"ok","code":"-","detail":"arch=compute_121f ptx_bytes=3986 .version 9.0 .target sm_121f"}
SM121_PROBE_JSON {"v":1,"kind":"cell","phase":"compile","probe":"mma.f16.m8n8k4","target":"compute_121f","arch":"sm_121f","stage":"nvrtc_cubin","status":"ok","code":"-","detail":"arch=sm_121f ptx_bytes=3986 .version 9.0 .target sm_121f"}
SM121_PROBE_JSON {"v":1,"kind":"cell","phase":"compile","probe":"mma.f16.m8n8k4","target":"home","arch":"sm_80","stage":"nvrtc_cubin","status":"ok","code":"-","detail":"arch=sm_80 ptx_bytes=3985 .version 9.0 .target sm_80"}
SM121_PROBE_JSON {"v":1,"kind":"cell","phase":"compile","probe":"mma.f16.m8n8k4","target":"hopper","arch":"sm_90a","stage":"nvrtc_cubin","status":"ok","code":"-","detail":"arch=sm_90a ptx_bytes=3986 .version 9.0 .target sm_90a"}
SM121_PROBE_JSON {"v":1,"kind":"cell","phase":"compile","probe":"mma.f64.m16n8k4","target":"compute_121","arch":"compute_121","stage":"nvrtc_ptx","status":"ok","code":"-","detail":"arch=compute_121 ptx_bytes=5471 .version 9.0 .target sm_121"}
SM121_PROBE_JSON {"v":1,"kind":"cell","phase":"compile","probe":"mma.f64.m16n8k4","target":"compute_121","arch":"sm_121","stage":"nvrtc_cubin","status":"ok","code":"-","detail":"arch=sm_121 ptx_bytes=5471 .version 9.0 .target sm_121"}
SM121_PROBE_JSON {"v":1,"kind":"cell","phase":"compile","probe":"mma.f64.m16n8k4","target":"compute_121a","arch":"compute_121a","stage":"nvrtc_ptx","status":"ok","code":"-","detail":"arch=compute_121a ptx_bytes=5472 .version 9.0 .target sm_121a"}
SM121_PROBE_JSON {"v":1,"kind":"cell","phase":"compile","probe":"mma.f64.m16n8k4","target":"compute_121a","arch":"sm_121a","stage":"nvrtc_cubin","status":"ok","code":"-","detail":"arch=sm_121a ptx_bytes=5472 .version 9.0 .target sm_121a"}
SM121_PROBE_JSON {"v":1,"kind":"cell","phase":"compile","probe":"mma.f64.m16n8k4","target":"compute_121f","arch":"compute_121f","stage":"nvrtc_ptx","status":"ok","code":"-","detail":"arch=compute_121f ptx_bytes=5472 .version 9.0 .target sm_121f"}
SM121_PROBE_JSON {"v":1,"kind":"cell","phase":"compile","probe":"mma.f64.m16n8k4","target":"compute_121f","arch":"sm_121f","stage":"nvrtc_cubin","status":"ok","code":"-","detail":"arch=sm_121f ptx_bytes=5472 .version 9.0 .target sm_121f"}
SM121_PROBE_JSON {"v":1,"kind":"cell","phase":"compile","probe":"mma.f64.m16n8k4","target":"home","arch":"sm_90","stage":"nvrtc_cubin","status":"ok","code":"-","detail":"arch=sm_90 ptx_bytes=5365 .version 9.0 .target sm_90"}
SM121_PROBE_JSON {"v":1,"kind":"cell","phase":"compile","probe":"mma.f64.m16n8k4","target":"hopper","arch":"sm_90a","stage":"nvrtc_cubin","status":"ok","code":"-","detail":"arch=sm_90a ptx_bytes=5366 .version 9.0 .target sm_90a"}
SM121_PROBE_JSON {"v":1,"kind":"cell","phase":"compile","probe":"mma.f64.m16n8k8","target":"compute_121","arch":"compute_121","stage":"nvrtc_ptx","status":"ok","code":"-","detail":"arch=compute_121 ptx_bytes=6876 .version 9.0 .target sm_121"}
SM121_PROBE_JSON {"v":1,"kind":"cell","phase":"compile","probe":"mma.f64.m16n8k8","target":"compute_121","arch":"sm_121","stage":"nvrtc_cubin","status":"ok","code":"-","detail":"arch=sm_121 ptx_bytes=6876 .version 9.0 .target sm_121"}
SM121_PROBE_JSON {"v":1,"kind":"cell","phase":"compile","probe":"mma.f64.m16n8k8","target":"compute_121a","arch":"compute_121a","stage":"nvrtc_ptx","status":"ok","code":"-","detail":"arch=compute_121a ptx_bytes=6877 .version 9.0 .target sm_121a"}
SM121_PROBE_JSON {"v":1,"kind":"cell","phase":"compile","probe":"mma.f64.m16n8k8","target":"compute_121a","arch":"sm_121a","stage":"nvrtc_cubin","status":"ok","code":"-","detail":"arch=sm_121a ptx_bytes=6877 .version 9.0 .target sm_121a"}
SM121_PROBE_JSON {"v":1,"kind":"cell","phase":"compile","probe":"mma.f64.m16n8k8","target":"compute_121f","arch":"compute_121f","stage":"nvrtc_ptx","status":"ok","code":"-","detail":"arch=compute_121f ptx_bytes=6877 .version 9.0 .target sm_121f"}
SM121_PROBE_JSON {"v":1,"kind":"cell","phase":"compile","probe":"mma.f64.m16n8k8","target":"compute_121f","arch":"sm_121f","stage":"nvrtc_cubin","status":"ok","code":"-","detail":"arch=sm_121f ptx_bytes=6877 .version 9.0 .target sm_121f"}
SM121_PROBE_JSON {"v":1,"kind":"cell","phase":"compile","probe":"mma.f64.m16n8k8","target":"home","arch":"sm_90","stage":"nvrtc_cubin","status":"ok","code":"-","detail":"arch=sm_90 ptx_bytes=6596 .version 9.0 .target sm_90"}
SM121_PROBE_JSON {"v":1,"kind":"cell","phase":"compile","probe":"mma.f64.m16n8k8","target":"hopper","arch":"sm_90a","stage":"nvrtc_cubin","status":"ok","code":"-","detail":"arch=sm_90a ptx_bytes=6597 .version 9.0 .target sm_90a"}
SM121_PROBE_JSON {"v":1,"kind":"cell","phase":"compile","probe":"mma.f64.m16n8k16","target":"compute_121","arch":"compute_121","stage":"nvrtc_ptx","status":"ok","code":"-","detail":"arch=compute_121 ptx_bytes=9494 .version 9.0 .target sm_121"}
SM121_PROBE_JSON {"v":1,"kind":"cell","phase":"compile","probe":"mma.f64.m16n8k16","target":"compute_121","arch":"sm_121","stage":"nvrtc_cubin","status":"ok","code":"-","detail":"arch=sm_121 ptx_bytes=9494 .version 9.0 .target sm_121"}
SM121_PROBE_JSON {"v":1,"kind":"cell","phase":"compile","probe":"mma.f64.m16n8k16","target":"compute_121a","arch":"compute_121a","stage":"nvrtc_ptx","status":"ok","code":"-","detail":"arch=compute_121a ptx_bytes=9495 .version 9.0 .target sm_121a"}
SM121_PROBE_JSON {"v":1,"kind":"cell","phase":"compile","probe":"mma.f64.m16n8k16","target":"compute_121a","arch":"sm_121a","stage":"nvrtc_cubin","status":"ok","code":"-","detail":"arch=sm_121a ptx_bytes=9495 .version 9.0 .target sm_121a"}
SM121_PROBE_JSON {"v":1,"kind":"cell","phase":"compile","probe":"mma.f64.m16n8k16","target":"compute_121f","arch":"compute_121f","stage":"nvrtc_ptx","status":"ok","code":"-","detail":"arch=compute_121f ptx_bytes=9495 .version 9.0 .target sm_121f"}
SM121_PROBE_JSON {"v":1,"kind":"cell","phase":"compile","probe":"mma.f64.m16n8k16","target":"compute_121f","arch":"sm_121f","stage":"nvrtc_cubin","status":"ok","code":"-","detail":"arch=sm_121f ptx_bytes=9495 .version 9.0 .target sm_121f"}
SM121_PROBE_JSON {"v":1,"kind":"cell","phase":"compile","probe":"mma.f64.m16n8k16","target":"home","arch":"sm_90","stage":"nvrtc_cubin","status":"ok","code":"-","detail":"arch=sm_90 ptx_bytes=9295 .version 9.0 .target sm_90"}
SM121_PROBE_JSON {"v":1,"kind":"cell","phase":"compile","probe":"mma.f64.m16n8k16","target":"hopper","arch":"sm_90a","stage":"nvrtc_cubin","status":"ok","code":"-","detail":"arch=sm_90a ptx_bytes=9296 .version 9.0 .target sm_90a"}
SM121_PROBE_JSON {"v":1,"kind":"cell","phase":"compile","probe":"mma.s8.m16n8k32","target":"compute_121","arch":"compute_121","stage":"nvrtc_ptx","status":"ok","code":"-","detail":"arch=compute_121 ptx_bytes=3065 .version 9.0 .target sm_121"}
SM121_PROBE_JSON {"v":1,"kind":"cell","phase":"compile","probe":"mma.s8.m16n8k32","target":"compute_121","arch":"sm_121","stage":"nvrtc_cubin","status":"ok","code":"-","detail":"arch=sm_121 ptx_bytes=3065 .version 9.0 .target sm_121"}
SM121_PROBE_JSON {"v":1,"kind":"cell","phase":"compile","probe":"mma.s8.m16n8k32","target":"compute_121a","arch":"compute_121a","stage":"nvrtc_ptx","status":"ok","code":"-","detail":"arch=compute_121a ptx_bytes=3066 .version 9.0 .target sm_121a"}
SM121_PROBE_JSON {"v":1,"kind":"cell","phase":"compile","probe":"mma.s8.m16n8k32","target":"compute_121a","arch":"sm_121a","stage":"nvrtc_cubin","status":"ok","code":"-","detail":"arch=sm_121a ptx_bytes=3066 .version 9.0 .target sm_121a"}
SM121_PROBE_JSON {"v":1,"kind":"cell","phase":"compile","probe":"mma.s8.m16n8k32","target":"compute_121f","arch":"compute_121f","stage":"nvrtc_ptx","status":"ok","code":"-","detail":"arch=compute_121f ptx_bytes=3066 .version 9.0 .target sm_121f"}
SM121_PROBE_JSON {"v":1,"kind":"cell","phase":"compile","probe":"mma.s8.m16n8k32","target":"compute_121f","arch":"sm_121f","stage":"nvrtc_cubin","status":"ok","code":"-","detail":"arch=sm_121f ptx_bytes=3066 .version 9.0 .target sm_121f"}
SM121_PROBE_JSON {"v":1,"kind":"cell","phase":"compile","probe":"mma.s8.m16n8k32","target":"home","arch":"sm_80","stage":"nvrtc_cubin","status":"ok","code":"-","detail":"arch=sm_80 ptx_bytes=3086 .version 9.0 .target sm_80"}
SM121_PROBE_JSON {"v":1,"kind":"cell","phase":"compile","probe":"mma.s8.m16n8k32","target":"hopper","arch":"sm_90a","stage":"nvrtc_cubin","status":"ok","code":"-","detail":"arch=sm_90a ptx_bytes=3087 .version 9.0 .target sm_90a"}
SM121_PROBE_JSON {"v":1,"kind":"cell","phase":"compile","probe":"mma.e4m3.m16n8k32","target":"compute_121","arch":"compute_121","stage":"nvrtc_ptx","status":"ok","code":"-","detail":"arch=compute_121 ptx_bytes=3145 .version 9.0 .target sm_121"}
SM121_PROBE_JSON {"v":1,"kind":"cell","phase":"compile","probe":"mma.e4m3.m16n8k32","target":"compute_121","arch":"sm_121","stage":"nvrtc_cubin","status":"ok","code":"-","detail":"arch=sm_121 ptx_bytes=3145 .version 9.0 .target sm_121"}
SM121_PROBE_JSON {"v":1,"kind":"cell","phase":"compile","probe":"mma.e4m3.m16n8k32","target":"compute_121a","arch":"compute_121a","stage":"nvrtc_ptx","status":"ok","code":"-","detail":"arch=compute_121a ptx_bytes=3146 .version 9.0 .target sm_121a"}
SM121_PROBE_JSON {"v":1,"kind":"cell","phase":"compile","probe":"mma.e4m3.m16n8k32","target":"compute_121a","arch":"sm_121a","stage":"nvrtc_cubin","status":"ok","code":"-","detail":"arch=sm_121a ptx_bytes=3146 .version 9.0 .target sm_121a"}
SM121_PROBE_JSON {"v":1,"kind":"cell","phase":"compile","probe":"mma.e4m3.m16n8k32","target":"compute_121f","arch":"compute_121f","stage":"nvrtc_ptx","status":"ok","code":"-","detail":"arch=compute_121f ptx_bytes=3146 .version 9.0 .target sm_121f"}
SM121_PROBE_JSON {"v":1,"kind":"cell","phase":"compile","probe":"mma.e4m3.m16n8k32","target":"compute_121f","arch":"sm_121f","stage":"nvrtc_cubin","status":"ok","code":"-","detail":"arch=sm_121f ptx_bytes=3146 .version 9.0 .target sm_121f"}
SM121_PROBE_JSON {"v":1,"kind":"cell","phase":"compile","probe":"mma.e4m3.m16n8k32","target":"home","arch":"sm_89","stage":"nvrtc_cubin","status":"ok","code":"-","detail":"arch=sm_89 ptx_bytes=3148 .version 9.0 .target sm_89"}
SM121_PROBE_JSON {"v":1,"kind":"cell","phase":"compile","probe":"mma.e4m3.m16n8k32","target":"hopper","arch":"sm_90a","stage":"nvrtc_cubin","status":"ok","code":"-","detail":"arch=sm_90a ptx_bytes=3149 .version 9.0 .target sm_90a"}
SM121_PROBE_JSON {"v":1,"kind":"cell","phase":"compile","probe":"mma.e5m2.m16n8k32","target":"compute_121","arch":"compute_121","stage":"nvrtc_ptx","status":"ok","code":"-","detail":"arch=compute_121 ptx_bytes=3145 .version 9.0 .target sm_121"}
SM121_PROBE_JSON {"v":1,"kind":"cell","phase":"compile","probe":"mma.e5m2.m16n8k32","target":"compute_121","arch":"sm_121","stage":"nvrtc_cubin","status":"ok","code":"-","detail":"arch=sm_121 ptx_bytes=3145 .version 9.0 .target sm_121"}
SM121_PROBE_JSON {"v":1,"kind":"cell","phase":"compile","probe":"mma.e5m2.m16n8k32","target":"compute_121a","arch":"compute_121a","stage":"nvrtc_ptx","status":"ok","code":"-","detail":"arch=compute_121a ptx_bytes=3146 .version 9.0 .target sm_121a"}
SM121_PROBE_JSON {"v":1,"kind":"cell","phase":"compile","probe":"mma.e5m2.m16n8k32","target":"compute_121a","arch":"sm_121a","stage":"nvrtc_cubin","status":"ok","code":"-","detail":"arch=sm_121a ptx_bytes=3146 .version 9.0 .target sm_121a"}
SM121_PROBE_JSON {"v":1,"kind":"cell","phase":"compile","probe":"mma.e5m2.m16n8k32","target":"compute_121f","arch":"compute_121f","stage":"nvrtc_ptx","status":"ok","code":"-","detail":"arch=compute_121f ptx_bytes=3146 .version 9.0 .target sm_121f"}
SM121_PROBE_JSON {"v":1,"kind":"cell","phase":"compile","probe":"mma.e5m2.m16n8k32","target":"compute_121f","arch":"sm_121f","stage":"nvrtc_cubin","status":"ok","code":"-","detail":"arch=sm_121f ptx_bytes=3146 .version 9.0 .target sm_121f"}
SM121_PROBE_JSON {"v":1,"kind":"cell","phase":"compile","probe":"mma.e5m2.m16n8k32","target":"home","arch":"sm_89","stage":"nvrtc_cubin","status":"ok","code":"-","detail":"arch=sm_89 ptx_bytes=3148 .version 9.0 .target sm_89"}
SM121_PROBE_JSON {"v":1,"kind":"cell","phase":"compile","probe":"mma.e5m2.m16n8k32","target":"hopper","arch":"sm_90a","stage":"nvrtc_cubin","status":"ok","code":"-","detail":"arch=sm_90a ptx_bytes=3149 .version 9.0 .target sm_90a"}
SM121_PROBE_JSON {"v":1,"kind":"cell","phase":"compile","probe":"mma.f8f6f4.m16n8k32","target":"compute_121","arch":"compute_121","stage":"nvrtc_ptx","status":"ok","code":"-","detail":"arch=compute_121 ptx_bytes=3178 .version 9.0 .target sm_121"}
SM121_PROBE_JSON {"v":1,"kind":"cell","phase":"compile","probe":"mma.f8f6f4.m16n8k32","target":"compute_121","arch":"sm_121","stage":"nvrtc_cubin","status":"rejected","code":"NVRTC_COMPILE_ERROR","detail":"arch=sm_121 nvrtc=NvrtcError(NVRTC_ERROR_COMPILATION) options=[\"--gpu-architecture=sm_121\"] log=ptxas application ptx input, line 97; error   : Feature '.kind::f8f6f4' not supported on .target 'sm_121'\nptxas fatal   : Ptx assembly aborted due to errors\n"}
SM121_PROBE_JSON {"v":1,"kind":"cell","phase":"compile","probe":"mma.f8f6f4.m16n8k32","target":"compute_121a","arch":"compute_121a","stage":"nvrtc_ptx","status":"ok","code":"-","detail":"arch=compute_121a ptx_bytes=3179 .version 9.0 .target sm_121a"}
SM121_PROBE_JSON {"v":1,"kind":"cell","phase":"compile","probe":"mma.f8f6f4.m16n8k32","target":"compute_121a","arch":"sm_121a","stage":"nvrtc_cubin","status":"ok","code":"-","detail":"arch=sm_121a ptx_bytes=3179 .version 9.0 .target sm_121a"}
SM121_PROBE_JSON {"v":1,"kind":"cell","phase":"compile","probe":"mma.f8f6f4.m16n8k32","target":"compute_121f","arch":"compute_121f","stage":"nvrtc_ptx","status":"ok","code":"-","detail":"arch=compute_121f ptx_bytes=3179 .version 9.0 .target sm_121f"}
SM121_PROBE_JSON {"v":1,"kind":"cell","phase":"compile","probe":"mma.f8f6f4.m16n8k32","target":"compute_121f","arch":"sm_121f","stage":"nvrtc_cubin","status":"ok","code":"-","detail":"arch=sm_121f ptx_bytes=3179 .version 9.0 .target sm_121f"}
SM121_PROBE_JSON {"v":1,"kind":"cell","phase":"compile","probe":"mma.f8f6f4.m16n8k32","target":"home","arch":"sm_120a","stage":"nvrtc_cubin","status":"ok","code":"-","detail":"arch=sm_120a ptx_bytes=3179 .version 9.0 .target sm_120a"}
SM121_PROBE_JSON {"v":1,"kind":"cell","phase":"compile","probe":"mma.f8f6f4.m16n8k32","target":"hopper","arch":"sm_90a","stage":"nvrtc_cubin","status":"rejected","code":"NVRTC_COMPILE_ERROR","detail":"arch=sm_90a nvrtc=NvrtcError(NVRTC_ERROR_COMPILATION) options=[\"--gpu-architecture=sm_90a\"] log=ptxas application ptx input, line 118; error   : Feature '.kind::f8f6f4' not supported on .target 'sm_90a'\nptxas fatal   : Ptx assembly aborted due to errors\n"}
SM121_PROBE_JSON {"v":1,"kind":"cell","phase":"compile","probe":"mma.block_scale.m16n8k64","target":"compute_121","arch":"compute_121","stage":"nvrtc_ptx","status":"ok","code":"-","detail":"arch=compute_121 ptx_bytes=3629 .version 9.0 .target sm_121"}
SM121_PROBE_JSON {"v":1,"kind":"cell","phase":"compile","probe":"mma.block_scale.m16n8k64","target":"compute_121","arch":"sm_121","stage":"nvrtc_cubin","status":"rejected","code":"NVRTC_COMPILE_ERROR","detail":"arch=sm_121 nvrtc=NvrtcError(NVRTC_ERROR_COMPILATION) options=[\"--gpu-architecture=sm_121\"] log=ptxas application ptx input, line 111; error   : Instruction 'mma with block scale' not supported on .target 'sm_121'\nptxas application ptx input, line 111; error   : Feature '.kind::mxf4' not supported on .target 'sm_121'\nptxas application ptx input, line 111; error   : Feature '.block_scale' not supported on .target 'sm_121'\nptxas application ptx input, line 111; error   : Feature '.scale_vec::2X' not supported on .target 'sm_121'\nptxas fatal   : Ptx assembly aborted due to errors\n"}
SM121_PROBE_JSON {"v":1,"kind":"cell","phase":"compile","probe":"mma.block_scale.m16n8k64","target":"compute_121a","arch":"compute_121a","stage":"nvrtc_ptx","status":"ok","code":"-","detail":"arch=compute_121a ptx_bytes=3630 .version 9.0 .target sm_121a"}
SM121_PROBE_JSON {"v":1,"kind":"cell","phase":"compile","probe":"mma.block_scale.m16n8k64","target":"compute_121a","arch":"sm_121a","stage":"nvrtc_cubin","status":"ok","code":"-","detail":"arch=sm_121a ptx_bytes=3630 .version 9.0 .target sm_121a"}
SM121_PROBE_JSON {"v":1,"kind":"cell","phase":"compile","probe":"mma.block_scale.m16n8k64","target":"compute_121f","arch":"compute_121f","stage":"nvrtc_ptx","status":"ok","code":"-","detail":"arch=compute_121f ptx_bytes=3630 .version 9.0 .target sm_121f"}
SM121_PROBE_JSON {"v":1,"kind":"cell","phase":"compile","probe":"mma.block_scale.m16n8k64","target":"compute_121f","arch":"sm_121f","stage":"nvrtc_cubin","status":"ok","code":"-","detail":"arch=sm_121f ptx_bytes=3630 .version 9.0 .target sm_121f"}
SM121_PROBE_JSON {"v":1,"kind":"cell","phase":"compile","probe":"mma.block_scale.m16n8k64","target":"home","arch":"sm_120a","stage":"nvrtc_cubin","status":"ok","code":"-","detail":"arch=sm_120a ptx_bytes=3630 .version 9.0 .target sm_120a"}
SM121_PROBE_JSON {"v":1,"kind":"cell","phase":"compile","probe":"mma.block_scale.m16n8k64","target":"hopper","arch":"sm_90a","stage":"nvrtc_cubin","status":"rejected","code":"NVRTC_COMPILE_ERROR","detail":"arch=sm_90a nvrtc=NvrtcError(NVRTC_ERROR_COMPILATION) options=[\"--gpu-architecture=sm_90a\"] log=ptxas application ptx input, line 136; error   : Instruction 'mma with block scale' not supported on .target 'sm_90a'\nptxas application ptx input, line 136; error   : Feature '.kind::mxf4' not supported on .target 'sm_90a'\nptxas application ptx input, line 136; error   : Feature '.block_scale' not supported on .target 'sm_90a'\nptxas application ptx input, line 136; error   : Feature '.scale_vec::2X' not supported on .target 'sm_90a'\nptxas fatal   : Ptx assembly aborted due to errors\n"}
SM121_PROBE_JSON {"v":1,"kind":"cell","phase":"compile","probe":"mma.ldmatrix.x1","target":"compute_121","arch":"compute_121","stage":"nvrtc_ptx","status":"ok","code":"-","detail":"arch=compute_121 ptx_bytes=2332 .version 9.0 .target sm_121"}
SM121_PROBE_JSON {"v":1,"kind":"cell","phase":"compile","probe":"mma.ldmatrix.x1","target":"compute_121","arch":"sm_121","stage":"nvrtc_cubin","status":"ok","code":"-","detail":"arch=sm_121 ptx_bytes=2332 .version 9.0 .target sm_121"}
SM121_PROBE_JSON {"v":1,"kind":"cell","phase":"compile","probe":"mma.ldmatrix.x1","target":"compute_121a","arch":"compute_121a","stage":"nvrtc_ptx","status":"ok","code":"-","detail":"arch=compute_121a ptx_bytes=2333 .version 9.0 .target sm_121a"}
SM121_PROBE_JSON {"v":1,"kind":"cell","phase":"compile","probe":"mma.ldmatrix.x1","target":"compute_121a","arch":"sm_121a","stage":"nvrtc_cubin","status":"ok","code":"-","detail":"arch=sm_121a ptx_bytes=2333 .version 9.0 .target sm_121a"}
SM121_PROBE_JSON {"v":1,"kind":"cell","phase":"compile","probe":"mma.ldmatrix.x1","target":"compute_121f","arch":"compute_121f","stage":"nvrtc_ptx","status":"ok","code":"-","detail":"arch=compute_121f ptx_bytes=2333 .version 9.0 .target sm_121f"}
SM121_PROBE_JSON {"v":1,"kind":"cell","phase":"compile","probe":"mma.ldmatrix.x1","target":"compute_121f","arch":"sm_121f","stage":"nvrtc_cubin","status":"ok","code":"-","detail":"arch=sm_121f ptx_bytes=2333 .version 9.0 .target sm_121f"}
SM121_PROBE_JSON {"v":1,"kind":"cell","phase":"compile","probe":"mma.ldmatrix.x1","target":"home","arch":"sm_80","stage":"nvrtc_cubin","status":"ok","code":"-","detail":"arch=sm_80 ptx_bytes=2409 .version 9.0 .target sm_80"}
SM121_PROBE_JSON {"v":1,"kind":"cell","phase":"compile","probe":"mma.ldmatrix.x1","target":"hopper","arch":"sm_90a","stage":"nvrtc_cubin","status":"ok","code":"-","detail":"arch=sm_90a ptx_bytes=2410 .version 9.0 .target sm_90a"}
SM121_PROBE_JSON {"v":1,"kind":"cell","phase":"compile","probe":"mma.ldmatrix.x2","target":"compute_121","arch":"compute_121","stage":"nvrtc_ptx","status":"ok","code":"-","detail":"arch=compute_121 ptx_bytes=2323 .version 9.0 .target sm_121"}
SM121_PROBE_JSON {"v":1,"kind":"cell","phase":"compile","probe":"mma.ldmatrix.x2","target":"compute_121","arch":"sm_121","stage":"nvrtc_cubin","status":"ok","code":"-","detail":"arch=sm_121 ptx_bytes=2323 .version 9.0 .target sm_121"}
SM121_PROBE_JSON {"v":1,"kind":"cell","phase":"compile","probe":"mma.ldmatrix.x2","target":"compute_121a","arch":"compute_121a","stage":"nvrtc_ptx","status":"ok","code":"-","detail":"arch=compute_121a ptx_bytes=2324 .version 9.0 .target sm_121a"}
SM121_PROBE_JSON {"v":1,"kind":"cell","phase":"compile","probe":"mma.ldmatrix.x2","target":"compute_121a","arch":"sm_121a","stage":"nvrtc_cubin","status":"ok","code":"-","detail":"arch=sm_121a ptx_bytes=2324 .version 9.0 .target sm_121a"}
SM121_PROBE_JSON {"v":1,"kind":"cell","phase":"compile","probe":"mma.ldmatrix.x2","target":"compute_121f","arch":"compute_121f","stage":"nvrtc_ptx","status":"ok","code":"-","detail":"arch=compute_121f ptx_bytes=2324 .version 9.0 .target sm_121f"}
SM121_PROBE_JSON {"v":1,"kind":"cell","phase":"compile","probe":"mma.ldmatrix.x2","target":"compute_121f","arch":"sm_121f","stage":"nvrtc_cubin","status":"ok","code":"-","detail":"arch=sm_121f ptx_bytes=2324 .version 9.0 .target sm_121f"}
SM121_PROBE_JSON {"v":1,"kind":"cell","phase":"compile","probe":"mma.ldmatrix.x2","target":"home","arch":"sm_80","stage":"nvrtc_cubin","status":"ok","code":"-","detail":"arch=sm_80 ptx_bytes=2400 .version 9.0 .target sm_80"}
SM121_PROBE_JSON {"v":1,"kind":"cell","phase":"compile","probe":"mma.ldmatrix.x2","target":"hopper","arch":"sm_90a","stage":"nvrtc_cubin","status":"ok","code":"-","detail":"arch=sm_90a ptx_bytes=2401 .version 9.0 .target sm_90a"}
SM121_PROBE_JSON {"v":1,"kind":"cell","phase":"compile","probe":"mma.ldmatrix.x4","target":"compute_121","arch":"compute_121","stage":"nvrtc_ptx","status":"ok","code":"-","detail":"arch=compute_121 ptx_bytes=2275 .version 9.0 .target sm_121"}
SM121_PROBE_JSON {"v":1,"kind":"cell","phase":"compile","probe":"mma.ldmatrix.x4","target":"compute_121","arch":"sm_121","stage":"nvrtc_cubin","status":"ok","code":"-","detail":"arch=sm_121 ptx_bytes=2275 .version 9.0 .target sm_121"}
SM121_PROBE_JSON {"v":1,"kind":"cell","phase":"compile","probe":"mma.ldmatrix.x4","target":"compute_121a","arch":"compute_121a","stage":"nvrtc_ptx","status":"ok","code":"-","detail":"arch=compute_121a ptx_bytes=2276 .version 9.0 .target sm_121a"}
SM121_PROBE_JSON {"v":1,"kind":"cell","phase":"compile","probe":"mma.ldmatrix.x4","target":"compute_121a","arch":"sm_121a","stage":"nvrtc_cubin","status":"ok","code":"-","detail":"arch=sm_121a ptx_bytes=2276 .version 9.0 .target sm_121a"}
SM121_PROBE_JSON {"v":1,"kind":"cell","phase":"compile","probe":"mma.ldmatrix.x4","target":"compute_121f","arch":"compute_121f","stage":"nvrtc_ptx","status":"ok","code":"-","detail":"arch=compute_121f ptx_bytes=2276 .version 9.0 .target sm_121f"}
SM121_PROBE_JSON {"v":1,"kind":"cell","phase":"compile","probe":"mma.ldmatrix.x4","target":"compute_121f","arch":"sm_121f","stage":"nvrtc_cubin","status":"ok","code":"-","detail":"arch=sm_121f ptx_bytes=2276 .version 9.0 .target sm_121f"}
SM121_PROBE_JSON {"v":1,"kind":"cell","phase":"compile","probe":"mma.ldmatrix.x4","target":"home","arch":"sm_80","stage":"nvrtc_cubin","status":"ok","code":"-","detail":"arch=sm_80 ptx_bytes=2352 .version 9.0 .target sm_80"}
SM121_PROBE_JSON {"v":1,"kind":"cell","phase":"compile","probe":"mma.ldmatrix.x4","target":"hopper","arch":"sm_90a","stage":"nvrtc_cubin","status":"ok","code":"-","detail":"arch=sm_90a ptx_bytes=2353 .version 9.0 .target sm_90a"}
SM121_PROBE_JSON {"v":1,"kind":"cell","phase":"compile","probe":"mma.ldmatrix.x4_trans","target":"compute_121","arch":"compute_121","stage":"nvrtc_ptx","status":"ok","code":"-","detail":"arch=compute_121 ptx_bytes=2359 .version 9.0 .target sm_121"}
SM121_PROBE_JSON {"v":1,"kind":"cell","phase":"compile","probe":"mma.ldmatrix.x4_trans","target":"compute_121","arch":"sm_121","stage":"nvrtc_cubin","status":"ok","code":"-","detail":"arch=sm_121 ptx_bytes=2359 .version 9.0 .target sm_121"}
SM121_PROBE_JSON {"v":1,"kind":"cell","phase":"compile","probe":"mma.ldmatrix.x4_trans","target":"compute_121a","arch":"compute_121a","stage":"nvrtc_ptx","status":"ok","code":"-","detail":"arch=compute_121a ptx_bytes=2360 .version 9.0 .target sm_121a"}
SM121_PROBE_JSON {"v":1,"kind":"cell","phase":"compile","probe":"mma.ldmatrix.x4_trans","target":"compute_121a","arch":"sm_121a","stage":"nvrtc_cubin","status":"ok","code":"-","detail":"arch=sm_121a ptx_bytes=2360 .version 9.0 .target sm_121a"}
SM121_PROBE_JSON {"v":1,"kind":"cell","phase":"compile","probe":"mma.ldmatrix.x4_trans","target":"compute_121f","arch":"compute_121f","stage":"nvrtc_ptx","status":"ok","code":"-","detail":"arch=compute_121f ptx_bytes=2360 .version 9.0 .target sm_121f"}
SM121_PROBE_JSON {"v":1,"kind":"cell","phase":"compile","probe":"mma.ldmatrix.x4_trans","target":"compute_121f","arch":"sm_121f","stage":"nvrtc_cubin","status":"ok","code":"-","detail":"arch=sm_121f ptx_bytes=2360 .version 9.0 .target sm_121f"}
SM121_PROBE_JSON {"v":1,"kind":"cell","phase":"compile","probe":"mma.ldmatrix.x4_trans","target":"home","arch":"sm_80","stage":"nvrtc_cubin","status":"ok","code":"-","detail":"arch=sm_80 ptx_bytes=2442 .version 9.0 .target sm_80"}
SM121_PROBE_JSON {"v":1,"kind":"cell","phase":"compile","probe":"mma.ldmatrix.x4_trans","target":"hopper","arch":"sm_90a","stage":"nvrtc_cubin","status":"ok","code":"-","detail":"arch=sm_90a ptx_bytes=2443 .version 9.0 .target sm_90a"}
SM121_PROBE_JSON {"v":1,"kind":"cell","phase":"compile","probe":"mma.stmatrix.x4","target":"compute_121","arch":"compute_121","stage":"nvrtc_ptx","status":"ok","code":"-","detail":"arch=compute_121 ptx_bytes=2576 .version 9.0 .target sm_121"}
SM121_PROBE_JSON {"v":1,"kind":"cell","phase":"compile","probe":"mma.stmatrix.x4","target":"compute_121","arch":"sm_121","stage":"nvrtc_cubin","status":"ok","code":"-","detail":"arch=sm_121 ptx_bytes=2576 .version 9.0 .target sm_121"}
SM121_PROBE_JSON {"v":1,"kind":"cell","phase":"compile","probe":"mma.stmatrix.x4","target":"compute_121a","arch":"compute_121a","stage":"nvrtc_ptx","status":"ok","code":"-","detail":"arch=compute_121a ptx_bytes=2577 .version 9.0 .target sm_121a"}
SM121_PROBE_JSON {"v":1,"kind":"cell","phase":"compile","probe":"mma.stmatrix.x4","target":"compute_121a","arch":"sm_121a","stage":"nvrtc_cubin","status":"ok","code":"-","detail":"arch=sm_121a ptx_bytes=2577 .version 9.0 .target sm_121a"}
SM121_PROBE_JSON {"v":1,"kind":"cell","phase":"compile","probe":"mma.stmatrix.x4","target":"compute_121f","arch":"compute_121f","stage":"nvrtc_ptx","status":"ok","code":"-","detail":"arch=compute_121f ptx_bytes=2577 .version 9.0 .target sm_121f"}
SM121_PROBE_JSON {"v":1,"kind":"cell","phase":"compile","probe":"mma.stmatrix.x4","target":"compute_121f","arch":"sm_121f","stage":"nvrtc_cubin","status":"ok","code":"-","detail":"arch=sm_121f ptx_bytes=2577 .version 9.0 .target sm_121f"}
SM121_PROBE_JSON {"v":1,"kind":"cell","phase":"compile","probe":"mma.stmatrix.x4","target":"home","arch":"sm_90","stage":"nvrtc_cubin","status":"ok","code":"-","detail":"arch=sm_90 ptx_bytes=2719 .version 9.0 .target sm_90"}
SM121_PROBE_JSON {"v":1,"kind":"cell","phase":"compile","probe":"mma.stmatrix.x4","target":"hopper","arch":"sm_90a","stage":"nvrtc_cubin","status":"ok","code":"-","detail":"arch=sm_90a ptx_bytes=2720 .version 9.0 .target sm_90a"}
SM121_PROBE_JSON {"v":1,"kind":"cell","phase":"compile","probe":"simt.fma_f32","target":"compute_121","arch":"compute_121","stage":"nvrtc_ptx","status":"ok","code":"-","detail":"arch=compute_121 ptx_bytes=1522 .version 9.0 .target sm_121"}
SM121_PROBE_JSON {"v":1,"kind":"cell","phase":"compile","probe":"simt.fma_f32","target":"compute_121","arch":"sm_121","stage":"nvrtc_cubin","status":"ok","code":"-","detail":"arch=sm_121 ptx_bytes=1522 .version 9.0 .target sm_121"}
SM121_PROBE_JSON {"v":1,"kind":"cell","phase":"compile","probe":"simt.fma_f32","target":"compute_121a","arch":"compute_121a","stage":"nvrtc_ptx","status":"ok","code":"-","detail":"arch=compute_121a ptx_bytes=1523 .version 9.0 .target sm_121a"}
SM121_PROBE_JSON {"v":1,"kind":"cell","phase":"compile","probe":"simt.fma_f32","target":"compute_121a","arch":"sm_121a","stage":"nvrtc_cubin","status":"ok","code":"-","detail":"arch=sm_121a ptx_bytes=1523 .version 9.0 .target sm_121a"}
SM121_PROBE_JSON {"v":1,"kind":"cell","phase":"compile","probe":"simt.fma_f32","target":"compute_121f","arch":"compute_121f","stage":"nvrtc_ptx","status":"ok","code":"-","detail":"arch=compute_121f ptx_bytes=1523 .version 9.0 .target sm_121f"}
SM121_PROBE_JSON {"v":1,"kind":"cell","phase":"compile","probe":"simt.fma_f32","target":"compute_121f","arch":"sm_121f","stage":"nvrtc_cubin","status":"ok","code":"-","detail":"arch=sm_121f ptx_bytes=1523 .version 9.0 .target sm_121f"}
SM121_PROBE_JSON {"v":1,"kind":"cell","phase":"compile","probe":"simt.fma_f32","target":"home","arch":"sm_80","stage":"nvrtc_cubin","status":"ok","code":"-","detail":"arch=sm_80 ptx_bytes=1502 .version 9.0 .target sm_80"}
SM121_PROBE_JSON {"v":1,"kind":"cell","phase":"compile","probe":"simt.fma_f32","target":"hopper","arch":"sm_90a","stage":"nvrtc_cubin","status":"ok","code":"-","detail":"arch=sm_90a ptx_bytes=1503 .version 9.0 .target sm_90a"}
SM121_PROBE_JSON {"v":1,"kind":"cell","phase":"compile","probe":"simt.fma_f64","target":"compute_121","arch":"compute_121","stage":"nvrtc_ptx","status":"ok","code":"-","detail":"arch=compute_121 ptx_bytes=2586 .version 9.0 .target sm_121"}
SM121_PROBE_JSON {"v":1,"kind":"cell","phase":"compile","probe":"simt.fma_f64","target":"compute_121","arch":"sm_121","stage":"nvrtc_cubin","status":"ok","code":"-","detail":"arch=sm_121 ptx_bytes=2586 .version 9.0 .target sm_121"}
SM121_PROBE_JSON {"v":1,"kind":"cell","phase":"compile","probe":"simt.fma_f64","target":"compute_121a","arch":"compute_121a","stage":"nvrtc_ptx","status":"ok","code":"-","detail":"arch=compute_121a ptx_bytes=2587 .version 9.0 .target sm_121a"}
SM121_PROBE_JSON {"v":1,"kind":"cell","phase":"compile","probe":"simt.fma_f64","target":"compute_121a","arch":"sm_121a","stage":"nvrtc_cubin","status":"ok","code":"-","detail":"arch=sm_121a ptx_bytes=2587 .version 9.0 .target sm_121a"}
SM121_PROBE_JSON {"v":1,"kind":"cell","phase":"compile","probe":"simt.fma_f64","target":"compute_121f","arch":"compute_121f","stage":"nvrtc_ptx","status":"ok","code":"-","detail":"arch=compute_121f ptx_bytes=2587 .version 9.0 .target sm_121f"}
SM121_PROBE_JSON {"v":1,"kind":"cell","phase":"compile","probe":"simt.fma_f64","target":"compute_121f","arch":"sm_121f","stage":"nvrtc_cubin","status":"ok","code":"-","detail":"arch=sm_121f ptx_bytes=2587 .version 9.0 .target sm_121f"}
SM121_PROBE_JSON {"v":1,"kind":"cell","phase":"compile","probe":"simt.fma_f64","target":"home","arch":"sm_80","stage":"nvrtc_cubin","status":"ok","code":"-","detail":"arch=sm_80 ptx_bytes=2583 .version 9.0 .target sm_80"}
SM121_PROBE_JSON {"v":1,"kind":"cell","phase":"compile","probe":"simt.fma_f64","target":"hopper","arch":"sm_90a","stage":"nvrtc_cubin","status":"ok","code":"-","detail":"arch=sm_90a ptx_bytes=2584 .version 9.0 .target sm_90a"}
SM121_PROBE_JSON {"v":1,"kind":"cell","phase":"compile","probe":"simt.fma_f16x2","target":"compute_121","arch":"compute_121","stage":"nvrtc_ptx","status":"ok","code":"-","detail":"arch=compute_121 ptx_bytes=1508 .version 9.0 .target sm_121"}
SM121_PROBE_JSON {"v":1,"kind":"cell","phase":"compile","probe":"simt.fma_f16x2","target":"compute_121","arch":"sm_121","stage":"nvrtc_cubin","status":"ok","code":"-","detail":"arch=sm_121 ptx_bytes=1508 .version 9.0 .target sm_121"}
SM121_PROBE_JSON {"v":1,"kind":"cell","phase":"compile","probe":"simt.fma_f16x2","target":"compute_121a","arch":"compute_121a","stage":"nvrtc_ptx","status":"ok","code":"-","detail":"arch=compute_121a ptx_bytes=1509 .version 9.0 .target sm_121a"}
SM121_PROBE_JSON {"v":1,"kind":"cell","phase":"compile","probe":"simt.fma_f16x2","target":"compute_121a","arch":"sm_121a","stage":"nvrtc_cubin","status":"ok","code":"-","detail":"arch=sm_121a ptx_bytes=1509 .version 9.0 .target sm_121a"}
SM121_PROBE_JSON {"v":1,"kind":"cell","phase":"compile","probe":"simt.fma_f16x2","target":"compute_121f","arch":"compute_121f","stage":"nvrtc_ptx","status":"ok","code":"-","detail":"arch=compute_121f ptx_bytes=1509 .version 9.0 .target sm_121f"}
SM121_PROBE_JSON {"v":1,"kind":"cell","phase":"compile","probe":"simt.fma_f16x2","target":"compute_121f","arch":"sm_121f","stage":"nvrtc_cubin","status":"ok","code":"-","detail":"arch=sm_121f ptx_bytes=1509 .version 9.0 .target sm_121f"}
SM121_PROBE_JSON {"v":1,"kind":"cell","phase":"compile","probe":"simt.fma_f16x2","target":"home","arch":"sm_80","stage":"nvrtc_cubin","status":"ok","code":"-","detail":"arch=sm_80 ptx_bytes=1497 .version 9.0 .target sm_80"}
SM121_PROBE_JSON {"v":1,"kind":"cell","phase":"compile","probe":"simt.fma_f16x2","target":"hopper","arch":"sm_90a","stage":"nvrtc_cubin","status":"ok","code":"-","detail":"arch=sm_90a ptx_bytes=1498 .version 9.0 .target sm_90a"}
SM121_PROBE_JSON {"v":1,"kind":"cell","phase":"compile","probe":"simt.fma_bf16x2","target":"compute_121","arch":"compute_121","stage":"nvrtc_ptx","status":"ok","code":"-","detail":"arch=compute_121 ptx_bytes=1519 .version 9.0 .target sm_121"}
SM121_PROBE_JSON {"v":1,"kind":"cell","phase":"compile","probe":"simt.fma_bf16x2","target":"compute_121","arch":"sm_121","stage":"nvrtc_cubin","status":"ok","code":"-","detail":"arch=sm_121 ptx_bytes=1519 .version 9.0 .target sm_121"}
SM121_PROBE_JSON {"v":1,"kind":"cell","phase":"compile","probe":"simt.fma_bf16x2","target":"compute_121a","arch":"compute_121a","stage":"nvrtc_ptx","status":"ok","code":"-","detail":"arch=compute_121a ptx_bytes=1520 .version 9.0 .target sm_121a"}
SM121_PROBE_JSON {"v":1,"kind":"cell","phase":"compile","probe":"simt.fma_bf16x2","target":"compute_121a","arch":"sm_121a","stage":"nvrtc_cubin","status":"ok","code":"-","detail":"arch=sm_121a ptx_bytes=1520 .version 9.0 .target sm_121a"}
SM121_PROBE_JSON {"v":1,"kind":"cell","phase":"compile","probe":"simt.fma_bf16x2","target":"compute_121f","arch":"compute_121f","stage":"nvrtc_ptx","status":"ok","code":"-","detail":"arch=compute_121f ptx_bytes=1520 .version 9.0 .target sm_121f"}
SM121_PROBE_JSON {"v":1,"kind":"cell","phase":"compile","probe":"simt.fma_bf16x2","target":"compute_121f","arch":"sm_121f","stage":"nvrtc_cubin","status":"ok","code":"-","detail":"arch=sm_121f ptx_bytes=1520 .version 9.0 .target sm_121f"}
SM121_PROBE_JSON {"v":1,"kind":"cell","phase":"compile","probe":"simt.fma_bf16x2","target":"home","arch":"sm_80","stage":"nvrtc_cubin","status":"ok","code":"-","detail":"arch=sm_80 ptx_bytes=1508 .version 9.0 .target sm_80"}
SM121_PROBE_JSON {"v":1,"kind":"cell","phase":"compile","probe":"simt.fma_bf16x2","target":"hopper","arch":"sm_90a","stage":"nvrtc_cubin","status":"ok","code":"-","detail":"arch=sm_90a ptx_bytes=1509 .version 9.0 .target sm_90a"}
SM121_PROBE_JSON {"v":1,"kind":"cell","phase":"compile","probe":"simt.f32x2_add","target":"compute_121","arch":"compute_121","stage":"nvrtc_ptx","status":"ok","code":"-","detail":"arch=compute_121 ptx_bytes=2052 .version 9.0 .target sm_121"}
SM121_PROBE_JSON {"v":1,"kind":"cell","phase":"compile","probe":"simt.f32x2_add","target":"compute_121","arch":"sm_121","stage":"nvrtc_cubin","status":"ok","code":"-","detail":"arch=sm_121 ptx_bytes=2052 .version 9.0 .target sm_121"}
SM121_PROBE_JSON {"v":1,"kind":"cell","phase":"compile","probe":"simt.f32x2_add","target":"compute_121a","arch":"compute_121a","stage":"nvrtc_ptx","status":"ok","code":"-","detail":"arch=compute_121a ptx_bytes=2053 .version 9.0 .target sm_121a"}
SM121_PROBE_JSON {"v":1,"kind":"cell","phase":"compile","probe":"simt.f32x2_add","target":"compute_121a","arch":"sm_121a","stage":"nvrtc_cubin","status":"ok","code":"-","detail":"arch=sm_121a ptx_bytes=2053 .version 9.0 .target sm_121a"}
SM121_PROBE_JSON {"v":1,"kind":"cell","phase":"compile","probe":"simt.f32x2_add","target":"compute_121f","arch":"compute_121f","stage":"nvrtc_ptx","status":"ok","code":"-","detail":"arch=compute_121f ptx_bytes=2053 .version 9.0 .target sm_121f"}
SM121_PROBE_JSON {"v":1,"kind":"cell","phase":"compile","probe":"simt.f32x2_add","target":"compute_121f","arch":"sm_121f","stage":"nvrtc_cubin","status":"ok","code":"-","detail":"arch=sm_121f ptx_bytes=2053 .version 9.0 .target sm_121f"}
SM121_PROBE_JSON {"v":1,"kind":"cell","phase":"compile","probe":"simt.f32x2_add","target":"home","arch":"sm_100","stage":"nvrtc_cubin","status":"ok","code":"-","detail":"arch=sm_100 ptx_bytes=2052 .version 9.0 .target sm_100"}
SM121_PROBE_JSON {"v":1,"kind":"cell","phase":"compile","probe":"simt.f32x2_add","target":"hopper","arch":"sm_90a","stage":"nvrtc_cubin","status":"rejected","code":"NVRTC_COMPILE_ERROR","detail":"arch=sm_90a nvrtc=NvrtcError(NVRTC_ERROR_COMPILATION) options=[\"--gpu-architecture=sm_90a\"] log=ptxas application ptx input, line 77; error   : Feature 'add.f32x2' requires .target sm_100 or higher\nptxas fatal   : Ptx assembly aborted due to errors\n"}
SM121_PROBE_JSON {"v":1,"kind":"cell","phase":"compile","probe":"simt.f32x2_mul","target":"compute_121","arch":"compute_121","stage":"nvrtc_ptx","status":"ok","code":"-","detail":"arch=compute_121 ptx_bytes=2052 .version 9.0 .target sm_121"}
SM121_PROBE_JSON {"v":1,"kind":"cell","phase":"compile","probe":"simt.f32x2_mul","target":"compute_121","arch":"sm_121","stage":"nvrtc_cubin","status":"ok","code":"-","detail":"arch=sm_121 ptx_bytes=2052 .version 9.0 .target sm_121"}
SM121_PROBE_JSON {"v":1,"kind":"cell","phase":"compile","probe":"simt.f32x2_mul","target":"compute_121a","arch":"compute_121a","stage":"nvrtc_ptx","status":"ok","code":"-","detail":"arch=compute_121a ptx_bytes=2053 .version 9.0 .target sm_121a"}
SM121_PROBE_JSON {"v":1,"kind":"cell","phase":"compile","probe":"simt.f32x2_mul","target":"compute_121a","arch":"sm_121a","stage":"nvrtc_cubin","status":"ok","code":"-","detail":"arch=sm_121a ptx_bytes=2053 .version 9.0 .target sm_121a"}
SM121_PROBE_JSON {"v":1,"kind":"cell","phase":"compile","probe":"simt.f32x2_mul","target":"compute_121f","arch":"compute_121f","stage":"nvrtc_ptx","status":"ok","code":"-","detail":"arch=compute_121f ptx_bytes=2053 .version 9.0 .target sm_121f"}
SM121_PROBE_JSON {"v":1,"kind":"cell","phase":"compile","probe":"simt.f32x2_mul","target":"compute_121f","arch":"sm_121f","stage":"nvrtc_cubin","status":"ok","code":"-","detail":"arch=sm_121f ptx_bytes=2053 .version 9.0 .target sm_121f"}
SM121_PROBE_JSON {"v":1,"kind":"cell","phase":"compile","probe":"simt.f32x2_mul","target":"home","arch":"sm_100","stage":"nvrtc_cubin","status":"ok","code":"-","detail":"arch=sm_100 ptx_bytes=2052 .version 9.0 .target sm_100"}
SM121_PROBE_JSON {"v":1,"kind":"cell","phase":"compile","probe":"simt.f32x2_mul","target":"hopper","arch":"sm_90a","stage":"nvrtc_cubin","status":"rejected","code":"NVRTC_COMPILE_ERROR","detail":"arch=sm_90a nvrtc=NvrtcError(NVRTC_ERROR_COMPILATION) options=[\"--gpu-architecture=sm_90a\"] log=ptxas application ptx input, line 77; error   : Feature 'mul.f32x2' requires .target sm_100 or higher\nptxas fatal   : Ptx assembly aborted due to errors\n"}
SM121_PROBE_JSON {"v":1,"kind":"cell","phase":"compile","probe":"simt.f32x2_fma","target":"compute_121","arch":"compute_121","stage":"nvrtc_ptx","status":"ok","code":"-","detail":"arch=compute_121 ptx_bytes=2491 .version 9.0 .target sm_121"}
SM121_PROBE_JSON {"v":1,"kind":"cell","phase":"compile","probe":"simt.f32x2_fma","target":"compute_121","arch":"sm_121","stage":"nvrtc_cubin","status":"ok","code":"-","detail":"arch=sm_121 ptx_bytes=2491 .version 9.0 .target sm_121"}
SM121_PROBE_JSON {"v":1,"kind":"cell","phase":"compile","probe":"simt.f32x2_fma","target":"compute_121a","arch":"compute_121a","stage":"nvrtc_ptx","status":"ok","code":"-","detail":"arch=compute_121a ptx_bytes=2492 .version 9.0 .target sm_121a"}
SM121_PROBE_JSON {"v":1,"kind":"cell","phase":"compile","probe":"simt.f32x2_fma","target":"compute_121a","arch":"sm_121a","stage":"nvrtc_cubin","status":"ok","code":"-","detail":"arch=sm_121a ptx_bytes=2492 .version 9.0 .target sm_121a"}
SM121_PROBE_JSON {"v":1,"kind":"cell","phase":"compile","probe":"simt.f32x2_fma","target":"compute_121f","arch":"compute_121f","stage":"nvrtc_ptx","status":"ok","code":"-","detail":"arch=compute_121f ptx_bytes=2492 .version 9.0 .target sm_121f"}
SM121_PROBE_JSON {"v":1,"kind":"cell","phase":"compile","probe":"simt.f32x2_fma","target":"compute_121f","arch":"sm_121f","stage":"nvrtc_cubin","status":"ok","code":"-","detail":"arch=sm_121f ptx_bytes=2492 .version 9.0 .target sm_121f"}
SM121_PROBE_JSON {"v":1,"kind":"cell","phase":"compile","probe":"simt.f32x2_fma","target":"home","arch":"sm_100","stage":"nvrtc_cubin","status":"ok","code":"-","detail":"arch=sm_100 ptx_bytes=2491 .version 9.0 .target sm_100"}
SM121_PROBE_JSON {"v":1,"kind":"cell","phase":"compile","probe":"simt.f32x2_fma","target":"hopper","arch":"sm_90a","stage":"nvrtc_cubin","status":"rejected","code":"NVRTC_COMPILE_ERROR","detail":"arch=sm_90a nvrtc=NvrtcError(NVRTC_ERROR_COMPILATION) options=[\"--gpu-architecture=sm_90a\"] log=ptxas application ptx input, line 97; error   : Feature 'fma.f32x2' requires .target sm_100 or higher\nptxas fatal   : Ptx assembly aborted due to errors\n"}
SM121_PROBE_JSON {"v":1,"kind":"cell","phase":"compile","probe":"simt.cvt_tf32","target":"compute_121","arch":"compute_121","stage":"nvrtc_ptx","status":"ok","code":"-","detail":"arch=compute_121 ptx_bytes=1198 .version 9.0 .target sm_121"}
SM121_PROBE_JSON {"v":1,"kind":"cell","phase":"compile","probe":"simt.cvt_tf32","target":"compute_121","arch":"sm_121","stage":"nvrtc_cubin","status":"ok","code":"-","detail":"arch=sm_121 ptx_bytes=1198 .version 9.0 .target sm_121"}
SM121_PROBE_JSON {"v":1,"kind":"cell","phase":"compile","probe":"simt.cvt_tf32","target":"compute_121a","arch":"compute_121a","stage":"nvrtc_ptx","status":"ok","code":"-","detail":"arch=compute_121a ptx_bytes=1199 .version 9.0 .target sm_121a"}
SM121_PROBE_JSON {"v":1,"kind":"cell","phase":"compile","probe":"simt.cvt_tf32","target":"compute_121a","arch":"sm_121a","stage":"nvrtc_cubin","status":"ok","code":"-","detail":"arch=sm_121a ptx_bytes=1199 .version 9.0 .target sm_121a"}
SM121_PROBE_JSON {"v":1,"kind":"cell","phase":"compile","probe":"simt.cvt_tf32","target":"compute_121f","arch":"compute_121f","stage":"nvrtc_ptx","status":"ok","code":"-","detail":"arch=compute_121f ptx_bytes=1199 .version 9.0 .target sm_121f"}
SM121_PROBE_JSON {"v":1,"kind":"cell","phase":"compile","probe":"simt.cvt_tf32","target":"compute_121f","arch":"sm_121f","stage":"nvrtc_cubin","status":"ok","code":"-","detail":"arch=sm_121f ptx_bytes=1199 .version 9.0 .target sm_121f"}
SM121_PROBE_JSON {"v":1,"kind":"cell","phase":"compile","probe":"simt.cvt_tf32","target":"home","arch":"sm_80","stage":"nvrtc_cubin","status":"ok","code":"-","detail":"arch=sm_80 ptx_bytes=1180 .version 9.0 .target sm_80"}
SM121_PROBE_JSON {"v":1,"kind":"cell","phase":"compile","probe":"simt.cvt_tf32","target":"hopper","arch":"sm_90a","stage":"nvrtc_cubin","status":"ok","code":"-","detail":"arch=sm_90a ptx_bytes=1181 .version 9.0 .target sm_90a"}
SM121_PROBE_JSON {"v":1,"kind":"cell","phase":"compile","probe":"simt.elect_sync","target":"compute_121","arch":"compute_121","stage":"nvrtc_ptx","status":"ok","code":"-","detail":"arch=compute_121 ptx_bytes=938 .version 9.0 .target sm_121"}
SM121_PROBE_JSON {"v":1,"kind":"cell","phase":"compile","probe":"simt.elect_sync","target":"compute_121","arch":"sm_121","stage":"nvrtc_cubin","status":"ok","code":"-","detail":"arch=sm_121 ptx_bytes=938 .version 9.0 .target sm_121"}
SM121_PROBE_JSON {"v":1,"kind":"cell","phase":"compile","probe":"simt.elect_sync","target":"compute_121a","arch":"compute_121a","stage":"nvrtc_ptx","status":"ok","code":"-","detail":"arch=compute_121a ptx_bytes=939 .version 9.0 .target sm_121a"}
SM121_PROBE_JSON {"v":1,"kind":"cell","phase":"compile","probe":"simt.elect_sync","target":"compute_121a","arch":"sm_121a","stage":"nvrtc_cubin","status":"ok","code":"-","detail":"arch=sm_121a ptx_bytes=939 .version 9.0 .target sm_121a"}
SM121_PROBE_JSON {"v":1,"kind":"cell","phase":"compile","probe":"simt.elect_sync","target":"compute_121f","arch":"compute_121f","stage":"nvrtc_ptx","status":"ok","code":"-","detail":"arch=compute_121f ptx_bytes=939 .version 9.0 .target sm_121f"}
SM121_PROBE_JSON {"v":1,"kind":"cell","phase":"compile","probe":"simt.elect_sync","target":"compute_121f","arch":"sm_121f","stage":"nvrtc_cubin","status":"ok","code":"-","detail":"arch=sm_121f ptx_bytes=939 .version 9.0 .target sm_121f"}
SM121_PROBE_JSON {"v":1,"kind":"cell","phase":"compile","probe":"simt.elect_sync","target":"home","arch":"sm_90","stage":"nvrtc_cubin","status":"ok","code":"-","detail":"arch=sm_90 ptx_bytes=918 .version 9.0 .target sm_90"}
SM121_PROBE_JSON {"v":1,"kind":"cell","phase":"compile","probe":"simt.elect_sync","target":"hopper","arch":"sm_90a","stage":"nvrtc_cubin","status":"ok","code":"-","detail":"arch=sm_90a ptx_bytes=919 .version 9.0 .target sm_90a"}
SM121_PROBE_JSON {"v":1,"kind":"cell","phase":"compile","probe":"simt.redux_u32","target":"compute_121","arch":"compute_121","stage":"nvrtc_ptx","status":"ok","code":"-","detail":"arch=compute_121 ptx_bytes=1836 .version 9.0 .target sm_121"}
SM121_PROBE_JSON {"v":1,"kind":"cell","phase":"compile","probe":"simt.redux_u32","target":"compute_121","arch":"sm_121","stage":"nvrtc_cubin","status":"ok","code":"-","detail":"arch=sm_121 ptx_bytes=1836 .version 9.0 .target sm_121"}
SM121_PROBE_JSON {"v":1,"kind":"cell","phase":"compile","probe":"simt.redux_u32","target":"compute_121a","arch":"compute_121a","stage":"nvrtc_ptx","status":"ok","code":"-","detail":"arch=compute_121a ptx_bytes=1837 .version 9.0 .target sm_121a"}
SM121_PROBE_JSON {"v":1,"kind":"cell","phase":"compile","probe":"simt.redux_u32","target":"compute_121a","arch":"sm_121a","stage":"nvrtc_cubin","status":"ok","code":"-","detail":"arch=sm_121a ptx_bytes=1837 .version 9.0 .target sm_121a"}
SM121_PROBE_JSON {"v":1,"kind":"cell","phase":"compile","probe":"simt.redux_u32","target":"compute_121f","arch":"compute_121f","stage":"nvrtc_ptx","status":"ok","code":"-","detail":"arch=compute_121f ptx_bytes=1837 .version 9.0 .target sm_121f"}
SM121_PROBE_JSON {"v":1,"kind":"cell","phase":"compile","probe":"simt.redux_u32","target":"compute_121f","arch":"sm_121f","stage":"nvrtc_cubin","status":"ok","code":"-","detail":"arch=sm_121f ptx_bytes=1837 .version 9.0 .target sm_121f"}
SM121_PROBE_JSON {"v":1,"kind":"cell","phase":"compile","probe":"simt.redux_u32","target":"home","arch":"sm_80","stage":"nvrtc_cubin","status":"ok","code":"-","detail":"arch=sm_80 ptx_bytes=1824 .version 9.0 .target sm_80"}
SM121_PROBE_JSON {"v":1,"kind":"cell","phase":"compile","probe":"simt.redux_u32","target":"hopper","arch":"sm_90a","stage":"nvrtc_cubin","status":"ok","code":"-","detail":"arch=sm_90a ptx_bytes=1825 .version 9.0 .target sm_90a"}
SM121_PROBE_JSON {"v":1,"kind":"cell","phase":"compile","probe":"simt.redux_f32","target":"compute_121","arch":"compute_121","stage":"nvrtc_ptx","status":"ok","code":"-","detail":"arch=compute_121 ptx_bytes=1222 .version 9.0 .target sm_121"}
SM121_PROBE_JSON {"v":1,"kind":"cell","phase":"compile","probe":"simt.redux_f32","target":"compute_121","arch":"sm_121","stage":"nvrtc_cubin","status":"rejected","code":"NVRTC_COMPILE_ERROR","detail":"arch=sm_121 nvrtc=NvrtcError(NVRTC_ERROR_COMPILATION) options=[\"--gpu-architecture=sm_121\"] log=ptxas application ptx input, line 42; error   : Instruction 'redux.f32' not supported on .target 'sm_121'\nptxas fatal   : Ptx assembly aborted due to errors\n"}
SM121_PROBE_JSON {"v":1,"kind":"cell","phase":"compile","probe":"simt.redux_f32","target":"compute_121a","arch":"compute_121a","stage":"nvrtc_ptx","status":"ok","code":"-","detail":"arch=compute_121a ptx_bytes=1223 .version 9.0 .target sm_121a"}
SM121_PROBE_JSON {"v":1,"kind":"cell","phase":"compile","probe":"simt.redux_f32","target":"compute_121a","arch":"sm_121a","stage":"nvrtc_cubin","status":"rejected","code":"NVRTC_COMPILE_ERROR","detail":"arch=sm_121a nvrtc=NvrtcError(NVRTC_ERROR_COMPILATION) options=[\"--gpu-architecture=sm_121a\"] log=ptxas application ptx input, line 42; error   : Instruction 'redux.f32' not supported on .target 'sm_121a'\nptxas fatal   : Ptx assembly aborted due to errors\n"}
SM121_PROBE_JSON {"v":1,"kind":"cell","phase":"compile","probe":"simt.redux_f32","target":"compute_121f","arch":"compute_121f","stage":"nvrtc_ptx","status":"ok","code":"-","detail":"arch=compute_121f ptx_bytes=1223 .version 9.0 .target sm_121f"}
SM121_PROBE_JSON {"v":1,"kind":"cell","phase":"compile","probe":"simt.redux_f32","target":"compute_121f","arch":"sm_121f","stage":"nvrtc_cubin","status":"rejected","code":"NVRTC_COMPILE_ERROR","detail":"arch=sm_121f nvrtc=NvrtcError(NVRTC_ERROR_COMPILATION) options=[\"--gpu-architecture=sm_121f\"] log=ptxas application ptx input, line 42; error   : Instruction 'redux.f32' not supported on .target 'sm_121f'\nptxas fatal   : Ptx assembly aborted due to errors\n"}
SM121_PROBE_JSON {"v":1,"kind":"cell","phase":"compile","probe":"simt.redux_f32","target":"home","arch":"sm_100a","stage":"nvrtc_cubin","status":"ok","code":"-","detail":"arch=sm_100a ptx_bytes=1223 .version 9.0 .target sm_100a"}
SM121_PROBE_JSON {"v":1,"kind":"cell","phase":"compile","probe":"simt.redux_f32","target":"hopper","arch":"sm_90a","stage":"nvrtc_cubin","status":"rejected","code":"NVRTC_COMPILE_ERROR","detail":"arch=sm_90a nvrtc=NvrtcError(NVRTC_ERROR_COMPILATION) options=[\"--gpu-architecture=sm_90a\"] log=ptxas application ptx input, line 45; error   : Instruction 'redux.f32' not supported on .target 'sm_90a'\nptxas fatal   : Ptx assembly aborted due to errors\n"}
SM121_PROBE_JSON {"v":1,"kind":"cell","phase":"compile","probe":"wgmma.m64n8k16","target":"compute_121","arch":"compute_121","stage":"nvrtc_ptx","status":"ok","code":"-","detail":"arch=compute_121 ptx_bytes=2672 .version 9.0 .target sm_121"}
SM121_PROBE_JSON {"v":1,"kind":"cell","phase":"compile","probe":"wgmma.m64n8k16","target":"compute_121","arch":"sm_121","stage":"nvrtc_cubin","status":"rejected","code":"NVRTC_COMPILE_ERROR","detail":"arch=sm_121 nvrtc=NvrtcError(NVRTC_ERROR_COMPILATION) options=[\"--gpu-architecture=sm_121\"] log=ptxas application ptx input, line 69; error   : Instruction 'wgmma.fence' not supported on .target 'sm_121'\nptxas application ptx input, line 69; error   : Instruction 'wgmma.fence' cannot be compiled for architecture 'sm_121'\nptxas application ptx input, line 76; error   : Instruction 'wgmma.mma_async with floating point types' not supported on .target 'sm_121'\nptxas application ptx input, line 76; error   : Instruction 'wgmma.mma_async with floating point types' cannot be compiled for architecture 'sm_121'\nptxas application ptx input, line 79; error   : Instruction 'wgmma.commit_group' not supported on .target 'sm_121'\nptxas application ptx input, line 79; error   : Instruction 'wgmma.commit_group' cannot be compiled for architecture 'sm_121'\nptxas application ptx input, line 82; error   : Instruction 'wgmma.wait_group' not supported on .target 'sm_121'\nptxas application ptx input, line 82; error   : Instruction 'wgmma.wait_group' cannot be compiled for architecture 'sm_121'\nptxas fatal   : Ptx assembly aborted due to errors\n"}
SM121_PROBE_JSON {"v":1,"kind":"cell","phase":"compile","probe":"wgmma.m64n8k16","target":"compute_121a","arch":"compute_121a","stage":"nvrtc_ptx","status":"ok","code":"-","detail":"arch=compute_121a ptx_bytes=2673 .version 9.0 .target sm_121a"}
SM121_PROBE_JSON {"v":1,"kind":"cell","phase":"compile","probe":"wgmma.m64n8k16","target":"compute_121a","arch":"sm_121a","stage":"nvrtc_cubin","status":"rejected","code":"NVRTC_COMPILE_ERROR","detail":"arch=sm_121a nvrtc=NvrtcError(NVRTC_ERROR_COMPILATION) options=[\"--gpu-architecture=sm_121a\"] log=ptxas application ptx input, line 69; error   : Instruction 'wgmma.fence' not supported on .target 'sm_121a'\nptxas application ptx input, line 69; error   : Instruction 'wgmma.fence' cannot be compiled for architecture 'sm_121a'\nptxas application ptx input, line 76; error   : Instruction 'wgmma.mma_async with floating point types' not supported on .target 'sm_121a'\nptxas application ptx input, line 76; error   : Instruction 'wgmma.mma_async with floating point types' cannot be compiled for architecture 'sm_121a'\nptxas application ptx input, line 79; error   : Instruction 'wgmma.commit_group' not supported on .target 'sm_121a'\nptxas application ptx input, line 79; error   : Instruction 'wgmma.commit_group' cannot be compiled for architecture 'sm_121a'\nptxas application ptx input, line 82; error   : Instruction 'wgmma.wait_group' not supported on .target 'sm_121a'\nptxas application ptx input, line 82; error   : Instruction 'wgmma.wait_group' cannot be compiled for architecture 'sm_121a'\nptxas fatal   : Ptx assembly aborted due to errors\n"}
SM121_PROBE_JSON {"v":1,"kind":"cell","phase":"compile","probe":"wgmma.m64n8k16","target":"compute_121f","arch":"compute_121f","stage":"nvrtc_ptx","status":"ok","code":"-","detail":"arch=compute_121f ptx_bytes=2673 .version 9.0 .target sm_121f"}
SM121_PROBE_JSON {"v":1,"kind":"cell","phase":"compile","probe":"wgmma.m64n8k16","target":"compute_121f","arch":"sm_121f","stage":"nvrtc_cubin","status":"rejected","code":"NVRTC_COMPILE_ERROR","detail":"arch=sm_121f nvrtc=NvrtcError(NVRTC_ERROR_COMPILATION) options=[\"--gpu-architecture=sm_121f\"] log=ptxas application ptx input, line 69; error   : Instruction 'wgmma.fence' not supported on .target 'sm_121f'\nptxas application ptx input, line 69; error   : Instruction 'wgmma.fence' cannot be compiled for architecture 'sm_121f'\nptxas application ptx input, line 76; error   : Instruction 'wgmma.mma_async with floating point types' not supported on .target 'sm_121f'\nptxas application ptx input, line 76; error   : Instruction 'wgmma.mma_async with floating point types' cannot be compiled for architecture 'sm_121f'\nptxas application ptx input, line 79; error   : Instruction 'wgmma.commit_group' not supported on .target 'sm_121f'\nptxas application ptx input, line 79; error   : Instruction 'wgmma.commit_group' cannot be compiled for architecture 'sm_121f'\nptxas application ptx input, line 82; error   : Instruction 'wgmma.wait_group' not supported on .target 'sm_121f'\nptxas application ptx input, line 82; error   : Instruction 'wgmma.wait_group' cannot be compiled for architecture 'sm_121f'\nptxas fatal   : Ptx assembly aborted due to errors\n"}
SM121_PROBE_JSON {"v":1,"kind":"cell","phase":"compile","probe":"wgmma.m64n8k16","target":"home","arch":"sm_90a","stage":"nvrtc_cubin","status":"ok","code":"-","detail":"arch=sm_90a ptx_bytes=2948 .version 9.0 .target sm_90a"}
SM121_PROBE_JSON {"v":1,"kind":"cell","phase":"compile","probe":"wgmma.m64n8k16","target":"hopper","arch":"sm_90a","stage":"nvrtc_cubin","status":"ok","code":"-","detail":"arch=sm_90a ptx_bytes=2948 .version 9.0 .target sm_90a"}
SM121_PROBE_JSON {"v":1,"kind":"cell","phase":"compile","probe":"hop.griddepcontrol","target":"compute_121","arch":"compute_121","stage":"nvrtc_ptx","status":"ok","code":"-","detail":"arch=compute_121 ptx_bytes=1312 .version 9.0 .target sm_121"}
SM121_PROBE_JSON {"v":1,"kind":"cell","phase":"compile","probe":"hop.griddepcontrol","target":"compute_121","arch":"sm_121","stage":"nvrtc_cubin","status":"ok","code":"-","detail":"arch=sm_121 ptx_bytes=1312 .version 9.0 .target sm_121"}
SM121_PROBE_JSON {"v":1,"kind":"cell","phase":"compile","probe":"hop.griddepcontrol","target":"compute_121a","arch":"compute_121a","stage":"nvrtc_ptx","status":"ok","code":"-","detail":"arch=compute_121a ptx_bytes=1313 .version 9.0 .target sm_121a"}
SM121_PROBE_JSON {"v":1,"kind":"cell","phase":"compile","probe":"hop.griddepcontrol","target":"compute_121a","arch":"sm_121a","stage":"nvrtc_cubin","status":"ok","code":"-","detail":"arch=sm_121a ptx_bytes=1313 .version 9.0 .target sm_121a"}
SM121_PROBE_JSON {"v":1,"kind":"cell","phase":"compile","probe":"hop.griddepcontrol","target":"compute_121f","arch":"compute_121f","stage":"nvrtc_ptx","status":"ok","code":"-","detail":"arch=compute_121f ptx_bytes=1313 .version 9.0 .target sm_121f"}
SM121_PROBE_JSON {"v":1,"kind":"cell","phase":"compile","probe":"hop.griddepcontrol","target":"compute_121f","arch":"sm_121f","stage":"nvrtc_cubin","status":"ok","code":"-","detail":"arch=sm_121f ptx_bytes=1313 .version 9.0 .target sm_121f"}
SM121_PROBE_JSON {"v":1,"kind":"cell","phase":"compile","probe":"hop.griddepcontrol","target":"home","arch":"sm_90","stage":"nvrtc_cubin","status":"ok","code":"-","detail":"arch=sm_90 ptx_bytes=1359 .version 9.0 .target sm_90"}
SM121_PROBE_JSON {"v":1,"kind":"cell","phase":"compile","probe":"hop.griddepcontrol","target":"hopper","arch":"sm_90a","stage":"nvrtc_cubin","status":"ok","code":"-","detail":"arch=sm_90a ptx_bytes=1360 .version 9.0 .target sm_90a"}
SM121_PROBE_JSON {"v":1,"kind":"cell","phase":"compile","probe":"hop.fence_proxy_async","target":"compute_121","arch":"compute_121","stage":"nvrtc_ptx","status":"ok","code":"-","detail":"arch=compute_121 ptx_bytes=1265 .version 9.0 .target sm_121"}
SM121_PROBE_JSON {"v":1,"kind":"cell","phase":"compile","probe":"hop.fence_proxy_async","target":"compute_121","arch":"sm_121","stage":"nvrtc_cubin","status":"ok","code":"-","detail":"arch=sm_121 ptx_bytes=1265 .version 9.0 .target sm_121"}
SM121_PROBE_JSON {"v":1,"kind":"cell","phase":"compile","probe":"hop.fence_proxy_async","target":"compute_121a","arch":"compute_121a","stage":"nvrtc_ptx","status":"ok","code":"-","detail":"arch=compute_121a ptx_bytes=1266 .version 9.0 .target sm_121a"}
SM121_PROBE_JSON {"v":1,"kind":"cell","phase":"compile","probe":"hop.fence_proxy_async","target":"compute_121a","arch":"sm_121a","stage":"nvrtc_cubin","status":"ok","code":"-","detail":"arch=sm_121a ptx_bytes=1266 .version 9.0 .target sm_121a"}
SM121_PROBE_JSON {"v":1,"kind":"cell","phase":"compile","probe":"hop.fence_proxy_async","target":"compute_121f","arch":"compute_121f","stage":"nvrtc_ptx","status":"ok","code":"-","detail":"arch=compute_121f ptx_bytes=1266 .version 9.0 .target sm_121f"}
SM121_PROBE_JSON {"v":1,"kind":"cell","phase":"compile","probe":"hop.fence_proxy_async","target":"compute_121f","arch":"sm_121f","stage":"nvrtc_cubin","status":"ok","code":"-","detail":"arch=sm_121f ptx_bytes=1266 .version 9.0 .target sm_121f"}
SM121_PROBE_JSON {"v":1,"kind":"cell","phase":"compile","probe":"hop.fence_proxy_async","target":"home","arch":"sm_90","stage":"nvrtc_cubin","status":"ok","code":"-","detail":"arch=sm_90 ptx_bytes=1312 .version 9.0 .target sm_90"}
SM121_PROBE_JSON {"v":1,"kind":"cell","phase":"compile","probe":"hop.fence_proxy_async","target":"hopper","arch":"sm_90a","stage":"nvrtc_cubin","status":"ok","code":"-","detail":"arch=sm_90a ptx_bytes=1313 .version 9.0 .target sm_90a"}
SM121_PROBE_JSON {"v":1,"kind":"cell","phase":"compile","probe":"snr.dec","target":"compute_121","arch":"compute_121","stage":"nvrtc_ptx","status":"ok","code":"-","detail":"arch=compute_121 ptx_bytes=1143 .version 9.0 .target sm_121"}
SM121_PROBE_JSON {"v":1,"kind":"cell","phase":"compile","probe":"snr.dec","target":"compute_121","arch":"sm_121","stage":"nvrtc_cubin","status":"rejected","code":"NVRTC_COMPILE_ERROR","detail":"arch=sm_121 nvrtc=NvrtcError(NVRTC_ERROR_COMPILATION) options=[\"--gpu-architecture=sm_121\"] log=ptxas application ptx input, line 33; error   : Instruction 'setmaxnreg.dec' not supported on .target 'sm_121'\nptxas fatal   : Ptx assembly aborted due to errors\n"}
SM121_PROBE_JSON {"v":1,"kind":"cell","phase":"compile","probe":"snr.dec","target":"compute_121a","arch":"compute_121a","stage":"nvrtc_ptx","status":"ok","code":"-","detail":"arch=compute_121a ptx_bytes=1144 .version 9.0 .target sm_121a"}
SM121_PROBE_JSON {"v":1,"kind":"cell","phase":"compile","probe":"snr.dec","target":"compute_121a","arch":"sm_121a","stage":"nvrtc_cubin","status":"ok","code":"-","detail":"arch=sm_121a ptx_bytes=1144 .version 9.0 .target sm_121a"}
SM121_PROBE_JSON {"v":1,"kind":"cell","phase":"compile","probe":"snr.dec","target":"compute_121f","arch":"compute_121f","stage":"nvrtc_ptx","status":"ok","code":"-","detail":"arch=compute_121f ptx_bytes=1144 .version 9.0 .target sm_121f"}
SM121_PROBE_JSON {"v":1,"kind":"cell","phase":"compile","probe":"snr.dec","target":"compute_121f","arch":"sm_121f","stage":"nvrtc_cubin","status":"ok","code":"-","detail":"arch=sm_121f ptx_bytes=1144 .version 9.0 .target sm_121f"}
SM121_PROBE_JSON {"v":1,"kind":"cell","phase":"compile","probe":"snr.dec","target":"home","arch":"sm_90a","stage":"nvrtc_cubin","status":"ok","code":"-","detail":"arch=sm_90a ptx_bytes=1191 .version 9.0 .target sm_90a"}
SM121_PROBE_JSON {"v":1,"kind":"cell","phase":"compile","probe":"snr.dec","target":"hopper","arch":"sm_90a","stage":"nvrtc_cubin","status":"ok","code":"-","detail":"arch=sm_90a ptx_bytes=1191 .version 9.0 .target sm_90a"}
SM121_PROBE_JSON {"v":1,"kind":"cell","phase":"compile","probe":"snr.incdec","target":"compute_121","arch":"compute_121","stage":"nvrtc_ptx","status":"ok","code":"-","detail":"arch=compute_121 ptx_bytes=1345 .version 9.0 .target sm_121"}
SM121_PROBE_JSON {"v":1,"kind":"cell","phase":"compile","probe":"snr.incdec","target":"compute_121","arch":"sm_121","stage":"nvrtc_cubin","status":"rejected","code":"NVRTC_COMPILE_ERROR","detail":"arch=sm_121 nvrtc=NvrtcError(NVRTC_ERROR_COMPILATION) options=[\"--gpu-architecture=sm_121\"] log=ptxas application ptx input, line 35; error   : Instruction 'setmaxnreg.dec' not supported on .target 'sm_121'\nptxas application ptx input, line 40; error   : Instruction 'setmaxnreg.inc' not supported on .target 'sm_121'\nptxas fatal   : Ptx assembly aborted due to errors\n"}
SM121_PROBE_JSON {"v":1,"kind":"cell","phase":"compile","probe":"snr.incdec","target":"compute_121a","arch":"compute_121a","stage":"nvrtc_ptx","status":"ok","code":"-","detail":"arch=compute_121a ptx_bytes=1346 .version 9.0 .target sm_121a"}
SM121_PROBE_JSON {"v":1,"kind":"cell","phase":"compile","probe":"snr.incdec","target":"compute_121a","arch":"sm_121a","stage":"nvrtc_cubin","status":"ok","code":"-","detail":"arch=sm_121a ptx_bytes=1346 .version 9.0 .target sm_121a"}
SM121_PROBE_JSON {"v":1,"kind":"cell","phase":"compile","probe":"snr.incdec","target":"compute_121f","arch":"compute_121f","stage":"nvrtc_ptx","status":"ok","code":"-","detail":"arch=compute_121f ptx_bytes=1346 .version 9.0 .target sm_121f"}
SM121_PROBE_JSON {"v":1,"kind":"cell","phase":"compile","probe":"snr.incdec","target":"compute_121f","arch":"sm_121f","stage":"nvrtc_cubin","status":"ok","code":"-","detail":"arch=sm_121f ptx_bytes=1346 .version 9.0 .target sm_121f"}
SM121_PROBE_JSON {"v":1,"kind":"cell","phase":"compile","probe":"snr.incdec","target":"home","arch":"sm_90a","stage":"nvrtc_cubin","status":"ok","code":"-","detail":"arch=sm_90a ptx_bytes=1422 .version 9.0 .target sm_90a"}
SM121_PROBE_JSON {"v":1,"kind":"cell","phase":"compile","probe":"snr.incdec","target":"hopper","arch":"sm_90a","stage":"nvrtc_cubin","status":"ok","code":"-","detail":"arch=sm_90a ptx_bytes=1422 .version 9.0 .target sm_90a"}
SM121_PROBE_JSON {"v":1,"kind":"cell","phase":"compile","probe":"clu.dims1","target":"compute_121","arch":"compute_121","stage":"nvrtc_ptx","status":"ok","code":"-","detail":"arch=compute_121 ptx_bytes=1180 .version 9.0 .target sm_121"}
SM121_PROBE_JSON {"v":1,"kind":"cell","phase":"compile","probe":"clu.dims1","target":"compute_121","arch":"sm_121","stage":"nvrtc_cubin","status":"ok","code":"-","detail":"arch=sm_121 ptx_bytes=1180 .version 9.0 .target sm_121"}
SM121_PROBE_JSON {"v":1,"kind":"cell","phase":"compile","probe":"clu.dims1","target":"compute_121a","arch":"compute_121a","stage":"nvrtc_ptx","status":"ok","code":"-","detail":"arch=compute_121a ptx_bytes=1181 .version 9.0 .target sm_121a"}
SM121_PROBE_JSON {"v":1,"kind":"cell","phase":"compile","probe":"clu.dims1","target":"compute_121a","arch":"sm_121a","stage":"nvrtc_cubin","status":"ok","code":"-","detail":"arch=sm_121a ptx_bytes=1181 .version 9.0 .target sm_121a"}
SM121_PROBE_JSON {"v":1,"kind":"cell","phase":"compile","probe":"clu.dims1","target":"compute_121f","arch":"compute_121f","stage":"nvrtc_ptx","status":"ok","code":"-","detail":"arch=compute_121f ptx_bytes=1181 .version 9.0 .target sm_121f"}
SM121_PROBE_JSON {"v":1,"kind":"cell","phase":"compile","probe":"clu.dims1","target":"compute_121f","arch":"sm_121f","stage":"nvrtc_cubin","status":"ok","code":"-","detail":"arch=sm_121f ptx_bytes=1181 .version 9.0 .target sm_121f"}
SM121_PROBE_JSON {"v":1,"kind":"cell","phase":"compile","probe":"clu.dims1","target":"home","arch":"sm_90","stage":"nvrtc_cubin","status":"ok","code":"-","detail":"arch=sm_90 ptx_bytes=1163 .version 9.0 .target sm_90"}
SM121_PROBE_JSON {"v":1,"kind":"cell","phase":"compile","probe":"clu.dims1","target":"hopper","arch":"sm_90a","stage":"nvrtc_cubin","status":"ok","code":"-","detail":"arch=sm_90a ptx_bytes=1164 .version 9.0 .target sm_90a"}
SM121_PROBE_JSON {"v":1,"kind":"cell","phase":"compile","probe":"clu.dims2","target":"compute_121","arch":"compute_121","stage":"nvrtc_ptx","status":"ok","code":"-","detail":"arch=compute_121 ptx_bytes=1180 .version 9.0 .target sm_121"}
SM121_PROBE_JSON {"v":1,"kind":"cell","phase":"compile","probe":"clu.dims2","target":"compute_121","arch":"sm_121","stage":"nvrtc_cubin","status":"ok","code":"-","detail":"arch=sm_121 ptx_bytes=1180 .version 9.0 .target sm_121"}
SM121_PROBE_JSON {"v":1,"kind":"cell","phase":"compile","probe":"clu.dims2","target":"compute_121a","arch":"compute_121a","stage":"nvrtc_ptx","status":"ok","code":"-","detail":"arch=compute_121a ptx_bytes=1181 .version 9.0 .target sm_121a"}
SM121_PROBE_JSON {"v":1,"kind":"cell","phase":"compile","probe":"clu.dims2","target":"compute_121a","arch":"sm_121a","stage":"nvrtc_cubin","status":"ok","code":"-","detail":"arch=sm_121a ptx_bytes=1181 .version 9.0 .target sm_121a"}
SM121_PROBE_JSON {"v":1,"kind":"cell","phase":"compile","probe":"clu.dims2","target":"compute_121f","arch":"compute_121f","stage":"nvrtc_ptx","status":"ok","code":"-","detail":"arch=compute_121f ptx_bytes=1181 .version 9.0 .target sm_121f"}
SM121_PROBE_JSON {"v":1,"kind":"cell","phase":"compile","probe":"clu.dims2","target":"compute_121f","arch":"sm_121f","stage":"nvrtc_cubin","status":"ok","code":"-","detail":"arch=sm_121f ptx_bytes=1181 .version 9.0 .target sm_121f"}
SM121_PROBE_JSON {"v":1,"kind":"cell","phase":"compile","probe":"clu.dims2","target":"home","arch":"sm_90","stage":"nvrtc_cubin","status":"ok","code":"-","detail":"arch=sm_90 ptx_bytes=1163 .version 9.0 .target sm_90"}
SM121_PROBE_JSON {"v":1,"kind":"cell","phase":"compile","probe":"clu.dims2","target":"hopper","arch":"sm_90a","stage":"nvrtc_cubin","status":"ok","code":"-","detail":"arch=sm_90a ptx_bytes=1164 .version 9.0 .target sm_90a"}
SM121_PROBE_JSON {"v":1,"kind":"cell","phase":"compile","probe":"clu.dims4","target":"compute_121","arch":"compute_121","stage":"nvrtc_ptx","status":"ok","code":"-","detail":"arch=compute_121 ptx_bytes=1180 .version 9.0 .target sm_121"}
SM121_PROBE_JSON {"v":1,"kind":"cell","phase":"compile","probe":"clu.dims4","target":"compute_121","arch":"sm_121","stage":"nvrtc_cubin","status":"ok","code":"-","detail":"arch=sm_121 ptx_bytes=1180 .version 9.0 .target sm_121"}
SM121_PROBE_JSON {"v":1,"kind":"cell","phase":"compile","probe":"clu.dims4","target":"compute_121a","arch":"compute_121a","stage":"nvrtc_ptx","status":"ok","code":"-","detail":"arch=compute_121a ptx_bytes=1181 .version 9.0 .target sm_121a"}
SM121_PROBE_JSON {"v":1,"kind":"cell","phase":"compile","probe":"clu.dims4","target":"compute_121a","arch":"sm_121a","stage":"nvrtc_cubin","status":"ok","code":"-","detail":"arch=sm_121a ptx_bytes=1181 .version 9.0 .target sm_121a"}
SM121_PROBE_JSON {"v":1,"kind":"cell","phase":"compile","probe":"clu.dims4","target":"compute_121f","arch":"compute_121f","stage":"nvrtc_ptx","status":"ok","code":"-","detail":"arch=compute_121f ptx_bytes=1181 .version 9.0 .target sm_121f"}
SM121_PROBE_JSON {"v":1,"kind":"cell","phase":"compile","probe":"clu.dims4","target":"compute_121f","arch":"sm_121f","stage":"nvrtc_cubin","status":"ok","code":"-","detail":"arch=sm_121f ptx_bytes=1181 .version 9.0 .target sm_121f"}
SM121_PROBE_JSON {"v":1,"kind":"cell","phase":"compile","probe":"clu.dims4","target":"home","arch":"sm_90","stage":"nvrtc_cubin","status":"ok","code":"-","detail":"arch=sm_90 ptx_bytes=1163 .version 9.0 .target sm_90"}
SM121_PROBE_JSON {"v":1,"kind":"cell","phase":"compile","probe":"clu.dims4","target":"hopper","arch":"sm_90a","stage":"nvrtc_cubin","status":"ok","code":"-","detail":"arch=sm_90a ptx_bytes=1164 .version 9.0 .target sm_90a"}
SM121_PROBE_JSON {"v":1,"kind":"cell","phase":"compile","probe":"clu.dims8","target":"compute_121","arch":"compute_121","stage":"nvrtc_ptx","status":"ok","code":"-","detail":"arch=compute_121 ptx_bytes=1180 .version 9.0 .target sm_121"}
SM121_PROBE_JSON {"v":1,"kind":"cell","phase":"compile","probe":"clu.dims8","target":"compute_121","arch":"sm_121","stage":"nvrtc_cubin","status":"ok","code":"-","detail":"arch=sm_121 ptx_bytes=1180 .version 9.0 .target sm_121"}
SM121_PROBE_JSON {"v":1,"kind":"cell","phase":"compile","probe":"clu.dims8","target":"compute_121a","arch":"compute_121a","stage":"nvrtc_ptx","status":"ok","code":"-","detail":"arch=compute_121a ptx_bytes=1181 .version 9.0 .target sm_121a"}
SM121_PROBE_JSON {"v":1,"kind":"cell","phase":"compile","probe":"clu.dims8","target":"compute_121a","arch":"sm_121a","stage":"nvrtc_cubin","status":"ok","code":"-","detail":"arch=sm_121a ptx_bytes=1181 .version 9.0 .target sm_121a"}
SM121_PROBE_JSON {"v":1,"kind":"cell","phase":"compile","probe":"clu.dims8","target":"compute_121f","arch":"compute_121f","stage":"nvrtc_ptx","status":"ok","code":"-","detail":"arch=compute_121f ptx_bytes=1181 .version 9.0 .target sm_121f"}
SM121_PROBE_JSON {"v":1,"kind":"cell","phase":"compile","probe":"clu.dims8","target":"compute_121f","arch":"sm_121f","stage":"nvrtc_cubin","status":"ok","code":"-","detail":"arch=sm_121f ptx_bytes=1181 .version 9.0 .target sm_121f"}
SM121_PROBE_JSON {"v":1,"kind":"cell","phase":"compile","probe":"clu.dims8","target":"home","arch":"sm_90","stage":"nvrtc_cubin","status":"ok","code":"-","detail":"arch=sm_90 ptx_bytes=1163 .version 9.0 .target sm_90"}
SM121_PROBE_JSON {"v":1,"kind":"cell","phase":"compile","probe":"clu.dims8","target":"hopper","arch":"sm_90a","stage":"nvrtc_cubin","status":"ok","code":"-","detail":"arch=sm_90a ptx_bytes=1164 .version 9.0 .target sm_90a"}
SM121_PROBE_JSON {"v":1,"kind":"cell","phase":"compile","probe":"clu.dims16","target":"compute_121","arch":"compute_121","stage":"nvrtc_ptx","status":"ok","code":"-","detail":"arch=compute_121 ptx_bytes=1189 .version 9.0 .target sm_121"}
SM121_PROBE_JSON {"v":1,"kind":"cell","phase":"compile","probe":"clu.dims16","target":"compute_121","arch":"sm_121","stage":"nvrtc_cubin","status":"ok","code":"-","detail":"arch=sm_121 ptx_bytes=1189 .version 9.0 .target sm_121"}
SM121_PROBE_JSON {"v":1,"kind":"cell","phase":"compile","probe":"clu.dims16","target":"compute_121a","arch":"compute_121a","stage":"nvrtc_ptx","status":"ok","code":"-","detail":"arch=compute_121a ptx_bytes=1190 .version 9.0 .target sm_121a"}
SM121_PROBE_JSON {"v":1,"kind":"cell","phase":"compile","probe":"clu.dims16","target":"compute_121a","arch":"sm_121a","stage":"nvrtc_cubin","status":"ok","code":"-","detail":"arch=sm_121a ptx_bytes=1190 .version 9.0 .target sm_121a"}
SM121_PROBE_JSON {"v":1,"kind":"cell","phase":"compile","probe":"clu.dims16","target":"compute_121f","arch":"compute_121f","stage":"nvrtc_ptx","status":"ok","code":"-","detail":"arch=compute_121f ptx_bytes=1190 .version 9.0 .target sm_121f"}
SM121_PROBE_JSON {"v":1,"kind":"cell","phase":"compile","probe":"clu.dims16","target":"compute_121f","arch":"sm_121f","stage":"nvrtc_cubin","status":"ok","code":"-","detail":"arch=sm_121f ptx_bytes=1190 .version 9.0 .target sm_121f"}
SM121_PROBE_JSON {"v":1,"kind":"cell","phase":"compile","probe":"clu.dims16","target":"home","arch":"sm_90","stage":"nvrtc_cubin","status":"ok","code":"-","detail":"arch=sm_90 ptx_bytes=1172 .version 9.0 .target sm_90"}
SM121_PROBE_JSON {"v":1,"kind":"cell","phase":"compile","probe":"clu.dims16","target":"hopper","arch":"sm_90a","stage":"nvrtc_cubin","status":"ok","code":"-","detail":"arch=sm_90a ptx_bytes=1173 .version 9.0 .target sm_90a"}
SM121_PROBE_JSON {"v":1,"kind":"cell","phase":"compile","probe":"clu.dsmem","target":"compute_121","arch":"compute_121","stage":"nvrtc_ptx","status":"ok","code":"-","detail":"arch=compute_121 ptx_bytes=1896 .version 9.0 .target sm_121"}
SM121_PROBE_JSON {"v":1,"kind":"cell","phase":"compile","probe":"clu.dsmem","target":"compute_121","arch":"sm_121","stage":"nvrtc_cubin","status":"ok","code":"-","detail":"arch=sm_121 ptx_bytes=1896 .version 9.0 .target sm_121"}
SM121_PROBE_JSON {"v":1,"kind":"cell","phase":"compile","probe":"clu.dsmem","target":"compute_121a","arch":"compute_121a","stage":"nvrtc_ptx","status":"ok","code":"-","detail":"arch=compute_121a ptx_bytes=1897 .version 9.0 .target sm_121a"}
SM121_PROBE_JSON {"v":1,"kind":"cell","phase":"compile","probe":"clu.dsmem","target":"compute_121a","arch":"sm_121a","stage":"nvrtc_cubin","status":"ok","code":"-","detail":"arch=sm_121a ptx_bytes=1897 .version 9.0 .target sm_121a"}
SM121_PROBE_JSON {"v":1,"kind":"cell","phase":"compile","probe":"clu.dsmem","target":"compute_121f","arch":"compute_121f","stage":"nvrtc_ptx","status":"ok","code":"-","detail":"arch=compute_121f ptx_bytes=1897 .version 9.0 .target sm_121f"}
SM121_PROBE_JSON {"v":1,"kind":"cell","phase":"compile","probe":"clu.dsmem","target":"compute_121f","arch":"sm_121f","stage":"nvrtc_cubin","status":"ok","code":"-","detail":"arch=sm_121f ptx_bytes=1897 .version 9.0 .target sm_121f"}
SM121_PROBE_JSON {"v":1,"kind":"cell","phase":"compile","probe":"clu.dsmem","target":"home","arch":"sm_90","stage":"nvrtc_cubin","status":"ok","code":"-","detail":"arch=sm_90 ptx_bytes=1852 .version 9.0 .target sm_90"}
SM121_PROBE_JSON {"v":1,"kind":"cell","phase":"compile","probe":"clu.dsmem","target":"hopper","arch":"sm_90a","stage":"nvrtc_cubin","status":"ok","code":"-","detail":"arch=sm_90a ptx_bytes=1853 .version 9.0 .target sm_90a"}
SM121_PROBE_JSON {"v":1,"kind":"cell","phase":"compile","probe":"tma.base_cta","target":"compute_121","arch":"compute_121","stage":"nvrtc_ptx","status":"ok","code":"-","detail":"arch=compute_121 ptx_bytes=7019 .version 9.0 .target sm_121"}
SM121_PROBE_JSON {"v":1,"kind":"cell","phase":"compile","probe":"tma.base_cta","target":"compute_121","arch":"sm_121","stage":"nvrtc_cubin","status":"ok","code":"-","detail":"arch=sm_121 ptx_bytes=7019 .version 9.0 .target sm_121"}
SM121_PROBE_JSON {"v":1,"kind":"cell","phase":"compile","probe":"tma.base_cta","target":"compute_121a","arch":"compute_121a","stage":"nvrtc_ptx","status":"ok","code":"-","detail":"arch=compute_121a ptx_bytes=7020 .version 9.0 .target sm_121a"}
SM121_PROBE_JSON {"v":1,"kind":"cell","phase":"compile","probe":"tma.base_cta","target":"compute_121a","arch":"sm_121a","stage":"nvrtc_cubin","status":"ok","code":"-","detail":"arch=sm_121a ptx_bytes=7020 .version 9.0 .target sm_121a"}
SM121_PROBE_JSON {"v":1,"kind":"cell","phase":"compile","probe":"tma.base_cta","target":"compute_121f","arch":"compute_121f","stage":"nvrtc_ptx","status":"ok","code":"-","detail":"arch=compute_121f ptx_bytes=7020 .version 9.0 .target sm_121f"}
SM121_PROBE_JSON {"v":1,"kind":"cell","phase":"compile","probe":"tma.base_cta","target":"compute_121f","arch":"sm_121f","stage":"nvrtc_cubin","status":"ok","code":"-","detail":"arch=sm_121f ptx_bytes=7020 .version 9.0 .target sm_121f"}
SM121_PROBE_JSON {"v":1,"kind":"cell","phase":"compile","probe":"tma.base_cta","target":"home","arch":"sm_90","stage":"nvrtc_cubin","status":"ok","code":"-","detail":"arch=sm_90 ptx_bytes=4111 .version 9.0 .target sm_90"}
SM121_PROBE_JSON {"v":1,"kind":"cell","phase":"compile","probe":"tma.base_cta","target":"hopper","arch":"sm_90a","stage":"nvrtc_cubin","status":"ok","code":"-","detail":"arch=sm_90a ptx_bytes=4112 .version 9.0 .target sm_90a"}
SM121_PROBE_JSON {"v":1,"kind":"cell","phase":"compile","probe":"tma.base_cluster","target":"compute_121","arch":"compute_121","stage":"nvrtc_ptx","status":"ok","code":"-","detail":"arch=compute_121 ptx_bytes=7115 .version 9.0 .target sm_121"}
SM121_PROBE_JSON {"v":1,"kind":"cell","phase":"compile","probe":"tma.base_cluster","target":"compute_121","arch":"sm_121","stage":"nvrtc_cubin","status":"ok","code":"-","detail":"arch=sm_121 ptx_bytes=7115 .version 9.0 .target sm_121"}
SM121_PROBE_JSON {"v":1,"kind":"cell","phase":"compile","probe":"tma.base_cluster","target":"compute_121a","arch":"compute_121a","stage":"nvrtc_ptx","status":"ok","code":"-","detail":"arch=compute_121a ptx_bytes=7116 .version 9.0 .target sm_121a"}
SM121_PROBE_JSON {"v":1,"kind":"cell","phase":"compile","probe":"tma.base_cluster","target":"compute_121a","arch":"sm_121a","stage":"nvrtc_cubin","status":"ok","code":"-","detail":"arch=sm_121a ptx_bytes=7116 .version 9.0 .target sm_121a"}
SM121_PROBE_JSON {"v":1,"kind":"cell","phase":"compile","probe":"tma.base_cluster","target":"compute_121f","arch":"compute_121f","stage":"nvrtc_ptx","status":"ok","code":"-","detail":"arch=compute_121f ptx_bytes=7116 .version 9.0 .target sm_121f"}
SM121_PROBE_JSON {"v":1,"kind":"cell","phase":"compile","probe":"tma.base_cluster","target":"compute_121f","arch":"sm_121f","stage":"nvrtc_cubin","status":"ok","code":"-","detail":"arch=sm_121f ptx_bytes=7116 .version 9.0 .target sm_121f"}
SM121_PROBE_JSON {"v":1,"kind":"cell","phase":"compile","probe":"tma.base_cluster","target":"home","arch":"sm_90","stage":"nvrtc_cubin","status":"ok","code":"-","detail":"arch=sm_90 ptx_bytes=4211 .version 9.0 .target sm_90"}
SM121_PROBE_JSON {"v":1,"kind":"cell","phase":"compile","probe":"tma.base_cluster","target":"hopper","arch":"sm_90a","stage":"nvrtc_cubin","status":"ok","code":"-","detail":"arch=sm_90a ptx_bytes=4212 .version 9.0 .target sm_90a"}
SM121_PROBE_JSON {"v":1,"kind":"cell","phase":"compile","probe":"tma.coord","target":"compute_121","arch":"compute_121","stage":"nvrtc_ptx","status":"ok","code":"-","detail":"arch=compute_121 ptx_bytes=7019 .version 9.0 .target sm_121"}
SM121_PROBE_JSON {"v":1,"kind":"cell","phase":"compile","probe":"tma.coord","target":"compute_121","arch":"sm_121","stage":"nvrtc_cubin","status":"ok","code":"-","detail":"arch=sm_121 ptx_bytes=7019 .version 9.0 .target sm_121"}
SM121_PROBE_JSON {"v":1,"kind":"cell","phase":"compile","probe":"tma.coord","target":"compute_121a","arch":"compute_121a","stage":"nvrtc_ptx","status":"ok","code":"-","detail":"arch=compute_121a ptx_bytes=7020 .version 9.0 .target sm_121a"}
SM121_PROBE_JSON {"v":1,"kind":"cell","phase":"compile","probe":"tma.coord","target":"compute_121a","arch":"sm_121a","stage":"nvrtc_cubin","status":"ok","code":"-","detail":"arch=sm_121a ptx_bytes=7020 .version 9.0 .target sm_121a"}
SM121_PROBE_JSON {"v":1,"kind":"cell","phase":"compile","probe":"tma.coord","target":"compute_121f","arch":"compute_121f","stage":"nvrtc_ptx","status":"ok","code":"-","detail":"arch=compute_121f ptx_bytes=7020 .version 9.0 .target sm_121f"}
SM121_PROBE_JSON {"v":1,"kind":"cell","phase":"compile","probe":"tma.coord","target":"compute_121f","arch":"sm_121f","stage":"nvrtc_cubin","status":"ok","code":"-","detail":"arch=sm_121f ptx_bytes=7020 .version 9.0 .target sm_121f"}
SM121_PROBE_JSON {"v":1,"kind":"cell","phase":"compile","probe":"tma.coord","target":"home","arch":"sm_90","stage":"nvrtc_cubin","status":"ok","code":"-","detail":"arch=sm_90 ptx_bytes=4111 .version 9.0 .target sm_90"}
SM121_PROBE_JSON {"v":1,"kind":"cell","phase":"compile","probe":"tma.coord","target":"hopper","arch":"sm_90a","stage":"nvrtc_cubin","status":"ok","code":"-","detail":"arch=sm_90a ptx_bytes=4112 .version 9.0 .target sm_90a"}
SM121_PROBE_JSON {"v":1,"kind":"cell","phase":"compile","probe":"tma.oob_none","target":"compute_121","arch":"compute_121","stage":"nvrtc_ptx","status":"ok","code":"-","detail":"arch=compute_121 ptx_bytes=7019 .version 9.0 .target sm_121"}
SM121_PROBE_JSON {"v":1,"kind":"cell","phase":"compile","probe":"tma.oob_none","target":"compute_121","arch":"sm_121","stage":"nvrtc_cubin","status":"ok","code":"-","detail":"arch=sm_121 ptx_bytes=7019 .version 9.0 .target sm_121"}
SM121_PROBE_JSON {"v":1,"kind":"cell","phase":"compile","probe":"tma.oob_none","target":"compute_121a","arch":"compute_121a","stage":"nvrtc_ptx","status":"ok","code":"-","detail":"arch=compute_121a ptx_bytes=7020 .version 9.0 .target sm_121a"}
SM121_PROBE_JSON {"v":1,"kind":"cell","phase":"compile","probe":"tma.oob_none","target":"compute_121a","arch":"sm_121a","stage":"nvrtc_cubin","status":"ok","code":"-","detail":"arch=sm_121a ptx_bytes=7020 .version 9.0 .target sm_121a"}
SM121_PROBE_JSON {"v":1,"kind":"cell","phase":"compile","probe":"tma.oob_none","target":"compute_121f","arch":"compute_121f","stage":"nvrtc_ptx","status":"ok","code":"-","detail":"arch=compute_121f ptx_bytes=7020 .version 9.0 .target sm_121f"}
SM121_PROBE_JSON {"v":1,"kind":"cell","phase":"compile","probe":"tma.oob_none","target":"compute_121f","arch":"sm_121f","stage":"nvrtc_cubin","status":"ok","code":"-","detail":"arch=sm_121f ptx_bytes=7020 .version 9.0 .target sm_121f"}
SM121_PROBE_JSON {"v":1,"kind":"cell","phase":"compile","probe":"tma.oob_none","target":"home","arch":"sm_90","stage":"nvrtc_cubin","status":"ok","code":"-","detail":"arch=sm_90 ptx_bytes=4111 .version 9.0 .target sm_90"}
SM121_PROBE_JSON {"v":1,"kind":"cell","phase":"compile","probe":"tma.oob_none","target":"hopper","arch":"sm_90a","stage":"nvrtc_cubin","status":"ok","code":"-","detail":"arch=sm_90a ptx_bytes=4112 .version 9.0 .target sm_90a"}
SM121_PROBE_JSON {"v":1,"kind":"cell","phase":"compile","probe":"tma.oob_nan","target":"compute_121","arch":"compute_121","stage":"nvrtc_ptx","status":"ok","code":"-","detail":"arch=compute_121 ptx_bytes=7019 .version 9.0 .target sm_121"}
SM121_PROBE_JSON {"v":1,"kind":"cell","phase":"compile","probe":"tma.oob_nan","target":"compute_121","arch":"sm_121","stage":"nvrtc_cubin","status":"ok","code":"-","detail":"arch=sm_121 ptx_bytes=7019 .version 9.0 .target sm_121"}
SM121_PROBE_JSON {"v":1,"kind":"cell","phase":"compile","probe":"tma.oob_nan","target":"compute_121a","arch":"compute_121a","stage":"nvrtc_ptx","status":"ok","code":"-","detail":"arch=compute_121a ptx_bytes=7020 .version 9.0 .target sm_121a"}
SM121_PROBE_JSON {"v":1,"kind":"cell","phase":"compile","probe":"tma.oob_nan","target":"compute_121a","arch":"sm_121a","stage":"nvrtc_cubin","status":"ok","code":"-","detail":"arch=sm_121a ptx_bytes=7020 .version 9.0 .target sm_121a"}
SM121_PROBE_JSON {"v":1,"kind":"cell","phase":"compile","probe":"tma.oob_nan","target":"compute_121f","arch":"compute_121f","stage":"nvrtc_ptx","status":"ok","code":"-","detail":"arch=compute_121f ptx_bytes=7020 .version 9.0 .target sm_121f"}
SM121_PROBE_JSON {"v":1,"kind":"cell","phase":"compile","probe":"tma.oob_nan","target":"compute_121f","arch":"sm_121f","stage":"nvrtc_cubin","status":"ok","code":"-","detail":"arch=sm_121f ptx_bytes=7020 .version 9.0 .target sm_121f"}
SM121_PROBE_JSON {"v":1,"kind":"cell","phase":"compile","probe":"tma.oob_nan","target":"home","arch":"sm_90","stage":"nvrtc_cubin","status":"ok","code":"-","detail":"arch=sm_90 ptx_bytes=4111 .version 9.0 .target sm_90"}
SM121_PROBE_JSON {"v":1,"kind":"cell","phase":"compile","probe":"tma.oob_nan","target":"hopper","arch":"sm_90a","stage":"nvrtc_cubin","status":"ok","code":"-","detail":"arch=sm_90a ptx_bytes=4112 .version 9.0 .target sm_90a"}
SM121_PROBE_JSON {"v":1,"kind":"cell","phase":"compile","probe":"tma.oob_neg","target":"compute_121","arch":"compute_121","stage":"nvrtc_ptx","status":"ok","code":"-","detail":"arch=compute_121 ptx_bytes=7019 .version 9.0 .target sm_121"}
SM121_PROBE_JSON {"v":1,"kind":"cell","phase":"compile","probe":"tma.oob_neg","target":"compute_121","arch":"sm_121","stage":"nvrtc_cubin","status":"ok","code":"-","detail":"arch=sm_121 ptx_bytes=7019 .version 9.0 .target sm_121"}
SM121_PROBE_JSON {"v":1,"kind":"cell","phase":"compile","probe":"tma.oob_neg","target":"compute_121a","arch":"compute_121a","stage":"nvrtc_ptx","status":"ok","code":"-","detail":"arch=compute_121a ptx_bytes=7020 .version 9.0 .target sm_121a"}
SM121_PROBE_JSON {"v":1,"kind":"cell","phase":"compile","probe":"tma.oob_neg","target":"compute_121a","arch":"sm_121a","stage":"nvrtc_cubin","status":"ok","code":"-","detail":"arch=sm_121a ptx_bytes=7020 .version 9.0 .target sm_121a"}
SM121_PROBE_JSON {"v":1,"kind":"cell","phase":"compile","probe":"tma.oob_neg","target":"compute_121f","arch":"compute_121f","stage":"nvrtc_ptx","status":"ok","code":"-","detail":"arch=compute_121f ptx_bytes=7020 .version 9.0 .target sm_121f"}
SM121_PROBE_JSON {"v":1,"kind":"cell","phase":"compile","probe":"tma.oob_neg","target":"compute_121f","arch":"sm_121f","stage":"nvrtc_cubin","status":"ok","code":"-","detail":"arch=sm_121f ptx_bytes=7020 .version 9.0 .target sm_121f"}
SM121_PROBE_JSON {"v":1,"kind":"cell","phase":"compile","probe":"tma.oob_neg","target":"home","arch":"sm_90","stage":"nvrtc_cubin","status":"ok","code":"-","detail":"arch=sm_90 ptx_bytes=4111 .version 9.0 .target sm_90"}
SM121_PROBE_JSON {"v":1,"kind":"cell","phase":"compile","probe":"tma.oob_neg","target":"hopper","arch":"sm_90a","stage":"nvrtc_cubin","status":"ok","code":"-","detail":"arch=sm_90a ptx_bytes=4112 .version 9.0 .target sm_90a"}
SM121_PROBE_JSON {"v":1,"kind":"cell","phase":"compile","probe":"tma.swz32","target":"compute_121","arch":"compute_121","stage":"nvrtc_ptx","status":"ok","code":"-","detail":"arch=compute_121 ptx_bytes=7019 .version 9.0 .target sm_121"}
SM121_PROBE_JSON {"v":1,"kind":"cell","phase":"compile","probe":"tma.swz32","target":"compute_121","arch":"sm_121","stage":"nvrtc_cubin","status":"ok","code":"-","detail":"arch=sm_121 ptx_bytes=7019 .version 9.0 .target sm_121"}
SM121_PROBE_JSON {"v":1,"kind":"cell","phase":"compile","probe":"tma.swz32","target":"compute_121a","arch":"compute_121a","stage":"nvrtc_ptx","status":"ok","code":"-","detail":"arch=compute_121a ptx_bytes=7020 .version 9.0 .target sm_121a"}
SM121_PROBE_JSON {"v":1,"kind":"cell","phase":"compile","probe":"tma.swz32","target":"compute_121a","arch":"sm_121a","stage":"nvrtc_cubin","status":"ok","code":"-","detail":"arch=sm_121a ptx_bytes=7020 .version 9.0 .target sm_121a"}
SM121_PROBE_JSON {"v":1,"kind":"cell","phase":"compile","probe":"tma.swz32","target":"compute_121f","arch":"compute_121f","stage":"nvrtc_ptx","status":"ok","code":"-","detail":"arch=compute_121f ptx_bytes=7020 .version 9.0 .target sm_121f"}
SM121_PROBE_JSON {"v":1,"kind":"cell","phase":"compile","probe":"tma.swz32","target":"compute_121f","arch":"sm_121f","stage":"nvrtc_cubin","status":"ok","code":"-","detail":"arch=sm_121f ptx_bytes=7020 .version 9.0 .target sm_121f"}
SM121_PROBE_JSON {"v":1,"kind":"cell","phase":"compile","probe":"tma.swz32","target":"home","arch":"sm_90","stage":"nvrtc_cubin","status":"ok","code":"-","detail":"arch=sm_90 ptx_bytes=4111 .version 9.0 .target sm_90"}
SM121_PROBE_JSON {"v":1,"kind":"cell","phase":"compile","probe":"tma.swz32","target":"hopper","arch":"sm_90a","stage":"nvrtc_cubin","status":"ok","code":"-","detail":"arch=sm_90a ptx_bytes=4112 .version 9.0 .target sm_90a"}
SM121_PROBE_JSON {"v":1,"kind":"cell","phase":"compile","probe":"tma.swz64","target":"compute_121","arch":"compute_121","stage":"nvrtc_ptx","status":"ok","code":"-","detail":"arch=compute_121 ptx_bytes=7019 .version 9.0 .target sm_121"}
SM121_PROBE_JSON {"v":1,"kind":"cell","phase":"compile","probe":"tma.swz64","target":"compute_121","arch":"sm_121","stage":"nvrtc_cubin","status":"ok","code":"-","detail":"arch=sm_121 ptx_bytes=7019 .version 9.0 .target sm_121"}
SM121_PROBE_JSON {"v":1,"kind":"cell","phase":"compile","probe":"tma.swz64","target":"compute_121a","arch":"compute_121a","stage":"nvrtc_ptx","status":"ok","code":"-","detail":"arch=compute_121a ptx_bytes=7020 .version 9.0 .target sm_121a"}
SM121_PROBE_JSON {"v":1,"kind":"cell","phase":"compile","probe":"tma.swz64","target":"compute_121a","arch":"sm_121a","stage":"nvrtc_cubin","status":"ok","code":"-","detail":"arch=sm_121a ptx_bytes=7020 .version 9.0 .target sm_121a"}
SM121_PROBE_JSON {"v":1,"kind":"cell","phase":"compile","probe":"tma.swz64","target":"compute_121f","arch":"compute_121f","stage":"nvrtc_ptx","status":"ok","code":"-","detail":"arch=compute_121f ptx_bytes=7020 .version 9.0 .target sm_121f"}
SM121_PROBE_JSON {"v":1,"kind":"cell","phase":"compile","probe":"tma.swz64","target":"compute_121f","arch":"sm_121f","stage":"nvrtc_cubin","status":"ok","code":"-","detail":"arch=sm_121f ptx_bytes=7020 .version 9.0 .target sm_121f"}
SM121_PROBE_JSON {"v":1,"kind":"cell","phase":"compile","probe":"tma.swz64","target":"home","arch":"sm_90","stage":"nvrtc_cubin","status":"ok","code":"-","detail":"arch=sm_90 ptx_bytes=4111 .version 9.0 .target sm_90"}
SM121_PROBE_JSON {"v":1,"kind":"cell","phase":"compile","probe":"tma.swz64","target":"hopper","arch":"sm_90a","stage":"nvrtc_cubin","status":"ok","code":"-","detail":"arch=sm_90a ptx_bytes=4112 .version 9.0 .target sm_90a"}
SM121_PROBE_JSON {"v":1,"kind":"cell","phase":"compile","probe":"tma.swz128","target":"compute_121","arch":"compute_121","stage":"nvrtc_ptx","status":"ok","code":"-","detail":"arch=compute_121 ptx_bytes=7019 .version 9.0 .target sm_121"}
SM121_PROBE_JSON {"v":1,"kind":"cell","phase":"compile","probe":"tma.swz128","target":"compute_121","arch":"sm_121","stage":"nvrtc_cubin","status":"ok","code":"-","detail":"arch=sm_121 ptx_bytes=7019 .version 9.0 .target sm_121"}
SM121_PROBE_JSON {"v":1,"kind":"cell","phase":"compile","probe":"tma.swz128","target":"compute_121a","arch":"compute_121a","stage":"nvrtc_ptx","status":"ok","code":"-","detail":"arch=compute_121a ptx_bytes=7020 .version 9.0 .target sm_121a"}
SM121_PROBE_JSON {"v":1,"kind":"cell","phase":"compile","probe":"tma.swz128","target":"compute_121a","arch":"sm_121a","stage":"nvrtc_cubin","status":"ok","code":"-","detail":"arch=sm_121a ptx_bytes=7020 .version 9.0 .target sm_121a"}
SM121_PROBE_JSON {"v":1,"kind":"cell","phase":"compile","probe":"tma.swz128","target":"compute_121f","arch":"compute_121f","stage":"nvrtc_ptx","status":"ok","code":"-","detail":"arch=compute_121f ptx_bytes=7020 .version 9.0 .target sm_121f"}
SM121_PROBE_JSON {"v":1,"kind":"cell","phase":"compile","probe":"tma.swz128","target":"compute_121f","arch":"sm_121f","stage":"nvrtc_cubin","status":"ok","code":"-","detail":"arch=sm_121f ptx_bytes=7020 .version 9.0 .target sm_121f"}
SM121_PROBE_JSON {"v":1,"kind":"cell","phase":"compile","probe":"tma.swz128","target":"home","arch":"sm_90","stage":"nvrtc_cubin","status":"ok","code":"-","detail":"arch=sm_90 ptx_bytes=4111 .version 9.0 .target sm_90"}
SM121_PROBE_JSON {"v":1,"kind":"cell","phase":"compile","probe":"tma.swz128","target":"hopper","arch":"sm_90a","stage":"nvrtc_cubin","status":"ok","code":"-","detail":"arch=sm_90a ptx_bytes=4112 .version 9.0 .target sm_90a"}
SM121_PROBE_JSON {"v":1,"kind":"cell","phase":"compile","probe":"tma.store","target":"compute_121","arch":"compute_121","stage":"nvrtc_ptx","status":"ok","code":"-","detail":"arch=compute_121 ptx_bytes=3343 .version 9.0 .target sm_121"}
SM121_PROBE_JSON {"v":1,"kind":"cell","phase":"compile","probe":"tma.store","target":"compute_121","arch":"sm_121","stage":"nvrtc_cubin","status":"ok","code":"-","detail":"arch=sm_121 ptx_bytes=3343 .version 9.0 .target sm_121"}
SM121_PROBE_JSON {"v":1,"kind":"cell","phase":"compile","probe":"tma.store","target":"compute_121a","arch":"compute_121a","stage":"nvrtc_ptx","status":"ok","code":"-","detail":"arch=compute_121a ptx_bytes=3344 .version 9.0 .target sm_121a"}
SM121_PROBE_JSON {"v":1,"kind":"cell","phase":"compile","probe":"tma.store","target":"compute_121a","arch":"sm_121a","stage":"nvrtc_cubin","status":"ok","code":"-","detail":"arch=sm_121a ptx_bytes=3344 .version 9.0 .target sm_121a"}
SM121_PROBE_JSON {"v":1,"kind":"cell","phase":"compile","probe":"tma.store","target":"compute_121f","arch":"compute_121f","stage":"nvrtc_ptx","status":"ok","code":"-","detail":"arch=compute_121f ptx_bytes=3344 .version 9.0 .target sm_121f"}
SM121_PROBE_JSON {"v":1,"kind":"cell","phase":"compile","probe":"tma.store","target":"compute_121f","arch":"sm_121f","stage":"nvrtc_cubin","status":"ok","code":"-","detail":"arch=sm_121f ptx_bytes=3344 .version 9.0 .target sm_121f"}
SM121_PROBE_JSON {"v":1,"kind":"cell","phase":"compile","probe":"tma.store","target":"home","arch":"sm_90","stage":"nvrtc_cubin","status":"ok","code":"-","detail":"arch=sm_90 ptx_bytes=2107 .version 9.0 .target sm_90"}
SM121_PROBE_JSON {"v":1,"kind":"cell","phase":"compile","probe":"tma.store","target":"hopper","arch":"sm_90a","stage":"nvrtc_cubin","status":"ok","code":"-","detail":"arch=sm_90a ptx_bytes=2108 .version 9.0 .target sm_90a"}
SM121_PROBE_JSON {"v":1,"kind":"cell","phase":"compile","probe":"tma.prefetch","target":"compute_121","arch":"compute_121","stage":"nvrtc_ptx","status":"ok","code":"-","detail":"arch=compute_121 ptx_bytes=1275 .version 9.0 .target sm_121"}
SM121_PROBE_JSON {"v":1,"kind":"cell","phase":"compile","probe":"tma.prefetch","target":"compute_121","arch":"sm_121","stage":"nvrtc_cubin","status":"ok","code":"-","detail":"arch=sm_121 ptx_bytes=1275 .version 9.0 .target sm_121"}
SM121_PROBE_JSON {"v":1,"kind":"cell","phase":"compile","probe":"tma.prefetch","target":"compute_121a","arch":"compute_121a","stage":"nvrtc_ptx","status":"ok","code":"-","detail":"arch=compute_121a ptx_bytes=1276 .version 9.0 .target sm_121a"}
SM121_PROBE_JSON {"v":1,"kind":"cell","phase":"compile","probe":"tma.prefetch","target":"compute_121a","arch":"sm_121a","stage":"nvrtc_cubin","status":"ok","code":"-","detail":"arch=sm_121a ptx_bytes=1276 .version 9.0 .target sm_121a"}
SM121_PROBE_JSON {"v":1,"kind":"cell","phase":"compile","probe":"tma.prefetch","target":"compute_121f","arch":"compute_121f","stage":"nvrtc_ptx","status":"ok","code":"-","detail":"arch=compute_121f ptx_bytes=1276 .version 9.0 .target sm_121f"}
SM121_PROBE_JSON {"v":1,"kind":"cell","phase":"compile","probe":"tma.prefetch","target":"compute_121f","arch":"sm_121f","stage":"nvrtc_cubin","status":"ok","code":"-","detail":"arch=sm_121f ptx_bytes=1276 .version 9.0 .target sm_121f"}
SM121_PROBE_JSON {"v":1,"kind":"cell","phase":"compile","probe":"tma.prefetch","target":"home","arch":"sm_90","stage":"nvrtc_cubin","status":"ok","code":"-","detail":"arch=sm_90 ptx_bytes=1248 .version 9.0 .target sm_90"}
SM121_PROBE_JSON {"v":1,"kind":"cell","phase":"compile","probe":"tma.prefetch","target":"hopper","arch":"sm_90a","stage":"nvrtc_cubin","status":"ok","code":"-","detail":"arch=sm_90a ptx_bytes=1249 .version 9.0 .target sm_90a"}
SM121_PROBE_JSON {"v":1,"kind":"cell","phase":"compile","probe":"tma.multicast","target":"compute_121","arch":"compute_121","stage":"nvrtc_ptx","status":"ok","code":"-","detail":"arch=compute_121 ptx_bytes=8312 .version 9.0 .target sm_121"}
SM121_PROBE_JSON {"v":1,"kind":"cell","phase":"compile","probe":"tma.multicast","target":"compute_121","arch":"sm_121","stage":"nvrtc_cubin","status":"ok","code":"-","detail":"arch=sm_121 ptx_bytes=8312 .version 9.0 .target sm_121"}
SM121_PROBE_JSON {"v":1,"kind":"cell","phase":"compile","probe":"tma.multicast","target":"compute_121a","arch":"compute_121a","stage":"nvrtc_ptx","status":"ok","code":"-","detail":"arch=compute_121a ptx_bytes=8313 .version 9.0 .target sm_121a"}
SM121_PROBE_JSON {"v":1,"kind":"cell","phase":"compile","probe":"tma.multicast","target":"compute_121a","arch":"sm_121a","stage":"nvrtc_cubin","status":"ok","code":"-","detail":"arch=sm_121a ptx_bytes=8313 .version 9.0 .target sm_121a"}
SM121_PROBE_JSON {"v":1,"kind":"cell","phase":"compile","probe":"tma.multicast","target":"compute_121f","arch":"compute_121f","stage":"nvrtc_ptx","status":"ok","code":"-","detail":"arch=compute_121f ptx_bytes=8313 .version 9.0 .target sm_121f"}
SM121_PROBE_JSON {"v":1,"kind":"cell","phase":"compile","probe":"tma.multicast","target":"compute_121f","arch":"sm_121f","stage":"nvrtc_cubin","status":"ok","code":"-","detail":"arch=sm_121f ptx_bytes=8313 .version 9.0 .target sm_121f"}
SM121_PROBE_JSON {"v":1,"kind":"cell","phase":"compile","probe":"tma.multicast","target":"home","arch":"sm_90","stage":"nvrtc_cubin","status":"ok","code":"-","detail":"arch=sm_90 ptx_bytes=4873 .version 9.0 .target sm_90"}
SM121_PROBE_JSON {"v":1,"kind":"cell","phase":"compile","probe":"tma.multicast","target":"hopper","arch":"sm_90a","stage":"nvrtc_cubin","status":"ok","code":"-","detail":"arch=sm_90a ptx_bytes=4874 .version 9.0 .target sm_90a"}
SM121_PROBE_JSON {"v":1,"kind":"cell","phase":"compile","probe":"ctl.raw","target":"compute_121","arch":"compute_121","stage":"nvrtc_ptx","status":"ok","code":"-","detail":"arch=compute_121 ptx_bytes=1042 .version 9.0 .target sm_121"}
SM121_PROBE_JSON {"v":1,"kind":"cell","phase":"compile","probe":"ctl.raw","target":"compute_121","arch":"sm_121","stage":"nvrtc_cubin","status":"ok","code":"-","detail":"arch=sm_121 ptx_bytes=1042 .version 9.0 .target sm_121"}
SM121_PROBE_JSON {"v":1,"kind":"cell","phase":"compile","probe":"ctl.raw","target":"compute_121a","arch":"compute_121a","stage":"nvrtc_ptx","status":"ok","code":"-","detail":"arch=compute_121a ptx_bytes=1043 .version 9.0 .target sm_121a"}
SM121_PROBE_JSON {"v":1,"kind":"cell","phase":"compile","probe":"ctl.raw","target":"compute_121a","arch":"sm_121a","stage":"nvrtc_cubin","status":"ok","code":"-","detail":"arch=sm_121a ptx_bytes=1043 .version 9.0 .target sm_121a"}
SM121_PROBE_JSON {"v":1,"kind":"cell","phase":"compile","probe":"ctl.raw","target":"compute_121f","arch":"compute_121f","stage":"nvrtc_ptx","status":"ok","code":"-","detail":"arch=compute_121f ptx_bytes=1043 .version 9.0 .target sm_121f"}
SM121_PROBE_JSON {"v":1,"kind":"cell","phase":"compile","probe":"ctl.raw","target":"compute_121f","arch":"sm_121f","stage":"nvrtc_cubin","status":"ok","code":"-","detail":"arch=sm_121f ptx_bytes=1043 .version 9.0 .target sm_121f"}
SM121_PROBE_JSON {"v":1,"kind":"cell","phase":"compile","probe":"ctl.raw","target":"home","arch":"sm_80","stage":"nvrtc_cubin","status":"ok","code":"-","detail":"arch=sm_80 ptx_bytes=1089 .version 9.0 .target sm_80"}
SM121_PROBE_JSON {"v":1,"kind":"cell","phase":"compile","probe":"ctl.raw","target":"hopper","arch":"sm_90a","stage":"nvrtc_cubin","status":"ok","code":"-","detail":"arch=sm_90a ptx_bytes=1090 .version 9.0 .target sm_90a"}
SM121_PROBE_JSON {"v":1,"kind":"cell","phase":"compile","probe":"ctl.rawmap","target":"compute_121","arch":"compute_121","stage":"nvrtc_ptx","status":"ok","code":"-","detail":"arch=compute_121 ptx_bytes=2293 .version 9.0 .target sm_121"}
SM121_PROBE_JSON {"v":1,"kind":"cell","phase":"compile","probe":"ctl.rawmap","target":"compute_121","arch":"sm_121","stage":"nvrtc_cubin","status":"ok","code":"-","detail":"arch=sm_121 ptx_bytes=2293 .version 9.0 .target sm_121"}
SM121_PROBE_JSON {"v":1,"kind":"cell","phase":"compile","probe":"ctl.rawmap","target":"compute_121a","arch":"compute_121a","stage":"nvrtc_ptx","status":"ok","code":"-","detail":"arch=compute_121a ptx_bytes=2294 .version 9.0 .target sm_121a"}
SM121_PROBE_JSON {"v":1,"kind":"cell","phase":"compile","probe":"ctl.rawmap","target":"compute_121a","arch":"sm_121a","stage":"nvrtc_cubin","status":"ok","code":"-","detail":"arch=sm_121a ptx_bytes=2294 .version 9.0 .target sm_121a"}
SM121_PROBE_JSON {"v":1,"kind":"cell","phase":"compile","probe":"ctl.rawmap","target":"compute_121f","arch":"compute_121f","stage":"nvrtc_ptx","status":"ok","code":"-","detail":"arch=compute_121f ptx_bytes=2294 .version 9.0 .target sm_121f"}
SM121_PROBE_JSON {"v":1,"kind":"cell","phase":"compile","probe":"ctl.rawmap","target":"compute_121f","arch":"sm_121f","stage":"nvrtc_cubin","status":"ok","code":"-","detail":"arch=sm_121f ptx_bytes=2294 .version 9.0 .target sm_121f"}
SM121_PROBE_JSON {"v":1,"kind":"cell","phase":"compile","probe":"ctl.rawmap","target":"home","arch":"sm_90","stage":"nvrtc_cubin","status":"ok","code":"-","detail":"arch=sm_90 ptx_bytes=2325 .version 9.0 .target sm_90"}
SM121_PROBE_JSON {"v":1,"kind":"cell","phase":"compile","probe":"ctl.rawmap","target":"hopper","arch":"sm_90a","stage":"nvrtc_cubin","status":"ok","code":"-","detail":"arch=sm_90a ptx_bytes=2326 .version 9.0 .target sm_90a"}
SM121_PROBE_JSON {"v":1,"kind":"cell","phase":"compile","probe":"tma.bulk_cta","target":"compute_121","arch":"compute_121","stage":"nvrtc_ptx","status":"ok","code":"-","detail":"arch=compute_121 ptx_bytes=7095 .version 9.0 .target sm_121"}
SM121_PROBE_JSON {"v":1,"kind":"cell","phase":"compile","probe":"tma.bulk_cta","target":"compute_121","arch":"sm_121","stage":"nvrtc_cubin","status":"ok","code":"-","detail":"arch=sm_121 ptx_bytes=7095 .version 9.0 .target sm_121"}
SM121_PROBE_JSON {"v":1,"kind":"cell","phase":"compile","probe":"tma.bulk_cta","target":"compute_121a","arch":"compute_121a","stage":"nvrtc_ptx","status":"ok","code":"-","detail":"arch=compute_121a ptx_bytes=7096 .version 9.0 .target sm_121a"}
SM121_PROBE_JSON {"v":1,"kind":"cell","phase":"compile","probe":"tma.bulk_cta","target":"compute_121a","arch":"sm_121a","stage":"nvrtc_cubin","status":"ok","code":"-","detail":"arch=sm_121a ptx_bytes=7096 .version 9.0 .target sm_121a"}
SM121_PROBE_JSON {"v":1,"kind":"cell","phase":"compile","probe":"tma.bulk_cta","target":"compute_121f","arch":"compute_121f","stage":"nvrtc_ptx","status":"ok","code":"-","detail":"arch=compute_121f ptx_bytes=7096 .version 9.0 .target sm_121f"}
SM121_PROBE_JSON {"v":1,"kind":"cell","phase":"compile","probe":"tma.bulk_cta","target":"compute_121f","arch":"sm_121f","stage":"nvrtc_cubin","status":"ok","code":"-","detail":"arch=sm_121f ptx_bytes=7096 .version 9.0 .target sm_121f"}
SM121_PROBE_JSON {"v":1,"kind":"cell","phase":"compile","probe":"tma.bulk_cta","target":"home","arch":"sm_90","stage":"nvrtc_cubin","status":"ok","code":"-","detail":"arch=sm_90 ptx_bytes=3641 .version 9.0 .target sm_90"}
SM121_PROBE_JSON {"v":1,"kind":"cell","phase":"compile","probe":"tma.bulk_cta","target":"hopper","arch":"sm_90a","stage":"nvrtc_cubin","status":"ok","code":"-","detail":"arch=sm_90a ptx_bytes=3642 .version 9.0 .target sm_90a"}
SM121_PROBE_JSON {"v":1,"kind":"cell","phase":"compile","probe":"tma.bulk_cluster","target":"compute_121","arch":"compute_121","stage":"nvrtc_ptx","status":"ok","code":"-","detail":"arch=compute_121 ptx_bytes=7175 .version 9.0 .target sm_121"}
SM121_PROBE_JSON {"v":1,"kind":"cell","phase":"compile","probe":"tma.bulk_cluster","target":"compute_121","arch":"sm_121","stage":"nvrtc_cubin","status":"ok","code":"-","detail":"arch=sm_121 ptx_bytes=7175 .version 9.0 .target sm_121"}
SM121_PROBE_JSON {"v":1,"kind":"cell","phase":"compile","probe":"tma.bulk_cluster","target":"compute_121a","arch":"compute_121a","stage":"nvrtc_ptx","status":"ok","code":"-","detail":"arch=compute_121a ptx_bytes=7176 .version 9.0 .target sm_121a"}
SM121_PROBE_JSON {"v":1,"kind":"cell","phase":"compile","probe":"tma.bulk_cluster","target":"compute_121a","arch":"sm_121a","stage":"nvrtc_cubin","status":"ok","code":"-","detail":"arch=sm_121a ptx_bytes=7176 .version 9.0 .target sm_121a"}
SM121_PROBE_JSON {"v":1,"kind":"cell","phase":"compile","probe":"tma.bulk_cluster","target":"compute_121f","arch":"compute_121f","stage":"nvrtc_ptx","status":"ok","code":"-","detail":"arch=compute_121f ptx_bytes=7176 .version 9.0 .target sm_121f"}
SM121_PROBE_JSON {"v":1,"kind":"cell","phase":"compile","probe":"tma.bulk_cluster","target":"compute_121f","arch":"sm_121f","stage":"nvrtc_cubin","status":"ok","code":"-","detail":"arch=sm_121f ptx_bytes=7176 .version 9.0 .target sm_121f"}
SM121_PROBE_JSON {"v":1,"kind":"cell","phase":"compile","probe":"tma.bulk_cluster","target":"home","arch":"sm_90","stage":"nvrtc_cubin","status":"ok","code":"-","detail":"arch=sm_90 ptx_bytes=3713 .version 9.0 .target sm_90"}
SM121_PROBE_JSON {"v":1,"kind":"cell","phase":"compile","probe":"tma.bulk_cluster","target":"hopper","arch":"sm_90a","stage":"nvrtc_cubin","status":"ok","code":"-","detail":"arch=sm_90a ptx_bytes=3714 .version 9.0 .target sm_90a"}
SM121_PROBE_JSON {"v":1,"kind":"cell","phase":"compile","probe":"clu.rt2","target":"compute_121","arch":"compute_121","stage":"nvrtc_ptx","status":"ok","code":"-","detail":"arch=compute_121 ptx_bytes=1120 .version 9.0 .target sm_121"}
SM121_PROBE_JSON {"v":1,"kind":"cell","phase":"compile","probe":"clu.rt2","target":"compute_121","arch":"sm_121","stage":"nvrtc_cubin","status":"ok","code":"-","detail":"arch=sm_121 ptx_bytes=1120 .version 9.0 .target sm_121"}
SM121_PROBE_JSON {"v":1,"kind":"cell","phase":"compile","probe":"clu.rt2","target":"compute_121a","arch":"compute_121a","stage":"nvrtc_ptx","status":"ok","code":"-","detail":"arch=compute_121a ptx_bytes=1121 .version 9.0 .target sm_121a"}
SM121_PROBE_JSON {"v":1,"kind":"cell","phase":"compile","probe":"clu.rt2","target":"compute_121a","arch":"sm_121a","stage":"nvrtc_cubin","status":"ok","code":"-","detail":"arch=sm_121a ptx_bytes=1121 .version 9.0 .target sm_121a"}
SM121_PROBE_JSON {"v":1,"kind":"cell","phase":"compile","probe":"clu.rt2","target":"compute_121f","arch":"compute_121f","stage":"nvrtc_ptx","status":"ok","code":"-","detail":"arch=compute_121f ptx_bytes=1121 .version 9.0 .target sm_121f"}
SM121_PROBE_JSON {"v":1,"kind":"cell","phase":"compile","probe":"clu.rt2","target":"compute_121f","arch":"sm_121f","stage":"nvrtc_cubin","status":"ok","code":"-","detail":"arch=sm_121f ptx_bytes=1121 .version 9.0 .target sm_121f"}
SM121_PROBE_JSON {"v":1,"kind":"cell","phase":"compile","probe":"clu.rt2","target":"home","arch":"sm_90","stage":"nvrtc_cubin","status":"ok","code":"-","detail":"arch=sm_90 ptx_bytes=1103 .version 9.0 .target sm_90"}
SM121_PROBE_JSON {"v":1,"kind":"cell","phase":"compile","probe":"clu.rt2","target":"hopper","arch":"sm_90a","stage":"nvrtc_cubin","status":"ok","code":"-","detail":"arch=sm_90a ptx_bytes=1104 .version 9.0 .target sm_90a"}
SM121_PROBE_JSON {"v":1,"kind":"cell","phase":"compile","probe":"clu.rt4","target":"compute_121","arch":"compute_121","stage":"nvrtc_ptx","status":"ok","code":"-","detail":"arch=compute_121 ptx_bytes=1120 .version 9.0 .target sm_121"}
SM121_PROBE_JSON {"v":1,"kind":"cell","phase":"compile","probe":"clu.rt4","target":"compute_121","arch":"sm_121","stage":"nvrtc_cubin","status":"ok","code":"-","detail":"arch=sm_121 ptx_bytes=1120 .version 9.0 .target sm_121"}
SM121_PROBE_JSON {"v":1,"kind":"cell","phase":"compile","probe":"clu.rt4","target":"compute_121a","arch":"compute_121a","stage":"nvrtc_ptx","status":"ok","code":"-","detail":"arch=compute_121a ptx_bytes=1121 .version 9.0 .target sm_121a"}
SM121_PROBE_JSON {"v":1,"kind":"cell","phase":"compile","probe":"clu.rt4","target":"compute_121a","arch":"sm_121a","stage":"nvrtc_cubin","status":"ok","code":"-","detail":"arch=sm_121a ptx_bytes=1121 .version 9.0 .target sm_121a"}
SM121_PROBE_JSON {"v":1,"kind":"cell","phase":"compile","probe":"clu.rt4","target":"compute_121f","arch":"compute_121f","stage":"nvrtc_ptx","status":"ok","code":"-","detail":"arch=compute_121f ptx_bytes=1121 .version 9.0 .target sm_121f"}
SM121_PROBE_JSON {"v":1,"kind":"cell","phase":"compile","probe":"clu.rt4","target":"compute_121f","arch":"sm_121f","stage":"nvrtc_cubin","status":"ok","code":"-","detail":"arch=sm_121f ptx_bytes=1121 .version 9.0 .target sm_121f"}
SM121_PROBE_JSON {"v":1,"kind":"cell","phase":"compile","probe":"clu.rt4","target":"home","arch":"sm_90","stage":"nvrtc_cubin","status":"ok","code":"-","detail":"arch=sm_90 ptx_bytes=1103 .version 9.0 .target sm_90"}
SM121_PROBE_JSON {"v":1,"kind":"cell","phase":"compile","probe":"clu.rt4","target":"hopper","arch":"sm_90a","stage":"nvrtc_cubin","status":"ok","code":"-","detail":"arch=sm_90a ptx_bytes=1104 .version 9.0 .target sm_90a"}
SM121_PROBE_JSON {"v":1,"kind":"done","phase":"compile","probe":"-","target":"-","cells":536,"mismatch":0}
test sm121_isa_probe_compile_matrix ... ok

test result: ok. 1 passed; 0 failed; 0 ignored; 0 measured; 0 filtered out; finished in 7.23s

SM121_PROBE_PROC {"v":1,"kind":"proc","phase":"compile","probe":"-","target":"-","exit":0}
