== RAYON_NUM_THREADS=8 run=1 taskset=none ==
oss-gemm-compare: commit=4bf092f hw=macos/aarch64 (16 logical cores) rayon_threads=8
::warning::size=1024 出力不一致（matrixmultiply）: matrixmultiply: index=5119 reference=-0.0021471737 candidate=-0.0021572113 abs_diff=0.000010037562 rel_diff=0.004653027
{"date":"2026-09-07","commit":"4bf092f","hw":"macos/aarch64 (16 logical cores)","boundary":"device_resident","impl":"self_gemm_blis_parallel","lib_version":"0.1.0","impl_threads":8,"size":1024,"warmup":20,"iters":20,"tflops_median":0.2791,"tflops_q1":0.1835,"tflops_q3":0.3176,"output_match":true,"mismatch_detail":null}
{"date":"2026-09-07","commit":"4bf092f","hw":"macos/aarch64 (16 logical cores)","boundary":"device_resident","impl":"matrixmultiply","lib_version":"0.3.11","impl_threads":1,"size":1024,"warmup":20,"iters":20,"tflops_median":0.0767,"tflops_q1":0.0577,"tflops_q3":0.0927,"output_match":false,"mismatch_detail":"matrixmultiply: index=5119 reference=-0.0021471737 candidate=-0.0021572113 abs_diff=0.000010037562 rel_diff=0.004653027"}
{"date":"2026-09-07","commit":"4bf092f","hw":"macos/aarch64 (16 logical cores)","boundary":"device_resident","impl":"gemm","lib_version":"0.19.0","impl_threads":8,"size":1024,"warmup":20,"iters":20,"tflops_median":0.1315,"tflops_q1":0.0966,"tflops_q3":0.3271,"output_match":true,"mismatch_detail":null}
::warning::size=2048 出力不一致（matrixmultiply）: matrixmultiply: index=1988 reference=-0.0072821276 candidate=-0.00727129 abs_diff=0.000010837801 rel_diff=0.001488274
{"date":"2026-09-07","commit":"4bf092f","hw":"macos/aarch64 (16 logical cores)","boundary":"device_resident","impl":"self_gemm_blis_parallel","lib_version":"0.1.0","impl_threads":8,"size":2048,"warmup":20,"iters":20,"tflops_median":0.4331,"tflops_q1":0.3880,"tflops_q3":0.4485,"output_match":true,"mismatch_detail":null}
{"date":"2026-09-07","commit":"4bf092f","hw":"macos/aarch64 (16 logical cores)","boundary":"device_resident","impl":"matrixmultiply","lib_version":"0.3.11","impl_threads":1,"size":2048,"warmup":20,"iters":20,"tflops_median":0.1098,"tflops_q1":0.1092,"tflops_q3":0.1103,"output_match":false,"mismatch_detail":"matrixmultiply: index=1988 reference=-0.0072821276 candidate=-0.00727129 abs_diff=0.000010837801 rel_diff=0.001488274"}
{"date":"2026-09-07","commit":"4bf092f","hw":"macos/aarch64 (16 logical cores)","boundary":"device_resident","impl":"gemm","lib_version":"0.19.0","impl_threads":8,"size":2048,"warmup":20,"iters":20,"tflops_median":0.7633,"tflops_q1":0.7548,"tflops_q3":0.7686,"output_match":true,"mismatch_detail":null}
::warning::size=4096 出力不一致（matrixmultiply）: matrixmultiply: index=117 reference=0.012689356 candidate=0.012704611 abs_diff=0.000015255064 rel_diff=0.0012007502
::warning::size=4096 出力不一致（gemm crate）: gemm: index=858 reference=0.0038044143 candidate=0.0037908554 abs_diff=0.0000135588925 rel_diff=0.0035639894
{"date":"2026-09-07","commit":"4bf092f","hw":"macos/aarch64 (16 logical cores)","boundary":"device_resident","impl":"self_gemm_blis_parallel","lib_version":"0.1.0","impl_threads":8,"size":4096,"warmup":20,"iters":20,"tflops_median":0.6271,"tflops_q1":0.4976,"tflops_q3":0.7136,"output_match":true,"mismatch_detail":null}
{"date":"2026-09-07","commit":"4bf092f","hw":"macos/aarch64 (16 logical cores)","boundary":"device_resident","impl":"matrixmultiply","lib_version":"0.3.11","impl_threads":1,"size":4096,"warmup":20,"iters":20,"tflops_median":0.1074,"tflops_q1":0.0974,"tflops_q3":0.1084,"output_match":false,"mismatch_detail":"matrixmultiply: index=117 reference=0.012689356 candidate=0.012704611 abs_diff=0.000015255064 rel_diff=0.0012007502"}
{"date":"2026-09-07","commit":"4bf092f","hw":"macos/aarch64 (16 logical cores)","boundary":"device_resident","impl":"gemm","lib_version":"0.19.0","impl_threads":8,"size":4096,"warmup":20,"iters":20,"tflops_median":0.5773,"tflops_q1":0.5654,"tflops_q3":0.6796,"output_match":false,"mismatch_detail":"gemm: index=858 reference=0.0038044143 candidate=0.0037908554 abs_diff=0.0000135588925 rel_diff=0.0035639894"}
::error::出力突合 NG（統一複合判定: 相対誤差 1e-3 未満 または 絶対誤差 1e-5 未満）を検出した。各 JSON Lines レコードの output_match / mismatch_detail を参照。既知の限界は docs/oss-comparison-harness-decision.md「出力突合とその限界」節を参照。
== RAYON_NUM_THREADS=8 run=1 rc=1 ==
== RAYON_NUM_THREADS=8 run=2 taskset=none ==
oss-gemm-compare: commit=4bf092f hw=macos/aarch64 (16 logical cores) rayon_threads=8
::warning::size=1024 出力不一致（matrixmultiply）: matrixmultiply: index=5119 reference=-0.0021471737 candidate=-0.0021572113 abs_diff=0.000010037562 rel_diff=0.004653027
{"date":"2026-09-07","commit":"4bf092f","hw":"macos/aarch64 (16 logical cores)","boundary":"device_resident","impl":"self_gemm_blis_parallel","lib_version":"0.1.0","impl_threads":8,"size":1024,"warmup":20,"iters":20,"tflops_median":0.7018,"tflops_q1":0.6967,"tflops_q3":0.7125,"output_match":true,"mismatch_detail":null}
{"date":"2026-09-07","commit":"4bf092f","hw":"macos/aarch64 (16 logical cores)","boundary":"device_resident","impl":"matrixmultiply","lib_version":"0.3.11","impl_threads":1,"size":1024,"warmup":20,"iters":20,"tflops_median":0.1077,"tflops_q1":0.1048,"tflops_q3":0.1088,"output_match":false,"mismatch_detail":"matrixmultiply: index=5119 reference=-0.0021471737 candidate=-0.0021572113 abs_diff=0.000010037562 rel_diff=0.004653027"}
{"date":"2026-09-07","commit":"4bf092f","hw":"macos/aarch64 (16 logical cores)","boundary":"device_resident","impl":"gemm","lib_version":"0.19.0","impl_threads":8,"size":1024,"warmup":20,"iters":20,"tflops_median":0.7040,"tflops_q1":0.7021,"tflops_q3":0.7290,"output_match":true,"mismatch_detail":null}
::warning::size=2048 出力不一致（matrixmultiply）: matrixmultiply: index=1988 reference=-0.0072821276 candidate=-0.00727129 abs_diff=0.000010837801 rel_diff=0.001488274
{"date":"2026-09-07","commit":"4bf092f","hw":"macos/aarch64 (16 logical cores)","boundary":"device_resident","impl":"self_gemm_blis_parallel","lib_version":"0.1.0","impl_threads":8,"size":2048,"warmup":20,"iters":20,"tflops_median":0.7185,"tflops_q1":0.7020,"tflops_q3":0.7386,"output_match":true,"mismatch_detail":null}
{"date":"2026-09-07","commit":"4bf092f","hw":"macos/aarch64 (16 logical cores)","boundary":"device_resident","impl":"matrixmultiply","lib_version":"0.3.11","impl_threads":1,"size":2048,"warmup":20,"iters":20,"tflops_median":0.0945,"tflops_q1":0.0906,"tflops_q3":0.1086,"output_match":false,"mismatch_detail":"matrixmultiply: index=1988 reference=-0.0072821276 candidate=-0.00727129 abs_diff=0.000010837801 rel_diff=0.001488274"}
{"date":"2026-09-07","commit":"4bf092f","hw":"macos/aarch64 (16 logical cores)","boundary":"device_resident","impl":"gemm","lib_version":"0.19.0","impl_threads":8,"size":2048,"warmup":20,"iters":20,"tflops_median":0.4841,"tflops_q1":0.2966,"tflops_q3":0.6834,"output_match":true,"mismatch_detail":null}
::warning::size=4096 出力不一致（matrixmultiply）: matrixmultiply: index=117 reference=0.012689356 candidate=0.012704611 abs_diff=0.000015255064 rel_diff=0.0012007502
::warning::size=4096 出力不一致（gemm crate）: gemm: index=858 reference=0.0038044143 candidate=0.0037908554 abs_diff=0.0000135588925 rel_diff=0.0035639894
{"date":"2026-09-07","commit":"4bf092f","hw":"macos/aarch64 (16 logical cores)","boundary":"device_resident","impl":"self_gemm_blis_parallel","lib_version":"0.1.0","impl_threads":8,"size":4096,"warmup":20,"iters":20,"tflops_median":0.7124,"tflops_q1":0.7063,"tflops_q3":0.7148,"output_match":true,"mismatch_detail":null}
{"date":"2026-09-07","commit":"4bf092f","hw":"macos/aarch64 (16 logical cores)","boundary":"device_resident","impl":"matrixmultiply","lib_version":"0.3.11","impl_threads":1,"size":4096,"warmup":20,"iters":20,"tflops_median":0.1087,"tflops_q1":0.1085,"tflops_q3":0.1095,"output_match":false,"mismatch_detail":"matrixmultiply: index=117 reference=0.012689356 candidate=0.012704611 abs_diff=0.000015255064 rel_diff=0.0012007502"}
{"date":"2026-09-07","commit":"4bf092f","hw":"macos/aarch64 (16 logical cores)","boundary":"device_resident","impl":"gemm","lib_version":"0.19.0","impl_threads":8,"size":4096,"warmup":20,"iters":20,"tflops_median":0.6239,"tflops_q1":0.6225,"tflops_q3":0.6311,"output_match":false,"mismatch_detail":"gemm: index=858 reference=0.0038044143 candidate=0.0037908554 abs_diff=0.0000135588925 rel_diff=0.0035639894"}
::error::出力突合 NG（統一複合判定: 相対誤差 1e-3 未満 または 絶対誤差 1e-5 未満）を検出した。各 JSON Lines レコードの output_match / mismatch_detail を参照。既知の限界は docs/oss-comparison-harness-decision.md「出力突合とその限界」節を参照。
== RAYON_NUM_THREADS=8 run=2 rc=1 ==
== RAYON_NUM_THREADS=8 run=3 taskset=none ==
oss-gemm-compare: commit=4bf092f hw=macos/aarch64 (16 logical cores) rayon_threads=8
::warning::size=1024 出力不一致（matrixmultiply）: matrixmultiply: index=5119 reference=-0.0021471737 candidate=-0.0021572113 abs_diff=0.000010037562 rel_diff=0.004653027
{"date":"2026-09-07","commit":"4bf092f","hw":"macos/aarch64 (16 logical cores)","boundary":"device_resident","impl":"self_gemm_blis_parallel","lib_version":"0.1.0","impl_threads":8,"size":1024,"warmup":20,"iters":20,"tflops_median":0.6255,"tflops_q1":0.6240,"tflops_q3":0.6288,"output_match":true,"mismatch_detail":null}
{"date":"2026-09-07","commit":"4bf092f","hw":"macos/aarch64 (16 logical cores)","boundary":"device_resident","impl":"matrixmultiply","lib_version":"0.3.11","impl_threads":1,"size":1024,"warmup":20,"iters":20,"tflops_median":0.1077,"tflops_q1":0.1073,"tflops_q3":0.1086,"output_match":false,"mismatch_detail":"matrixmultiply: index=5119 reference=-0.0021471737 candidate=-0.0021572113 abs_diff=0.000010037562 rel_diff=0.004653027"}
{"date":"2026-09-07","commit":"4bf092f","hw":"macos/aarch64 (16 logical cores)","boundary":"device_resident","impl":"gemm","lib_version":"0.19.0","impl_threads":8,"size":1024,"warmup":20,"iters":20,"tflops_median":0.8028,"tflops_q1":0.7850,"tflops_q3":0.8066,"output_match":true,"mismatch_detail":null}
::warning::size=2048 出力不一致（matrixmultiply）: matrixmultiply: index=1988 reference=-0.0072821276 candidate=-0.00727129 abs_diff=0.000010837801 rel_diff=0.001488274
{"date":"2026-09-07","commit":"4bf092f","hw":"macos/aarch64 (16 logical cores)","boundary":"device_resident","impl":"self_gemm_blis_parallel","lib_version":"0.1.0","impl_threads":8,"size":2048,"warmup":20,"iters":20,"tflops_median":0.7053,"tflops_q1":0.6655,"tflops_q3":0.7181,"output_match":true,"mismatch_detail":null}
{"date":"2026-09-07","commit":"4bf092f","hw":"macos/aarch64 (16 logical cores)","boundary":"device_resident","impl":"matrixmultiply","lib_version":"0.3.11","impl_threads":1,"size":2048,"warmup":20,"iters":20,"tflops_median":0.1085,"tflops_q1":0.1082,"tflops_q3":0.1091,"output_match":false,"mismatch_detail":"matrixmultiply: index=1988 reference=-0.0072821276 candidate=-0.00727129 abs_diff=0.000010837801 rel_diff=0.001488274"}
{"date":"2026-09-07","commit":"4bf092f","hw":"macos/aarch64 (16 logical cores)","boundary":"device_resident","impl":"gemm","lib_version":"0.19.0","impl_threads":8,"size":2048,"warmup":20,"iters":20,"tflops_median":0.7795,"tflops_q1":0.7696,"tflops_q3":0.7891,"output_match":true,"mismatch_detail":null}
::warning::size=4096 出力不一致（matrixmultiply）: matrixmultiply: index=117 reference=0.012689356 candidate=0.012704611 abs_diff=0.000015255064 rel_diff=0.0012007502
::warning::size=4096 出力不一致（gemm crate）: gemm: index=858 reference=0.0038044143 candidate=0.0037908554 abs_diff=0.0000135588925 rel_diff=0.0035639894
{"date":"2026-09-07","commit":"4bf092f","hw":"macos/aarch64 (16 logical cores)","boundary":"device_resident","impl":"self_gemm_blis_parallel","lib_version":"0.1.0","impl_threads":8,"size":4096,"warmup":20,"iters":20,"tflops_median":0.6856,"tflops_q1":0.6568,"tflops_q3":0.7357,"output_match":true,"mismatch_detail":null}
{"date":"2026-09-07","commit":"4bf092f","hw":"macos/aarch64 (16 logical cores)","boundary":"device_resident","impl":"matrixmultiply","lib_version":"0.3.11","impl_threads":1,"size":4096,"warmup":20,"iters":20,"tflops_median":0.1103,"tflops_q1":0.1101,"tflops_q3":0.1105,"output_match":false,"mismatch_detail":"matrixmultiply: index=117 reference=0.012689356 candidate=0.012704611 abs_diff=0.000015255064 rel_diff=0.0012007502"}
{"date":"2026-09-07","commit":"4bf092f","hw":"macos/aarch64 (16 logical cores)","boundary":"device_resident","impl":"gemm","lib_version":"0.19.0","impl_threads":8,"size":4096,"warmup":20,"iters":20,"tflops_median":0.7449,"tflops_q1":0.7404,"tflops_q3":0.7502,"output_match":false,"mismatch_detail":"gemm: index=858 reference=0.0038044143 candidate=0.0037908554 abs_diff=0.0000135588925 rel_diff=0.0035639894"}
::error::出力突合 NG（統一複合判定: 相対誤差 1e-3 未満 または 絶対誤差 1e-5 未満）を検出した。各 JSON Lines レコードの output_match / mismatch_detail を参照。既知の限界は docs/oss-comparison-harness-decision.md「出力突合とその限界」節を参照。
== RAYON_NUM_THREADS=8 run=3 rc=1 ==
== RAYON_NUM_THREADS=8 run=4 taskset=none ==
oss-gemm-compare: commit=4bf092f hw=macos/aarch64 (16 logical cores) rayon_threads=8
::warning::size=1024 出力不一致（matrixmultiply）: matrixmultiply: index=5119 reference=-0.0021471737 candidate=-0.0021572113 abs_diff=0.000010037562 rel_diff=0.004653027
{"date":"2026-09-07","commit":"4bf092f","hw":"macos/aarch64 (16 logical cores)","boundary":"device_resident","impl":"self_gemm_blis_parallel","lib_version":"0.1.0","impl_threads":8,"size":1024,"warmup":20,"iters":20,"tflops_median":0.7304,"tflops_q1":0.7263,"tflops_q3":0.7346,"output_match":true,"mismatch_detail":null}
{"date":"2026-09-07","commit":"4bf092f","hw":"macos/aarch64 (16 logical cores)","boundary":"device_resident","impl":"matrixmultiply","lib_version":"0.3.11","impl_threads":1,"size":1024,"warmup":20,"iters":20,"tflops_median":0.1112,"tflops_q1":0.1105,"tflops_q3":0.1116,"output_match":false,"mismatch_detail":"matrixmultiply: index=5119 reference=-0.0021471737 candidate=-0.0021572113 abs_diff=0.000010037562 rel_diff=0.004653027"}
{"date":"2026-09-07","commit":"4bf092f","hw":"macos/aarch64 (16 logical cores)","boundary":"device_resident","impl":"gemm","lib_version":"0.19.0","impl_threads":8,"size":1024,"warmup":20,"iters":20,"tflops_median":0.8186,"tflops_q1":0.8072,"tflops_q3":0.8224,"output_match":true,"mismatch_detail":null}
::warning::size=2048 出力不一致（matrixmultiply）: matrixmultiply: index=1988 reference=-0.0072821276 candidate=-0.00727129 abs_diff=0.000010837801 rel_diff=0.001488274
{"date":"2026-09-07","commit":"4bf092f","hw":"macos/aarch64 (16 logical cores)","boundary":"device_resident","impl":"self_gemm_blis_parallel","lib_version":"0.1.0","impl_threads":8,"size":2048,"warmup":20,"iters":20,"tflops_median":0.7871,"tflops_q1":0.7826,"tflops_q3":0.7939,"output_match":true,"mismatch_detail":null}
{"date":"2026-09-07","commit":"4bf092f","hw":"macos/aarch64 (16 logical cores)","boundary":"device_resident","impl":"matrixmultiply","lib_version":"0.3.11","impl_threads":1,"size":2048,"warmup":20,"iters":20,"tflops_median":0.1076,"tflops_q1":0.1073,"tflops_q3":0.1081,"output_match":false,"mismatch_detail":"matrixmultiply: index=1988 reference=-0.0072821276 candidate=-0.00727129 abs_diff=0.000010837801 rel_diff=0.001488274"}
{"date":"2026-09-07","commit":"4bf092f","hw":"macos/aarch64 (16 logical cores)","boundary":"device_resident","impl":"gemm","lib_version":"0.19.0","impl_threads":8,"size":2048,"warmup":20,"iters":20,"tflops_median":0.7723,"tflops_q1":0.7602,"tflops_q3":0.7804,"output_match":true,"mismatch_detail":null}
::warning::size=4096 出力不一致（matrixmultiply）: matrixmultiply: index=117 reference=0.012689356 candidate=0.012704611 abs_diff=0.000015255064 rel_diff=0.0012007502
::warning::size=4096 出力不一致（gemm crate）: gemm: index=858 reference=0.0038044143 candidate=0.0037908554 abs_diff=0.0000135588925 rel_diff=0.0035639894
{"date":"2026-09-07","commit":"4bf092f","hw":"macos/aarch64 (16 logical cores)","boundary":"device_resident","impl":"self_gemm_blis_parallel","lib_version":"0.1.0","impl_threads":8,"size":4096,"warmup":20,"iters":20,"tflops_median":0.7402,"tflops_q1":0.5925,"tflops_q3":0.7646,"output_match":true,"mismatch_detail":null}
{"date":"2026-09-07","commit":"4bf092f","hw":"macos/aarch64 (16 logical cores)","boundary":"device_resident","impl":"matrixmultiply","lib_version":"0.3.11","impl_threads":1,"size":4096,"warmup":20,"iters":20,"tflops_median":0.1054,"tflops_q1":0.0972,"tflops_q3":0.1094,"output_match":false,"mismatch_detail":"matrixmultiply: index=117 reference=0.012689356 candidate=0.012704611 abs_diff=0.000015255064 rel_diff=0.0012007502"}
{"date":"2026-09-07","commit":"4bf092f","hw":"macos/aarch64 (16 logical cores)","boundary":"device_resident","impl":"gemm","lib_version":"0.19.0","impl_threads":8,"size":4096,"warmup":20,"iters":20,"tflops_median":0.5600,"tflops_q1":0.4633,"tflops_q3":0.7337,"output_match":false,"mismatch_detail":"gemm: index=858 reference=0.0038044143 candidate=0.0037908554 abs_diff=0.0000135588925 rel_diff=0.0035639894"}
::error::出力突合 NG（統一複合判定: 相対誤差 1e-3 未満 または 絶対誤差 1e-5 未満）を検出した。各 JSON Lines レコードの output_match / mismatch_detail を参照。既知の限界は docs/oss-comparison-harness-decision.md「出力突合とその限界」節を参照。
== RAYON_NUM_THREADS=8 run=4 rc=1 ==
== RAYON_NUM_THREADS=8 run=5 taskset=none ==
oss-gemm-compare: commit=4bf092f hw=macos/aarch64 (16 logical cores) rayon_threads=8
::warning::size=1024 出力不一致（matrixmultiply）: matrixmultiply: index=5119 reference=-0.0021471737 candidate=-0.0021572113 abs_diff=0.000010037562 rel_diff=0.004653027
{"date":"2026-09-07","commit":"4bf092f","hw":"macos/aarch64 (16 logical cores)","boundary":"device_resident","impl":"self_gemm_blis_parallel","lib_version":"0.1.0","impl_threads":8,"size":1024,"warmup":20,"iters":20,"tflops_median":0.7291,"tflops_q1":0.7136,"tflops_q3":0.7328,"output_match":true,"mismatch_detail":null}
{"date":"2026-09-07","commit":"4bf092f","hw":"macos/aarch64 (16 logical cores)","boundary":"device_resident","impl":"matrixmultiply","lib_version":"0.3.11","impl_threads":1,"size":1024,"warmup":20,"iters":20,"tflops_median":0.1081,"tflops_q1":0.1074,"tflops_q3":0.1089,"output_match":false,"mismatch_detail":"matrixmultiply: index=5119 reference=-0.0021471737 candidate=-0.0021572113 abs_diff=0.000010037562 rel_diff=0.004653027"}
{"date":"2026-09-07","commit":"4bf092f","hw":"macos/aarch64 (16 logical cores)","boundary":"device_resident","impl":"gemm","lib_version":"0.19.0","impl_threads":8,"size":1024,"warmup":20,"iters":20,"tflops_median":0.7624,"tflops_q1":0.7419,"tflops_q3":0.7660,"output_match":true,"mismatch_detail":null}
::warning::size=2048 出力不一致（matrixmultiply）: matrixmultiply: index=1988 reference=-0.0072821276 candidate=-0.00727129 abs_diff=0.000010837801 rel_diff=0.001488274
{"date":"2026-09-07","commit":"4bf092f","hw":"macos/aarch64 (16 logical cores)","boundary":"device_resident","impl":"self_gemm_blis_parallel","lib_version":"0.1.0","impl_threads":8,"size":2048,"warmup":20,"iters":20,"tflops_median":0.7721,"tflops_q1":0.7545,"tflops_q3":0.7859,"output_match":true,"mismatch_detail":null}
{"date":"2026-09-07","commit":"4bf092f","hw":"macos/aarch64 (16 logical cores)","boundary":"device_resident","impl":"matrixmultiply","lib_version":"0.3.11","impl_threads":1,"size":2048,"warmup":20,"iters":20,"tflops_median":0.1074,"tflops_q1":0.1066,"tflops_q3":0.1078,"output_match":false,"mismatch_detail":"matrixmultiply: index=1988 reference=-0.0072821276 candidate=-0.00727129 abs_diff=0.000010837801 rel_diff=0.001488274"}
{"date":"2026-09-07","commit":"4bf092f","hw":"macos/aarch64 (16 logical cores)","boundary":"device_resident","impl":"gemm","lib_version":"0.19.0","impl_threads":8,"size":2048,"warmup":20,"iters":20,"tflops_median":0.7396,"tflops_q1":0.7350,"tflops_q3":0.7510,"output_match":true,"mismatch_detail":null}
::warning::size=4096 出力不一致（matrixmultiply）: matrixmultiply: index=117 reference=0.012689356 candidate=0.012704611 abs_diff=0.000015255064 rel_diff=0.0012007502
::warning::size=4096 出力不一致（gemm crate）: gemm: index=858 reference=0.0038044143 candidate=0.0037908554 abs_diff=0.0000135588925 rel_diff=0.0035639894
{"date":"2026-09-07","commit":"4bf092f","hw":"macos/aarch64 (16 logical cores)","boundary":"device_resident","impl":"self_gemm_blis_parallel","lib_version":"0.1.0","impl_threads":8,"size":4096,"warmup":20,"iters":20,"tflops_median":0.7282,"tflops_q1":0.7179,"tflops_q3":0.7358,"output_match":true,"mismatch_detail":null}
{"date":"2026-09-07","commit":"4bf092f","hw":"macos/aarch64 (16 logical cores)","boundary":"device_resident","impl":"matrixmultiply","lib_version":"0.3.11","impl_threads":1,"size":4096,"warmup":20,"iters":20,"tflops_median":0.0723,"tflops_q1":0.0683,"tflops_q3":0.0940,"output_match":false,"mismatch_detail":"matrixmultiply: index=117 reference=0.012689356 candidate=0.012704611 abs_diff=0.000015255064 rel_diff=0.0012007502"}
{"date":"2026-09-07","commit":"4bf092f","hw":"macos/aarch64 (16 logical cores)","boundary":"device_resident","impl":"gemm","lib_version":"0.19.0","impl_threads":8,"size":4096,"warmup":20,"iters":20,"tflops_median":0.7179,"tflops_q1":0.5063,"tflops_q3":0.7320,"output_match":false,"mismatch_detail":"gemm: index=858 reference=0.0038044143 candidate=0.0037908554 abs_diff=0.0000135588925 rel_diff=0.0035639894"}
::error::出力突合 NG（統一複合判定: 相対誤差 1e-3 未満 または 絶対誤差 1e-5 未満）を検出した。各 JSON Lines レコードの output_match / mismatch_detail を参照。既知の限界は docs/oss-comparison-harness-decision.md「出力突合とその限界」節を参照。
== RAYON_NUM_THREADS=8 run=5 rc=1 ==
== RAYON_NUM_THREADS=12 run=1 taskset=none ==
oss-gemm-compare: commit=4bf092f hw=macos/aarch64 (16 logical cores) rayon_threads=12
::warning::size=1024 出力不一致（matrixmultiply）: matrixmultiply: index=5119 reference=-0.0021471737 candidate=-0.0021572113 abs_diff=0.000010037562 rel_diff=0.004653027
{"date":"2026-09-07","commit":"4bf092f","hw":"macos/aarch64 (16 logical cores)","boundary":"device_resident","impl":"self_gemm_blis_parallel","lib_version":"0.1.0","impl_threads":12,"size":1024,"warmup":20,"iters":20,"tflops_median":0.3511,"tflops_q1":0.3306,"tflops_q3":0.3634,"output_match":true,"mismatch_detail":null}
{"date":"2026-09-07","commit":"4bf092f","hw":"macos/aarch64 (16 logical cores)","boundary":"device_resident","impl":"matrixmultiply","lib_version":"0.3.11","impl_threads":1,"size":1024,"warmup":20,"iters":20,"tflops_median":0.0946,"tflops_q1":0.0903,"tflops_q3":0.0949,"output_match":false,"mismatch_detail":"matrixmultiply: index=5119 reference=-0.0021471737 candidate=-0.0021572113 abs_diff=0.000010037562 rel_diff=0.004653027"}
{"date":"2026-09-07","commit":"4bf092f","hw":"macos/aarch64 (16 logical cores)","boundary":"device_resident","impl":"gemm","lib_version":"0.19.0","impl_threads":12,"size":1024,"warmup":20,"iters":20,"tflops_median":0.4344,"tflops_q1":0.4009,"tflops_q3":0.4486,"output_match":true,"mismatch_detail":null}
::warning::size=2048 出力不一致（matrixmultiply）: matrixmultiply: index=1988 reference=-0.0072821276 candidate=-0.00727129 abs_diff=0.000010837801 rel_diff=0.001488274
{"date":"2026-09-07","commit":"4bf092f","hw":"macos/aarch64 (16 logical cores)","boundary":"device_resident","impl":"self_gemm_blis_parallel","lib_version":"0.1.0","impl_threads":12,"size":2048,"warmup":20,"iters":20,"tflops_median":0.4498,"tflops_q1":0.4286,"tflops_q3":0.4812,"output_match":true,"mismatch_detail":null}
{"date":"2026-09-07","commit":"4bf092f","hw":"macos/aarch64 (16 logical cores)","boundary":"device_resident","impl":"matrixmultiply","lib_version":"0.3.11","impl_threads":1,"size":2048,"warmup":20,"iters":20,"tflops_median":0.1013,"tflops_q1":0.0995,"tflops_q3":0.1031,"output_match":false,"mismatch_detail":"matrixmultiply: index=1988 reference=-0.0072821276 candidate=-0.00727129 abs_diff=0.000010837801 rel_diff=0.001488274"}
{"date":"2026-09-07","commit":"4bf092f","hw":"macos/aarch64 (16 logical cores)","boundary":"device_resident","impl":"gemm","lib_version":"0.19.0","impl_threads":12,"size":2048,"warmup":20,"iters":20,"tflops_median":0.4422,"tflops_q1":0.3961,"tflops_q3":0.5435,"output_match":true,"mismatch_detail":null}
::warning::size=4096 出力不一致（matrixmultiply）: matrixmultiply: index=117 reference=0.012689356 candidate=0.012704611 abs_diff=0.000015255064 rel_diff=0.0012007502
::warning::size=4096 出力不一致（gemm crate）: gemm: index=858 reference=0.0038044143 candidate=0.0037908554 abs_diff=0.0000135588925 rel_diff=0.0035639894
{"date":"2026-09-07","commit":"4bf092f","hw":"macos/aarch64 (16 logical cores)","boundary":"device_resident","impl":"self_gemm_blis_parallel","lib_version":"0.1.0","impl_threads":12,"size":4096,"warmup":20,"iters":20,"tflops_median":0.6814,"tflops_q1":0.6419,"tflops_q3":0.7086,"output_match":true,"mismatch_detail":null}
{"date":"2026-09-07","commit":"4bf092f","hw":"macos/aarch64 (16 logical cores)","boundary":"device_resident","impl":"matrixmultiply","lib_version":"0.3.11","impl_threads":1,"size":4096,"warmup":20,"iters":20,"tflops_median":0.1095,"tflops_q1":0.1090,"tflops_q3":0.1096,"output_match":false,"mismatch_detail":"matrixmultiply: index=117 reference=0.012689356 candidate=0.012704611 abs_diff=0.000015255064 rel_diff=0.0012007502"}
{"date":"2026-09-07","commit":"4bf092f","hw":"macos/aarch64 (16 logical cores)","boundary":"device_resident","impl":"gemm","lib_version":"0.19.0","impl_threads":12,"size":4096,"warmup":20,"iters":20,"tflops_median":0.8388,"tflops_q1":0.8136,"tflops_q3":0.8543,"output_match":false,"mismatch_detail":"gemm: index=858 reference=0.0038044143 candidate=0.0037908554 abs_diff=0.0000135588925 rel_diff=0.0035639894"}
::error::出力突合 NG（統一複合判定: 相対誤差 1e-3 未満 または 絶対誤差 1e-5 未満）を検出した。各 JSON Lines レコードの output_match / mismatch_detail を参照。既知の限界は docs/oss-comparison-harness-decision.md「出力突合とその限界」節を参照。
== RAYON_NUM_THREADS=12 run=1 rc=1 ==
== RAYON_NUM_THREADS=12 run=2 taskset=none ==
oss-gemm-compare: commit=4bf092f hw=macos/aarch64 (16 logical cores) rayon_threads=12
::warning::size=1024 出力不一致（matrixmultiply）: matrixmultiply: index=5119 reference=-0.0021471737 candidate=-0.0021572113 abs_diff=0.000010037562 rel_diff=0.004653027
{"date":"2026-09-07","commit":"4bf092f","hw":"macos/aarch64 (16 logical cores)","boundary":"device_resident","impl":"self_gemm_blis_parallel","lib_version":"0.1.0","impl_threads":12,"size":1024,"warmup":20,"iters":20,"tflops_median":0.5877,"tflops_q1":0.5670,"tflops_q3":0.6091,"output_match":true,"mismatch_detail":null}
{"date":"2026-09-07","commit":"4bf092f","hw":"macos/aarch64 (16 logical cores)","boundary":"device_resident","impl":"matrixmultiply","lib_version":"0.3.11","impl_threads":1,"size":1024,"warmup":20,"iters":20,"tflops_median":0.1083,"tflops_q1":0.1075,"tflops_q3":0.1096,"output_match":false,"mismatch_detail":"matrixmultiply: index=5119 reference=-0.0021471737 candidate=-0.0021572113 abs_diff=0.000010037562 rel_diff=0.004653027"}
{"date":"2026-09-07","commit":"4bf092f","hw":"macos/aarch64 (16 logical cores)","boundary":"device_resident","impl":"gemm","lib_version":"0.19.0","impl_threads":12,"size":1024,"warmup":20,"iters":20,"tflops_median":0.7102,"tflops_q1":0.6750,"tflops_q3":0.7124,"output_match":true,"mismatch_detail":null}
::warning::size=2048 出力不一致（matrixmultiply）: matrixmultiply: index=1988 reference=-0.0072821276 candidate=-0.00727129 abs_diff=0.000010837801 rel_diff=0.001488274
{"date":"2026-09-07","commit":"4bf092f","hw":"macos/aarch64 (16 logical cores)","boundary":"device_resident","impl":"self_gemm_blis_parallel","lib_version":"0.1.0","impl_threads":12,"size":2048,"warmup":20,"iters":20,"tflops_median":0.7734,"tflops_q1":0.7672,"tflops_q3":1.0889,"output_match":true,"mismatch_detail":null}
{"date":"2026-09-07","commit":"4bf092f","hw":"macos/aarch64 (16 logical cores)","boundary":"device_resident","impl":"matrixmultiply","lib_version":"0.3.11","impl_threads":1,"size":2048,"warmup":20,"iters":20,"tflops_median":0.1105,"tflops_q1":0.1100,"tflops_q3":0.1108,"output_match":false,"mismatch_detail":"matrixmultiply: index=1988 reference=-0.0072821276 candidate=-0.00727129 abs_diff=0.000010837801 rel_diff=0.001488274"}
{"date":"2026-09-07","commit":"4bf092f","hw":"macos/aarch64 (16 logical cores)","boundary":"device_resident","impl":"gemm","lib_version":"0.19.0","impl_threads":12,"size":2048,"warmup":20,"iters":20,"tflops_median":0.8506,"tflops_q1":0.8396,"tflops_q3":0.8898,"output_match":true,"mismatch_detail":null}
::warning::size=4096 出力不一致（matrixmultiply）: matrixmultiply: index=117 reference=0.012689356 candidate=0.012704611 abs_diff=0.000015255064 rel_diff=0.0012007502
::warning::size=4096 出力不一致（gemm crate）: gemm: index=858 reference=0.0038044143 candidate=0.0037908554 abs_diff=0.0000135588925 rel_diff=0.0035639894
{"date":"2026-09-07","commit":"4bf092f","hw":"macos/aarch64 (16 logical cores)","boundary":"device_resident","impl":"self_gemm_blis_parallel","lib_version":"0.1.0","impl_threads":12,"size":4096,"warmup":20,"iters":20,"tflops_median":1.0034,"tflops_q1":0.9678,"tflops_q3":1.0519,"output_match":true,"mismatch_detail":null}
{"date":"2026-09-07","commit":"4bf092f","hw":"macos/aarch64 (16 logical cores)","boundary":"device_resident","impl":"matrixmultiply","lib_version":"0.3.11","impl_threads":1,"size":4096,"warmup":20,"iters":20,"tflops_median":0.1103,"tflops_q1":0.1102,"tflops_q3":0.1106,"output_match":false,"mismatch_detail":"matrixmultiply: index=117 reference=0.012689356 candidate=0.012704611 abs_diff=0.000015255064 rel_diff=0.0012007502"}
{"date":"2026-09-07","commit":"4bf092f","hw":"macos/aarch64 (16 logical cores)","boundary":"device_resident","impl":"gemm","lib_version":"0.19.0","impl_threads":12,"size":4096,"warmup":20,"iters":20,"tflops_median":1.0429,"tflops_q1":0.9957,"tflops_q3":1.0865,"output_match":false,"mismatch_detail":"gemm: index=858 reference=0.0038044143 candidate=0.0037908554 abs_diff=0.0000135588925 rel_diff=0.0035639894"}
::error::出力突合 NG（統一複合判定: 相対誤差 1e-3 未満 または 絶対誤差 1e-5 未満）を検出した。各 JSON Lines レコードの output_match / mismatch_detail を参照。既知の限界は docs/oss-comparison-harness-decision.md「出力突合とその限界」節を参照。
== RAYON_NUM_THREADS=12 run=2 rc=1 ==
== RAYON_NUM_THREADS=12 run=3 taskset=none ==
oss-gemm-compare: commit=4bf092f hw=macos/aarch64 (16 logical cores) rayon_threads=12
::warning::size=1024 出力不一致（matrixmultiply）: matrixmultiply: index=5119 reference=-0.0021471737 candidate=-0.0021572113 abs_diff=0.000010037562 rel_diff=0.004653027
{"date":"2026-09-07","commit":"4bf092f","hw":"macos/aarch64 (16 logical cores)","boundary":"device_resident","impl":"self_gemm_blis_parallel","lib_version":"0.1.0","impl_threads":12,"size":1024,"warmup":20,"iters":20,"tflops_median":0.6660,"tflops_q1":0.6626,"tflops_q3":0.6696,"output_match":true,"mismatch_detail":null}
{"date":"2026-09-07","commit":"4bf092f","hw":"macos/aarch64 (16 logical cores)","boundary":"device_resident","impl":"matrixmultiply","lib_version":"0.3.11","impl_threads":1,"size":1024,"warmup":20,"iters":20,"tflops_median":0.1106,"tflops_q1":0.1104,"tflops_q3":0.1120,"output_match":false,"mismatch_detail":"matrixmultiply: index=5119 reference=-0.0021471737 candidate=-0.0021572113 abs_diff=0.000010037562 rel_diff=0.004653027"}
{"date":"2026-09-07","commit":"4bf092f","hw":"macos/aarch64 (16 logical cores)","boundary":"device_resident","impl":"gemm","lib_version":"0.19.0","impl_threads":12,"size":1024,"warmup":20,"iters":20,"tflops_median":0.7189,"tflops_q1":0.7109,"tflops_q3":0.7276,"output_match":true,"mismatch_detail":null}
::warning::size=2048 出力不一致（matrixmultiply）: matrixmultiply: index=1988 reference=-0.0072821276 candidate=-0.00727129 abs_diff=0.000010837801 rel_diff=0.001488274
{"date":"2026-09-07","commit":"4bf092f","hw":"macos/aarch64 (16 logical cores)","boundary":"device_resident","impl":"self_gemm_blis_parallel","lib_version":"0.1.0","impl_threads":12,"size":2048,"warmup":20,"iters":20,"tflops_median":1.0752,"tflops_q1":0.7994,"tflops_q3":1.1147,"output_match":true,"mismatch_detail":null}
{"date":"2026-09-07","commit":"4bf092f","hw":"macos/aarch64 (16 logical cores)","boundary":"device_resident","impl":"matrixmultiply","lib_version":"0.3.11","impl_threads":1,"size":2048,"warmup":20,"iters":20,"tflops_median":0.1094,"tflops_q1":0.1092,"tflops_q3":0.1100,"output_match":false,"mismatch_detail":"matrixmultiply: index=1988 reference=-0.0072821276 candidate=-0.00727129 abs_diff=0.000010837801 rel_diff=0.001488274"}
{"date":"2026-09-07","commit":"4bf092f","hw":"macos/aarch64 (16 logical cores)","boundary":"device_resident","impl":"gemm","lib_version":"0.19.0","impl_threads":12,"size":2048,"warmup":20,"iters":20,"tflops_median":1.1351,"tflops_q1":0.8428,"tflops_q3":1.1591,"output_match":true,"mismatch_detail":null}
::warning::size=4096 出力不一致（matrixmultiply）: matrixmultiply: index=117 reference=0.012689356 candidate=0.012704611 abs_diff=0.000015255064 rel_diff=0.0012007502
::warning::size=4096 出力不一致（gemm crate）: gemm: index=858 reference=0.0038044143 candidate=0.0037908554 abs_diff=0.0000135588925 rel_diff=0.0035639894
{"date":"2026-09-07","commit":"4bf092f","hw":"macos/aarch64 (16 logical cores)","boundary":"device_resident","impl":"self_gemm_blis_parallel","lib_version":"0.1.0","impl_threads":12,"size":4096,"warmup":20,"iters":20,"tflops_median":1.0775,"tflops_q1":1.0712,"tflops_q3":1.0908,"output_match":true,"mismatch_detail":null}
{"date":"2026-09-07","commit":"4bf092f","hw":"macos/aarch64 (16 logical cores)","boundary":"device_resident","impl":"matrixmultiply","lib_version":"0.3.11","impl_threads":1,"size":4096,"warmup":20,"iters":20,"tflops_median":0.1078,"tflops_q1":0.1060,"tflops_q3":0.1083,"output_match":false,"mismatch_detail":"matrixmultiply: index=117 reference=0.012689356 candidate=0.012704611 abs_diff=0.000015255064 rel_diff=0.0012007502"}
{"date":"2026-09-07","commit":"4bf092f","hw":"macos/aarch64 (16 logical cores)","boundary":"device_resident","impl":"gemm","lib_version":"0.19.0","impl_threads":12,"size":4096,"warmup":20,"iters":20,"tflops_median":0.2952,"tflops_q1":0.2721,"tflops_q3":0.6109,"output_match":false,"mismatch_detail":"gemm: index=858 reference=0.0038044143 candidate=0.0037908554 abs_diff=0.0000135588925 rel_diff=0.0035639894"}
::error::出力突合 NG（統一複合判定: 相対誤差 1e-3 未満 または 絶対誤差 1e-5 未満）を検出した。各 JSON Lines レコードの output_match / mismatch_detail を参照。既知の限界は docs/oss-comparison-harness-decision.md「出力突合とその限界」節を参照。
== RAYON_NUM_THREADS=12 run=3 rc=1 ==
== RAYON_NUM_THREADS=12 run=4 taskset=none ==
oss-gemm-compare: commit=4bf092f hw=macos/aarch64 (16 logical cores) rayon_threads=12
::warning::size=1024 出力不一致（matrixmultiply）: matrixmultiply: index=5119 reference=-0.0021471737 candidate=-0.0021572113 abs_diff=0.000010037562 rel_diff=0.004653027
{"date":"2026-09-07","commit":"4bf092f","hw":"macos/aarch64 (16 logical cores)","boundary":"device_resident","impl":"self_gemm_blis_parallel","lib_version":"0.1.0","impl_threads":12,"size":1024,"warmup":20,"iters":20,"tflops_median":0.6273,"tflops_q1":0.6159,"tflops_q3":0.6411,"output_match":true,"mismatch_detail":null}
{"date":"2026-09-07","commit":"4bf092f","hw":"macos/aarch64 (16 logical cores)","boundary":"device_resident","impl":"matrixmultiply","lib_version":"0.3.11","impl_threads":1,"size":1024,"warmup":20,"iters":20,"tflops_median":0.1069,"tflops_q1":0.1063,"tflops_q3":0.1082,"output_match":false,"mismatch_detail":"matrixmultiply: index=5119 reference=-0.0021471737 candidate=-0.0021572113 abs_diff=0.000010037562 rel_diff=0.004653027"}
{"date":"2026-09-07","commit":"4bf092f","hw":"macos/aarch64 (16 logical cores)","boundary":"device_resident","impl":"gemm","lib_version":"0.19.0","impl_threads":12,"size":1024,"warmup":20,"iters":20,"tflops_median":0.6877,"tflops_q1":0.6616,"tflops_q3":0.7106,"output_match":true,"mismatch_detail":null}
::warning::size=2048 出力不一致（matrixmultiply）: matrixmultiply: index=1988 reference=-0.0072821276 candidate=-0.00727129 abs_diff=0.000010837801 rel_diff=0.001488274
{"date":"2026-09-07","commit":"4bf092f","hw":"macos/aarch64 (16 logical cores)","boundary":"device_resident","impl":"self_gemm_blis_parallel","lib_version":"0.1.0","impl_threads":12,"size":2048,"warmup":20,"iters":20,"tflops_median":0.7000,"tflops_q1":0.6576,"tflops_q3":0.7364,"output_match":true,"mismatch_detail":null}
{"date":"2026-09-07","commit":"4bf092f","hw":"macos/aarch64 (16 logical cores)","boundary":"device_resident","impl":"matrixmultiply","lib_version":"0.3.11","impl_threads":1,"size":2048,"warmup":20,"iters":20,"tflops_median":0.1092,"tflops_q1":0.1084,"tflops_q3":0.1101,"output_match":false,"mismatch_detail":"matrixmultiply: index=1988 reference=-0.0072821276 candidate=-0.00727129 abs_diff=0.000010837801 rel_diff=0.001488274"}
{"date":"2026-09-07","commit":"4bf092f","hw":"macos/aarch64 (16 logical cores)","boundary":"device_resident","impl":"gemm","lib_version":"0.19.0","impl_threads":12,"size":2048,"warmup":20,"iters":20,"tflops_median":0.7816,"tflops_q1":0.7543,"tflops_q3":0.8157,"output_match":true,"mismatch_detail":null}
::warning::size=4096 出力不一致（matrixmultiply）: matrixmultiply: index=117 reference=0.012689356 candidate=0.012704611 abs_diff=0.000015255064 rel_diff=0.0012007502
::warning::size=4096 出力不一致（gemm crate）: gemm: index=858 reference=0.0038044143 candidate=0.0037908554 abs_diff=0.0000135588925 rel_diff=0.0035639894
{"date":"2026-09-07","commit":"4bf092f","hw":"macos/aarch64 (16 logical cores)","boundary":"device_resident","impl":"self_gemm_blis_parallel","lib_version":"0.1.0","impl_threads":12,"size":4096,"warmup":20,"iters":20,"tflops_median":0.9074,"tflops_q1":0.8979,"tflops_q3":0.9291,"output_match":true,"mismatch_detail":null}
{"date":"2026-09-07","commit":"4bf092f","hw":"macos/aarch64 (16 logical cores)","boundary":"device_resident","impl":"matrixmultiply","lib_version":"0.3.11","impl_threads":1,"size":4096,"warmup":20,"iters":20,"tflops_median":0.1091,"tflops_q1":0.1087,"tflops_q3":0.1095,"output_match":false,"mismatch_detail":"matrixmultiply: index=117 reference=0.012689356 candidate=0.012704611 abs_diff=0.000015255064 rel_diff=0.0012007502"}
{"date":"2026-09-07","commit":"4bf092f","hw":"macos/aarch64 (16 logical cores)","boundary":"device_resident","impl":"gemm","lib_version":"0.19.0","impl_threads":12,"size":4096,"warmup":20,"iters":20,"tflops_median":0.8226,"tflops_q1":0.7423,"tflops_q3":0.9603,"output_match":false,"mismatch_detail":"gemm: index=858 reference=0.0038044143 candidate=0.0037908554 abs_diff=0.0000135588925 rel_diff=0.0035639894"}
::error::出力突合 NG（統一複合判定: 相対誤差 1e-3 未満 または 絶対誤差 1e-5 未満）を検出した。各 JSON Lines レコードの output_match / mismatch_detail を参照。既知の限界は docs/oss-comparison-harness-decision.md「出力突合とその限界」節を参照。
== RAYON_NUM_THREADS=12 run=4 rc=1 ==
== RAYON_NUM_THREADS=12 run=5 taskset=none ==
oss-gemm-compare: commit=4bf092f hw=macos/aarch64 (16 logical cores) rayon_threads=12
::warning::size=1024 出力不一致（matrixmultiply）: matrixmultiply: index=5119 reference=-0.0021471737 candidate=-0.0021572113 abs_diff=0.000010037562 rel_diff=0.004653027
{"date":"2026-09-07","commit":"4bf092f","hw":"macos/aarch64 (16 logical cores)","boundary":"device_resident","impl":"self_gemm_blis_parallel","lib_version":"0.1.0","impl_threads":12,"size":1024,"warmup":20,"iters":20,"tflops_median":0.6300,"tflops_q1":0.6214,"tflops_q3":0.6380,"output_match":true,"mismatch_detail":null}
{"date":"2026-09-07","commit":"4bf092f","hw":"macos/aarch64 (16 logical cores)","boundary":"device_resident","impl":"matrixmultiply","lib_version":"0.3.11","impl_threads":1,"size":1024,"warmup":20,"iters":20,"tflops_median":0.1085,"tflops_q1":0.1056,"tflops_q3":0.1094,"output_match":false,"mismatch_detail":"matrixmultiply: index=5119 reference=-0.0021471737 candidate=-0.0021572113 abs_diff=0.000010037562 rel_diff=0.004653027"}
{"date":"2026-09-07","commit":"4bf092f","hw":"macos/aarch64 (16 logical cores)","boundary":"device_resident","impl":"gemm","lib_version":"0.19.0","impl_threads":12,"size":1024,"warmup":20,"iters":20,"tflops_median":0.7063,"tflops_q1":0.6891,"tflops_q3":0.7117,"output_match":true,"mismatch_detail":null}
::warning::size=2048 出力不一致（matrixmultiply）: matrixmultiply: index=1988 reference=-0.0072821276 candidate=-0.00727129 abs_diff=0.000010837801 rel_diff=0.001488274
{"date":"2026-09-07","commit":"4bf092f","hw":"macos/aarch64 (16 logical cores)","boundary":"device_resident","impl":"self_gemm_blis_parallel","lib_version":"0.1.0","impl_threads":12,"size":2048,"warmup":20,"iters":20,"tflops_median":0.7496,"tflops_q1":0.7281,"tflops_q3":0.7869,"output_match":true,"mismatch_detail":null}
{"date":"2026-09-07","commit":"4bf092f","hw":"macos/aarch64 (16 logical cores)","boundary":"device_resident","impl":"matrixmultiply","lib_version":"0.3.11","impl_threads":1,"size":2048,"warmup":20,"iters":20,"tflops_median":0.1105,"tflops_q1":0.1098,"tflops_q3":0.1109,"output_match":false,"mismatch_detail":"matrixmultiply: index=1988 reference=-0.0072821276 candidate=-0.00727129 abs_diff=0.000010837801 rel_diff=0.001488274"}
{"date":"2026-09-07","commit":"4bf092f","hw":"macos/aarch64 (16 logical cores)","boundary":"device_resident","impl":"gemm","lib_version":"0.19.0","impl_threads":12,"size":2048,"warmup":20,"iters":20,"tflops_median":0.8171,"tflops_q1":0.7981,"tflops_q3":0.8582,"output_match":true,"mismatch_detail":null}
::warning::size=4096 出力不一致（matrixmultiply）: matrixmultiply: index=117 reference=0.012689356 candidate=0.012704611 abs_diff=0.000015255064 rel_diff=0.0012007502
::warning::size=4096 出力不一致（gemm crate）: gemm: index=858 reference=0.0038044143 candidate=0.0037908554 abs_diff=0.0000135588925 rel_diff=0.0035639894
{"date":"2026-09-07","commit":"4bf092f","hw":"macos/aarch64 (16 logical cores)","boundary":"device_resident","impl":"self_gemm_blis_parallel","lib_version":"0.1.0","impl_threads":12,"size":4096,"warmup":20,"iters":20,"tflops_median":0.8006,"tflops_q1":0.7473,"tflops_q3":0.9708,"output_match":true,"mismatch_detail":null}
{"date":"2026-09-07","commit":"4bf092f","hw":"macos/aarch64 (16 logical cores)","boundary":"device_resident","impl":"matrixmultiply","lib_version":"0.3.11","impl_threads":1,"size":4096,"warmup":20,"iters":20,"tflops_median":0.1093,"tflops_q1":0.1083,"tflops_q3":0.1096,"output_match":false,"mismatch_detail":"matrixmultiply: index=117 reference=0.012689356 candidate=0.012704611 abs_diff=0.000015255064 rel_diff=0.0012007502"}
{"date":"2026-09-07","commit":"4bf092f","hw":"macos/aarch64 (16 logical cores)","boundary":"device_resident","impl":"gemm","lib_version":"0.19.0","impl_threads":12,"size":4096,"warmup":20,"iters":20,"tflops_median":0.9935,"tflops_q1":0.9469,"tflops_q3":1.0284,"output_match":false,"mismatch_detail":"gemm: index=858 reference=0.0038044143 candidate=0.0037908554 abs_diff=0.0000135588925 rel_diff=0.0035639894"}
::error::出力突合 NG（統一複合判定: 相対誤差 1e-3 未満 または 絶対誤差 1e-5 未満）を検出した。各 JSON Lines レコードの output_match / mismatch_detail を参照。既知の限界は docs/oss-comparison-harness-decision.md「出力突合とその限界」節を参照。
== RAYON_NUM_THREADS=12 run=5 rc=1 ==
== RAYON_NUM_THREADS=16 run=1 taskset=none ==
oss-gemm-compare: commit=4bf092f hw=macos/aarch64 (16 logical cores) rayon_threads=16
::warning::size=1024 出力不一致（matrixmultiply）: matrixmultiply: index=5119 reference=-0.0021471737 candidate=-0.0021572113 abs_diff=0.000010037562 rel_diff=0.004653027
{"date":"2026-09-07","commit":"4bf092f","hw":"macos/aarch64 (16 logical cores)","boundary":"device_resident","impl":"self_gemm_blis_parallel","lib_version":"0.1.0","impl_threads":16,"size":1024,"warmup":20,"iters":20,"tflops_median":0.7805,"tflops_q1":0.7314,"tflops_q3":0.7970,"output_match":true,"mismatch_detail":null}
{"date":"2026-09-07","commit":"4bf092f","hw":"macos/aarch64 (16 logical cores)","boundary":"device_resident","impl":"matrixmultiply","lib_version":"0.3.11","impl_threads":1,"size":1024,"warmup":20,"iters":20,"tflops_median":0.1102,"tflops_q1":0.1095,"tflops_q3":0.1107,"output_match":false,"mismatch_detail":"matrixmultiply: index=5119 reference=-0.0021471737 candidate=-0.0021572113 abs_diff=0.000010037562 rel_diff=0.004653027"}
{"date":"2026-09-07","commit":"4bf092f","hw":"macos/aarch64 (16 logical cores)","boundary":"device_resident","impl":"gemm","lib_version":"0.19.0","impl_threads":16,"size":1024,"warmup":20,"iters":20,"tflops_median":0.8074,"tflops_q1":0.7971,"tflops_q3":0.8257,"output_match":true,"mismatch_detail":null}
::warning::size=2048 出力不一致（matrixmultiply）: matrixmultiply: index=1988 reference=-0.0072821276 candidate=-0.00727129 abs_diff=0.000010837801 rel_diff=0.001488274
{"date":"2026-09-07","commit":"4bf092f","hw":"macos/aarch64 (16 logical cores)","boundary":"device_resident","impl":"self_gemm_blis_parallel","lib_version":"0.1.0","impl_threads":16,"size":2048,"warmup":20,"iters":20,"tflops_median":0.8416,"tflops_q1":0.8287,"tflops_q3":0.8597,"output_match":true,"mismatch_detail":null}
{"date":"2026-09-07","commit":"4bf092f","hw":"macos/aarch64 (16 logical cores)","boundary":"device_resident","impl":"matrixmultiply","lib_version":"0.3.11","impl_threads":1,"size":2048,"warmup":20,"iters":20,"tflops_median":0.1091,"tflops_q1":0.1091,"tflops_q3":0.1095,"output_match":false,"mismatch_detail":"matrixmultiply: index=1988 reference=-0.0072821276 candidate=-0.00727129 abs_diff=0.000010837801 rel_diff=0.001488274"}
{"date":"2026-09-07","commit":"4bf092f","hw":"macos/aarch64 (16 logical cores)","boundary":"device_resident","impl":"gemm","lib_version":"0.19.0","impl_threads":16,"size":2048,"warmup":20,"iters":20,"tflops_median":0.8670,"tflops_q1":0.8251,"tflops_q3":0.9121,"output_match":true,"mismatch_detail":null}
::warning::size=4096 出力不一致（matrixmultiply）: matrixmultiply: index=117 reference=0.012689356 candidate=0.012704611 abs_diff=0.000015255064 rel_diff=0.0012007502
::warning::size=4096 出力不一致（gemm crate）: gemm: index=858 reference=0.0038044143 candidate=0.0037908554 abs_diff=0.0000135588925 rel_diff=0.0035639894
{"date":"2026-09-07","commit":"4bf092f","hw":"macos/aarch64 (16 logical cores)","boundary":"device_resident","impl":"self_gemm_blis_parallel","lib_version":"0.1.0","impl_threads":16,"size":4096,"warmup":20,"iters":20,"tflops_median":0.9656,"tflops_q1":0.9373,"tflops_q3":0.9781,"output_match":true,"mismatch_detail":null}
{"date":"2026-09-07","commit":"4bf092f","hw":"macos/aarch64 (16 logical cores)","boundary":"device_resident","impl":"matrixmultiply","lib_version":"0.3.11","impl_threads":1,"size":4096,"warmup":20,"iters":20,"tflops_median":0.1104,"tflops_q1":0.1099,"tflops_q3":0.1104,"output_match":false,"mismatch_detail":"matrixmultiply: index=117 reference=0.012689356 candidate=0.012704611 abs_diff=0.000015255064 rel_diff=0.0012007502"}
{"date":"2026-09-07","commit":"4bf092f","hw":"macos/aarch64 (16 logical cores)","boundary":"device_resident","impl":"gemm","lib_version":"0.19.0","impl_threads":16,"size":4096,"warmup":20,"iters":20,"tflops_median":1.1051,"tflops_q1":1.0293,"tflops_q3":1.1413,"output_match":false,"mismatch_detail":"gemm: index=858 reference=0.0038044143 candidate=0.0037908554 abs_diff=0.0000135588925 rel_diff=0.0035639894"}
::error::出力突合 NG（統一複合判定: 相対誤差 1e-3 未満 または 絶対誤差 1e-5 未満）を検出した。各 JSON Lines レコードの output_match / mismatch_detail を参照。既知の限界は docs/oss-comparison-harness-decision.md「出力突合とその限界」節を参照。
== RAYON_NUM_THREADS=16 run=1 rc=1 ==
== RAYON_NUM_THREADS=16 run=2 taskset=none ==
oss-gemm-compare: commit=4bf092f hw=macos/aarch64 (16 logical cores) rayon_threads=16
::warning::size=1024 出力不一致（matrixmultiply）: matrixmultiply: index=5119 reference=-0.0021471737 candidate=-0.0021572113 abs_diff=0.000010037562 rel_diff=0.004653027
{"date":"2026-09-07","commit":"4bf092f","hw":"macos/aarch64 (16 logical cores)","boundary":"device_resident","impl":"self_gemm_blis_parallel","lib_version":"0.1.0","impl_threads":16,"size":1024,"warmup":20,"iters":20,"tflops_median":0.7825,"tflops_q1":0.7434,"tflops_q3":0.8147,"output_match":true,"mismatch_detail":null}
{"date":"2026-09-07","commit":"4bf092f","hw":"macos/aarch64 (16 logical cores)","boundary":"device_resident","impl":"matrixmultiply","lib_version":"0.3.11","impl_threads":1,"size":1024,"warmup":20,"iters":20,"tflops_median":0.1112,"tflops_q1":0.1098,"tflops_q3":0.1117,"output_match":false,"mismatch_detail":"matrixmultiply: index=5119 reference=-0.0021471737 candidate=-0.0021572113 abs_diff=0.000010037562 rel_diff=0.004653027"}
{"date":"2026-09-07","commit":"4bf092f","hw":"macos/aarch64 (16 logical cores)","boundary":"device_resident","impl":"gemm","lib_version":"0.19.0","impl_threads":16,"size":1024,"warmup":20,"iters":20,"tflops_median":0.7952,"tflops_q1":0.7890,"tflops_q3":0.8023,"output_match":true,"mismatch_detail":null}
::warning::size=2048 出力不一致（matrixmultiply）: matrixmultiply: index=1988 reference=-0.0072821276 candidate=-0.00727129 abs_diff=0.000010837801 rel_diff=0.001488274
{"date":"2026-09-07","commit":"4bf092f","hw":"macos/aarch64 (16 logical cores)","boundary":"device_resident","impl":"self_gemm_blis_parallel","lib_version":"0.1.0","impl_threads":16,"size":2048,"warmup":20,"iters":20,"tflops_median":0.9181,"tflops_q1":0.8622,"tflops_q3":0.9306,"output_match":true,"mismatch_detail":null}
{"date":"2026-09-07","commit":"4bf092f","hw":"macos/aarch64 (16 logical cores)","boundary":"device_resident","impl":"matrixmultiply","lib_version":"0.3.11","impl_threads":1,"size":2048,"warmup":20,"iters":20,"tflops_median":0.1111,"tflops_q1":0.1107,"tflops_q3":0.1113,"output_match":false,"mismatch_detail":"matrixmultiply: index=1988 reference=-0.0072821276 candidate=-0.00727129 abs_diff=0.000010837801 rel_diff=0.001488274"}
{"date":"2026-09-07","commit":"4bf092f","hw":"macos/aarch64 (16 logical cores)","boundary":"device_resident","impl":"gemm","lib_version":"0.19.0","impl_threads":16,"size":2048,"warmup":20,"iters":20,"tflops_median":1.0021,"tflops_q1":0.9871,"tflops_q3":1.0416,"output_match":true,"mismatch_detail":null}
::warning::size=4096 出力不一致（matrixmultiply）: matrixmultiply: index=117 reference=0.012689356 candidate=0.012704611 abs_diff=0.000015255064 rel_diff=0.0012007502
::warning::size=4096 出力不一致（gemm crate）: gemm: index=858 reference=0.0038044143 candidate=0.0037908554 abs_diff=0.0000135588925 rel_diff=0.0035639894
{"date":"2026-09-07","commit":"4bf092f","hw":"macos/aarch64 (16 logical cores)","boundary":"device_resident","impl":"self_gemm_blis_parallel","lib_version":"0.1.0","impl_threads":16,"size":4096,"warmup":20,"iters":20,"tflops_median":1.1181,"tflops_q1":1.0769,"tflops_q3":1.1275,"output_match":true,"mismatch_detail":null}
{"date":"2026-09-07","commit":"4bf092f","hw":"macos/aarch64 (16 logical cores)","boundary":"device_resident","impl":"matrixmultiply","lib_version":"0.3.11","impl_threads":1,"size":4096,"warmup":20,"iters":20,"tflops_median":0.1107,"tflops_q1":0.1085,"tflops_q3":0.1112,"output_match":false,"mismatch_detail":"matrixmultiply: index=117 reference=0.012689356 candidate=0.012704611 abs_diff=0.000015255064 rel_diff=0.0012007502"}
{"date":"2026-09-07","commit":"4bf092f","hw":"macos/aarch64 (16 logical cores)","boundary":"device_resident","impl":"gemm","lib_version":"0.19.0","impl_threads":16,"size":4096,"warmup":20,"iters":20,"tflops_median":1.1048,"tflops_q1":1.0826,"tflops_q3":1.1536,"output_match":false,"mismatch_detail":"gemm: index=858 reference=0.0038044143 candidate=0.0037908554 abs_diff=0.0000135588925 rel_diff=0.0035639894"}
::error::出力突合 NG（統一複合判定: 相対誤差 1e-3 未満 または 絶対誤差 1e-5 未満）を検出した。各 JSON Lines レコードの output_match / mismatch_detail を参照。既知の限界は docs/oss-comparison-harness-decision.md「出力突合とその限界」節を参照。
== RAYON_NUM_THREADS=16 run=2 rc=1 ==
== RAYON_NUM_THREADS=16 run=3 taskset=none ==
oss-gemm-compare: commit=4bf092f hw=macos/aarch64 (16 logical cores) rayon_threads=16
::warning::size=1024 出力不一致（matrixmultiply）: matrixmultiply: index=5119 reference=-0.0021471737 candidate=-0.0021572113 abs_diff=0.000010037562 rel_diff=0.004653027
{"date":"2026-09-07","commit":"4bf092f","hw":"macos/aarch64 (16 logical cores)","boundary":"device_resident","impl":"self_gemm_blis_parallel","lib_version":"0.1.0","impl_threads":16,"size":1024,"warmup":20,"iters":20,"tflops_median":0.7995,"tflops_q1":0.7953,"tflops_q3":0.8063,"output_match":true,"mismatch_detail":null}
{"date":"2026-09-07","commit":"4bf092f","hw":"macos/aarch64 (16 logical cores)","boundary":"device_resident","impl":"matrixmultiply","lib_version":"0.3.11","impl_threads":1,"size":1024,"warmup":20,"iters":20,"tflops_median":0.1109,"tflops_q1":0.1096,"tflops_q3":0.1116,"output_match":false,"mismatch_detail":"matrixmultiply: index=5119 reference=-0.0021471737 candidate=-0.0021572113 abs_diff=0.000010037562 rel_diff=0.004653027"}
{"date":"2026-09-07","commit":"4bf092f","hw":"macos/aarch64 (16 logical cores)","boundary":"device_resident","impl":"gemm","lib_version":"0.19.0","impl_threads":16,"size":1024,"warmup":20,"iters":20,"tflops_median":0.7858,"tflops_q1":0.7765,"tflops_q3":0.8011,"output_match":true,"mismatch_detail":null}
::warning::size=2048 出力不一致（matrixmultiply）: matrixmultiply: index=1988 reference=-0.0072821276 candidate=-0.00727129 abs_diff=0.000010837801 rel_diff=0.001488274
{"date":"2026-09-07","commit":"4bf092f","hw":"macos/aarch64 (16 logical cores)","boundary":"device_resident","impl":"self_gemm_blis_parallel","lib_version":"0.1.0","impl_threads":16,"size":2048,"warmup":20,"iters":20,"tflops_median":0.9276,"tflops_q1":0.9161,"tflops_q3":0.9470,"output_match":true,"mismatch_detail":null}
{"date":"2026-09-07","commit":"4bf092f","hw":"macos/aarch64 (16 logical cores)","boundary":"device_resident","impl":"matrixmultiply","lib_version":"0.3.11","impl_threads":1,"size":2048,"warmup":20,"iters":20,"tflops_median":0.1109,"tflops_q1":0.1102,"tflops_q3":0.1111,"output_match":false,"mismatch_detail":"matrixmultiply: index=1988 reference=-0.0072821276 candidate=-0.00727129 abs_diff=0.000010837801 rel_diff=0.001488274"}
{"date":"2026-09-07","commit":"4bf092f","hw":"macos/aarch64 (16 logical cores)","boundary":"device_resident","impl":"gemm","lib_version":"0.19.0","impl_threads":16,"size":2048,"warmup":20,"iters":20,"tflops_median":1.0029,"tflops_q1":0.9841,"tflops_q3":1.0092,"output_match":true,"mismatch_detail":null}
::warning::size=4096 出力不一致（matrixmultiply）: matrixmultiply: index=117 reference=0.012689356 candidate=0.012704611 abs_diff=0.000015255064 rel_diff=0.0012007502
::warning::size=4096 出力不一致（gemm crate）: gemm: index=858 reference=0.0038044143 candidate=0.0037908554 abs_diff=0.0000135588925 rel_diff=0.0035639894
{"date":"2026-09-07","commit":"4bf092f","hw":"macos/aarch64 (16 logical cores)","boundary":"device_resident","impl":"self_gemm_blis_parallel","lib_version":"0.1.0","impl_threads":16,"size":4096,"warmup":20,"iters":20,"tflops_median":1.0517,"tflops_q1":1.0402,"tflops_q3":1.0836,"output_match":true,"mismatch_detail":null}
{"date":"2026-09-07","commit":"4bf092f","hw":"macos/aarch64 (16 logical cores)","boundary":"device_resident","impl":"matrixmultiply","lib_version":"0.3.11","impl_threads":1,"size":4096,"warmup":20,"iters":20,"tflops_median":0.1101,"tflops_q1":0.1094,"tflops_q3":0.1105,"output_match":false,"mismatch_detail":"matrixmultiply: index=117 reference=0.012689356 candidate=0.012704611 abs_diff=0.000015255064 rel_diff=0.0012007502"}
{"date":"2026-09-07","commit":"4bf092f","hw":"macos/aarch64 (16 logical cores)","boundary":"device_resident","impl":"gemm","lib_version":"0.19.0","impl_threads":16,"size":4096,"warmup":20,"iters":20,"tflops_median":1.0451,"tflops_q1":1.0054,"tflops_q3":1.0897,"output_match":false,"mismatch_detail":"gemm: index=858 reference=0.0038044143 candidate=0.0037908554 abs_diff=0.0000135588925 rel_diff=0.0035639894"}
::error::出力突合 NG（統一複合判定: 相対誤差 1e-3 未満 または 絶対誤差 1e-5 未満）を検出した。各 JSON Lines レコードの output_match / mismatch_detail を参照。既知の限界は docs/oss-comparison-harness-decision.md「出力突合とその限界」節を参照。
== RAYON_NUM_THREADS=16 run=3 rc=1 ==
== RAYON_NUM_THREADS=16 run=4 taskset=none ==
oss-gemm-compare: commit=4bf092f hw=macos/aarch64 (16 logical cores) rayon_threads=16
::warning::size=1024 出力不一致（matrixmultiply）: matrixmultiply: index=5119 reference=-0.0021471737 candidate=-0.0021572113 abs_diff=0.000010037562 rel_diff=0.004653027
{"date":"2026-09-07","commit":"4bf092f","hw":"macos/aarch64 (16 logical cores)","boundary":"device_resident","impl":"self_gemm_blis_parallel","lib_version":"0.1.0","impl_threads":16,"size":1024,"warmup":20,"iters":20,"tflops_median":0.7253,"tflops_q1":0.7077,"tflops_q3":0.7301,"output_match":true,"mismatch_detail":null}
{"date":"2026-09-07","commit":"4bf092f","hw":"macos/aarch64 (16 logical cores)","boundary":"device_resident","impl":"matrixmultiply","lib_version":"0.3.11","impl_threads":1,"size":1024,"warmup":20,"iters":20,"tflops_median":0.1065,"tflops_q1":0.1063,"tflops_q3":0.1078,"output_match":false,"mismatch_detail":"matrixmultiply: index=5119 reference=-0.0021471737 candidate=-0.0021572113 abs_diff=0.000010037562 rel_diff=0.004653027"}
{"date":"2026-09-07","commit":"4bf092f","hw":"macos/aarch64 (16 logical cores)","boundary":"device_resident","impl":"gemm","lib_version":"0.19.0","impl_threads":16,"size":1024,"warmup":20,"iters":20,"tflops_median":0.6963,"tflops_q1":0.6685,"tflops_q3":0.7197,"output_match":true,"mismatch_detail":null}
::warning::size=2048 出力不一致（matrixmultiply）: matrixmultiply: index=1988 reference=-0.0072821276 candidate=-0.00727129 abs_diff=0.000010837801 rel_diff=0.001488274
{"date":"2026-09-07","commit":"4bf092f","hw":"macos/aarch64 (16 logical cores)","boundary":"device_resident","impl":"self_gemm_blis_parallel","lib_version":"0.1.0","impl_threads":16,"size":2048,"warmup":20,"iters":20,"tflops_median":0.6126,"tflops_q1":0.5933,"tflops_q3":0.6582,"output_match":true,"mismatch_detail":null}
{"date":"2026-09-07","commit":"4bf092f","hw":"macos/aarch64 (16 logical cores)","boundary":"device_resident","impl":"matrixmultiply","lib_version":"0.3.11","impl_threads":1,"size":2048,"warmup":20,"iters":20,"tflops_median":0.1084,"tflops_q1":0.1078,"tflops_q3":0.1087,"output_match":false,"mismatch_detail":"matrixmultiply: index=1988 reference=-0.0072821276 candidate=-0.00727129 abs_diff=0.000010837801 rel_diff=0.001488274"}
{"date":"2026-09-07","commit":"4bf092f","hw":"macos/aarch64 (16 logical cores)","boundary":"device_resident","impl":"gemm","lib_version":"0.19.0","impl_threads":16,"size":2048,"warmup":20,"iters":20,"tflops_median":0.3025,"tflops_q1":0.2799,"tflops_q3":0.3179,"output_match":true,"mismatch_detail":null}
::warning::size=4096 出力不一致（matrixmultiply）: matrixmultiply: index=117 reference=0.012689356 candidate=0.012704611 abs_diff=0.000015255064 rel_diff=0.0012007502
::warning::size=4096 出力不一致（gemm crate）: gemm: index=858 reference=0.0038044143 candidate=0.0037908554 abs_diff=0.0000135588925 rel_diff=0.0035639894
{"date":"2026-09-07","commit":"4bf092f","hw":"macos/aarch64 (16 logical cores)","boundary":"device_resident","impl":"self_gemm_blis_parallel","lib_version":"0.1.0","impl_threads":16,"size":4096,"warmup":20,"iters":20,"tflops_median":0.6725,"tflops_q1":0.6284,"tflops_q3":0.7934,"output_match":true,"mismatch_detail":null}
{"date":"2026-09-07","commit":"4bf092f","hw":"macos/aarch64 (16 logical cores)","boundary":"device_resident","impl":"matrixmultiply","lib_version":"0.3.11","impl_threads":1,"size":4096,"warmup":20,"iters":20,"tflops_median":0.1043,"tflops_q1":0.0926,"tflops_q3":0.1081,"output_match":false,"mismatch_detail":"matrixmultiply: index=117 reference=0.012689356 candidate=0.012704611 abs_diff=0.000015255064 rel_diff=0.0012007502"}
{"date":"2026-09-07","commit":"4bf092f","hw":"macos/aarch64 (16 logical cores)","boundary":"device_resident","impl":"gemm","lib_version":"0.19.0","impl_threads":16,"size":4096,"warmup":20,"iters":20,"tflops_median":0.7259,"tflops_q1":0.4481,"tflops_q3":0.9861,"output_match":false,"mismatch_detail":"gemm: index=858 reference=0.0038044143 candidate=0.0037908554 abs_diff=0.0000135588925 rel_diff=0.0035639894"}
::error::出力突合 NG（統一複合判定: 相対誤差 1e-3 未満 または 絶対誤差 1e-5 未満）を検出した。各 JSON Lines レコードの output_match / mismatch_detail を参照。既知の限界は docs/oss-comparison-harness-decision.md「出力突合とその限界」節を参照。
== RAYON_NUM_THREADS=16 run=4 rc=1 ==
== RAYON_NUM_THREADS=16 run=5 taskset=none ==
oss-gemm-compare: commit=4bf092f hw=macos/aarch64 (16 logical cores) rayon_threads=16
::warning::size=1024 出力不一致（matrixmultiply）: matrixmultiply: index=5119 reference=-0.0021471737 candidate=-0.0021572113 abs_diff=0.000010037562 rel_diff=0.004653027
{"date":"2026-09-07","commit":"4bf092f","hw":"macos/aarch64 (16 logical cores)","boundary":"device_resident","impl":"self_gemm_blis_parallel","lib_version":"0.1.0","impl_threads":16,"size":1024,"warmup":20,"iters":20,"tflops_median":0.0856,"tflops_q1":0.0685,"tflops_q3":0.1026,"output_match":true,"mismatch_detail":null}
{"date":"2026-09-07","commit":"4bf092f","hw":"macos/aarch64 (16 logical cores)","boundary":"device_resident","impl":"matrixmultiply","lib_version":"0.3.11","impl_threads":1,"size":1024,"warmup":20,"iters":20,"tflops_median":0.0757,"tflops_q1":0.0616,"tflops_q3":0.0961,"output_match":false,"mismatch_detail":"matrixmultiply: index=5119 reference=-0.0021471737 candidate=-0.0021572113 abs_diff=0.000010037562 rel_diff=0.004653027"}
{"date":"2026-09-07","commit":"4bf092f","hw":"macos/aarch64 (16 logical cores)","boundary":"device_resident","impl":"gemm","lib_version":"0.19.0","impl_threads":16,"size":1024,"warmup":20,"iters":20,"tflops_median":0.3065,"tflops_q1":0.2888,"tflops_q3":0.3350,"output_match":true,"mismatch_detail":null}
::warning::size=2048 出力不一致（matrixmultiply）: matrixmultiply: index=1988 reference=-0.0072821276 candidate=-0.00727129 abs_diff=0.000010837801 rel_diff=0.001488274
{"date":"2026-09-07","commit":"4bf092f","hw":"macos/aarch64 (16 logical cores)","boundary":"device_resident","impl":"self_gemm_blis_parallel","lib_version":"0.1.0","impl_threads":16,"size":2048,"warmup":20,"iters":20,"tflops_median":0.5494,"tflops_q1":0.5057,"tflops_q3":0.5727,"output_match":true,"mismatch_detail":null}
{"date":"2026-09-07","commit":"4bf092f","hw":"macos/aarch64 (16 logical cores)","boundary":"device_resident","impl":"matrixmultiply","lib_version":"0.3.11","impl_threads":1,"size":2048,"warmup":20,"iters":20,"tflops_median":0.0987,"tflops_q1":0.0975,"tflops_q3":0.1000,"output_match":false,"mismatch_detail":"matrixmultiply: index=1988 reference=-0.0072821276 candidate=-0.00727129 abs_diff=0.000010837801 rel_diff=0.001488274"}
{"date":"2026-09-07","commit":"4bf092f","hw":"macos/aarch64 (16 logical cores)","boundary":"device_resident","impl":"gemm","lib_version":"0.19.0","impl_threads":16,"size":2048,"warmup":20,"iters":20,"tflops_median":0.7950,"tflops_q1":0.7641,"tflops_q3":0.8573,"output_match":true,"mismatch_detail":null}
::warning::size=4096 出力不一致（matrixmultiply）: matrixmultiply: index=117 reference=0.012689356 candidate=0.012704611 abs_diff=0.000015255064 rel_diff=0.0012007502
::warning::size=4096 出力不一致（gemm crate）: gemm: index=858 reference=0.0038044143 candidate=0.0037908554 abs_diff=0.0000135588925 rel_diff=0.0035639894
{"date":"2026-09-07","commit":"4bf092f","hw":"macos/aarch64 (16 logical cores)","boundary":"device_resident","impl":"self_gemm_blis_parallel","lib_version":"0.1.0","impl_threads":16,"size":4096,"warmup":20,"iters":20,"tflops_median":0.8182,"tflops_q1":0.8032,"tflops_q3":0.8562,"output_match":true,"mismatch_detail":null}
{"date":"2026-09-07","commit":"4bf092f","hw":"macos/aarch64 (16 logical cores)","boundary":"device_resident","impl":"matrixmultiply","lib_version":"0.3.11","impl_threads":1,"size":4096,"warmup":20,"iters":20,"tflops_median":0.1051,"tflops_q1":0.0920,"tflops_q3":0.1073,"output_match":false,"mismatch_detail":"matrixmultiply: index=117 reference=0.012689356 candidate=0.012704611 abs_diff=0.000015255064 rel_diff=0.0012007502"}
{"date":"2026-09-07","commit":"4bf092f","hw":"macos/aarch64 (16 logical cores)","boundary":"device_resident","impl":"gemm","lib_version":"0.19.0","impl_threads":16,"size":4096,"warmup":20,"iters":20,"tflops_median":0.8204,"tflops_q1":0.7944,"tflops_q3":0.8615,"output_match":false,"mismatch_detail":"gemm: index=858 reference=0.0038044143 candidate=0.0037908554 abs_diff=0.0000135588925 rel_diff=0.0035639894"}
::error::出力突合 NG（統一複合判定: 相対誤差 1e-3 未満 または 絶対誤差 1e-5 未満）を検出した。各 JSON Lines レコードの output_match / mismatch_detail を参照。既知の限界は docs/oss-comparison-harness-decision.md「出力突合とその限界」節を参照。
== RAYON_NUM_THREADS=16 run=5 rc=1 ==
== RAYON_NUM_THREADS=1 run=1 taskset=none ==
oss-gemm-compare: commit=4bf092f hw=macos/aarch64 (16 logical cores) rayon_threads=1
::warning::size=1024 出力不一致（matrixmultiply）: matrixmultiply: index=5119 reference=-0.0021471737 candidate=-0.0021572113 abs_diff=0.000010037562 rel_diff=0.004653027
{"date":"2026-09-07","commit":"4bf092f","hw":"macos/aarch64 (16 logical cores)","boundary":"device_resident","impl":"self_gemm_blis_parallel","lib_version":"0.1.0","impl_threads":1,"size":1024,"warmup":20,"iters":20,"tflops_median":0.1104,"tflops_q1":0.1102,"tflops_q3":0.1108,"output_match":true,"mismatch_detail":null}
{"date":"2026-09-07","commit":"4bf092f","hw":"macos/aarch64 (16 logical cores)","boundary":"device_resident","impl":"matrixmultiply","lib_version":"0.3.11","impl_threads":1,"size":1024,"warmup":20,"iters":20,"tflops_median":0.1046,"tflops_q1":0.1040,"tflops_q3":0.1078,"output_match":false,"mismatch_detail":"matrixmultiply: index=5119 reference=-0.0021471737 candidate=-0.0021572113 abs_diff=0.000010037562 rel_diff=0.004653027"}
{"date":"2026-09-07","commit":"4bf092f","hw":"macos/aarch64 (16 logical cores)","boundary":"device_resident","impl":"gemm","lib_version":"0.19.0","impl_threads":1,"size":1024,"warmup":20,"iters":20,"tflops_median":0.1039,"tflops_q1":0.1032,"tflops_q3":0.1060,"output_match":true,"mismatch_detail":null}
::warning::size=2048 出力不一致（matrixmultiply）: matrixmultiply: index=1988 reference=-0.0072821276 candidate=-0.00727129 abs_diff=0.000010837801 rel_diff=0.001488274
{"date":"2026-09-07","commit":"4bf092f","hw":"macos/aarch64 (16 logical cores)","boundary":"device_resident","impl":"self_gemm_blis_parallel","lib_version":"0.1.0","impl_threads":1,"size":2048,"warmup":20,"iters":20,"tflops_median":0.1089,"tflops_q1":0.1066,"tflops_q3":0.1093,"output_match":true,"mismatch_detail":null}
{"date":"2026-09-07","commit":"4bf092f","hw":"macos/aarch64 (16 logical cores)","boundary":"device_resident","impl":"matrixmultiply","lib_version":"0.3.11","impl_threads":1,"size":2048,"warmup":20,"iters":20,"tflops_median":0.1077,"tflops_q1":0.1074,"tflops_q3":0.1082,"output_match":false,"mismatch_detail":"matrixmultiply: index=1988 reference=-0.0072821276 candidate=-0.00727129 abs_diff=0.000010837801 rel_diff=0.001488274"}
{"date":"2026-09-07","commit":"4bf092f","hw":"macos/aarch64 (16 logical cores)","boundary":"device_resident","impl":"gemm","lib_version":"0.19.0","impl_threads":1,"size":2048,"warmup":20,"iters":20,"tflops_median":0.1065,"tflops_q1":0.1060,"tflops_q3":0.1070,"output_match":true,"mismatch_detail":null}
::warning::size=4096 出力不一致（matrixmultiply）: matrixmultiply: index=117 reference=0.012689356 candidate=0.012704611 abs_diff=0.000015255064 rel_diff=0.0012007502
::warning::size=4096 出力不一致（gemm crate）: gemm: index=858 reference=0.0038044143 candidate=0.0037908554 abs_diff=0.0000135588925 rel_diff=0.0035639894
{"date":"2026-09-07","commit":"4bf092f","hw":"macos/aarch64 (16 logical cores)","boundary":"device_resident","impl":"self_gemm_blis_parallel","lib_version":"0.1.0","impl_threads":1,"size":4096,"warmup":20,"iters":20,"tflops_median":0.1084,"tflops_q1":0.1077,"tflops_q3":0.1097,"output_match":true,"mismatch_detail":null}
{"date":"2026-09-07","commit":"4bf092f","hw":"macos/aarch64 (16 logical cores)","boundary":"device_resident","impl":"matrixmultiply","lib_version":"0.3.11","impl_threads":1,"size":4096,"warmup":20,"iters":20,"tflops_median":0.1107,"tflops_q1":0.1082,"tflops_q3":0.1109,"output_match":false,"mismatch_detail":"matrixmultiply: index=117 reference=0.012689356 candidate=0.012704611 abs_diff=0.000015255064 rel_diff=0.0012007502"}
{"date":"2026-09-07","commit":"4bf092f","hw":"macos/aarch64 (16 logical cores)","boundary":"device_resident","impl":"gemm","lib_version":"0.19.0","impl_threads":1,"size":4096,"warmup":20,"iters":20,"tflops_median":0.1094,"tflops_q1":0.1090,"tflops_q3":0.1096,"output_match":false,"mismatch_detail":"gemm: index=858 reference=0.0038044143 candidate=0.0037908554 abs_diff=0.0000135588925 rel_diff=0.0035639894"}
::error::出力突合 NG（統一複合判定: 相対誤差 1e-3 未満 または 絶対誤差 1e-5 未満）を検出した。各 JSON Lines レコードの output_match / mismatch_detail を参照。既知の限界は docs/oss-comparison-harness-decision.md「出力突合とその限界」節を参照。
== RAYON_NUM_THREADS=1 run=1 rc=1 ==
== RAYON_NUM_THREADS=1 run=2 taskset=none ==
oss-gemm-compare: commit=4bf092f hw=macos/aarch64 (16 logical cores) rayon_threads=1
::warning::size=1024 出力不一致（matrixmultiply）: matrixmultiply: index=5119 reference=-0.0021471737 candidate=-0.0021572113 abs_diff=0.000010037562 rel_diff=0.004653027
{"date":"2026-09-07","commit":"4bf092f","hw":"macos/aarch64 (16 logical cores)","boundary":"device_resident","impl":"self_gemm_blis_parallel","lib_version":"0.1.0","impl_threads":1,"size":1024,"warmup":20,"iters":20,"tflops_median":0.1182,"tflops_q1":0.1181,"tflops_q3":0.1185,"output_match":true,"mismatch_detail":null}
{"date":"2026-09-07","commit":"4bf092f","hw":"macos/aarch64 (16 logical cores)","boundary":"device_resident","impl":"matrixmultiply","lib_version":"0.3.11","impl_threads":1,"size":1024,"warmup":20,"iters":20,"tflops_median":0.1118,"tflops_q1":0.1115,"tflops_q3":0.1119,"output_match":false,"mismatch_detail":"matrixmultiply: index=5119 reference=-0.0021471737 candidate=-0.0021572113 abs_diff=0.000010037562 rel_diff=0.004653027"}
{"date":"2026-09-07","commit":"4bf092f","hw":"macos/aarch64 (16 logical cores)","boundary":"device_resident","impl":"gemm","lib_version":"0.19.0","impl_threads":1,"size":1024,"warmup":20,"iters":20,"tflops_median":0.1102,"tflops_q1":0.1096,"tflops_q3":0.1107,"output_match":true,"mismatch_detail":null}
::warning::size=2048 出力不一致（matrixmultiply）: matrixmultiply: index=1988 reference=-0.0072821276 candidate=-0.00727129 abs_diff=0.000010837801 rel_diff=0.001488274
{"date":"2026-09-07","commit":"4bf092f","hw":"macos/aarch64 (16 logical cores)","boundary":"device_resident","impl":"self_gemm_blis_parallel","lib_version":"0.1.0","impl_threads":1,"size":2048,"warmup":20,"iters":20,"tflops_median":0.1147,"tflops_q1":0.1144,"tflops_q3":0.1153,"output_match":true,"mismatch_detail":null}
{"date":"2026-09-07","commit":"4bf092f","hw":"macos/aarch64 (16 logical cores)","boundary":"device_resident","impl":"matrixmultiply","lib_version":"0.3.11","impl_threads":1,"size":2048,"warmup":20,"iters":20,"tflops_median":0.1112,"tflops_q1":0.1108,"tflops_q3":0.1115,"output_match":false,"mismatch_detail":"matrixmultiply: index=1988 reference=-0.0072821276 candidate=-0.00727129 abs_diff=0.000010837801 rel_diff=0.001488274"}
{"date":"2026-09-07","commit":"4bf092f","hw":"macos/aarch64 (16 logical cores)","boundary":"device_resident","impl":"gemm","lib_version":"0.19.0","impl_threads":1,"size":2048,"warmup":20,"iters":20,"tflops_median":0.1095,"tflops_q1":0.1093,"tflops_q3":0.1102,"output_match":true,"mismatch_detail":null}
::warning::size=4096 出力不一致（matrixmultiply）: matrixmultiply: index=117 reference=0.012689356 candidate=0.012704611 abs_diff=0.000015255064 rel_diff=0.0012007502
::warning::size=4096 出力不一致（gemm crate）: gemm: index=858 reference=0.0038044143 candidate=0.0037908554 abs_diff=0.0000135588925 rel_diff=0.0035639894
{"date":"2026-09-07","commit":"4bf092f","hw":"macos/aarch64 (16 logical cores)","boundary":"device_resident","impl":"self_gemm_blis_parallel","lib_version":"0.1.0","impl_threads":1,"size":4096,"warmup":20,"iters":20,"tflops_median":0.1097,"tflops_q1":0.1078,"tflops_q3":0.1098,"output_match":true,"mismatch_detail":null}
{"date":"2026-09-07","commit":"4bf092f","hw":"macos/aarch64 (16 logical cores)","boundary":"device_resident","impl":"matrixmultiply","lib_version":"0.3.11","impl_threads":1,"size":4096,"warmup":20,"iters":20,"tflops_median":0.1090,"tflops_q1":0.1089,"tflops_q3":0.1091,"output_match":false,"mismatch_detail":"matrixmultiply: index=117 reference=0.012689356 candidate=0.012704611 abs_diff=0.000015255064 rel_diff=0.0012007502"}
{"date":"2026-09-07","commit":"4bf092f","hw":"macos/aarch64 (16 logical cores)","boundary":"device_resident","impl":"gemm","lib_version":"0.19.0","impl_threads":1,"size":4096,"warmup":20,"iters":20,"tflops_median":0.1075,"tflops_q1":0.1074,"tflops_q3":0.1077,"output_match":false,"mismatch_detail":"gemm: index=858 reference=0.0038044143 candidate=0.0037908554 abs_diff=0.0000135588925 rel_diff=0.0035639894"}
::error::出力突合 NG（統一複合判定: 相対誤差 1e-3 未満 または 絶対誤差 1e-5 未満）を検出した。各 JSON Lines レコードの output_match / mismatch_detail を参照。既知の限界は docs/oss-comparison-harness-decision.md「出力突合とその限界」節を参照。
== RAYON_NUM_THREADS=1 run=2 rc=1 ==
== RAYON_NUM_THREADS=1 run=3 taskset=none ==
oss-gemm-compare: commit=4bf092f hw=macos/aarch64 (16 logical cores) rayon_threads=1
::warning::size=1024 出力不一致（matrixmultiply）: matrixmultiply: index=5119 reference=-0.0021471737 candidate=-0.0021572113 abs_diff=0.000010037562 rel_diff=0.004653027
{"date":"2026-09-07","commit":"4bf092f","hw":"macos/aarch64 (16 logical cores)","boundary":"device_resident","impl":"self_gemm_blis_parallel","lib_version":"0.1.0","impl_threads":1,"size":1024,"warmup":20,"iters":20,"tflops_median":0.1152,"tflops_q1":0.1142,"tflops_q3":0.1157,"output_match":true,"mismatch_detail":null}
{"date":"2026-09-07","commit":"4bf092f","hw":"macos/aarch64 (16 logical cores)","boundary":"device_resident","impl":"matrixmultiply","lib_version":"0.3.11","impl_threads":1,"size":1024,"warmup":20,"iters":20,"tflops_median":0.1089,"tflops_q1":0.1081,"tflops_q3":0.1092,"output_match":false,"mismatch_detail":"matrixmultiply: index=5119 reference=-0.0021471737 candidate=-0.0021572113 abs_diff=0.000010037562 rel_diff=0.004653027"}
{"date":"2026-09-07","commit":"4bf092f","hw":"macos/aarch64 (16 logical cores)","boundary":"device_resident","impl":"gemm","lib_version":"0.19.0","impl_threads":1,"size":1024,"warmup":20,"iters":20,"tflops_median":0.1078,"tflops_q1":0.1076,"tflops_q3":0.1079,"output_match":true,"mismatch_detail":null}
::warning::size=2048 出力不一致（matrixmultiply）: matrixmultiply: index=1988 reference=-0.0072821276 candidate=-0.00727129 abs_diff=0.000010837801 rel_diff=0.001488274
{"date":"2026-09-07","commit":"4bf092f","hw":"macos/aarch64 (16 logical cores)","boundary":"device_resident","impl":"self_gemm_blis_parallel","lib_version":"0.1.0","impl_threads":1,"size":2048,"warmup":20,"iters":20,"tflops_median":0.1116,"tflops_q1":0.1114,"tflops_q3":0.1120,"output_match":true,"mismatch_detail":null}
{"date":"2026-09-07","commit":"4bf092f","hw":"macos/aarch64 (16 logical cores)","boundary":"device_resident","impl":"matrixmultiply","lib_version":"0.3.11","impl_threads":1,"size":2048,"warmup":20,"iters":20,"tflops_median":0.1102,"tflops_q1":0.1098,"tflops_q3":0.1103,"output_match":false,"mismatch_detail":"matrixmultiply: index=1988 reference=-0.0072821276 candidate=-0.00727129 abs_diff=0.000010837801 rel_diff=0.001488274"}
{"date":"2026-09-07","commit":"4bf092f","hw":"macos/aarch64 (16 logical cores)","boundary":"device_resident","impl":"gemm","lib_version":"0.19.0","impl_threads":1,"size":2048,"warmup":20,"iters":20,"tflops_median":0.1071,"tflops_q1":0.1063,"tflops_q3":0.1089,"output_match":true,"mismatch_detail":null}
::warning::size=4096 出力不一致（matrixmultiply）: matrixmultiply: index=117 reference=0.012689356 candidate=0.012704611 abs_diff=0.000015255064 rel_diff=0.0012007502
::warning::size=4096 出力不一致（gemm crate）: gemm: index=858 reference=0.0038044143 candidate=0.0037908554 abs_diff=0.0000135588925 rel_diff=0.0035639894
{"date":"2026-09-07","commit":"4bf092f","hw":"macos/aarch64 (16 logical cores)","boundary":"device_resident","impl":"self_gemm_blis_parallel","lib_version":"0.1.0","impl_threads":1,"size":4096,"warmup":20,"iters":20,"tflops_median":0.1025,"tflops_q1":0.0998,"tflops_q3":0.1069,"output_match":true,"mismatch_detail":null}
{"date":"2026-09-07","commit":"4bf092f","hw":"macos/aarch64 (16 logical cores)","boundary":"device_resident","impl":"matrixmultiply","lib_version":"0.3.11","impl_threads":1,"size":4096,"warmup":20,"iters":20,"tflops_median":0.1097,"tflops_q1":0.1095,"tflops_q3":0.1099,"output_match":false,"mismatch_detail":"matrixmultiply: index=117 reference=0.012689356 candidate=0.012704611 abs_diff=0.000015255064 rel_diff=0.0012007502"}
{"date":"2026-09-07","commit":"4bf092f","hw":"macos/aarch64 (16 logical cores)","boundary":"device_resident","impl":"gemm","lib_version":"0.19.0","impl_threads":1,"size":4096,"warmup":20,"iters":20,"tflops_median":0.1053,"tflops_q1":0.0829,"tflops_q3":0.1080,"output_match":false,"mismatch_detail":"gemm: index=858 reference=0.0038044143 candidate=0.0037908554 abs_diff=0.0000135588925 rel_diff=0.0035639894"}
::error::出力突合 NG（統一複合判定: 相対誤差 1e-3 未満 または 絶対誤差 1e-5 未満）を検出した。各 JSON Lines レコードの output_match / mismatch_detail を参照。既知の限界は docs/oss-comparison-harness-decision.md「出力突合とその限界」節を参照。
== RAYON_NUM_THREADS=1 run=3 rc=1 ==
== RAYON_NUM_THREADS=1 run=4 taskset=none ==
oss-gemm-compare: commit=4bf092f hw=macos/aarch64 (16 logical cores) rayon_threads=1
::warning::size=1024 出力不一致（matrixmultiply）: matrixmultiply: index=5119 reference=-0.0021471737 candidate=-0.0021572113 abs_diff=0.000010037562 rel_diff=0.004653027
{"date":"2026-09-07","commit":"4bf092f","hw":"macos/aarch64 (16 logical cores)","boundary":"device_resident","impl":"self_gemm_blis_parallel","lib_version":"0.1.0","impl_threads":1,"size":1024,"warmup":20,"iters":20,"tflops_median":0.1148,"tflops_q1":0.1133,"tflops_q3":0.1164,"output_match":true,"mismatch_detail":null}
{"date":"2026-09-07","commit":"4bf092f","hw":"macos/aarch64 (16 logical cores)","boundary":"device_resident","impl":"matrixmultiply","lib_version":"0.3.11","impl_threads":1,"size":1024,"warmup":20,"iters":20,"tflops_median":0.0908,"tflops_q1":0.0782,"tflops_q3":0.0961,"output_match":false,"mismatch_detail":"matrixmultiply: index=5119 reference=-0.0021471737 candidate=-0.0021572113 abs_diff=0.000010037562 rel_diff=0.004653027"}
{"date":"2026-09-07","commit":"4bf092f","hw":"macos/aarch64 (16 logical cores)","boundary":"device_resident","impl":"gemm","lib_version":"0.19.0","impl_threads":1,"size":1024,"warmup":20,"iters":20,"tflops_median":0.0911,"tflops_q1":0.0782,"tflops_q3":0.0972,"output_match":true,"mismatch_detail":null}
::warning::size=2048 出力不一致（matrixmultiply）: matrixmultiply: index=1988 reference=-0.0072821276 candidate=-0.00727129 abs_diff=0.000010837801 rel_diff=0.001488274
{"date":"2026-09-07","commit":"4bf092f","hw":"macos/aarch64 (16 logical cores)","boundary":"device_resident","impl":"self_gemm_blis_parallel","lib_version":"0.1.0","impl_threads":1,"size":2048,"warmup":20,"iters":20,"tflops_median":0.1124,"tflops_q1":0.1093,"tflops_q3":0.1138,"output_match":true,"mismatch_detail":null}
{"date":"2026-09-07","commit":"4bf092f","hw":"macos/aarch64 (16 logical cores)","boundary":"device_resident","impl":"matrixmultiply","lib_version":"0.3.11","impl_threads":1,"size":2048,"warmup":20,"iters":20,"tflops_median":0.1073,"tflops_q1":0.0921,"tflops_q3":0.1095,"output_match":false,"mismatch_detail":"matrixmultiply: index=1988 reference=-0.0072821276 candidate=-0.00727129 abs_diff=0.000010837801 rel_diff=0.001488274"}
{"date":"2026-09-07","commit":"4bf092f","hw":"macos/aarch64 (16 logical cores)","boundary":"device_resident","impl":"gemm","lib_version":"0.19.0","impl_threads":1,"size":2048,"warmup":20,"iters":20,"tflops_median":0.1088,"tflops_q1":0.1085,"tflops_q3":0.1090,"output_match":true,"mismatch_detail":null}
::warning::size=4096 出力不一致（matrixmultiply）: matrixmultiply: index=117 reference=0.012689356 candidate=0.012704611 abs_diff=0.000015255064 rel_diff=0.0012007502
::warning::size=4096 出力不一致（gemm crate）: gemm: index=858 reference=0.0038044143 candidate=0.0037908554 abs_diff=0.0000135588925 rel_diff=0.0035639894
{"date":"2026-09-07","commit":"4bf092f","hw":"macos/aarch64 (16 logical cores)","boundary":"device_resident","impl":"self_gemm_blis_parallel","lib_version":"0.1.0","impl_threads":1,"size":4096,"warmup":20,"iters":20,"tflops_median":0.1072,"tflops_q1":0.0997,"tflops_q3":0.1106,"output_match":true,"mismatch_detail":null}
{"date":"2026-09-07","commit":"4bf092f","hw":"macos/aarch64 (16 logical cores)","boundary":"device_resident","impl":"matrixmultiply","lib_version":"0.3.11","impl_threads":1,"size":4096,"warmup":20,"iters":20,"tflops_median":0.1094,"tflops_q1":0.1083,"tflops_q3":0.1098,"output_match":false,"mismatch_detail":"matrixmultiply: index=117 reference=0.012689356 candidate=0.012704611 abs_diff=0.000015255064 rel_diff=0.0012007502"}
{"date":"2026-09-07","commit":"4bf092f","hw":"macos/aarch64 (16 logical cores)","boundary":"device_resident","impl":"gemm","lib_version":"0.19.0","impl_threads":1,"size":4096,"warmup":20,"iters":20,"tflops_median":0.1085,"tflops_q1":0.1085,"tflops_q3":0.1088,"output_match":false,"mismatch_detail":"gemm: index=858 reference=0.0038044143 candidate=0.0037908554 abs_diff=0.0000135588925 rel_diff=0.0035639894"}
::error::出力突合 NG（統一複合判定: 相対誤差 1e-3 未満 または 絶対誤差 1e-5 未満）を検出した。各 JSON Lines レコードの output_match / mismatch_detail を参照。既知の限界は docs/oss-comparison-harness-decision.md「出力突合とその限界」節を参照。
== RAYON_NUM_THREADS=1 run=4 rc=1 ==
== RAYON_NUM_THREADS=1 run=5 taskset=none ==
oss-gemm-compare: commit=4bf092f hw=macos/aarch64 (16 logical cores) rayon_threads=1
::warning::size=1024 出力不一致（matrixmultiply）: matrixmultiply: index=5119 reference=-0.0021471737 candidate=-0.0021572113 abs_diff=0.000010037562 rel_diff=0.004653027
{"date":"2026-09-07","commit":"4bf092f","hw":"macos/aarch64 (16 logical cores)","boundary":"device_resident","impl":"self_gemm_blis_parallel","lib_version":"0.1.0","impl_threads":1,"size":1024,"warmup":20,"iters":20,"tflops_median":0.1179,"tflops_q1":0.1174,"tflops_q3":0.1184,"output_match":true,"mismatch_detail":null}
{"date":"2026-09-07","commit":"4bf092f","hw":"macos/aarch64 (16 logical cores)","boundary":"device_resident","impl":"matrixmultiply","lib_version":"0.3.11","impl_threads":1,"size":1024,"warmup":20,"iters":20,"tflops_median":0.1118,"tflops_q1":0.1114,"tflops_q3":0.1119,"output_match":false,"mismatch_detail":"matrixmultiply: index=5119 reference=-0.0021471737 candidate=-0.0021572113 abs_diff=0.000010037562 rel_diff=0.004653027"}
{"date":"2026-09-07","commit":"4bf092f","hw":"macos/aarch64 (16 logical cores)","boundary":"device_resident","impl":"gemm","lib_version":"0.19.0","impl_threads":1,"size":1024,"warmup":20,"iters":20,"tflops_median":0.1101,"tflops_q1":0.1097,"tflops_q3":0.1103,"output_match":true,"mismatch_detail":null}
::warning::size=2048 出力不一致（matrixmultiply）: matrixmultiply: index=1988 reference=-0.0072821276 candidate=-0.00727129 abs_diff=0.000010837801 rel_diff=0.001488274
{"date":"2026-09-07","commit":"4bf092f","hw":"macos/aarch64 (16 logical cores)","boundary":"device_resident","impl":"self_gemm_blis_parallel","lib_version":"0.1.0","impl_threads":1,"size":2048,"warmup":20,"iters":20,"tflops_median":0.1148,"tflops_q1":0.1139,"tflops_q3":0.1152,"output_match":true,"mismatch_detail":null}
{"date":"2026-09-07","commit":"4bf092f","hw":"macos/aarch64 (16 logical cores)","boundary":"device_resident","impl":"matrixmultiply","lib_version":"0.3.11","impl_threads":1,"size":2048,"warmup":20,"iters":20,"tflops_median":0.1075,"tflops_q1":0.0994,"tflops_q3":0.1100,"output_match":false,"mismatch_detail":"matrixmultiply: index=1988 reference=-0.0072821276 candidate=-0.00727129 abs_diff=0.000010837801 rel_diff=0.001488274"}
{"date":"2026-09-07","commit":"4bf092f","hw":"macos/aarch64 (16 logical cores)","boundary":"device_resident","impl":"gemm","lib_version":"0.19.0","impl_threads":1,"size":2048,"warmup":20,"iters":20,"tflops_median":0.1076,"tflops_q1":0.1071,"tflops_q3":0.1079,"output_match":true,"mismatch_detail":null}
::warning::size=4096 出力不一致（matrixmultiply）: matrixmultiply: index=117 reference=0.012689356 candidate=0.012704611 abs_diff=0.000015255064 rel_diff=0.0012007502
::warning::size=4096 出力不一致（gemm crate）: gemm: index=858 reference=0.0038044143 candidate=0.0037908554 abs_diff=0.0000135588925 rel_diff=0.0035639894
{"date":"2026-09-07","commit":"4bf092f","hw":"macos/aarch64 (16 logical cores)","boundary":"device_resident","impl":"self_gemm_blis_parallel","lib_version":"0.1.0","impl_threads":1,"size":4096,"warmup":20,"iters":20,"tflops_median":0.1072,"tflops_q1":0.1030,"tflops_q3":0.1077,"output_match":true,"mismatch_detail":null}
{"date":"2026-09-07","commit":"4bf092f","hw":"macos/aarch64 (16 logical cores)","boundary":"device_resident","impl":"matrixmultiply","lib_version":"0.3.11","impl_threads":1,"size":4096,"warmup":20,"iters":20,"tflops_median":0.1085,"tflops_q1":0.1084,"tflops_q3":0.1086,"output_match":false,"mismatch_detail":"matrixmultiply: index=117 reference=0.012689356 candidate=0.012704611 abs_diff=0.000015255064 rel_diff=0.0012007502"}
{"date":"2026-09-07","commit":"4bf092f","hw":"macos/aarch64 (16 logical cores)","boundary":"device_resident","impl":"gemm","lib_version":"0.19.0","impl_threads":1,"size":4096,"warmup":20,"iters":20,"tflops_median":0.1074,"tflops_q1":0.1054,"tflops_q3":0.1085,"output_match":false,"mismatch_detail":"gemm: index=858 reference=0.0038044143 candidate=0.0037908554 abs_diff=0.0000135588925 rel_diff=0.0035639894"}
::error::出力突合 NG（統一複合判定: 相対誤差 1e-3 未満 または 絶対誤差 1e-5 未満）を検出した。各 JSON Lines レコードの output_match / mismatch_detail を参照。既知の限界は docs/oss-comparison-harness-decision.md「出力突合とその限界」節を参照。
== RAYON_NUM_THREADS=1 run=5 rc=1 ==
== RAYON_NUM_THREADS=2 run=1 taskset=none ==
oss-gemm-compare: commit=4bf092f hw=macos/aarch64 (16 logical cores) rayon_threads=2
::warning::size=1024 出力不一致（matrixmultiply）: matrixmultiply: index=5119 reference=-0.0021471737 candidate=-0.0021572113 abs_diff=0.000010037562 rel_diff=0.004653027
{"date":"2026-09-07","commit":"4bf092f","hw":"macos/aarch64 (16 logical cores)","boundary":"device_resident","impl":"self_gemm_blis_parallel","lib_version":"0.1.0","impl_threads":2,"size":1024,"warmup":20,"iters":20,"tflops_median":0.2174,"tflops_q1":0.2166,"tflops_q3":0.2189,"output_match":true,"mismatch_detail":null}
{"date":"2026-09-07","commit":"4bf092f","hw":"macos/aarch64 (16 logical cores)","boundary":"device_resident","impl":"matrixmultiply","lib_version":"0.3.11","impl_threads":1,"size":1024,"warmup":20,"iters":20,"tflops_median":0.1058,"tflops_q1":0.1052,"tflops_q3":0.1067,"output_match":false,"mismatch_detail":"matrixmultiply: index=5119 reference=-0.0021471737 candidate=-0.0021572113 abs_diff=0.000010037562 rel_diff=0.004653027"}
{"date":"2026-09-07","commit":"4bf092f","hw":"macos/aarch64 (16 logical cores)","boundary":"device_resident","impl":"gemm","lib_version":"0.19.0","impl_threads":2,"size":1024,"warmup":20,"iters":20,"tflops_median":0.2085,"tflops_q1":0.2077,"tflops_q3":0.2089,"output_match":true,"mismatch_detail":null}
::warning::size=2048 出力不一致（matrixmultiply）: matrixmultiply: index=1988 reference=-0.0072821276 candidate=-0.00727129 abs_diff=0.000010837801 rel_diff=0.001488274
{"date":"2026-09-07","commit":"4bf092f","hw":"macos/aarch64 (16 logical cores)","boundary":"device_resident","impl":"self_gemm_blis_parallel","lib_version":"0.1.0","impl_threads":2,"size":2048,"warmup":20,"iters":20,"tflops_median":0.2166,"tflops_q1":0.2154,"tflops_q3":0.2190,"output_match":true,"mismatch_detail":null}
{"date":"2026-09-07","commit":"4bf092f","hw":"macos/aarch64 (16 logical cores)","boundary":"device_resident","impl":"matrixmultiply","lib_version":"0.3.11","impl_threads":1,"size":2048,"warmup":20,"iters":20,"tflops_median":0.1074,"tflops_q1":0.1070,"tflops_q3":0.1083,"output_match":false,"mismatch_detail":"matrixmultiply: index=1988 reference=-0.0072821276 candidate=-0.00727129 abs_diff=0.000010837801 rel_diff=0.001488274"}
{"date":"2026-09-07","commit":"4bf092f","hw":"macos/aarch64 (16 logical cores)","boundary":"device_resident","impl":"gemm","lib_version":"0.19.0","impl_threads":2,"size":2048,"warmup":20,"iters":20,"tflops_median":0.2064,"tflops_q1":0.2058,"tflops_q3":0.2077,"output_match":true,"mismatch_detail":null}
::warning::size=4096 出力不一致（matrixmultiply）: matrixmultiply: index=117 reference=0.012689356 candidate=0.012704611 abs_diff=0.000015255064 rel_diff=0.0012007502
::warning::size=4096 出力不一致（gemm crate）: gemm: index=858 reference=0.0038044143 candidate=0.0037908554 abs_diff=0.0000135588925 rel_diff=0.0035639894
{"date":"2026-09-07","commit":"4bf092f","hw":"macos/aarch64 (16 logical cores)","boundary":"device_resident","impl":"self_gemm_blis_parallel","lib_version":"0.1.0","impl_threads":2,"size":4096,"warmup":20,"iters":20,"tflops_median":0.2041,"tflops_q1":0.1980,"tflops_q3":0.2068,"output_match":true,"mismatch_detail":null}
{"date":"2026-09-07","commit":"4bf092f","hw":"macos/aarch64 (16 logical cores)","boundary":"device_resident","impl":"matrixmultiply","lib_version":"0.3.11","impl_threads":1,"size":4096,"warmup":20,"iters":20,"tflops_median":0.1074,"tflops_q1":0.1069,"tflops_q3":0.1077,"output_match":false,"mismatch_detail":"matrixmultiply: index=117 reference=0.012689356 candidate=0.012704611 abs_diff=0.000015255064 rel_diff=0.0012007502"}
{"date":"2026-09-07","commit":"4bf092f","hw":"macos/aarch64 (16 logical cores)","boundary":"device_resident","impl":"gemm","lib_version":"0.19.0","impl_threads":2,"size":4096,"warmup":20,"iters":20,"tflops_median":0.2021,"tflops_q1":0.1763,"tflops_q3":0.2085,"output_match":false,"mismatch_detail":"gemm: index=858 reference=0.0038044143 candidate=0.0037908554 abs_diff=0.0000135588925 rel_diff=0.0035639894"}
::error::出力突合 NG（統一複合判定: 相対誤差 1e-3 未満 または 絶対誤差 1e-5 未満）を検出した。各 JSON Lines レコードの output_match / mismatch_detail を参照。既知の限界は docs/oss-comparison-harness-decision.md「出力突合とその限界」節を参照。
== RAYON_NUM_THREADS=2 run=1 rc=1 ==
== RAYON_NUM_THREADS=2 run=2 taskset=none ==
oss-gemm-compare: commit=4bf092f hw=macos/aarch64 (16 logical cores) rayon_threads=2
::warning::size=1024 出力不一致（matrixmultiply）: matrixmultiply: index=5119 reference=-0.0021471737 candidate=-0.0021572113 abs_diff=0.000010037562 rel_diff=0.004653027
{"date":"2026-09-07","commit":"4bf092f","hw":"macos/aarch64 (16 logical cores)","boundary":"device_resident","impl":"self_gemm_blis_parallel","lib_version":"0.1.0","impl_threads":2,"size":1024,"warmup":20,"iters":20,"tflops_median":0.2269,"tflops_q1":0.2259,"tflops_q3":0.2287,"output_match":true,"mismatch_detail":null}
{"date":"2026-09-07","commit":"4bf092f","hw":"macos/aarch64 (16 logical cores)","boundary":"device_resident","impl":"matrixmultiply","lib_version":"0.3.11","impl_threads":1,"size":1024,"warmup":20,"iters":20,"tflops_median":0.1070,"tflops_q1":0.1066,"tflops_q3":0.1072,"output_match":false,"mismatch_detail":"matrixmultiply: index=5119 reference=-0.0021471737 candidate=-0.0021572113 abs_diff=0.000010037562 rel_diff=0.004653027"}
{"date":"2026-09-07","commit":"4bf092f","hw":"macos/aarch64 (16 logical cores)","boundary":"device_resident","impl":"gemm","lib_version":"0.19.0","impl_threads":2,"size":1024,"warmup":20,"iters":20,"tflops_median":0.2115,"tflops_q1":0.2105,"tflops_q3":0.2181,"output_match":true,"mismatch_detail":null}
::warning::size=2048 出力不一致（matrixmultiply）: matrixmultiply: index=1988 reference=-0.0072821276 candidate=-0.00727129 abs_diff=0.000010837801 rel_diff=0.001488274
{"date":"2026-09-07","commit":"4bf092f","hw":"macos/aarch64 (16 logical cores)","boundary":"device_resident","impl":"self_gemm_blis_parallel","lib_version":"0.1.0","impl_threads":2,"size":2048,"warmup":20,"iters":20,"tflops_median":0.1857,"tflops_q1":0.1773,"tflops_q3":0.1997,"output_match":true,"mismatch_detail":null}
{"date":"2026-09-07","commit":"4bf092f","hw":"macos/aarch64 (16 logical cores)","boundary":"device_resident","impl":"matrixmultiply","lib_version":"0.3.11","impl_threads":1,"size":2048,"warmup":20,"iters":20,"tflops_median":0.1099,"tflops_q1":0.1085,"tflops_q3":0.1102,"output_match":false,"mismatch_detail":"matrixmultiply: index=1988 reference=-0.0072821276 candidate=-0.00727129 abs_diff=0.000010837801 rel_diff=0.001488274"}
{"date":"2026-09-07","commit":"4bf092f","hw":"macos/aarch64 (16 logical cores)","boundary":"device_resident","impl":"gemm","lib_version":"0.19.0","impl_threads":2,"size":2048,"warmup":20,"iters":20,"tflops_median":0.2091,"tflops_q1":0.2074,"tflops_q3":0.2124,"output_match":true,"mismatch_detail":null}
::warning::size=4096 出力不一致（matrixmultiply）: matrixmultiply: index=117 reference=0.012689356 candidate=0.012704611 abs_diff=0.000015255064 rel_diff=0.0012007502
::warning::size=4096 出力不一致（gemm crate）: gemm: index=858 reference=0.0038044143 candidate=0.0037908554 abs_diff=0.0000135588925 rel_diff=0.0035639894
{"date":"2026-09-07","commit":"4bf092f","hw":"macos/aarch64 (16 logical cores)","boundary":"device_resident","impl":"self_gemm_blis_parallel","lib_version":"0.1.0","impl_threads":2,"size":4096,"warmup":20,"iters":20,"tflops_median":0.1787,"tflops_q1":0.1748,"tflops_q3":0.1971,"output_match":true,"mismatch_detail":null}
{"date":"2026-09-07","commit":"4bf092f","hw":"macos/aarch64 (16 logical cores)","boundary":"device_resident","impl":"matrixmultiply","lib_version":"0.3.11","impl_threads":1,"size":4096,"warmup":20,"iters":20,"tflops_median":0.1096,"tflops_q1":0.1093,"tflops_q3":0.1097,"output_match":false,"mismatch_detail":"matrixmultiply: index=117 reference=0.012689356 candidate=0.012704611 abs_diff=0.000015255064 rel_diff=0.0012007502"}
{"date":"2026-09-07","commit":"4bf092f","hw":"macos/aarch64 (16 logical cores)","boundary":"device_resident","impl":"gemm","lib_version":"0.19.0","impl_threads":2,"size":4096,"warmup":20,"iters":20,"tflops_median":0.2129,"tflops_q1":0.2118,"tflops_q3":0.2140,"output_match":false,"mismatch_detail":"gemm: index=858 reference=0.0038044143 candidate=0.0037908554 abs_diff=0.0000135588925 rel_diff=0.0035639894"}
::error::出力突合 NG（統一複合判定: 相対誤差 1e-3 未満 または 絶対誤差 1e-5 未満）を検出した。各 JSON Lines レコードの output_match / mismatch_detail を参照。既知の限界は docs/oss-comparison-harness-decision.md「出力突合とその限界」節を参照。
== RAYON_NUM_THREADS=2 run=2 rc=1 ==
== RAYON_NUM_THREADS=2 run=3 taskset=none ==
oss-gemm-compare: commit=4bf092f hw=macos/aarch64 (16 logical cores) rayon_threads=2
::warning::size=1024 出力不一致（matrixmultiply）: matrixmultiply: index=5119 reference=-0.0021471737 candidate=-0.0021572113 abs_diff=0.000010037562 rel_diff=0.004653027
{"date":"2026-09-07","commit":"4bf092f","hw":"macos/aarch64 (16 logical cores)","boundary":"device_resident","impl":"self_gemm_blis_parallel","lib_version":"0.1.0","impl_threads":2,"size":1024,"warmup":20,"iters":20,"tflops_median":0.2150,"tflops_q1":0.2141,"tflops_q3":0.2175,"output_match":true,"mismatch_detail":null}
{"date":"2026-09-07","commit":"4bf092f","hw":"macos/aarch64 (16 logical cores)","boundary":"device_resident","impl":"matrixmultiply","lib_version":"0.3.11","impl_threads":1,"size":1024,"warmup":20,"iters":20,"tflops_median":0.1072,"tflops_q1":0.1070,"tflops_q3":0.1076,"output_match":false,"mismatch_detail":"matrixmultiply: index=5119 reference=-0.0021471737 candidate=-0.0021572113 abs_diff=0.000010037562 rel_diff=0.004653027"}
{"date":"2026-09-07","commit":"4bf092f","hw":"macos/aarch64 (16 logical cores)","boundary":"device_resident","impl":"gemm","lib_version":"0.19.0","impl_threads":2,"size":1024,"warmup":20,"iters":20,"tflops_median":0.2119,"tflops_q1":0.2111,"tflops_q3":0.2137,"output_match":true,"mismatch_detail":null}
::warning::size=2048 出力不一致（matrixmultiply）: matrixmultiply: index=1988 reference=-0.0072821276 candidate=-0.00727129 abs_diff=0.000010837801 rel_diff=0.001488274
{"date":"2026-09-07","commit":"4bf092f","hw":"macos/aarch64 (16 logical cores)","boundary":"device_resident","impl":"self_gemm_blis_parallel","lib_version":"0.1.0","impl_threads":2,"size":2048,"warmup":20,"iters":20,"tflops_median":0.2183,"tflops_q1":0.2171,"tflops_q3":0.2213,"output_match":true,"mismatch_detail":null}
{"date":"2026-09-07","commit":"4bf092f","hw":"macos/aarch64 (16 logical cores)","boundary":"device_resident","impl":"matrixmultiply","lib_version":"0.3.11","impl_threads":1,"size":2048,"warmup":20,"iters":20,"tflops_median":0.1089,"tflops_q1":0.1068,"tflops_q3":0.1101,"output_match":false,"mismatch_detail":"matrixmultiply: index=1988 reference=-0.0072821276 candidate=-0.00727129 abs_diff=0.000010837801 rel_diff=0.001488274"}
{"date":"2026-09-07","commit":"4bf092f","hw":"macos/aarch64 (16 logical cores)","boundary":"device_resident","impl":"gemm","lib_version":"0.19.0","impl_threads":2,"size":2048,"warmup":20,"iters":20,"tflops_median":0.2123,"tflops_q1":0.2097,"tflops_q3":0.2146,"output_match":true,"mismatch_detail":null}
::warning::size=4096 出力不一致（matrixmultiply）: matrixmultiply: index=117 reference=0.012689356 candidate=0.012704611 abs_diff=0.000015255064 rel_diff=0.0012007502
::warning::size=4096 出力不一致（gemm crate）: gemm: index=858 reference=0.0038044143 candidate=0.0037908554 abs_diff=0.0000135588925 rel_diff=0.0035639894
{"date":"2026-09-07","commit":"4bf092f","hw":"macos/aarch64 (16 logical cores)","boundary":"device_resident","impl":"self_gemm_blis_parallel","lib_version":"0.1.0","impl_threads":2,"size":4096,"warmup":20,"iters":20,"tflops_median":0.2143,"tflops_q1":0.2107,"tflops_q3":0.2151,"output_match":true,"mismatch_detail":null}
{"date":"2026-09-07","commit":"4bf092f","hw":"macos/aarch64 (16 logical cores)","boundary":"device_resident","impl":"matrixmultiply","lib_version":"0.3.11","impl_threads":1,"size":4096,"warmup":20,"iters":20,"tflops_median":0.1072,"tflops_q1":0.1072,"tflops_q3":0.1072,"output_match":false,"mismatch_detail":"matrixmultiply: index=117 reference=0.012689356 candidate=0.012704611 abs_diff=0.000015255064 rel_diff=0.0012007502"}
{"date":"2026-09-07","commit":"4bf092f","hw":"macos/aarch64 (16 logical cores)","boundary":"device_resident","impl":"gemm","lib_version":"0.19.0","impl_threads":2,"size":4096,"warmup":20,"iters":20,"tflops_median":0.2085,"tflops_q1":0.2082,"tflops_q3":0.2094,"output_match":false,"mismatch_detail":"gemm: index=858 reference=0.0038044143 candidate=0.0037908554 abs_diff=0.0000135588925 rel_diff=0.0035639894"}
::error::出力突合 NG（統一複合判定: 相対誤差 1e-3 未満 または 絶対誤差 1e-5 未満）を検出した。各 JSON Lines レコードの output_match / mismatch_detail を参照。既知の限界は docs/oss-comparison-harness-decision.md「出力突合とその限界」節を参照。
== RAYON_NUM_THREADS=2 run=3 rc=1 ==
== RAYON_NUM_THREADS=2 run=4 taskset=none ==
oss-gemm-compare: commit=4bf092f hw=macos/aarch64 (16 logical cores) rayon_threads=2
::warning::size=1024 出力不一致（matrixmultiply）: matrixmultiply: index=5119 reference=-0.0021471737 candidate=-0.0021572113 abs_diff=0.000010037562 rel_diff=0.004653027
{"date":"2026-09-07","commit":"4bf092f","hw":"macos/aarch64 (16 logical cores)","boundary":"device_resident","impl":"self_gemm_blis_parallel","lib_version":"0.1.0","impl_threads":2,"size":1024,"warmup":20,"iters":20,"tflops_median":0.2208,"tflops_q1":0.2197,"tflops_q3":0.2227,"output_match":true,"mismatch_detail":null}
{"date":"2026-09-07","commit":"4bf092f","hw":"macos/aarch64 (16 logical cores)","boundary":"device_resident","impl":"matrixmultiply","lib_version":"0.3.11","impl_threads":1,"size":1024,"warmup":20,"iters":20,"tflops_median":0.1090,"tflops_q1":0.1087,"tflops_q3":0.1093,"output_match":false,"mismatch_detail":"matrixmultiply: index=5119 reference=-0.0021471737 candidate=-0.0021572113 abs_diff=0.000010037562 rel_diff=0.004653027"}
{"date":"2026-09-07","commit":"4bf092f","hw":"macos/aarch64 (16 logical cores)","boundary":"device_resident","impl":"gemm","lib_version":"0.19.0","impl_threads":2,"size":1024,"warmup":20,"iters":20,"tflops_median":0.2114,"tflops_q1":0.2110,"tflops_q3":0.2117,"output_match":true,"mismatch_detail":null}
::warning::size=2048 出力不一致（matrixmultiply）: matrixmultiply: index=1988 reference=-0.0072821276 candidate=-0.00727129 abs_diff=0.000010837801 rel_diff=0.001488274
{"date":"2026-09-07","commit":"4bf092f","hw":"macos/aarch64 (16 logical cores)","boundary":"device_resident","impl":"self_gemm_blis_parallel","lib_version":"0.1.0","impl_threads":2,"size":2048,"warmup":20,"iters":20,"tflops_median":0.2185,"tflops_q1":0.2176,"tflops_q3":0.2198,"output_match":true,"mismatch_detail":null}
{"date":"2026-09-07","commit":"4bf092f","hw":"macos/aarch64 (16 logical cores)","boundary":"device_resident","impl":"matrixmultiply","lib_version":"0.3.11","impl_threads":1,"size":2048,"warmup":20,"iters":20,"tflops_median":0.1073,"tflops_q1":0.1071,"tflops_q3":0.1080,"output_match":false,"mismatch_detail":"matrixmultiply: index=1988 reference=-0.0072821276 candidate=-0.00727129 abs_diff=0.000010837801 rel_diff=0.001488274"}
{"date":"2026-09-07","commit":"4bf092f","hw":"macos/aarch64 (16 logical cores)","boundary":"device_resident","impl":"gemm","lib_version":"0.19.0","impl_threads":2,"size":2048,"warmup":20,"iters":20,"tflops_median":0.2077,"tflops_q1":0.2060,"tflops_q3":0.2094,"output_match":true,"mismatch_detail":null}
::warning::size=4096 出力不一致（matrixmultiply）: matrixmultiply: index=117 reference=0.012689356 candidate=0.012704611 abs_diff=0.000015255064 rel_diff=0.0012007502
::warning::size=4096 出力不一致（gemm crate）: gemm: index=858 reference=0.0038044143 candidate=0.0037908554 abs_diff=0.0000135588925 rel_diff=0.0035639894
{"date":"2026-09-07","commit":"4bf092f","hw":"macos/aarch64 (16 logical cores)","boundary":"device_resident","impl":"self_gemm_blis_parallel","lib_version":"0.1.0","impl_threads":2,"size":4096,"warmup":20,"iters":20,"tflops_median":0.2134,"tflops_q1":0.2128,"tflops_q3":0.2144,"output_match":true,"mismatch_detail":null}
{"date":"2026-09-07","commit":"4bf092f","hw":"macos/aarch64 (16 logical cores)","boundary":"device_resident","impl":"matrixmultiply","lib_version":"0.3.11","impl_threads":1,"size":4096,"warmup":20,"iters":20,"tflops_median":0.1062,"tflops_q1":0.1036,"tflops_q3":0.1072,"output_match":false,"mismatch_detail":"matrixmultiply: index=117 reference=0.012689356 candidate=0.012704611 abs_diff=0.000015255064 rel_diff=0.0012007502"}
{"date":"2026-09-07","commit":"4bf092f","hw":"macos/aarch64 (16 logical cores)","boundary":"device_resident","impl":"gemm","lib_version":"0.19.0","impl_threads":2,"size":4096,"warmup":20,"iters":20,"tflops_median":0.1978,"tflops_q1":0.1947,"tflops_q3":0.2016,"output_match":false,"mismatch_detail":"gemm: index=858 reference=0.0038044143 candidate=0.0037908554 abs_diff=0.0000135588925 rel_diff=0.0035639894"}
::error::出力突合 NG（統一複合判定: 相対誤差 1e-3 未満 または 絶対誤差 1e-5 未満）を検出した。各 JSON Lines レコードの output_match / mismatch_detail を参照。既知の限界は docs/oss-comparison-harness-decision.md「出力突合とその限界」節を参照。
== RAYON_NUM_THREADS=2 run=4 rc=1 ==
== RAYON_NUM_THREADS=2 run=5 taskset=none ==
oss-gemm-compare: commit=4bf092f hw=macos/aarch64 (16 logical cores) rayon_threads=2
::warning::size=1024 出力不一致（matrixmultiply）: matrixmultiply: index=5119 reference=-0.0021471737 candidate=-0.0021572113 abs_diff=0.000010037562 rel_diff=0.004653027
{"date":"2026-09-07","commit":"4bf092f","hw":"macos/aarch64 (16 logical cores)","boundary":"device_resident","impl":"self_gemm_blis_parallel","lib_version":"0.1.0","impl_threads":2,"size":1024,"warmup":20,"iters":20,"tflops_median":0.2055,"tflops_q1":0.2007,"tflops_q3":0.2082,"output_match":true,"mismatch_detail":null}
{"date":"2026-09-07","commit":"4bf092f","hw":"macos/aarch64 (16 logical cores)","boundary":"device_resident","impl":"matrixmultiply","lib_version":"0.3.11","impl_threads":1,"size":1024,"warmup":20,"iters":20,"tflops_median":0.1076,"tflops_q1":0.1075,"tflops_q3":0.1082,"output_match":false,"mismatch_detail":"matrixmultiply: index=5119 reference=-0.0021471737 candidate=-0.0021572113 abs_diff=0.000010037562 rel_diff=0.004653027"}
{"date":"2026-09-07","commit":"4bf092f","hw":"macos/aarch64 (16 logical cores)","boundary":"device_resident","impl":"gemm","lib_version":"0.19.0","impl_threads":2,"size":1024,"warmup":20,"iters":20,"tflops_median":0.2150,"tflops_q1":0.2139,"tflops_q3":0.2167,"output_match":true,"mismatch_detail":null}
::warning::size=2048 出力不一致（matrixmultiply）: matrixmultiply: index=1988 reference=-0.0072821276 candidate=-0.00727129 abs_diff=0.000010837801 rel_diff=0.001488274
{"date":"2026-09-07","commit":"4bf092f","hw":"macos/aarch64 (16 logical cores)","boundary":"device_resident","impl":"self_gemm_blis_parallel","lib_version":"0.1.0","impl_threads":2,"size":2048,"warmup":20,"iters":20,"tflops_median":0.2184,"tflops_q1":0.2150,"tflops_q3":0.2201,"output_match":true,"mismatch_detail":null}
{"date":"2026-09-07","commit":"4bf092f","hw":"macos/aarch64 (16 logical cores)","boundary":"device_resident","impl":"matrixmultiply","lib_version":"0.3.11","impl_threads":1,"size":2048,"warmup":20,"iters":20,"tflops_median":0.1080,"tflops_q1":0.1076,"tflops_q3":0.1088,"output_match":false,"mismatch_detail":"matrixmultiply: index=1988 reference=-0.0072821276 candidate=-0.00727129 abs_diff=0.000010837801 rel_diff=0.001488274"}
{"date":"2026-09-07","commit":"4bf092f","hw":"macos/aarch64 (16 logical cores)","boundary":"device_resident","impl":"gemm","lib_version":"0.19.0","impl_threads":2,"size":2048,"warmup":20,"iters":20,"tflops_median":0.2034,"tflops_q1":0.1966,"tflops_q3":0.2066,"output_match":true,"mismatch_detail":null}
::warning::size=4096 出力不一致（matrixmultiply）: matrixmultiply: index=117 reference=0.012689356 candidate=0.012704611 abs_diff=0.000015255064 rel_diff=0.0012007502
::warning::size=4096 出力不一致（gemm crate）: gemm: index=858 reference=0.0038044143 candidate=0.0037908554 abs_diff=0.0000135588925 rel_diff=0.0035639894
{"date":"2026-09-07","commit":"4bf092f","hw":"macos/aarch64 (16 logical cores)","boundary":"device_resident","impl":"self_gemm_blis_parallel","lib_version":"0.1.0","impl_threads":2,"size":4096,"warmup":20,"iters":20,"tflops_median":0.2138,"tflops_q1":0.2136,"tflops_q3":0.2140,"output_match":true,"mismatch_detail":null}
{"date":"2026-09-07","commit":"4bf092f","hw":"macos/aarch64 (16 logical cores)","boundary":"device_resident","impl":"matrixmultiply","lib_version":"0.3.11","impl_threads":1,"size":4096,"warmup":20,"iters":20,"tflops_median":0.1076,"tflops_q1":0.1074,"tflops_q3":0.1084,"output_match":false,"mismatch_detail":"matrixmultiply: index=117 reference=0.012689356 candidate=0.012704611 abs_diff=0.000015255064 rel_diff=0.0012007502"}
{"date":"2026-09-07","commit":"4bf092f","hw":"macos/aarch64 (16 logical cores)","boundary":"device_resident","impl":"gemm","lib_version":"0.19.0","impl_threads":2,"size":4096,"warmup":20,"iters":20,"tflops_median":0.1922,"tflops_q1":0.1890,"tflops_q3":0.2018,"output_match":false,"mismatch_detail":"gemm: index=858 reference=0.0038044143 candidate=0.0037908554 abs_diff=0.0000135588925 rel_diff=0.0035639894"}
::error::出力突合 NG（統一複合判定: 相対誤差 1e-3 未満 または 絶対誤差 1e-5 未満）を検出した。各 JSON Lines レコードの output_match / mismatch_detail を参照。既知の限界は docs/oss-comparison-harness-decision.md「出力突合とその限界」節を参照。
== RAYON_NUM_THREADS=2 run=5 rc=1 ==
== RAYON_NUM_THREADS=4 run=1 taskset=none ==
oss-gemm-compare: commit=4bf092f hw=macos/aarch64 (16 logical cores) rayon_threads=4
::warning::size=1024 出力不一致（matrixmultiply）: matrixmultiply: index=5119 reference=-0.0021471737 candidate=-0.0021572113 abs_diff=0.000010037562 rel_diff=0.004653027
{"date":"2026-09-07","commit":"4bf092f","hw":"macos/aarch64 (16 logical cores)","boundary":"device_resident","impl":"self_gemm_blis_parallel","lib_version":"0.1.0","impl_threads":4,"size":1024,"warmup":20,"iters":20,"tflops_median":0.2483,"tflops_q1":0.2341,"tflops_q3":0.3117,"output_match":true,"mismatch_detail":null}
{"date":"2026-09-07","commit":"4bf092f","hw":"macos/aarch64 (16 logical cores)","boundary":"device_resident","impl":"matrixmultiply","lib_version":"0.3.11","impl_threads":1,"size":1024,"warmup":20,"iters":20,"tflops_median":0.0981,"tflops_q1":0.0970,"tflops_q3":0.1005,"output_match":false,"mismatch_detail":"matrixmultiply: index=5119 reference=-0.0021471737 candidate=-0.0021572113 abs_diff=0.000010037562 rel_diff=0.004653027"}
{"date":"2026-09-07","commit":"4bf092f","hw":"macos/aarch64 (16 logical cores)","boundary":"device_resident","impl":"gemm","lib_version":"0.19.0","impl_threads":4,"size":1024,"warmup":20,"iters":20,"tflops_median":0.2992,"tflops_q1":0.2690,"tflops_q3":0.3090,"output_match":true,"mismatch_detail":null}
::warning::size=2048 出力不一致（matrixmultiply）: matrixmultiply: index=1988 reference=-0.0072821276 candidate=-0.00727129 abs_diff=0.000010837801 rel_diff=0.001488274
{"date":"2026-09-07","commit":"4bf092f","hw":"macos/aarch64 (16 logical cores)","boundary":"device_resident","impl":"self_gemm_blis_parallel","lib_version":"0.1.0","impl_threads":4,"size":2048,"warmup":20,"iters":20,"tflops_median":0.3959,"tflops_q1":0.3932,"tflops_q3":0.4002,"output_match":true,"mismatch_detail":null}
{"date":"2026-09-07","commit":"4bf092f","hw":"macos/aarch64 (16 logical cores)","boundary":"device_resident","impl":"matrixmultiply","lib_version":"0.3.11","impl_threads":1,"size":2048,"warmup":20,"iters":20,"tflops_median":0.1005,"tflops_q1":0.0995,"tflops_q3":0.1015,"output_match":false,"mismatch_detail":"matrixmultiply: index=1988 reference=-0.0072821276 candidate=-0.00727129 abs_diff=0.000010837801 rel_diff=0.001488274"}
{"date":"2026-09-07","commit":"4bf092f","hw":"macos/aarch64 (16 logical cores)","boundary":"device_resident","impl":"gemm","lib_version":"0.19.0","impl_threads":4,"size":2048,"warmup":20,"iters":20,"tflops_median":0.3618,"tflops_q1":0.3504,"tflops_q3":0.3675,"output_match":true,"mismatch_detail":null}
::warning::size=4096 出力不一致（matrixmultiply）: matrixmultiply: index=117 reference=0.012689356 candidate=0.012704611 abs_diff=0.000015255064 rel_diff=0.0012007502
::warning::size=4096 出力不一致（gemm crate）: gemm: index=858 reference=0.0038044143 candidate=0.0037908554 abs_diff=0.0000135588925 rel_diff=0.0035639894
{"date":"2026-09-07","commit":"4bf092f","hw":"macos/aarch64 (16 logical cores)","boundary":"device_resident","impl":"self_gemm_blis_parallel","lib_version":"0.1.0","impl_threads":4,"size":4096,"warmup":20,"iters":20,"tflops_median":0.4023,"tflops_q1":0.3992,"tflops_q3":0.4064,"output_match":true,"mismatch_detail":null}
{"date":"2026-09-07","commit":"4bf092f","hw":"macos/aarch64 (16 logical cores)","boundary":"device_resident","impl":"matrixmultiply","lib_version":"0.3.11","impl_threads":1,"size":4096,"warmup":20,"iters":20,"tflops_median":0.1079,"tflops_q1":0.1078,"tflops_q3":0.1080,"output_match":false,"mismatch_detail":"matrixmultiply: index=117 reference=0.012689356 candidate=0.012704611 abs_diff=0.000015255064 rel_diff=0.0012007502"}
{"date":"2026-09-07","commit":"4bf092f","hw":"macos/aarch64 (16 logical cores)","boundary":"device_resident","impl":"gemm","lib_version":"0.19.0","impl_threads":4,"size":4096,"warmup":20,"iters":20,"tflops_median":0.4041,"tflops_q1":0.4000,"tflops_q3":0.4074,"output_match":false,"mismatch_detail":"gemm: index=858 reference=0.0038044143 candidate=0.0037908554 abs_diff=0.0000135588925 rel_diff=0.0035639894"}
::error::出力突合 NG（統一複合判定: 相対誤差 1e-3 未満 または 絶対誤差 1e-5 未満）を検出した。各 JSON Lines レコードの output_match / mismatch_detail を参照。既知の限界は docs/oss-comparison-harness-decision.md「出力突合とその限界」節を参照。
== RAYON_NUM_THREADS=4 run=1 rc=1 ==
== RAYON_NUM_THREADS=4 run=2 taskset=none ==
oss-gemm-compare: commit=4bf092f hw=macos/aarch64 (16 logical cores) rayon_threads=4
::warning::size=1024 出力不一致（matrixmultiply）: matrixmultiply: index=5119 reference=-0.0021471737 candidate=-0.0021572113 abs_diff=0.000010037562 rel_diff=0.004653027
{"date":"2026-09-07","commit":"4bf092f","hw":"macos/aarch64 (16 logical cores)","boundary":"device_resident","impl":"self_gemm_blis_parallel","lib_version":"0.1.0","impl_threads":4,"size":1024,"warmup":20,"iters":20,"tflops_median":0.4293,"tflops_q1":0.4268,"tflops_q3":0.4302,"output_match":true,"mismatch_detail":null}
{"date":"2026-09-07","commit":"4bf092f","hw":"macos/aarch64 (16 logical cores)","boundary":"device_resident","impl":"matrixmultiply","lib_version":"0.3.11","impl_threads":1,"size":1024,"warmup":20,"iters":20,"tflops_median":0.1108,"tflops_q1":0.1106,"tflops_q3":0.1109,"output_match":false,"mismatch_detail":"matrixmultiply: index=5119 reference=-0.0021471737 candidate=-0.0021572113 abs_diff=0.000010037562 rel_diff=0.004653027"}
{"date":"2026-09-07","commit":"4bf092f","hw":"macos/aarch64 (16 logical cores)","boundary":"device_resident","impl":"gemm","lib_version":"0.19.0","impl_threads":4,"size":1024,"warmup":20,"iters":20,"tflops_median":0.4078,"tflops_q1":0.4063,"tflops_q3":0.4182,"output_match":true,"mismatch_detail":null}
::warning::size=2048 出力不一致（matrixmultiply）: matrixmultiply: index=1988 reference=-0.0072821276 candidate=-0.00727129 abs_diff=0.000010837801 rel_diff=0.001488274
{"date":"2026-09-07","commit":"4bf092f","hw":"macos/aarch64 (16 logical cores)","boundary":"device_resident","impl":"self_gemm_blis_parallel","lib_version":"0.1.0","impl_threads":4,"size":2048,"warmup":20,"iters":20,"tflops_median":0.4204,"tflops_q1":0.4178,"tflops_q3":0.4235,"output_match":true,"mismatch_detail":null}
{"date":"2026-09-07","commit":"4bf092f","hw":"macos/aarch64 (16 logical cores)","boundary":"device_resident","impl":"matrixmultiply","lib_version":"0.3.11","impl_threads":1,"size":2048,"warmup":20,"iters":20,"tflops_median":0.1101,"tflops_q1":0.1099,"tflops_q3":0.1103,"output_match":false,"mismatch_detail":"matrixmultiply: index=1988 reference=-0.0072821276 candidate=-0.00727129 abs_diff=0.000010837801 rel_diff=0.001488274"}
{"date":"2026-09-07","commit":"4bf092f","hw":"macos/aarch64 (16 logical cores)","boundary":"device_resident","impl":"gemm","lib_version":"0.19.0","impl_threads":4,"size":2048,"warmup":20,"iters":20,"tflops_median":0.4075,"tflops_q1":0.4049,"tflops_q3":0.4137,"output_match":true,"mismatch_detail":null}
::warning::size=4096 出力不一致（matrixmultiply）: matrixmultiply: index=117 reference=0.012689356 candidate=0.012704611 abs_diff=0.000015255064 rel_diff=0.0012007502
::warning::size=4096 出力不一致（gemm crate）: gemm: index=858 reference=0.0038044143 candidate=0.0037908554 abs_diff=0.0000135588925 rel_diff=0.0035639894
{"date":"2026-09-07","commit":"4bf092f","hw":"macos/aarch64 (16 logical cores)","boundary":"device_resident","impl":"self_gemm_blis_parallel","lib_version":"0.1.0","impl_threads":4,"size":4096,"warmup":20,"iters":20,"tflops_median":0.4129,"tflops_q1":0.4084,"tflops_q3":0.4144,"output_match":true,"mismatch_detail":null}
{"date":"2026-09-07","commit":"4bf092f","hw":"macos/aarch64 (16 logical cores)","boundary":"device_resident","impl":"matrixmultiply","lib_version":"0.3.11","impl_threads":1,"size":4096,"warmup":20,"iters":20,"tflops_median":0.1107,"tflops_q1":0.1104,"tflops_q3":0.1108,"output_match":false,"mismatch_detail":"matrixmultiply: index=117 reference=0.012689356 candidate=0.012704611 abs_diff=0.000015255064 rel_diff=0.0012007502"}
{"date":"2026-09-07","commit":"4bf092f","hw":"macos/aarch64 (16 logical cores)","boundary":"device_resident","impl":"gemm","lib_version":"0.19.0","impl_threads":4,"size":4096,"warmup":20,"iters":20,"tflops_median":0.4215,"tflops_q1":0.4212,"tflops_q3":0.4233,"output_match":false,"mismatch_detail":"gemm: index=858 reference=0.0038044143 candidate=0.0037908554 abs_diff=0.0000135588925 rel_diff=0.0035639894"}
::error::出力突合 NG（統一複合判定: 相対誤差 1e-3 未満 または 絶対誤差 1e-5 未満）を検出した。各 JSON Lines レコードの output_match / mismatch_detail を参照。既知の限界は docs/oss-comparison-harness-decision.md「出力突合とその限界」節を参照。
== RAYON_NUM_THREADS=4 run=2 rc=1 ==
== RAYON_NUM_THREADS=4 run=3 taskset=none ==
oss-gemm-compare: commit=4bf092f hw=macos/aarch64 (16 logical cores) rayon_threads=4
::warning::size=1024 出力不一致（matrixmultiply）: matrixmultiply: index=5119 reference=-0.0021471737 candidate=-0.0021572113 abs_diff=0.000010037562 rel_diff=0.004653027
{"date":"2026-09-07","commit":"4bf092f","hw":"macos/aarch64 (16 logical cores)","boundary":"device_resident","impl":"self_gemm_blis_parallel","lib_version":"0.1.0","impl_threads":4,"size":1024,"warmup":20,"iters":20,"tflops_median":0.4332,"tflops_q1":0.4327,"tflops_q3":0.4339,"output_match":true,"mismatch_detail":null}
{"date":"2026-09-07","commit":"4bf092f","hw":"macos/aarch64 (16 logical cores)","boundary":"device_resident","impl":"matrixmultiply","lib_version":"0.3.11","impl_threads":1,"size":1024,"warmup":20,"iters":20,"tflops_median":0.1116,"tflops_q1":0.1112,"tflops_q3":0.1118,"output_match":false,"mismatch_detail":"matrixmultiply: index=5119 reference=-0.0021471737 candidate=-0.0021572113 abs_diff=0.000010037562 rel_diff=0.004653027"}
{"date":"2026-09-07","commit":"4bf092f","hw":"macos/aarch64 (16 logical cores)","boundary":"device_resident","impl":"gemm","lib_version":"0.19.0","impl_threads":4,"size":1024,"warmup":20,"iters":20,"tflops_median":0.4274,"tflops_q1":0.4268,"tflops_q3":0.4277,"output_match":true,"mismatch_detail":null}
::warning::size=2048 出力不一致（matrixmultiply）: matrixmultiply: index=1988 reference=-0.0072821276 candidate=-0.00727129 abs_diff=0.000010837801 rel_diff=0.001488274
{"date":"2026-09-07","commit":"4bf092f","hw":"macos/aarch64 (16 logical cores)","boundary":"device_resident","impl":"self_gemm_blis_parallel","lib_version":"0.1.0","impl_threads":4,"size":2048,"warmup":20,"iters":20,"tflops_median":0.4265,"tflops_q1":0.4240,"tflops_q3":0.4282,"output_match":true,"mismatch_detail":null}
{"date":"2026-09-07","commit":"4bf092f","hw":"macos/aarch64 (16 logical cores)","boundary":"device_resident","impl":"matrixmultiply","lib_version":"0.3.11","impl_threads":1,"size":2048,"warmup":20,"iters":20,"tflops_median":0.1106,"tflops_q1":0.1101,"tflops_q3":0.1111,"output_match":false,"mismatch_detail":"matrixmultiply: index=1988 reference=-0.0072821276 candidate=-0.00727129 abs_diff=0.000010837801 rel_diff=0.001488274"}
{"date":"2026-09-07","commit":"4bf092f","hw":"macos/aarch64 (16 logical cores)","boundary":"device_resident","impl":"gemm","lib_version":"0.19.0","impl_threads":4,"size":2048,"warmup":20,"iters":20,"tflops_median":0.4221,"tflops_q1":0.4211,"tflops_q3":0.4238,"output_match":true,"mismatch_detail":null}
::warning::size=4096 出力不一致（matrixmultiply）: matrixmultiply: index=117 reference=0.012689356 candidate=0.012704611 abs_diff=0.000015255064 rel_diff=0.0012007502
::warning::size=4096 出力不一致（gemm crate）: gemm: index=858 reference=0.0038044143 candidate=0.0037908554 abs_diff=0.0000135588925 rel_diff=0.0035639894
{"date":"2026-09-07","commit":"4bf092f","hw":"macos/aarch64 (16 logical cores)","boundary":"device_resident","impl":"self_gemm_blis_parallel","lib_version":"0.1.0","impl_threads":4,"size":4096,"warmup":20,"iters":20,"tflops_median":0.4217,"tflops_q1":0.4207,"tflops_q3":0.4236,"output_match":true,"mismatch_detail":null}
{"date":"2026-09-07","commit":"4bf092f","hw":"macos/aarch64 (16 logical cores)","boundary":"device_resident","impl":"matrixmultiply","lib_version":"0.3.11","impl_threads":1,"size":4096,"warmup":20,"iters":20,"tflops_median":0.1109,"tflops_q1":0.1106,"tflops_q3":0.1111,"output_match":false,"mismatch_detail":"matrixmultiply: index=117 reference=0.012689356 candidate=0.012704611 abs_diff=0.000015255064 rel_diff=0.0012007502"}
{"date":"2026-09-07","commit":"4bf092f","hw":"macos/aarch64 (16 logical cores)","boundary":"device_resident","impl":"gemm","lib_version":"0.19.0","impl_threads":4,"size":4096,"warmup":20,"iters":20,"tflops_median":0.4204,"tflops_q1":0.4187,"tflops_q3":0.4229,"output_match":false,"mismatch_detail":"gemm: index=858 reference=0.0038044143 candidate=0.0037908554 abs_diff=0.0000135588925 rel_diff=0.0035639894"}
::error::出力突合 NG（統一複合判定: 相対誤差 1e-3 未満 または 絶対誤差 1e-5 未満）を検出した。各 JSON Lines レコードの output_match / mismatch_detail を参照。既知の限界は docs/oss-comparison-harness-decision.md「出力突合とその限界」節を参照。
== RAYON_NUM_THREADS=4 run=3 rc=1 ==
== RAYON_NUM_THREADS=4 run=4 taskset=none ==
oss-gemm-compare: commit=4bf092f hw=macos/aarch64 (16 logical cores) rayon_threads=4
::warning::size=1024 出力不一致（matrixmultiply）: matrixmultiply: index=5119 reference=-0.0021471737 candidate=-0.0021572113 abs_diff=0.000010037562 rel_diff=0.004653027
{"date":"2026-09-07","commit":"4bf092f","hw":"macos/aarch64 (16 logical cores)","boundary":"device_resident","impl":"self_gemm_blis_parallel","lib_version":"0.1.0","impl_threads":4,"size":1024,"warmup":20,"iters":20,"tflops_median":0.4238,"tflops_q1":0.4228,"tflops_q3":0.4250,"output_match":true,"mismatch_detail":null}
{"date":"2026-09-07","commit":"4bf092f","hw":"macos/aarch64 (16 logical cores)","boundary":"device_resident","impl":"matrixmultiply","lib_version":"0.3.11","impl_threads":1,"size":1024,"warmup":20,"iters":20,"tflops_median":0.1075,"tflops_q1":0.1065,"tflops_q3":0.1080,"output_match":false,"mismatch_detail":"matrixmultiply: index=5119 reference=-0.0021471737 candidate=-0.0021572113 abs_diff=0.000010037562 rel_diff=0.004653027"}
{"date":"2026-09-07","commit":"4bf092f","hw":"macos/aarch64 (16 logical cores)","boundary":"device_resident","impl":"gemm","lib_version":"0.19.0","impl_threads":4,"size":1024,"warmup":20,"iters":20,"tflops_median":0.4171,"tflops_q1":0.4165,"tflops_q3":0.4196,"output_match":true,"mismatch_detail":null}
::warning::size=2048 出力不一致（matrixmultiply）: matrixmultiply: index=1988 reference=-0.0072821276 candidate=-0.00727129 abs_diff=0.000010837801 rel_diff=0.001488274
{"date":"2026-09-07","commit":"4bf092f","hw":"macos/aarch64 (16 logical cores)","boundary":"device_resident","impl":"self_gemm_blis_parallel","lib_version":"0.1.0","impl_threads":4,"size":2048,"warmup":20,"iters":20,"tflops_median":0.4175,"tflops_q1":0.4115,"tflops_q3":0.4239,"output_match":true,"mismatch_detail":null}
{"date":"2026-09-07","commit":"4bf092f","hw":"macos/aarch64 (16 logical cores)","boundary":"device_resident","impl":"matrixmultiply","lib_version":"0.3.11","impl_threads":1,"size":2048,"warmup":20,"iters":20,"tflops_median":0.1030,"tflops_q1":0.0876,"tflops_q3":0.1063,"output_match":false,"mismatch_detail":"matrixmultiply: index=1988 reference=-0.0072821276 candidate=-0.00727129 abs_diff=0.000010837801 rel_diff=0.001488274"}
{"date":"2026-09-07","commit":"4bf092f","hw":"macos/aarch64 (16 logical cores)","boundary":"device_resident","impl":"gemm","lib_version":"0.19.0","impl_threads":4,"size":2048,"warmup":20,"iters":20,"tflops_median":0.4059,"tflops_q1":0.4016,"tflops_q3":0.4136,"output_match":true,"mismatch_detail":null}
::warning::size=4096 出力不一致（matrixmultiply）: matrixmultiply: index=117 reference=0.012689356 candidate=0.012704611 abs_diff=0.000015255064 rel_diff=0.0012007502
::warning::size=4096 出力不一致（gemm crate）: gemm: index=858 reference=0.0038044143 candidate=0.0037908554 abs_diff=0.0000135588925 rel_diff=0.0035639894
{"date":"2026-09-07","commit":"4bf092f","hw":"macos/aarch64 (16 logical cores)","boundary":"device_resident","impl":"self_gemm_blis_parallel","lib_version":"0.1.0","impl_threads":4,"size":4096,"warmup":20,"iters":20,"tflops_median":0.4054,"tflops_q1":0.4003,"tflops_q3":0.4079,"output_match":true,"mismatch_detail":null}
{"date":"2026-09-07","commit":"4bf092f","hw":"macos/aarch64 (16 logical cores)","boundary":"device_resident","impl":"matrixmultiply","lib_version":"0.3.11","impl_threads":1,"size":4096,"warmup":20,"iters":20,"tflops_median":0.1098,"tflops_q1":0.1094,"tflops_q3":0.1100,"output_match":false,"mismatch_detail":"matrixmultiply: index=117 reference=0.012689356 candidate=0.012704611 abs_diff=0.000015255064 rel_diff=0.0012007502"}
{"date":"2026-09-07","commit":"4bf092f","hw":"macos/aarch64 (16 logical cores)","boundary":"device_resident","impl":"gemm","lib_version":"0.19.0","impl_threads":4,"size":4096,"warmup":20,"iters":20,"tflops_median":0.4062,"tflops_q1":0.3960,"tflops_q3":0.4122,"output_match":false,"mismatch_detail":"gemm: index=858 reference=0.0038044143 candidate=0.0037908554 abs_diff=0.0000135588925 rel_diff=0.0035639894"}
::error::出力突合 NG（統一複合判定: 相対誤差 1e-3 未満 または 絶対誤差 1e-5 未満）を検出した。各 JSON Lines レコードの output_match / mismatch_detail を参照。既知の限界は docs/oss-comparison-harness-decision.md「出力突合とその限界」節を参照。
== RAYON_NUM_THREADS=4 run=4 rc=1 ==
== RAYON_NUM_THREADS=4 run=5 taskset=none ==
oss-gemm-compare: commit=4bf092f hw=macos/aarch64 (16 logical cores) rayon_threads=4
::warning::size=1024 出力不一致（matrixmultiply）: matrixmultiply: index=5119 reference=-0.0021471737 candidate=-0.0021572113 abs_diff=0.000010037562 rel_diff=0.004653027
{"date":"2026-09-07","commit":"4bf092f","hw":"macos/aarch64 (16 logical cores)","boundary":"device_resident","impl":"self_gemm_blis_parallel","lib_version":"0.1.0","impl_threads":4,"size":1024,"warmup":20,"iters":20,"tflops_median":0.4123,"tflops_q1":0.4110,"tflops_q3":0.4162,"output_match":true,"mismatch_detail":null}
{"date":"2026-09-07","commit":"4bf092f","hw":"macos/aarch64 (16 logical cores)","boundary":"device_resident","impl":"matrixmultiply","lib_version":"0.3.11","impl_threads":1,"size":1024,"warmup":20,"iters":20,"tflops_median":0.1088,"tflops_q1":0.1042,"tflops_q3":0.1101,"output_match":false,"mismatch_detail":"matrixmultiply: index=5119 reference=-0.0021471737 candidate=-0.0021572113 abs_diff=0.000010037562 rel_diff=0.004653027"}
{"date":"2026-09-07","commit":"4bf092f","hw":"macos/aarch64 (16 logical cores)","boundary":"device_resident","impl":"gemm","lib_version":"0.19.0","impl_threads":4,"size":1024,"warmup":20,"iters":20,"tflops_median":0.4190,"tflops_q1":0.4180,"tflops_q3":0.4198,"output_match":true,"mismatch_detail":null}
::warning::size=2048 出力不一致（matrixmultiply）: matrixmultiply: index=1988 reference=-0.0072821276 candidate=-0.00727129 abs_diff=0.000010837801 rel_diff=0.001488274
{"date":"2026-09-07","commit":"4bf092f","hw":"macos/aarch64 (16 logical cores)","boundary":"device_resident","impl":"self_gemm_blis_parallel","lib_version":"0.1.0","impl_threads":4,"size":2048,"warmup":20,"iters":20,"tflops_median":0.4137,"tflops_q1":0.4100,"tflops_q3":0.4228,"output_match":true,"mismatch_detail":null}
{"date":"2026-09-07","commit":"4bf092f","hw":"macos/aarch64 (16 logical cores)","boundary":"device_resident","impl":"matrixmultiply","lib_version":"0.3.11","impl_threads":1,"size":2048,"warmup":20,"iters":20,"tflops_median":0.1096,"tflops_q1":0.1092,"tflops_q3":0.1109,"output_match":false,"mismatch_detail":"matrixmultiply: index=1988 reference=-0.0072821276 candidate=-0.00727129 abs_diff=0.000010837801 rel_diff=0.001488274"}
{"date":"2026-09-07","commit":"4bf092f","hw":"macos/aarch64 (16 logical cores)","boundary":"device_resident","impl":"gemm","lib_version":"0.19.0","impl_threads":4,"size":2048,"warmup":20,"iters":20,"tflops_median":0.4181,"tflops_q1":0.4162,"tflops_q3":0.4215,"output_match":true,"mismatch_detail":null}
::warning::size=4096 出力不一致（matrixmultiply）: matrixmultiply: index=117 reference=0.012689356 candidate=0.012704611 abs_diff=0.000015255064 rel_diff=0.0012007502
::warning::size=4096 出力不一致（gemm crate）: gemm: index=858 reference=0.0038044143 candidate=0.0037908554 abs_diff=0.0000135588925 rel_diff=0.0035639894
{"date":"2026-09-07","commit":"4bf092f","hw":"macos/aarch64 (16 logical cores)","boundary":"device_resident","impl":"self_gemm_blis_parallel","lib_version":"0.1.0","impl_threads":4,"size":4096,"warmup":20,"iters":20,"tflops_median":0.3463,"tflops_q1":0.3408,"tflops_q3":0.3686,"output_match":true,"mismatch_detail":null}
{"date":"2026-09-07","commit":"4bf092f","hw":"macos/aarch64 (16 logical cores)","boundary":"device_resident","impl":"matrixmultiply","lib_version":"0.3.11","impl_threads":1,"size":4096,"warmup":20,"iters":20,"tflops_median":0.1093,"tflops_q1":0.1088,"tflops_q3":0.1098,"output_match":false,"mismatch_detail":"matrixmultiply: index=117 reference=0.012689356 candidate=0.012704611 abs_diff=0.000015255064 rel_diff=0.0012007502"}
{"date":"2026-09-07","commit":"4bf092f","hw":"macos/aarch64 (16 logical cores)","boundary":"device_resident","impl":"gemm","lib_version":"0.19.0","impl_threads":4,"size":4096,"warmup":20,"iters":20,"tflops_median":0.4190,"tflops_q1":0.4169,"tflops_q3":0.4200,"output_match":false,"mismatch_detail":"gemm: index=858 reference=0.0038044143 candidate=0.0037908554 abs_diff=0.0000135588925 rel_diff=0.0035639894"}
::error::出力突合 NG（統一複合判定: 相対誤差 1e-3 未満 または 絶対誤差 1e-5 未満）を検出した。各 JSON Lines レコードの output_match / mismatch_detail を参照。既知の限界は docs/oss-comparison-harness-decision.md「出力突合とその限界」節を参照。
== RAYON_NUM_THREADS=4 run=5 rc=1 ==
== RAYON_NUM_THREADS=10 run=1 taskset=none ==
oss-gemm-compare: commit=4bf092f hw=macos/aarch64 (16 logical cores) rayon_threads=10
::warning::size=1024 出力不一致（matrixmultiply）: matrixmultiply: index=5119 reference=-0.0021471737 candidate=-0.0021572113 abs_diff=0.000010037562 rel_diff=0.004653027
{"date":"2026-09-07","commit":"4bf092f","hw":"macos/aarch64 (16 logical cores)","boundary":"device_resident","impl":"self_gemm_blis_parallel","lib_version":"0.1.0","impl_threads":10,"size":1024,"warmup":20,"iters":20,"tflops_median":0.9300,"tflops_q1":0.9183,"tflops_q3":0.9391,"output_match":true,"mismatch_detail":null}
{"date":"2026-09-07","commit":"4bf092f","hw":"macos/aarch64 (16 logical cores)","boundary":"device_resident","impl":"matrixmultiply","lib_version":"0.3.11","impl_threads":1,"size":1024,"warmup":20,"iters":20,"tflops_median":0.1105,"tflops_q1":0.1104,"tflops_q3":0.1116,"output_match":false,"mismatch_detail":"matrixmultiply: index=5119 reference=-0.0021471737 candidate=-0.0021572113 abs_diff=0.000010037562 rel_diff=0.004653027"}
{"date":"2026-09-07","commit":"4bf092f","hw":"macos/aarch64 (16 logical cores)","boundary":"device_resident","impl":"gemm","lib_version":"0.19.0","impl_threads":10,"size":1024,"warmup":20,"iters":20,"tflops_median":0.9715,"tflops_q1":0.9644,"tflops_q3":0.9793,"output_match":true,"mismatch_detail":null}
::warning::size=2048 出力不一致（matrixmultiply）: matrixmultiply: index=1988 reference=-0.0072821276 candidate=-0.00727129 abs_diff=0.000010837801 rel_diff=0.001488274
{"date":"2026-09-07","commit":"4bf092f","hw":"macos/aarch64 (16 logical cores)","boundary":"device_resident","impl":"self_gemm_blis_parallel","lib_version":"0.1.0","impl_threads":10,"size":2048,"warmup":20,"iters":20,"tflops_median":0.9587,"tflops_q1":0.9521,"tflops_q3":0.9678,"output_match":true,"mismatch_detail":null}
{"date":"2026-09-07","commit":"4bf092f","hw":"macos/aarch64 (16 logical cores)","boundary":"device_resident","impl":"matrixmultiply","lib_version":"0.3.11","impl_threads":1,"size":2048,"warmup":20,"iters":20,"tflops_median":0.1088,"tflops_q1":0.1085,"tflops_q3":0.1090,"output_match":false,"mismatch_detail":"matrixmultiply: index=1988 reference=-0.0072821276 candidate=-0.00727129 abs_diff=0.000010837801 rel_diff=0.001488274"}
{"date":"2026-09-07","commit":"4bf092f","hw":"macos/aarch64 (16 logical cores)","boundary":"device_resident","impl":"gemm","lib_version":"0.19.0","impl_threads":10,"size":2048,"warmup":20,"iters":20,"tflops_median":0.9277,"tflops_q1":0.4640,"tflops_q3":0.9754,"output_match":true,"mismatch_detail":null}
::warning::size=4096 出力不一致（matrixmultiply）: matrixmultiply: index=117 reference=0.012689356 candidate=0.012704611 abs_diff=0.000015255064 rel_diff=0.0012007502
::warning::size=4096 出力不一致（gemm crate）: gemm: index=858 reference=0.0038044143 candidate=0.0037908554 abs_diff=0.0000135588925 rel_diff=0.0035639894
{"date":"2026-09-07","commit":"4bf092f","hw":"macos/aarch64 (16 logical cores)","boundary":"device_resident","impl":"self_gemm_blis_parallel","lib_version":"0.1.0","impl_threads":10,"size":4096,"warmup":20,"iters":20,"tflops_median":0.9124,"tflops_q1":0.9043,"tflops_q3":0.9292,"output_match":true,"mismatch_detail":null}
{"date":"2026-09-07","commit":"4bf092f","hw":"macos/aarch64 (16 logical cores)","boundary":"device_resident","impl":"matrixmultiply","lib_version":"0.3.11","impl_threads":1,"size":4096,"warmup":20,"iters":20,"tflops_median":0.1104,"tflops_q1":0.1101,"tflops_q3":0.1105,"output_match":false,"mismatch_detail":"matrixmultiply: index=117 reference=0.012689356 candidate=0.012704611 abs_diff=0.000015255064 rel_diff=0.0012007502"}
{"date":"2026-09-07","commit":"4bf092f","hw":"macos/aarch64 (16 logical cores)","boundary":"device_resident","impl":"gemm","lib_version":"0.19.0","impl_threads":10,"size":4096,"warmup":20,"iters":20,"tflops_median":0.9610,"tflops_q1":0.9569,"tflops_q3":0.9671,"output_match":false,"mismatch_detail":"gemm: index=858 reference=0.0038044143 candidate=0.0037908554 abs_diff=0.0000135588925 rel_diff=0.0035639894"}
::error::出力突合 NG（統一複合判定: 相対誤差 1e-3 未満 または 絶対誤差 1e-5 未満）を検出した。各 JSON Lines レコードの output_match / mismatch_detail を参照。既知の限界は docs/oss-comparison-harness-decision.md「出力突合とその限界」節を参照。
== RAYON_NUM_THREADS=10 run=1 rc=1 ==
== RAYON_NUM_THREADS=10 run=2 taskset=none ==
oss-gemm-compare: commit=4bf092f hw=macos/aarch64 (16 logical cores) rayon_threads=10
::warning::size=1024 出力不一致（matrixmultiply）: matrixmultiply: index=5119 reference=-0.0021471737 candidate=-0.0021572113 abs_diff=0.000010037562 rel_diff=0.004653027
{"date":"2026-09-07","commit":"4bf092f","hw":"macos/aarch64 (16 logical cores)","boundary":"device_resident","impl":"self_gemm_blis_parallel","lib_version":"0.1.0","impl_threads":10,"size":1024,"warmup":20,"iters":20,"tflops_median":0.9254,"tflops_q1":0.9207,"tflops_q3":0.9311,"output_match":true,"mismatch_detail":null}
{"date":"2026-09-07","commit":"4bf092f","hw":"macos/aarch64 (16 logical cores)","boundary":"device_resident","impl":"matrixmultiply","lib_version":"0.3.11","impl_threads":1,"size":1024,"warmup":20,"iters":20,"tflops_median":0.1105,"tflops_q1":0.1103,"tflops_q3":0.1107,"output_match":false,"mismatch_detail":"matrixmultiply: index=5119 reference=-0.0021471737 candidate=-0.0021572113 abs_diff=0.000010037562 rel_diff=0.004653027"}
{"date":"2026-09-07","commit":"4bf092f","hw":"macos/aarch64 (16 logical cores)","boundary":"device_resident","impl":"gemm","lib_version":"0.19.0","impl_threads":10,"size":1024,"warmup":20,"iters":20,"tflops_median":0.9694,"tflops_q1":0.8080,"tflops_q3":0.9868,"output_match":true,"mismatch_detail":null}
::warning::size=2048 出力不一致（matrixmultiply）: matrixmultiply: index=1988 reference=-0.0072821276 candidate=-0.00727129 abs_diff=0.000010837801 rel_diff=0.001488274
{"date":"2026-09-07","commit":"4bf092f","hw":"macos/aarch64 (16 logical cores)","boundary":"device_resident","impl":"self_gemm_blis_parallel","lib_version":"0.1.0","impl_threads":10,"size":2048,"warmup":20,"iters":20,"tflops_median":0.9545,"tflops_q1":0.9494,"tflops_q3":0.9607,"output_match":true,"mismatch_detail":null}
{"date":"2026-09-07","commit":"4bf092f","hw":"macos/aarch64 (16 logical cores)","boundary":"device_resident","impl":"matrixmultiply","lib_version":"0.3.11","impl_threads":1,"size":2048,"warmup":20,"iters":20,"tflops_median":0.1102,"tflops_q1":0.1099,"tflops_q3":0.1105,"output_match":false,"mismatch_detail":"matrixmultiply: index=1988 reference=-0.0072821276 candidate=-0.00727129 abs_diff=0.000010837801 rel_diff=0.001488274"}
{"date":"2026-09-07","commit":"4bf092f","hw":"macos/aarch64 (16 logical cores)","boundary":"device_resident","impl":"gemm","lib_version":"0.19.0","impl_threads":10,"size":2048,"warmup":20,"iters":20,"tflops_median":0.9594,"tflops_q1":0.9535,"tflops_q3":0.9765,"output_match":true,"mismatch_detail":null}
::warning::size=4096 出力不一致（matrixmultiply）: matrixmultiply: index=117 reference=0.012689356 candidate=0.012704611 abs_diff=0.000015255064 rel_diff=0.0012007502
::warning::size=4096 出力不一致（gemm crate）: gemm: index=858 reference=0.0038044143 candidate=0.0037908554 abs_diff=0.0000135588925 rel_diff=0.0035639894
{"date":"2026-09-07","commit":"4bf092f","hw":"macos/aarch64 (16 logical cores)","boundary":"device_resident","impl":"self_gemm_blis_parallel","lib_version":"0.1.0","impl_threads":10,"size":4096,"warmup":20,"iters":20,"tflops_median":0.9306,"tflops_q1":0.9278,"tflops_q3":0.9377,"output_match":true,"mismatch_detail":null}
{"date":"2026-09-07","commit":"4bf092f","hw":"macos/aarch64 (16 logical cores)","boundary":"device_resident","impl":"matrixmultiply","lib_version":"0.3.11","impl_threads":1,"size":4096,"warmup":20,"iters":20,"tflops_median":0.1110,"tflops_q1":0.1107,"tflops_q3":0.1111,"output_match":false,"mismatch_detail":"matrixmultiply: index=117 reference=0.012689356 candidate=0.012704611 abs_diff=0.000015255064 rel_diff=0.0012007502"}
{"date":"2026-09-07","commit":"4bf092f","hw":"macos/aarch64 (16 logical cores)","boundary":"device_resident","impl":"gemm","lib_version":"0.19.0","impl_threads":10,"size":4096,"warmup":20,"iters":20,"tflops_median":0.9719,"tflops_q1":0.9693,"tflops_q3":0.9887,"output_match":false,"mismatch_detail":"gemm: index=858 reference=0.0038044143 candidate=0.0037908554 abs_diff=0.0000135588925 rel_diff=0.0035639894"}
::error::出力突合 NG（統一複合判定: 相対誤差 1e-3 未満 または 絶対誤差 1e-5 未満）を検出した。各 JSON Lines レコードの output_match / mismatch_detail を参照。既知の限界は docs/oss-comparison-harness-decision.md「出力突合とその限界」節を参照。
== RAYON_NUM_THREADS=10 run=2 rc=1 ==
== RAYON_NUM_THREADS=10 run=3 taskset=none ==
oss-gemm-compare: commit=4bf092f hw=macos/aarch64 (16 logical cores) rayon_threads=10
::warning::size=1024 出力不一致（matrixmultiply）: matrixmultiply: index=5119 reference=-0.0021471737 candidate=-0.0021572113 abs_diff=0.000010037562 rel_diff=0.004653027
{"date":"2026-09-07","commit":"4bf092f","hw":"macos/aarch64 (16 logical cores)","boundary":"device_resident","impl":"self_gemm_blis_parallel","lib_version":"0.1.0","impl_threads":10,"size":1024,"warmup":20,"iters":20,"tflops_median":0.9376,"tflops_q1":0.9329,"tflops_q3":0.9476,"output_match":true,"mismatch_detail":null}
{"date":"2026-09-07","commit":"4bf092f","hw":"macos/aarch64 (16 logical cores)","boundary":"device_resident","impl":"matrixmultiply","lib_version":"0.3.11","impl_threads":1,"size":1024,"warmup":20,"iters":20,"tflops_median":0.1118,"tflops_q1":0.1114,"tflops_q3":0.1119,"output_match":false,"mismatch_detail":"matrixmultiply: index=5119 reference=-0.0021471737 candidate=-0.0021572113 abs_diff=0.000010037562 rel_diff=0.004653027"}
{"date":"2026-09-07","commit":"4bf092f","hw":"macos/aarch64 (16 logical cores)","boundary":"device_resident","impl":"gemm","lib_version":"0.19.0","impl_threads":10,"size":1024,"warmup":20,"iters":20,"tflops_median":0.9939,"tflops_q1":0.9846,"tflops_q3":1.0014,"output_match":true,"mismatch_detail":null}
::warning::size=2048 出力不一致（matrixmultiply）: matrixmultiply: index=1988 reference=-0.0072821276 candidate=-0.00727129 abs_diff=0.000010837801 rel_diff=0.001488274
{"date":"2026-09-07","commit":"4bf092f","hw":"macos/aarch64 (16 logical cores)","boundary":"device_resident","impl":"self_gemm_blis_parallel","lib_version":"0.1.0","impl_threads":10,"size":2048,"warmup":20,"iters":20,"tflops_median":0.9722,"tflops_q1":0.9665,"tflops_q3":0.9762,"output_match":true,"mismatch_detail":null}
{"date":"2026-09-07","commit":"4bf092f","hw":"macos/aarch64 (16 logical cores)","boundary":"device_resident","impl":"matrixmultiply","lib_version":"0.3.11","impl_threads":1,"size":2048,"warmup":20,"iters":20,"tflops_median":0.1113,"tflops_q1":0.1111,"tflops_q3":0.1114,"output_match":false,"mismatch_detail":"matrixmultiply: index=1988 reference=-0.0072821276 candidate=-0.00727129 abs_diff=0.000010837801 rel_diff=0.001488274"}
{"date":"2026-09-07","commit":"4bf092f","hw":"macos/aarch64 (16 logical cores)","boundary":"device_resident","impl":"gemm","lib_version":"0.19.0","impl_threads":10,"size":2048,"warmup":20,"iters":20,"tflops_median":0.9734,"tflops_q1":0.9599,"tflops_q3":0.9865,"output_match":true,"mismatch_detail":null}
::warning::size=4096 出力不一致（matrixmultiply）: matrixmultiply: index=117 reference=0.012689356 candidate=0.012704611 abs_diff=0.000015255064 rel_diff=0.0012007502
::warning::size=4096 出力不一致（gemm crate）: gemm: index=858 reference=0.0038044143 candidate=0.0037908554 abs_diff=0.0000135588925 rel_diff=0.0035639894
{"date":"2026-09-07","commit":"4bf092f","hw":"macos/aarch64 (16 logical cores)","boundary":"device_resident","impl":"self_gemm_blis_parallel","lib_version":"0.1.0","impl_threads":10,"size":4096,"warmup":20,"iters":20,"tflops_median":0.9456,"tflops_q1":0.9347,"tflops_q3":0.9511,"output_match":true,"mismatch_detail":null}
{"date":"2026-09-07","commit":"4bf092f","hw":"macos/aarch64 (16 logical cores)","boundary":"device_resident","impl":"matrixmultiply","lib_version":"0.3.11","impl_threads":1,"size":4096,"warmup":20,"iters":20,"tflops_median":0.1102,"tflops_q1":0.1097,"tflops_q3":0.1104,"output_match":false,"mismatch_detail":"matrixmultiply: index=117 reference=0.012689356 candidate=0.012704611 abs_diff=0.000015255064 rel_diff=0.0012007502"}
{"date":"2026-09-07","commit":"4bf092f","hw":"macos/aarch64 (16 logical cores)","boundary":"device_resident","impl":"gemm","lib_version":"0.19.0","impl_threads":10,"size":4096,"warmup":20,"iters":20,"tflops_median":0.9736,"tflops_q1":0.9686,"tflops_q3":0.9789,"output_match":false,"mismatch_detail":"gemm: index=858 reference=0.0038044143 candidate=0.0037908554 abs_diff=0.0000135588925 rel_diff=0.0035639894"}
::error::出力突合 NG（統一複合判定: 相対誤差 1e-3 未満 または 絶対誤差 1e-5 未満）を検出した。各 JSON Lines レコードの output_match / mismatch_detail を参照。既知の限界は docs/oss-comparison-harness-decision.md「出力突合とその限界」節を参照。
== RAYON_NUM_THREADS=10 run=3 rc=1 ==
== RAYON_NUM_THREADS=10 run=4 taskset=none ==
oss-gemm-compare: commit=4bf092f hw=macos/aarch64 (16 logical cores) rayon_threads=10
::warning::size=1024 出力不一致（matrixmultiply）: matrixmultiply: index=5119 reference=-0.0021471737 candidate=-0.0021572113 abs_diff=0.000010037562 rel_diff=0.004653027
{"date":"2026-09-07","commit":"4bf092f","hw":"macos/aarch64 (16 logical cores)","boundary":"device_resident","impl":"self_gemm_blis_parallel","lib_version":"0.1.0","impl_threads":10,"size":1024,"warmup":20,"iters":20,"tflops_median":0.9253,"tflops_q1":0.9137,"tflops_q3":0.9321,"output_match":true,"mismatch_detail":null}
{"date":"2026-09-07","commit":"4bf092f","hw":"macos/aarch64 (16 logical cores)","boundary":"device_resident","impl":"matrixmultiply","lib_version":"0.3.11","impl_threads":1,"size":1024,"warmup":20,"iters":20,"tflops_median":0.1109,"tflops_q1":0.1105,"tflops_q3":0.1119,"output_match":false,"mismatch_detail":"matrixmultiply: index=5119 reference=-0.0021471737 candidate=-0.0021572113 abs_diff=0.000010037562 rel_diff=0.004653027"}
{"date":"2026-09-07","commit":"4bf092f","hw":"macos/aarch64 (16 logical cores)","boundary":"device_resident","impl":"gemm","lib_version":"0.19.0","impl_threads":10,"size":1024,"warmup":20,"iters":20,"tflops_median":0.9925,"tflops_q1":0.9867,"tflops_q3":0.9987,"output_match":true,"mismatch_detail":null}
::warning::size=2048 出力不一致（matrixmultiply）: matrixmultiply: index=1988 reference=-0.0072821276 candidate=-0.00727129 abs_diff=0.000010837801 rel_diff=0.001488274
{"date":"2026-09-07","commit":"4bf092f","hw":"macos/aarch64 (16 logical cores)","boundary":"device_resident","impl":"self_gemm_blis_parallel","lib_version":"0.1.0","impl_threads":10,"size":2048,"warmup":20,"iters":20,"tflops_median":0.9620,"tflops_q1":0.9590,"tflops_q3":0.9699,"output_match":true,"mismatch_detail":null}
{"date":"2026-09-07","commit":"4bf092f","hw":"macos/aarch64 (16 logical cores)","boundary":"device_resident","impl":"matrixmultiply","lib_version":"0.3.11","impl_threads":1,"size":2048,"warmup":20,"iters":20,"tflops_median":0.1110,"tflops_q1":0.1107,"tflops_q3":0.1113,"output_match":false,"mismatch_detail":"matrixmultiply: index=1988 reference=-0.0072821276 candidate=-0.00727129 abs_diff=0.000010837801 rel_diff=0.001488274"}
{"date":"2026-09-07","commit":"4bf092f","hw":"macos/aarch64 (16 logical cores)","boundary":"device_resident","impl":"gemm","lib_version":"0.19.0","impl_threads":10,"size":2048,"warmup":20,"iters":20,"tflops_median":0.9639,"tflops_q1":0.9618,"tflops_q3":0.9734,"output_match":true,"mismatch_detail":null}
::warning::size=4096 出力不一致（matrixmultiply）: matrixmultiply: index=117 reference=0.012689356 candidate=0.012704611 abs_diff=0.000015255064 rel_diff=0.0012007502
::warning::size=4096 出力不一致（gemm crate）: gemm: index=858 reference=0.0038044143 candidate=0.0037908554 abs_diff=0.0000135588925 rel_diff=0.0035639894
{"date":"2026-09-07","commit":"4bf092f","hw":"macos/aarch64 (16 logical cores)","boundary":"device_resident","impl":"self_gemm_blis_parallel","lib_version":"0.1.0","impl_threads":10,"size":4096,"warmup":20,"iters":20,"tflops_median":0.9403,"tflops_q1":0.9362,"tflops_q3":0.9482,"output_match":true,"mismatch_detail":null}
{"date":"2026-09-07","commit":"4bf092f","hw":"macos/aarch64 (16 logical cores)","boundary":"device_resident","impl":"matrixmultiply","lib_version":"0.3.11","impl_threads":1,"size":4096,"warmup":20,"iters":20,"tflops_median":0.1106,"tflops_q1":0.1105,"tflops_q3":0.1109,"output_match":false,"mismatch_detail":"matrixmultiply: index=117 reference=0.012689356 candidate=0.012704611 abs_diff=0.000015255064 rel_diff=0.0012007502"}
{"date":"2026-09-07","commit":"4bf092f","hw":"macos/aarch64 (16 logical cores)","boundary":"device_resident","impl":"gemm","lib_version":"0.19.0","impl_threads":10,"size":4096,"warmup":20,"iters":20,"tflops_median":0.9734,"tflops_q1":0.9586,"tflops_q3":0.9786,"output_match":false,"mismatch_detail":"gemm: index=858 reference=0.0038044143 candidate=0.0037908554 abs_diff=0.0000135588925 rel_diff=0.0035639894"}
::error::出力突合 NG（統一複合判定: 相対誤差 1e-3 未満 または 絶対誤差 1e-5 未満）を検出した。各 JSON Lines レコードの output_match / mismatch_detail を参照。既知の限界は docs/oss-comparison-harness-decision.md「出力突合とその限界」節を参照。
== RAYON_NUM_THREADS=10 run=4 rc=1 ==
== RAYON_NUM_THREADS=10 run=5 taskset=none ==
oss-gemm-compare: commit=4bf092f hw=macos/aarch64 (16 logical cores) rayon_threads=10
::warning::size=1024 出力不一致（matrixmultiply）: matrixmultiply: index=5119 reference=-0.0021471737 candidate=-0.0021572113 abs_diff=0.000010037562 rel_diff=0.004653027
{"date":"2026-09-07","commit":"4bf092f","hw":"macos/aarch64 (16 logical cores)","boundary":"device_resident","impl":"self_gemm_blis_parallel","lib_version":"0.1.0","impl_threads":10,"size":1024,"warmup":20,"iters":20,"tflops_median":0.9203,"tflops_q1":0.6952,"tflops_q3":0.9300,"output_match":true,"mismatch_detail":null}
{"date":"2026-09-07","commit":"4bf092f","hw":"macos/aarch64 (16 logical cores)","boundary":"device_resident","impl":"matrixmultiply","lib_version":"0.3.11","impl_threads":1,"size":1024,"warmup":20,"iters":20,"tflops_median":0.1110,"tflops_q1":0.1104,"tflops_q3":0.1119,"output_match":false,"mismatch_detail":"matrixmultiply: index=5119 reference=-0.0021471737 candidate=-0.0021572113 abs_diff=0.000010037562 rel_diff=0.004653027"}
{"date":"2026-09-07","commit":"4bf092f","hw":"macos/aarch64 (16 logical cores)","boundary":"device_resident","impl":"gemm","lib_version":"0.19.0","impl_threads":10,"size":1024,"warmup":20,"iters":20,"tflops_median":0.9166,"tflops_q1":0.9095,"tflops_q3":0.9540,"output_match":true,"mismatch_detail":null}
::warning::size=2048 出力不一致（matrixmultiply）: matrixmultiply: index=1988 reference=-0.0072821276 candidate=-0.00727129 abs_diff=0.000010837801 rel_diff=0.001488274
{"date":"2026-09-07","commit":"4bf092f","hw":"macos/aarch64 (16 logical cores)","boundary":"device_resident","impl":"self_gemm_blis_parallel","lib_version":"0.1.0","impl_threads":10,"size":2048,"warmup":20,"iters":20,"tflops_median":0.9620,"tflops_q1":0.9586,"tflops_q3":0.9683,"output_match":true,"mismatch_detail":null}
{"date":"2026-09-07","commit":"4bf092f","hw":"macos/aarch64 (16 logical cores)","boundary":"device_resident","impl":"matrixmultiply","lib_version":"0.3.11","impl_threads":1,"size":2048,"warmup":20,"iters":20,"tflops_median":0.1106,"tflops_q1":0.1105,"tflops_q3":0.1113,"output_match":false,"mismatch_detail":"matrixmultiply: index=1988 reference=-0.0072821276 candidate=-0.00727129 abs_diff=0.000010837801 rel_diff=0.001488274"}
{"date":"2026-09-07","commit":"4bf092f","hw":"macos/aarch64 (16 logical cores)","boundary":"device_resident","impl":"gemm","lib_version":"0.19.0","impl_threads":10,"size":2048,"warmup":20,"iters":20,"tflops_median":0.9603,"tflops_q1":0.9435,"tflops_q3":0.9754,"output_match":true,"mismatch_detail":null}
::warning::size=4096 出力不一致（matrixmultiply）: matrixmultiply: index=117 reference=0.012689356 candidate=0.012704611 abs_diff=0.000015255064 rel_diff=0.0012007502
::warning::size=4096 出力不一致（gemm crate）: gemm: index=858 reference=0.0038044143 candidate=0.0037908554 abs_diff=0.0000135588925 rel_diff=0.0035639894
{"date":"2026-09-07","commit":"4bf092f","hw":"macos/aarch64 (16 logical cores)","boundary":"device_resident","impl":"self_gemm_blis_parallel","lib_version":"0.1.0","impl_threads":10,"size":4096,"warmup":20,"iters":20,"tflops_median":0.9343,"tflops_q1":0.9324,"tflops_q3":0.9412,"output_match":true,"mismatch_detail":null}
{"date":"2026-09-07","commit":"4bf092f","hw":"macos/aarch64 (16 logical cores)","boundary":"device_resident","impl":"matrixmultiply","lib_version":"0.3.11","impl_threads":1,"size":4096,"warmup":20,"iters":20,"tflops_median":0.1103,"tflops_q1":0.1101,"tflops_q3":0.1105,"output_match":false,"mismatch_detail":"matrixmultiply: index=117 reference=0.012689356 candidate=0.012704611 abs_diff=0.000015255064 rel_diff=0.0012007502"}
{"date":"2026-09-07","commit":"4bf092f","hw":"macos/aarch64 (16 logical cores)","boundary":"device_resident","impl":"gemm","lib_version":"0.19.0","impl_threads":10,"size":4096,"warmup":20,"iters":20,"tflops_median":0.9662,"tflops_q1":0.9550,"tflops_q3":0.9719,"output_match":false,"mismatch_detail":"gemm: index=858 reference=0.0038044143 candidate=0.0037908554 abs_diff=0.0000135588925 rel_diff=0.0035639894"}
::error::出力突合 NG（統一複合判定: 相対誤差 1e-3 未満 または 絶対誤差 1e-5 未満）を検出した。各 JSON Lines レコードの output_match / mismatch_detail を参照。既知の限界は docs/oss-comparison-harness-decision.md「出力突合とその限界」節を参照。
== RAYON_NUM_THREADS=10 run=5 rc=1 ==
== RAYON_NUM_THREADS=14 run=1 taskset=none ==
oss-gemm-compare: commit=4bf092f hw=macos/aarch64 (16 logical cores) rayon_threads=14
::warning::size=1024 出力不一致（matrixmultiply）: matrixmultiply: index=5119 reference=-0.0021471737 candidate=-0.0021572113 abs_diff=0.000010037562 rel_diff=0.004653027
{"date":"2026-09-07","commit":"4bf092f","hw":"macos/aarch64 (16 logical cores)","boundary":"device_resident","impl":"self_gemm_blis_parallel","lib_version":"0.1.0","impl_threads":14,"size":1024,"warmup":20,"iters":20,"tflops_median":0.7046,"tflops_q1":0.6966,"tflops_q3":0.7106,"output_match":true,"mismatch_detail":null}
{"date":"2026-09-07","commit":"4bf092f","hw":"macos/aarch64 (16 logical cores)","boundary":"device_resident","impl":"matrixmultiply","lib_version":"0.3.11","impl_threads":1,"size":1024,"warmup":20,"iters":20,"tflops_median":0.1105,"tflops_q1":0.1092,"tflops_q3":0.1114,"output_match":false,"mismatch_detail":"matrixmultiply: index=5119 reference=-0.0021471737 candidate=-0.0021572113 abs_diff=0.000010037562 rel_diff=0.004653027"}
{"date":"2026-09-07","commit":"4bf092f","hw":"macos/aarch64 (16 logical cores)","boundary":"device_resident","impl":"gemm","lib_version":"0.19.0","impl_threads":14,"size":1024,"warmup":20,"iters":20,"tflops_median":0.8195,"tflops_q1":0.8033,"tflops_q3":0.8284,"output_match":true,"mismatch_detail":null}
::warning::size=2048 出力不一致（matrixmultiply）: matrixmultiply: index=1988 reference=-0.0072821276 candidate=-0.00727129 abs_diff=0.000010837801 rel_diff=0.001488274
{"date":"2026-09-07","commit":"4bf092f","hw":"macos/aarch64 (16 logical cores)","boundary":"device_resident","impl":"self_gemm_blis_parallel","lib_version":"0.1.0","impl_threads":14,"size":2048,"warmup":20,"iters":20,"tflops_median":0.8281,"tflops_q1":0.7921,"tflops_q3":0.8713,"output_match":true,"mismatch_detail":null}
{"date":"2026-09-07","commit":"4bf092f","hw":"macos/aarch64 (16 logical cores)","boundary":"device_resident","impl":"matrixmultiply","lib_version":"0.3.11","impl_threads":1,"size":2048,"warmup":20,"iters":20,"tflops_median":0.1103,"tflops_q1":0.1101,"tflops_q3":0.1109,"output_match":false,"mismatch_detail":"matrixmultiply: index=1988 reference=-0.0072821276 candidate=-0.00727129 abs_diff=0.000010837801 rel_diff=0.001488274"}
{"date":"2026-09-07","commit":"4bf092f","hw":"macos/aarch64 (16 logical cores)","boundary":"device_resident","impl":"gemm","lib_version":"0.19.0","impl_threads":14,"size":2048,"warmup":20,"iters":20,"tflops_median":0.9050,"tflops_q1":0.8993,"tflops_q3":0.9294,"output_match":true,"mismatch_detail":null}
::warning::size=4096 出力不一致（matrixmultiply）: matrixmultiply: index=117 reference=0.012689356 candidate=0.012704611 abs_diff=0.000015255064 rel_diff=0.0012007502
::warning::size=4096 出力不一致（gemm crate）: gemm: index=858 reference=0.0038044143 candidate=0.0037908554 abs_diff=0.0000135588925 rel_diff=0.0035639894
{"date":"2026-09-07","commit":"4bf092f","hw":"macos/aarch64 (16 logical cores)","boundary":"device_resident","impl":"self_gemm_blis_parallel","lib_version":"0.1.0","impl_threads":14,"size":4096,"warmup":20,"iters":20,"tflops_median":1.0304,"tflops_q1":0.9810,"tflops_q3":1.0770,"output_match":true,"mismatch_detail":null}
{"date":"2026-09-07","commit":"4bf092f","hw":"macos/aarch64 (16 logical cores)","boundary":"device_resident","impl":"matrixmultiply","lib_version":"0.3.11","impl_threads":1,"size":4096,"warmup":20,"iters":20,"tflops_median":0.1105,"tflops_q1":0.1102,"tflops_q3":0.1107,"output_match":false,"mismatch_detail":"matrixmultiply: index=117 reference=0.012689356 candidate=0.012704611 abs_diff=0.000015255064 rel_diff=0.0012007502"}
{"date":"2026-09-07","commit":"4bf092f","hw":"macos/aarch64 (16 logical cores)","boundary":"device_resident","impl":"gemm","lib_version":"0.19.0","impl_threads":14,"size":4096,"warmup":20,"iters":20,"tflops_median":1.0731,"tflops_q1":1.0532,"tflops_q3":1.1000,"output_match":false,"mismatch_detail":"gemm: index=858 reference=0.0038044143 candidate=0.0037908554 abs_diff=0.0000135588925 rel_diff=0.0035639894"}
::error::出力突合 NG（統一複合判定: 相対誤差 1e-3 未満 または 絶対誤差 1e-5 未満）を検出した。各 JSON Lines レコードの output_match / mismatch_detail を参照。既知の限界は docs/oss-comparison-harness-decision.md「出力突合とその限界」節を参照。
== RAYON_NUM_THREADS=14 run=1 rc=1 ==
== RAYON_NUM_THREADS=14 run=2 taskset=none ==
oss-gemm-compare: commit=4bf092f hw=macos/aarch64 (16 logical cores) rayon_threads=14
::warning::size=1024 出力不一致（matrixmultiply）: matrixmultiply: index=5119 reference=-0.0021471737 candidate=-0.0021572113 abs_diff=0.000010037562 rel_diff=0.004653027
{"date":"2026-09-07","commit":"4bf092f","hw":"macos/aarch64 (16 logical cores)","boundary":"device_resident","impl":"self_gemm_blis_parallel","lib_version":"0.1.0","impl_threads":14,"size":1024,"warmup":20,"iters":20,"tflops_median":0.6676,"tflops_q1":0.6240,"tflops_q3":0.6813,"output_match":true,"mismatch_detail":null}
{"date":"2026-09-07","commit":"4bf092f","hw":"macos/aarch64 (16 logical cores)","boundary":"device_resident","impl":"matrixmultiply","lib_version":"0.3.11","impl_threads":1,"size":1024,"warmup":20,"iters":20,"tflops_median":0.1064,"tflops_q1":0.1057,"tflops_q3":0.1090,"output_match":false,"mismatch_detail":"matrixmultiply: index=5119 reference=-0.0021471737 candidate=-0.0021572113 abs_diff=0.000010037562 rel_diff=0.004653027"}
{"date":"2026-09-07","commit":"4bf092f","hw":"macos/aarch64 (16 logical cores)","boundary":"device_resident","impl":"gemm","lib_version":"0.19.0","impl_threads":14,"size":1024,"warmup":20,"iters":20,"tflops_median":0.7903,"tflops_q1":0.7843,"tflops_q3":0.8135,"output_match":true,"mismatch_detail":null}
::warning::size=2048 出力不一致（matrixmultiply）: matrixmultiply: index=1988 reference=-0.0072821276 candidate=-0.00727129 abs_diff=0.000010837801 rel_diff=0.001488274
{"date":"2026-09-07","commit":"4bf092f","hw":"macos/aarch64 (16 logical cores)","boundary":"device_resident","impl":"self_gemm_blis_parallel","lib_version":"0.1.0","impl_threads":14,"size":2048,"warmup":20,"iters":20,"tflops_median":0.8476,"tflops_q1":0.8048,"tflops_q3":0.8559,"output_match":true,"mismatch_detail":null}
{"date":"2026-09-07","commit":"4bf092f","hw":"macos/aarch64 (16 logical cores)","boundary":"device_resident","impl":"matrixmultiply","lib_version":"0.3.11","impl_threads":1,"size":2048,"warmup":20,"iters":20,"tflops_median":0.1106,"tflops_q1":0.1102,"tflops_q3":0.1110,"output_match":false,"mismatch_detail":"matrixmultiply: index=1988 reference=-0.0072821276 candidate=-0.00727129 abs_diff=0.000010837801 rel_diff=0.001488274"}
{"date":"2026-09-07","commit":"4bf092f","hw":"macos/aarch64 (16 logical cores)","boundary":"device_resident","impl":"gemm","lib_version":"0.19.0","impl_threads":14,"size":2048,"warmup":20,"iters":20,"tflops_median":0.9257,"tflops_q1":0.9012,"tflops_q3":0.9373,"output_match":true,"mismatch_detail":null}
::warning::size=4096 出力不一致（matrixmultiply）: matrixmultiply: index=117 reference=0.012689356 candidate=0.012704611 abs_diff=0.000015255064 rel_diff=0.0012007502
::warning::size=4096 出力不一致（gemm crate）: gemm: index=858 reference=0.0038044143 candidate=0.0037908554 abs_diff=0.0000135588925 rel_diff=0.0035639894
{"date":"2026-09-07","commit":"4bf092f","hw":"macos/aarch64 (16 logical cores)","boundary":"device_resident","impl":"self_gemm_blis_parallel","lib_version":"0.1.0","impl_threads":14,"size":4096,"warmup":20,"iters":20,"tflops_median":0.9704,"tflops_q1":0.8832,"tflops_q3":1.0003,"output_match":true,"mismatch_detail":null}
{"date":"2026-09-07","commit":"4bf092f","hw":"macos/aarch64 (16 logical cores)","boundary":"device_resident","impl":"matrixmultiply","lib_version":"0.3.11","impl_threads":1,"size":4096,"warmup":20,"iters":20,"tflops_median":0.1104,"tflops_q1":0.1102,"tflops_q3":0.1107,"output_match":false,"mismatch_detail":"matrixmultiply: index=117 reference=0.012689356 candidate=0.012704611 abs_diff=0.000015255064 rel_diff=0.0012007502"}
{"date":"2026-09-07","commit":"4bf092f","hw":"macos/aarch64 (16 logical cores)","boundary":"device_resident","impl":"gemm","lib_version":"0.19.0","impl_threads":14,"size":4096,"warmup":20,"iters":20,"tflops_median":0.8723,"tflops_q1":0.8629,"tflops_q3":0.9134,"output_match":false,"mismatch_detail":"gemm: index=858 reference=0.0038044143 candidate=0.0037908554 abs_diff=0.0000135588925 rel_diff=0.0035639894"}
::error::出力突合 NG（統一複合判定: 相対誤差 1e-3 未満 または 絶対誤差 1e-5 未満）を検出した。各 JSON Lines レコードの output_match / mismatch_detail を参照。既知の限界は docs/oss-comparison-harness-decision.md「出力突合とその限界」節を参照。
== RAYON_NUM_THREADS=14 run=2 rc=1 ==
== RAYON_NUM_THREADS=14 run=3 taskset=none ==
oss-gemm-compare: commit=4bf092f hw=macos/aarch64 (16 logical cores) rayon_threads=14
::warning::size=1024 出力不一致（matrixmultiply）: matrixmultiply: index=5119 reference=-0.0021471737 candidate=-0.0021572113 abs_diff=0.000010037562 rel_diff=0.004653027
{"date":"2026-09-07","commit":"4bf092f","hw":"macos/aarch64 (16 logical cores)","boundary":"device_resident","impl":"self_gemm_blis_parallel","lib_version":"0.1.0","impl_threads":14,"size":1024,"warmup":20,"iters":20,"tflops_median":0.5726,"tflops_q1":0.5690,"tflops_q3":0.5886,"output_match":true,"mismatch_detail":null}
{"date":"2026-09-07","commit":"4bf092f","hw":"macos/aarch64 (16 logical cores)","boundary":"device_resident","impl":"matrixmultiply","lib_version":"0.3.11","impl_threads":1,"size":1024,"warmup":20,"iters":20,"tflops_median":0.1043,"tflops_q1":0.1031,"tflops_q3":0.1063,"output_match":false,"mismatch_detail":"matrixmultiply: index=5119 reference=-0.0021471737 candidate=-0.0021572113 abs_diff=0.000010037562 rel_diff=0.004653027"}
{"date":"2026-09-07","commit":"4bf092f","hw":"macos/aarch64 (16 logical cores)","boundary":"device_resident","impl":"gemm","lib_version":"0.19.0","impl_threads":14,"size":1024,"warmup":20,"iters":20,"tflops_median":0.6745,"tflops_q1":0.6714,"tflops_q3":0.6844,"output_match":true,"mismatch_detail":null}
::warning::size=2048 出力不一致（matrixmultiply）: matrixmultiply: index=1988 reference=-0.0072821276 candidate=-0.00727129 abs_diff=0.000010837801 rel_diff=0.001488274
{"date":"2026-09-07","commit":"4bf092f","hw":"macos/aarch64 (16 logical cores)","boundary":"device_resident","impl":"self_gemm_blis_parallel","lib_version":"0.1.0","impl_threads":14,"size":2048,"warmup":20,"iters":20,"tflops_median":0.5891,"tflops_q1":0.5564,"tflops_q3":0.6163,"output_match":true,"mismatch_detail":null}
{"date":"2026-09-07","commit":"4bf092f","hw":"macos/aarch64 (16 logical cores)","boundary":"device_resident","impl":"matrixmultiply","lib_version":"0.3.11","impl_threads":1,"size":2048,"warmup":20,"iters":20,"tflops_median":0.0672,"tflops_q1":0.0562,"tflops_q3":0.0741,"output_match":false,"mismatch_detail":"matrixmultiply: index=1988 reference=-0.0072821276 candidate=-0.00727129 abs_diff=0.000010837801 rel_diff=0.001488274"}
{"date":"2026-09-07","commit":"4bf092f","hw":"macos/aarch64 (16 logical cores)","boundary":"device_resident","impl":"gemm","lib_version":"0.19.0","impl_threads":14,"size":2048,"warmup":20,"iters":20,"tflops_median":0.8201,"tflops_q1":0.8151,"tflops_q3":0.8584,"output_match":true,"mismatch_detail":null}
::warning::size=4096 出力不一致（matrixmultiply）: matrixmultiply: index=117 reference=0.012689356 candidate=0.012704611 abs_diff=0.000015255064 rel_diff=0.0012007502
::warning::size=4096 出力不一致（gemm crate）: gemm: index=858 reference=0.0038044143 candidate=0.0037908554 abs_diff=0.0000135588925 rel_diff=0.0035639894
{"date":"2026-09-07","commit":"4bf092f","hw":"macos/aarch64 (16 logical cores)","boundary":"device_resident","impl":"self_gemm_blis_parallel","lib_version":"0.1.0","impl_threads":14,"size":4096,"warmup":20,"iters":20,"tflops_median":0.7699,"tflops_q1":0.7506,"tflops_q3":0.8181,"output_match":true,"mismatch_detail":null}
{"date":"2026-09-07","commit":"4bf092f","hw":"macos/aarch64 (16 logical cores)","boundary":"device_resident","impl":"matrixmultiply","lib_version":"0.3.11","impl_threads":1,"size":4096,"warmup":20,"iters":20,"tflops_median":0.0930,"tflops_q1":0.0673,"tflops_q3":0.1059,"output_match":false,"mismatch_detail":"matrixmultiply: index=117 reference=0.012689356 candidate=0.012704611 abs_diff=0.000015255064 rel_diff=0.0012007502"}
{"date":"2026-09-07","commit":"4bf092f","hw":"macos/aarch64 (16 logical cores)","boundary":"device_resident","impl":"gemm","lib_version":"0.19.0","impl_threads":14,"size":4096,"warmup":20,"iters":20,"tflops_median":0.7650,"tflops_q1":0.7451,"tflops_q3":0.7892,"output_match":false,"mismatch_detail":"gemm: index=858 reference=0.0038044143 candidate=0.0037908554 abs_diff=0.0000135588925 rel_diff=0.0035639894"}
::error::出力突合 NG（統一複合判定: 相対誤差 1e-3 未満 または 絶対誤差 1e-5 未満）を検出した。各 JSON Lines レコードの output_match / mismatch_detail を参照。既知の限界は docs/oss-comparison-harness-decision.md「出力突合とその限界」節を参照。
== RAYON_NUM_THREADS=14 run=3 rc=1 ==
== RAYON_NUM_THREADS=14 run=4 taskset=none ==
oss-gemm-compare: commit=4bf092f hw=macos/aarch64 (16 logical cores) rayon_threads=14
::warning::size=1024 出力不一致（matrixmultiply）: matrixmultiply: index=5119 reference=-0.0021471737 candidate=-0.0021572113 abs_diff=0.000010037562 rel_diff=0.004653027
{"date":"2026-09-07","commit":"4bf092f","hw":"macos/aarch64 (16 logical cores)","boundary":"device_resident","impl":"self_gemm_blis_parallel","lib_version":"0.1.0","impl_threads":14,"size":1024,"warmup":20,"iters":20,"tflops_median":0.5034,"tflops_q1":0.4016,"tflops_q3":0.5365,"output_match":true,"mismatch_detail":null}
{"date":"2026-09-07","commit":"4bf092f","hw":"macos/aarch64 (16 logical cores)","boundary":"device_resident","impl":"matrixmultiply","lib_version":"0.3.11","impl_threads":1,"size":1024,"warmup":20,"iters":20,"tflops_median":0.1001,"tflops_q1":0.0990,"tflops_q3":0.1015,"output_match":false,"mismatch_detail":"matrixmultiply: index=5119 reference=-0.0021471737 candidate=-0.0021572113 abs_diff=0.000010037562 rel_diff=0.004653027"}
{"date":"2026-09-07","commit":"4bf092f","hw":"macos/aarch64 (16 logical cores)","boundary":"device_resident","impl":"gemm","lib_version":"0.19.0","impl_threads":14,"size":1024,"warmup":20,"iters":20,"tflops_median":0.6001,"tflops_q1":0.5973,"tflops_q3":0.6236,"output_match":true,"mismatch_detail":null}
::warning::size=2048 出力不一致（matrixmultiply）: matrixmultiply: index=1988 reference=-0.0072821276 candidate=-0.00727129 abs_diff=0.000010837801 rel_diff=0.001488274
{"date":"2026-09-07","commit":"4bf092f","hw":"macos/aarch64 (16 logical cores)","boundary":"device_resident","impl":"self_gemm_blis_parallel","lib_version":"0.1.0","impl_threads":14,"size":2048,"warmup":20,"iters":20,"tflops_median":0.6405,"tflops_q1":0.6112,"tflops_q3":0.6844,"output_match":true,"mismatch_detail":null}
{"date":"2026-09-07","commit":"4bf092f","hw":"macos/aarch64 (16 logical cores)","boundary":"device_resident","impl":"matrixmultiply","lib_version":"0.3.11","impl_threads":1,"size":2048,"warmup":20,"iters":20,"tflops_median":0.1055,"tflops_q1":0.1045,"tflops_q3":0.1069,"output_match":false,"mismatch_detail":"matrixmultiply: index=1988 reference=-0.0072821276 candidate=-0.00727129 abs_diff=0.000010837801 rel_diff=0.001488274"}
{"date":"2026-09-07","commit":"4bf092f","hw":"macos/aarch64 (16 logical cores)","boundary":"device_resident","impl":"gemm","lib_version":"0.19.0","impl_threads":14,"size":2048,"warmup":20,"iters":20,"tflops_median":0.6936,"tflops_q1":0.6758,"tflops_q3":0.7760,"output_match":true,"mismatch_detail":null}
::warning::size=4096 出力不一致（matrixmultiply）: matrixmultiply: index=117 reference=0.012689356 candidate=0.012704611 abs_diff=0.000015255064 rel_diff=0.0012007502
::warning::size=4096 出力不一致（gemm crate）: gemm: index=858 reference=0.0038044143 candidate=0.0037908554 abs_diff=0.0000135588925 rel_diff=0.0035639894
{"date":"2026-09-07","commit":"4bf092f","hw":"macos/aarch64 (16 logical cores)","boundary":"device_resident","impl":"self_gemm_blis_parallel","lib_version":"0.1.0","impl_threads":14,"size":4096,"warmup":20,"iters":20,"tflops_median":0.6870,"tflops_q1":0.6592,"tflops_q3":0.7180,"output_match":true,"mismatch_detail":null}
{"date":"2026-09-07","commit":"4bf092f","hw":"macos/aarch64 (16 logical cores)","boundary":"device_resident","impl":"matrixmultiply","lib_version":"0.3.11","impl_threads":1,"size":4096,"warmup":20,"iters":20,"tflops_median":0.1066,"tflops_q1":0.1063,"tflops_q3":0.1072,"output_match":false,"mismatch_detail":"matrixmultiply: index=117 reference=0.012689356 candidate=0.012704611 abs_diff=0.000015255064 rel_diff=0.0012007502"}
{"date":"2026-09-07","commit":"4bf092f","hw":"macos/aarch64 (16 logical cores)","boundary":"device_resident","impl":"gemm","lib_version":"0.19.0","impl_threads":14,"size":4096,"warmup":20,"iters":20,"tflops_median":0.7154,"tflops_q1":0.6888,"tflops_q3":0.7438,"output_match":false,"mismatch_detail":"gemm: index=858 reference=0.0038044143 candidate=0.0037908554 abs_diff=0.0000135588925 rel_diff=0.0035639894"}
::error::出力突合 NG（統一複合判定: 相対誤差 1e-3 未満 または 絶対誤差 1e-5 未満）を検出した。各 JSON Lines レコードの output_match / mismatch_detail を参照。既知の限界は docs/oss-comparison-harness-decision.md「出力突合とその限界」節を参照。
== RAYON_NUM_THREADS=14 run=4 rc=1 ==
== RAYON_NUM_THREADS=14 run=5 taskset=none ==
oss-gemm-compare: commit=4bf092f hw=macos/aarch64 (16 logical cores) rayon_threads=14
::warning::size=1024 出力不一致（matrixmultiply）: matrixmultiply: index=5119 reference=-0.0021471737 candidate=-0.0021572113 abs_diff=0.000010037562 rel_diff=0.004653027
{"date":"2026-09-07","commit":"4bf092f","hw":"macos/aarch64 (16 logical cores)","boundary":"device_resident","impl":"self_gemm_blis_parallel","lib_version":"0.1.0","impl_threads":14,"size":1024,"warmup":20,"iters":20,"tflops_median":0.5182,"tflops_q1":0.3948,"tflops_q3":0.5441,"output_match":true,"mismatch_detail":null}
{"date":"2026-09-07","commit":"4bf092f","hw":"macos/aarch64 (16 logical cores)","boundary":"device_resident","impl":"matrixmultiply","lib_version":"0.3.11","impl_threads":1,"size":1024,"warmup":20,"iters":20,"tflops_median":0.1057,"tflops_q1":0.1056,"tflops_q3":0.1063,"output_match":false,"mismatch_detail":"matrixmultiply: index=5119 reference=-0.0021471737 candidate=-0.0021572113 abs_diff=0.000010037562 rel_diff=0.004653027"}
{"date":"2026-09-07","commit":"4bf092f","hw":"macos/aarch64 (16 logical cores)","boundary":"device_resident","impl":"gemm","lib_version":"0.19.0","impl_threads":14,"size":1024,"warmup":20,"iters":20,"tflops_median":0.6683,"tflops_q1":0.6594,"tflops_q3":0.7003,"output_match":true,"mismatch_detail":null}
::warning::size=2048 出力不一致（matrixmultiply）: matrixmultiply: index=1988 reference=-0.0072821276 candidate=-0.00727129 abs_diff=0.000010837801 rel_diff=0.001488274
{"date":"2026-09-07","commit":"4bf092f","hw":"macos/aarch64 (16 logical cores)","boundary":"device_resident","impl":"self_gemm_blis_parallel","lib_version":"0.1.0","impl_threads":14,"size":2048,"warmup":20,"iters":20,"tflops_median":0.6264,"tflops_q1":0.6073,"tflops_q3":0.6657,"output_match":true,"mismatch_detail":null}
{"date":"2026-09-07","commit":"4bf092f","hw":"macos/aarch64 (16 logical cores)","boundary":"device_resident","impl":"matrixmultiply","lib_version":"0.3.11","impl_threads":1,"size":2048,"warmup":20,"iters":20,"tflops_median":0.0861,"tflops_q1":0.0773,"tflops_q3":0.0889,"output_match":false,"mismatch_detail":"matrixmultiply: index=1988 reference=-0.0072821276 candidate=-0.00727129 abs_diff=0.000010837801 rel_diff=0.001488274"}
{"date":"2026-09-07","commit":"4bf092f","hw":"macos/aarch64 (16 logical cores)","boundary":"device_resident","impl":"gemm","lib_version":"0.19.0","impl_threads":14,"size":2048,"warmup":20,"iters":20,"tflops_median":0.4619,"tflops_q1":0.4426,"tflops_q3":0.4826,"output_match":true,"mismatch_detail":null}
::warning::size=4096 出力不一致（matrixmultiply）: matrixmultiply: index=117 reference=0.012689356 candidate=0.012704611 abs_diff=0.000015255064 rel_diff=0.0012007502
::warning::size=4096 出力不一致（gemm crate）: gemm: index=858 reference=0.0038044143 candidate=0.0037908554 abs_diff=0.0000135588925 rel_diff=0.0035639894
{"date":"2026-09-07","commit":"4bf092f","hw":"macos/aarch64 (16 logical cores)","boundary":"device_resident","impl":"self_gemm_blis_parallel","lib_version":"0.1.0","impl_threads":14,"size":4096,"warmup":20,"iters":20,"tflops_median":0.6506,"tflops_q1":0.6321,"tflops_q3":0.6891,"output_match":true,"mismatch_detail":null}
{"date":"2026-09-07","commit":"4bf092f","hw":"macos/aarch64 (16 logical cores)","boundary":"device_resident","impl":"matrixmultiply","lib_version":"0.3.11","impl_threads":1,"size":4096,"warmup":20,"iters":20,"tflops_median":0.1072,"tflops_q1":0.1021,"tflops_q3":0.1094,"output_match":false,"mismatch_detail":"matrixmultiply: index=117 reference=0.012689356 candidate=0.012704611 abs_diff=0.000015255064 rel_diff=0.0012007502"}
{"date":"2026-09-07","commit":"4bf092f","hw":"macos/aarch64 (16 logical cores)","boundary":"device_resident","impl":"gemm","lib_version":"0.19.0","impl_threads":14,"size":4096,"warmup":20,"iters":20,"tflops_median":0.8430,"tflops_q1":0.8298,"tflops_q3":0.8954,"output_match":false,"mismatch_detail":"gemm: index=858 reference=0.0038044143 candidate=0.0037908554 abs_diff=0.0000135588925 rel_diff=0.0035639894"}
::error::出力突合 NG（統一複合判定: 相対誤差 1e-3 未満 または 絶対誤差 1e-5 未満）を検出した。各 JSON Lines レコードの output_match / mismatch_detail を参照。既知の限界は docs/oss-comparison-harness-decision.md「出力突合とその限界」節を参照。
== RAYON_NUM_THREADS=14 run=5 rc=1 ==
done.
