    Finished `release` profile [optimized] target(s) in 0.04s
     Running unittests src/lib.rs (<home>/work/target-fandhe-ai/release/deps/fandhe_ai_backend_cuda-a14a0084143ccb4e)

running 72 tests
skipping poison_from_real_cuda_error_fails_closed_to_unrecoverable: set FANDHE_AI_CUDA_POISON_RECOVERY_REAL_DEVICE=1 to opt in (単独プロセス・単独 テスト名フィルタでの実行を前提とする運用契約。モジュール冒頭コメント 「運用契約」参照)
skipping poison_recovery_real_probe_restores_active_and_rejects_stale_generation: set FANDHE_AI_CUDA_POISON_RECOVERY_REAL_DEVICE=1 to opt in (単独プロセス・単独 テスト名フィルタでの実行を前提とする運用契約。モジュール冒頭コメント 「運用契約」参照)
test context_cache::poison_recovery_real_device_tests::poison_from_real_cuda_error_fails_closed_to_unrecoverable ... ok
test context_cache::poison_recovery_real_device_tests::poison_recovery_real_probe_restores_active_and_rejects_stale_generation ... ok
=== (g) context_cache::cached_device(0) 参照値（イシュー #956 H4）===
  cached_device(0) [warm]: median=0.000 ms  q1=0.000 ms  q3=0.000 ms
test fresh_overhead_diag_tests::fresh_overhead_diag_g_cached_device_select_reference ... ok
test context_cache::tests::cached_allocator_keeps_distinct_contexts_on_same_ordinal_separate ... ok
test context_cache::async_ordering_poison_tests::invalidate_with_real_stream_sync_drains_pending_launches_and_reactivates ... ok
test gemm_mma::tests::mma_f16_derived_stage_count_matches_default_stage_count_bit_exact ... ok
test gemm_mma::tests::mma_f16_new_wires_size_conditional_swizzle_into_production_constructor ... ok
=== fresh GEMM D2H フェーズ分解: variant=V1-keep_alive(reuse相当) (イシュー #956) ===
=== fresh GEMM D2H フェーズ分解: variant=V0-fresh(drop each trial) (イシュー #956) ===
=== fresh GEMM D2H フェーズ分解: variant=V2-pre_touched (イシュー #956) ===
=== fresh GEMM (c) C 確保フェーズ: V3-pooled（イシュー #1020）===
=== CUDA tape 初期化コスト e2e（本番 CudaBackendOps::gemm 経路）===
 -- N=1024 --
  (a) H2D A: median=0.081 ms  q1=0.081 ms  q3=0.081 ms
  (b) H2D B: median=0.079 ms  q1=0.078 ms  q3=0.080 ms
  (c) C 確保: median=0.004 ms  q1=0.004 ms  q3=0.004 ms
  (d) launch+synchronize: median=0.003 ms  q1=0.003 ms  q3=0.003 ms
  (e) D2H: median=1.428 ms  q1=1.308 ms  q3=1.452 ms
  (f) ホスト出力バッファ解放（+ V2 事前タッチ）: median=0.000 ms  q1=0.000 ms  q3=0.000 ms
  (a+b+c+d+e+f) 再構成合計: median=1.594 ms  q1=1.477 ms  q3=1.619 ms
  N=256: median=0.056 ms  q1=0.054 ms  q3=0.062 ms
--- N=1024 ---
  run_tiled_f32 [pool miss on first C alloc, warmup]: 113.073 ms
    (c) alloc_zeroed_f32 [pool hit]: median=0.003 ms  q1=0.003 ms  q3=0.004 ms
  pool stats after N=1024: PoolStats { alloc_count: 3, reuse_count: 25, cached_bytes: 4456448, pending_return_bytes: 0, capacity_waste_bytes: 0, released_bytes: 0 }
 -- N=2048 --
  (a) H2D A: median=0.297 ms  q1=0.296 ms  q3=0.298 ms
  (b) H2D B: median=0.292 ms  q1=0.291 ms  q3=0.293 ms
  (c) C 確保: median=0.003 ms  q1=0.003 ms  q3=0.003 ms
  (d) launch+synchronize: median=0.002 ms  q1=0.002 ms  q3=0.003 ms
  (e) D2H: median=164.245 ms  q1=143.247 ms  q3=165.608 ms
  (f) ホスト出力バッファ解放（+ V2 事前タッチ）: median=0.000 ms  q1=0.000 ms  q3=0.000 ms
  (a+b+c+d+e+f) 再構成合計: median=164.840 ms  q1=143.842 ms  q3=166.200 ms
test gemm_mma::tests::mma_f16_stage_count_does_not_change_bit_exact_output ... ok
 -- N=1024 --
  (a) H2D A: median=0.121 ms  q1=0.079 ms  q3=0.233 ms
  (b) H2D B: median=0.079 ms  q1=0.079 ms  q3=0.081 ms
  (c) C 確保: median=0.012 ms  q1=0.006 ms  q3=0.017 ms
  (d) launch+synchronize: median=0.007 ms  q1=0.004 ms  q3=0.024 ms
  (e) D2H: median=0.358 ms  q1=0.264 ms  q3=1.667 ms
  (f) ホスト出力バッファ解放（+ V2 事前タッチ）: median=0.001 ms  q1=0.000 ms  q3=0.001 ms
  (a+b+c+d+e+f) 再構成合計: median=1.917 ms  q1=0.439 ms  q3=4.608 ms
--- N=2048 ---
  run_tiled_f32 [pool miss on first C alloc, warmup]: 1449.467 ms
    (c) alloc_zeroed_f32 [pool hit]: median=0.003 ms  q1=0.003 ms  q3=0.004 ms
  pool stats after N=2048: PoolStats { alloc_count: 5, reuse_count: 39, cached_bytes: 21233664, pending_return_bytes: 0, capacity_waste_bytes: 0, released_bytes: 0 }
test gemm::tests::wmma_tf32_opt_kernel_matches_reference_across_shapes ... ok
 -- N=1024 --
  (a) H2D A: median=0.085 ms  q1=0.080 ms  q3=0.088 ms
  (b) H2D B: median=0.078 ms  q1=0.077 ms  q3=0.079 ms
  (c) C 確保: median=0.011 ms  q1=0.005 ms  q3=0.014 ms
  (d) launch+synchronize: median=0.005 ms  q1=0.003 ms  q3=0.007 ms
  (e) D2H: median=0.450 ms  q1=0.099 ms  q3=0.480 ms
  (f) ホスト出力バッファ解放（+ V2 事前タッチ）: median=0.655 ms  q1=0.626 ms  q3=0.664 ms
  (a+b+c+d+e+f) 再構成合計: median=1.273 ms  q1=0.923 ms  q3=1.480 ms
  N=1024: median=1.168 ms  q1=0.491 ms  q3=2.736 ms
 -- N=2048 --
  (a) H2D A: median=0.287 ms  q1=0.284 ms  q3=0.289 ms
  (b) H2D B: median=0.296 ms  q1=0.295 ms  q3=0.296 ms
  (c) C 確保: median=0.005 ms  q1=0.005 ms  q3=0.006 ms
  (d) launch+synchronize: median=0.004 ms  q1=0.003 ms  q3=0.004 ms
  (e) D2H: median=1.509 ms  q1=1.502 ms  q3=1.510 ms
  (f) ホスト出力バッファ解放（+ V2 事前タッチ）: median=0.000 ms  q1=0.000 ms  q3=0.000 ms
  (a+b+c+d+e+f) 再構成合計: median=2.098 ms  q1=2.097 ms  q3=2.101 ms
--- N=4096 ---
  run_tiled_f32 [pool miss on first C alloc, warmup]: 140.095 ms
    (c) alloc_zeroed_f32 [pool hit]: median=0.005 ms  q1=0.003 ms  q3=0.008 ms
  pool stats after N=4096: PoolStats { alloc_count: 7, reuse_count: 77, cached_bytes: 92536832, pending_return_bytes: 0, capacity_waste_bytes: 0, released_bytes: 0 }
test gemm::tests::wmma_tf32_staged_new_wires_size_conditional_swizzle_into_production_constructor ... ok
test gemm_mma::tests::mma_f16_swizzle_variant_matches_base_bit_exact_output ... ok
=== release_cached: freed_bytes=163840000 ===
test fresh_overhead_diag_tests::fresh_overhead_diag_v3_pooled_output ... ok
test kernels_mma::tests::mma_f16_sources_compile_with_nvrtc_when_available ... ok
test kernels_wmma_opt::tests::wmma_opt_sources_compile_with_nvrtc_when_available ... ok
[jit_cache_bench:cold_vs_warm] descriptor=c12-static-mnk-1024 compile_median_s=0.016912 (q1=0.016821, q3=0.017232) store_median_s=0.010538 (q1=0.010074, q3=0.011001) cold_total_median_s=0.027450 (q1=0.026837, q3=0.027823) warm_load_median_s=0.000074 (q1=0.000072, q3=0.000098) speedup_x=370.47 warm_faster=true — record only, non-gating (see module doc comment)
[jit_cache_bench:cold_vs_warm] descriptor=c12-static-mnk-4096 compile_median_s=0.016914 (q1=0.016873, q3=0.016958) store_median_s=0.010779 (q1=0.010626, q3=0.011067) cold_total_median_s=0.027736 (q1=0.027541, q3=0.027939) warm_load_median_s=0.000071 (q1=0.000070, q3=0.000071) speedup_x=393.27 warm_faster=true — record only, non-gating (see module doc comment)
[jit_cache_bench:cold_vs_warm] descriptor=c12-dynamic-all-4096 compile_median_s=0.016872 (q1=0.016815, q3=0.016874) store_median_s=0.010696 (q1=0.010630, q3=0.011145) cold_total_median_s=0.027511 (q1=0.027437, q3=0.028050) warm_load_median_s=0.000071 (q1=0.000071, q3=0.000072) speedup_x=389.45 warm_faster=true — record only, non-gating (see module doc comment)
test nvrtc::jit_cache_bench_tests::jit_cache_bench_cold_compile_vs_warm_load_latency ... ok
 -- N=4096 --
  (a) H2D A: median=1.158 ms  q1=1.148 ms  q3=1.546 ms
  (b) H2D B: median=1.146 ms  q1=1.145 ms  q3=1.274 ms
  (c) C 確保: median=0.011 ms  q1=0.003 ms  q3=0.014 ms
  (d) launch+synchronize: median=0.005 ms  q1=0.002 ms  q3=0.006 ms
  (e) D2H: median=511.212 ms  q1=29.779 ms  q3=522.750 ms
  (f) ホスト出力バッファ解放（+ V2 事前タッチ）: median=0.000 ms  q1=0.000 ms  q3=0.000 ms
  (a+b+c+d+e+f) 再構成合計: median=513.510 ms  q1=86.423 ms  q3=525.046 ms
[jit_cache_bench:module_load] fresh_ptx_load_and_resolve_median_s=0.000061 (q1=0.000059, q3=0.000064) cached_ptx_load_and_resolve_median_s=0.000060 (q1=0.000060, q3=0.000062)
 -- N=2048 --
  (a) H2D A: median=0.340 ms  q1=0.308 ms  q3=7.628 ms
  (b) H2D B: median=0.299 ms  q1=0.294 ms  q3=0.303 ms
  (c) C 確保: median=0.018 ms  q1=0.018 ms  q3=0.022 ms
  (d) launch+synchronize: median=0.008 ms  q1=0.008 ms  q3=0.010 ms
  (e) D2H: median=12.949 ms  q1=4.043 ms  q3=16.445 ms
  (f) ホスト出力バッファ解放（+ V2 事前タッチ）: median=2.535 ms  q1=2.521 ms  q3=3.338 ms
  (a+b+c+d+e+f) 再構成合計: median=18.154 ms  q1=7.279 ms  q3=19.563 ms
test fresh_overhead_diag_tests::fresh_overhead_diag_v1_keep_alive ... ok
test nvrtc::tests::nvrtc_version_returns_ok_on_real_device ... ok
test gemm::tests::wmma_tf32_basic_kernel_parity_does_not_regress ... ok
adaptive_avg_pool2d_global.values.fold_bits=0x86c22bc161eb9c37
test pooling::pooling_real_device_tests::adaptive_avg_pool2d_global_average_matches_model ... ok
adaptive_avg_pool2d_upsample.values.fold_bits=0x03a10a5b08af6663
test pooling::pooling_real_device_tests::adaptive_avg_pool2d_upsampling_matches_model ... ok
 -- N=4096 --
  (a) H2D A: median=10.006 ms  q1=1.322 ms  q3=15.333 ms
  (b) H2D B: median=1.273 ms  q1=1.151 ms  q3=6.064 ms
  (c) C 確保: median=2.185 ms  q1=0.022 ms  q3=9.602 ms
  (d) launch+synchronize: median=0.010 ms  q1=0.009 ms  q3=0.016 ms
  (e) D2H: median=44.517 ms  q1=36.501 ms  q3=90.723 ms
  (f) ホスト出力バッファ解放（+ V2 事前タッチ）: median=22.949 ms  q1=17.582 ms  q3=23.444 ms
  (a+b+c+d+e+f) 再構成合計: median=115.400 ms  q1=71.151 ms  q3=156.939 ms
test fresh_overhead_diag_tests::fresh_overhead_diag_v0_fresh_drop_each_trial ... ok
avg_pool2d_include_pad_false.values.fold_bits=0x40a1133a540297bb
test pooling::pooling_real_device_tests::avg_pool2d_count_include_pad_false_matches_model ... ok
test gemm::tests::wmma_tf32_staged_kernel_exceeds_opt_kernel_tflops_at_4096 ... ok
avg_pool2d_include_pad_true.values.fold_bits=0x6980ee7b35563345
test pooling::pooling_real_device_tests::avg_pool2d_count_include_pad_true_matches_model ... ok
  N=1024 kernel=Select (median over 20 trials, 20 warmup):
    h2d_a: median=5.3026 ms  q1=0.3314 ms  q3=14.1860 ms
    h2d_b: median=0.0901 ms  q1=0.0815 ms  q3=0.3568 ms
    alloc_c: median=0.0014 ms  q1=0.0013 ms  q3=0.0018 ms
    launch_issue: median=0.0160 ms  q1=0.0140 ms  q3=0.0164 ms
    kernel_wait: median=0.2008 ms  q1=0.1969 ms  q3=1.2101 ms
    d2h: median=6.6095 ms  q1=4.5331 ms  q3=12.9008 ms
    host_copy: median=12.4706 ms  q1=4.9012 ms  q3=27.5871 ms
    sum of medians: 24.6911 ms
  N=1024 kernel=Classic (median over 20 trials, 20 warmup):
    h2d_a: median=3.4948 ms  q1=0.1404 ms  q3=5.6519 ms
    h2d_b: median=0.0860 ms  q1=0.0836 ms  q3=0.1177 ms
    alloc_c: median=0.0016 ms  q1=0.0014 ms  q3=0.0017 ms
    launch_issue: median=0.0218 ms  q1=0.0205 ms  q3=0.0243 ms
    kernel_wait: median=1.3339 ms  q1=0.3463 ms  q3=4.7443 ms
    d2h: median=6.2037 ms  q1=0.3544 ms  q3=11.0012 ms
    host_copy: median=16.6181 ms  q1=3.7264 ms  q3=25.4955 ms
    sum of medians: 27.7599 ms
 -- N=4096 --
  (a) H2D A: median=6.285 ms  q1=2.216 ms  q3=14.384 ms
  (b) H2D B: median=1.409 ms  q1=1.160 ms  q3=1.521 ms
  (c) C 確保: median=3.925 ms  q1=0.021 ms  q3=4.843 ms
  (d) launch+synchronize: median=0.010 ms  q1=0.008 ms  q3=0.014 ms
  (e) D2H: median=20.963 ms  q1=5.463 ms  q3=22.290 ms
  (f) ホスト出力バッファ解放（+ V2 事前タッチ）: median=89.538 ms  q1=79.083 ms  q3=141.117 ms
  (a+b+c+d+e+f) 再構成合計: median=156.849 ms  q1=100.447 ms  q3=170.204 ms
max_pool2d_1d.values.fold_bits=0x7563ccb8023f9ed9
max_pool2d_1d.indices.fold_bits=0x1d8132339eafe39a
test pooling::pooling_real_device_tests::max_pool2d_1d_merged_shape_matches_model ... ok
test fresh_overhead_diag_tests::fresh_overhead_diag_v2_pre_touched ... ok
=== CudaGemm::new module_cache LRU cold/warm（イシュー #1024）===
  1st CudaGemm::new (LRU cold; 9 kernels NVRTC-compiled): median=3686.723 ms  q1=3686.723 ms  q3=3686.723 ms
  2nd CudaGemm::new (LRU warm; module_cache hit for every kernel): median=6386.460 ms  q1=6386.460 ms  q3=6386.460 ms

thread 'init_cost_diag_tests::init_cost_diag_gemm_new_lru_cold_vs_warm' (3620096) panicked at crates/backend-cuda/src/init_cost_diag_tests.rs:484:5:
2nd (LRU warm) CudaGemm::new must not be slower than the 1st (LRU cold) call: cold=3.686723255s, warm=6.386460185s
note: run with `RUST_BACKTRACE=1` environment variable to display a backtrace
test init_cost_diag_tests::init_cost_diag_gemm_new_lru_cold_vs_warm ... FAILED
  N=4096: median=132.792 ms  q1=66.859 ms  q3=234.284 ms
test init_cost_diag_tests::init_cost_diag_e2e_matches_framework_compare_shape ... ok
max_pool2d_basic.values.fold_bits=0xa57e3e99b5f582dd
max_pool2d_basic.indices.fold_bits=0x422180132914f4d0
test pooling::pooling_real_device_tests::max_pool2d_basic_matches_model ... ok
test module_cache_wiring_tests::cuda_gemm_new_stores_disk_cache_entry_for_every_kernel ... ok
max_pool2d_overlap.values.fold_bits=0x02d010dcf7367799
max_pool2d_overlap.indices.fold_bits=0xe582dce0501d1ab5
test pooling::pooling_real_device_tests::max_pool2d_overlapping_window_matches_model ... ok
max_pool2d_block_boundary.values.fold_bits=0xb2e1ae1b352d94fb
max_pool2d_block_boundary.indices.fold_bits=0xf9f0f4f247340a50
test pooling::pooling_real_device_tests::max_pool2d_crosses_block_boundary_matches_model ... ok
max_pool2d_dilation.values.fold_bits=0xa819f33ba28e13f5
max_pool2d_dilation.indices.fold_bits=0xdbd09287ea36b659
test pooling::pooling_real_device_tests::max_pool2d_dilation_boundary_matches_model ... ok
test pooling::pooling_real_device_tests::max_pool2d_nan_inf_negzero_matches_model ... ok
test gemm::tests::wmma_tf32_diagnostic_constructors_force_expected_kernel ... ok
  N=1024 arm=LegacyToVec (median over 20 trials, 20 warmup) checksum=-4106.223973:
    d2h: median=6.0460 ms  q1=3.8052 ms  q3=7.8194 ms  (q3-q1)=4.0142 ms
    host_read: median=3.1435 ms  q1=2.1997 ms  q3=3.6194 ms  (q3-q1)=1.4197 ms
    sum of medians: 9.1896 ms
=== CUDA GEMM 再利用ハンドルの定常状態 1 回あたりコスト（参照値）===
  reused-handle run_tiled_f32(N=1024) per-call: median=10.105 ms  q1=6.006 ms  q3=18.794 ms
test init_cost_diag_tests::init_cost_diag_reused_handle_steady_state_reference ... ok
test pooling::pooling_real_device_tests::max_pool2d_run_to_run_bit_identical ... ok
  N=2048 kernel=Select (median over 20 trials, 20 warmup):
    h2d_a: median=0.3852 ms  q1=0.3179 ms  q3=0.6643 ms
    h2d_b: median=0.3076 ms  q1=0.3031 ms  q3=0.3609 ms
    alloc_c: median=0.0012 ms  q1=0.0010 ms  q3=0.0013 ms
    launch_issue: median=0.0149 ms  q1=0.0137 ms  q3=0.0154 ms
    kernel_wait: median=1.2172 ms  q1=1.2038 ms  q3=1.3073 ms
    d2h: median=11.5719 ms  q1=5.8542 ms  q3=15.4767 ms
    host_copy: median=8.8587 ms  q1=5.7270 ms  q3=9.1419 ms
    sum of medians: 22.3566 ms

thread 'module_cache_wiring_tests::cuda_gemm_new_second_construction_reuses_module_cache' (3620105) panicked at crates/backend-cuda/src/module_cache_wiring_tests.rs:243:5:
2nd CudaGemm::new on the same cached device must hit the module cache for every successfully compiled kernel_specs entry: before=15, after=15, expected_kernel_count=9, evicted_during_window=59 (narrow: since just before the 2nd construction), evicted_since_start=128 (wide: since before the 1st construction — the 1st construction itself takes hundreds of ms across 9 NVRTC compiles, so a concurrent test can evict gemm1's own entries before this narrow window even starts). Either being non-zero means the shared static LRU was concurrently polluted by another #[ignore] test in the same process; re-run with `cargo test -p fandhe-ai-backend-cuda --release --lib -- --ignored --test-threads=1` to serialize, per module_cache_wiring_tests.rs's top-of-file doc comment, issue #1107, GB10 measurement 2026-09-03)
test module_cache_wiring_tests::cuda_gemm_new_second_construction_reuses_module_cache ... FAILED
  N=1024 arm=BorrowedWithDummyAllocFree (median over 20 trials, 20 warmup) checksum=-4106.223973:
    d2h: median=23.0941 ms  q1=13.3565 ms  q3=37.8841 ms  (q3-q1)=24.5276 ms
    host_read: median=4.3326 ms  q1=3.7325 ms  q3=6.3035 ms  (q3-q1)=2.5710 ms
    sum of medians: 27.4267 ms
  N=2048 kernel=Classic (median over 20 trials, 20 warmup):
    h2d_a: median=0.5003 ms  q1=0.3242 ms  q3=5.1850 ms
    h2d_b: median=0.3051 ms  q1=0.2973 ms  q3=0.3125 ms
    alloc_c: median=0.0011 ms  q1=0.0009 ms  q3=0.0013 ms
    launch_issue: median=0.0161 ms  q1=0.0152 ms  q3=0.0169 ms
    kernel_wait: median=2.3271 ms  q1=2.3196 ms  q3=2.4375 ms
    d2h: median=19.7907 ms  q1=8.7322 ms  q3=33.2044 ms
    host_copy: median=9.1353 ms  q1=6.0207 ms  q3=9.6808 ms
    sum of medians: 32.0757 ms
test readout_regression_diag_tests_1436::readout_regression_diag_n1024_borrowed_with_dummy_alloc_free ... ok
  N=1024 arm=LegacyToVec (median over 20 trials, 20 warmup) checksum=-4106.223973:
    d2h: median=19.3797 ms  q1=14.8481 ms  q3=41.0605 ms  (q3-q1)=26.2124 ms
    host_read: median=2.4470 ms  q1=2.3570 ms  q3=2.5971 ms  (q3-q1)=0.2401 ms
    sum of medians: 21.8267 ms
  N=1024 arm=BorrowedKeepAlive (median over 20 trials, 20 warmup) checksum=-4106.223973:
    d2h: median=29.3598 ms  q1=14.4956 ms  q3=39.5074 ms  (q3-q1)=25.0118 ms
    host_read: median=0.7646 ms  q1=0.7604 ms  q3=0.7712 ms  (q3-q1)=0.0108 ms
    sum of medians: 30.1244 ms
test readout_regression_diag_tests_1436::readout_regression_diag_n1024_borrowed_keep_alive ... ok
  N=1024 arm=LegacyToVec (median over 20 trials, 20 warmup) checksum=-4106.223973:
    d2h: median=23.1664 ms  q1=13.3725 ms  q3=55.9430 ms  (q3-q1)=42.5705 ms
    host_read: median=2.5370 ms  q1=2.4313 ms  q3=2.7959 ms  (q3-q1)=0.3646 ms
    sum of medians: 25.7034 ms
test readout_regression_diag_tests_1436::readout_regression_diag_n1024_legacy_to_vec ... ok
  N=1024 arm=PretouchedReusedDest (median over 20 trials, 20 warmup) checksum=-4106.223973:
    d2h: median=20.1492 ms  q1=5.0196 ms  q3=33.1873 ms  (q3-q1)=28.1676 ms
    host_read: median=4.1339 ms  q1=3.2679 ms  q3=7.7386 ms  (q3-q1)=4.4707 ms
    sum of medians: 24.2831 ms
test readout_regression_diag_tests_1436::readout_regression_diag_n1024_pretouched_reused_dest ... ok
  N=1024 arm=PretouchedFreshDest (median over 20 trials, 20 warmup) checksum=-4106.223973:
    d2h: median=26.3649 ms  q1=23.4411 ms  q3=45.5423 ms  (q3-q1)=22.1013 ms
    host_read: median=0.5928 ms  q1=0.5664 ms  q3=0.7543 ms  (q3-q1)=0.1879 ms
    sum of medians: 26.9577 ms
test readout_regression_diag_tests_1436::readout_regression_diag_n1024_pretouched_fresh_dest ... ok
test gemm::tests::tiled_f32_swizzle_variant_matches_cpu_reference ... ok
test gemm::tests::wmma_tf32_staged_pad_variant_matches_base_bit_exact_output ... ok
test gemm::tests::tiled_f32_swizzle_variant_matches_base_bit_exact_output ... ok
  N=2048 arm=LegacyToVec (median over 20 trials, 20 warmup) checksum=-14130.001181:
    d2h: median=43.9241 ms  q1=24.4811 ms  q3=69.5824 ms  (q3-q1)=45.1013 ms
    host_read: median=10.0327 ms  q1=8.6033 ms  q3=14.6597 ms  (q3-q1)=6.0563 ms
    sum of medians: 53.9567 ms
test gemm::tests::wmma_tf32_staged_swizzle_variant_matches_base_bit_exact_output ... ok
  N=1024 arm=BorrowedKeepAlive (median over 20 trials, 20 warmup) checksum=-4106.223973:
    d2h: median=70.7632 ms  q1=53.2727 ms  q3=91.1137 ms  (q3-q1)=37.8410 ms
    host_read: median=0.7672 ms  q1=0.7589 ms  q3=0.7824 ms  (q3-q1)=0.0236 ms
    sum of medians: 71.5304 ms
test scalar_op_cache_wiring_tests::cached_scalar_binary_kernel_second_call_reuses_cache ... ok
  N=2048 arm=BorrowedKeepAlive (median over 20 trials, 20 warmup) checksum=-14130.001181:
    d2h: median=95.1800 ms  q1=45.8139 ms  q3=110.3559 ms  (q3-q1)=64.5420 ms
    host_read: median=2.6575 ms  q1=2.2851 ms  q3=3.0526 ms  (q3-q1)=0.7675 ms
    sum of medians: 97.8375 ms
test scalar_op_cache_wiring_tests::cached_scalar_unary_kernel_clamp_payload_does_not_split_cache ... ok
test readout_regression_diag_tests_1436::readout_regression_diag_n2048_borrowed_keep_alive ... ok
test scalar_op_cache_wiring_tests::cached_scalar_unary_kernel_returns_none_for_unimplemented_kind ... ok
test scalar_op_cache_wiring_tests::cached_scalar_unary_kernel_distinct_devices_do_not_share_cache ... ok
test scalar_op_cache_wiring_tests::cached_scalar_unary_kernel_second_call_reuses_cache ... ok
test scalar_op_cache_wiring_tests::cached_scalar_unary_kernel_second_call_reuses_cache_for_transcendental_kind ... ok
  N=2048 arm=BorrowedWithDummyAllocFree (median over 20 trials, 20 warmup) checksum=-14130.001181:
    d2h: median=77.5679 ms  q1=66.2929 ms  q3=111.7984 ms  (q3-q1)=45.5055 ms
    host_read: median=18.0926 ms  q1=14.4718 ms  q3=20.1675 ms  (q3-q1)=5.6956 ms
    sum of medians: 95.6605 ms
test readout_regression_diag_tests_1436::readout_regression_diag_n2048_borrowed_with_dummy_alloc_free ... ok
  N=1024 arm=BorrowedKeepAlive (median over 20 trials, 20 warmup) checksum=-4106.223973:
    d2h: median=87.3881 ms  q1=68.9469 ms  q3=112.5557 ms  (q3-q1)=43.6088 ms
    host_read: median=0.7702 ms  q1=0.7636 ms  q3=0.8491 ms  (q3-q1)=0.0855 ms
    sum of medians: 88.1583 ms
  N=2048 arm=LegacyToVec (median over 20 trials, 20 warmup) checksum=-14130.001181:
    d2h: median=93.3288 ms  q1=50.5610 ms  q3=104.1147 ms  (q3-q1)=53.5537 ms
    host_read: median=16.0373 ms  q1=9.0792 ms  q3=23.0304 ms  (q3-q1)=13.9512 ms
    sum of medians: 109.3661 ms
  N=2048 arm=PretouchedFreshDest (median over 20 trials, 20 warmup) checksum=-14130.001181:
    d2h: median=101.5237 ms  q1=81.0901 ms  q3=111.0403 ms  (q3-q1)=29.9502 ms
    host_read: median=3.3472 ms  q1=3.0264 ms  q3=3.5422 ms  (q3-q1)=0.5158 ms
    sum of medians: 104.8709 ms
test readout_regression_diag_tests_1436::readout_regression_diag_n2048_pretouched_fresh_dest ... ok
test readout_regression_diag_tests_1436::readout_regression_diag_n2048_legacy_to_vec ... ok
  N=2048 arm=PretouchedReusedDest (median over 20 trials, 20 warmup) checksum=-14130.001181:
    d2h: median=77.0541 ms  q1=66.8889 ms  q3=89.9466 ms  (q3-q1)=23.0578 ms
    host_read: median=28.3592 ms  q1=23.2418 ms  q3=36.0402 ms  (q3-q1)=12.7984 ms
    sum of medians: 105.4133 ms
test gemm::tests::wmma_tf32_opt_kernel_parity_does_not_regress ... ok
test readout_regression_diag_tests_1436::readout_regression_diag_n2048_pretouched_reused_dest ... ok
  N=4096 arm=BorrowedKeepAlive (median over 20 trials, 20 warmup) checksum=122505.660672:
    d2h: median=105.0800 ms  q1=81.9656 ms  q3=113.4688 ms  (q3-q1)=31.5032 ms
    host_read: median=9.5942 ms  q1=8.9152 ms  q3=10.2305 ms  (q3-q1)=1.3153 ms
    sum of medians: 114.6742 ms
test readout_regression_diag_tests_1436::readout_regression_diag_n4096_borrowed_keep_alive ... ok
  N=1024 arm=BorrowedWithDummyAllocFree (median over 20 trials, 20 warmup) checksum=-4106.223973:
    d2h: median=72.5587 ms  q1=32.3163 ms  q3=82.5967 ms  (q3-q1)=50.2804 ms
    host_read: median=19.5349 ms  q1=4.3431 ms  q3=29.0930 ms  (q3-q1)=24.7499 ms
    sum of medians: 92.0936 ms
  N=2048 arm=BorrowedKeepAlive (median over 20 trials, 20 warmup) checksum=-14130.001181:
    d2h: median=99.9789 ms  q1=71.6698 ms  q3=125.2742 ms  (q3-q1)=53.6044 ms
    host_read: median=3.4449 ms  q1=3.0873 ms  q3=3.5468 ms  (q3-q1)=0.4595 ms
    sum of medians: 103.4238 ms
  N=4096 arm=LegacyToVec (median over 20 trials, 20 warmup) checksum=122505.660672:
    d2h: median=107.0806 ms  q1=80.2270 ms  q3=139.5320 ms  (q3-q1)=59.3051 ms
    host_read: median=43.2647 ms  q1=35.1077 ms  q3=47.5993 ms  (q3-q1)=12.4915 ms
    sum of medians: 150.3453 ms
  N=4096 arm=LegacyToVec (median over 20 trials, 20 warmup) checksum=122505.660672:
    d2h: median=104.3555 ms  q1=89.5538 ms  q3=112.8010 ms  (q3-q1)=23.2472 ms
    host_read: median=44.3461 ms  q1=30.9909 ms  q3=50.0233 ms  (q3-q1)=19.0324 ms
    sum of medians: 148.7017 ms
  N=4096 arm=PretouchedFreshDest (median over 20 trials, 20 warmup) checksum=122505.660672:
    d2h: median=133.5790 ms  q1=112.0902 ms  q3=145.0177 ms  (q3-q1)=32.9275 ms
    host_read: median=10.1711 ms  q1=8.8513 ms  q3=10.3998 ms  (q3-q1)=1.5485 ms
    sum of medians: 143.7501 ms
  N=4096 arm=PretouchedReusedDest (median over 20 trials, 20 warmup) checksum=122505.660672:
    d2h: median=61.4822 ms  q1=29.3412 ms  q3=77.1172 ms  (q3-q1)=47.7760 ms
    host_read: median=54.4682 ms  q1=48.4136 ms  q3=62.7084 ms  (q3-q1)=14.2948 ms
    sum of medians: 115.9503 ms
test readout_regression_diag_tests_1436::readout_regression_diag_n4096_legacy_to_vec ... ok
  N=4096 arm=BorrowedWithDummyAllocFree (median over 20 trials, 20 warmup) checksum=122505.660672:
    d2h: median=125.8057 ms  q1=82.1705 ms  q3=161.8585 ms  (q3-q1)=79.6880 ms
    host_read: median=62.2972 ms  q1=58.2108 ms  q3=78.9056 ms  (q3-q1)=20.6948 ms
    sum of medians: 188.1028 ms
  N=4096 kernel=Select (median over 20 trials, 20 warmup):
    h2d_a: median=21.3099 ms  q1=2.3044 ms  q3=40.6970 ms
    h2d_b: median=71.5354 ms  q1=2.7464 ms  q3=89.9137 ms
    alloc_c: median=0.0020 ms  q1=0.0015 ms  q3=40.6212 ms
    launch_issue: median=0.0172 ms  q1=0.0151 ms  q3=0.0195 ms
    kernel_wait: median=10.5193 ms  q1=10.1772 ms  q3=10.7973 ms
    d2h: median=130.9080 ms  q1=95.7793 ms  q3=157.0420 ms
    host_copy: median=44.1089 ms  q1=25.0223 ms  q3=50.0580 ms
    sum of medians: 278.4006 ms
  N=1024 arm=BorrowedWithDummyAllocFree (median over 20 trials, 20 warmup) checksum=-4106.223973:
    d2h: median=40.4055 ms  q1=26.5148 ms  q3=60.2995 ms  (q3-q1)=33.7847 ms
    host_read: median=42.9484 ms  q1=30.2457 ms  q3=72.4033 ms  (q3-q1)=42.1576 ms
    sum of medians: 83.3539 ms
test readout_regression_diag_tests_1436::readout_regression_diag_n4096_pretouched_fresh_dest ... ok
[jit_cache_bench:throughput] shape=(4096,4096,4096) fresh_tflops=20.22 (median_s=0.006797) cached_tflops=26.77 (median_s=0.005133) — kernel launch + sync only (excludes buffer alloc/D2H; comparable with gemm_mma_bench::measure_mma_f16), record only, non-gating (see module doc comment), ABBA counter-balanced order within each round (ROUNDS=5, see comment above)
test readout_regression_diag_tests_1436::readout_regression_diag_n4096_pretouched_reused_dest ... ok
test nvrtc::jit_cache_bench_tests::jit_cache_bench_module_load_and_throughput_parity ... ok
test readout_regression_diag_tests_1436::readout_regression_diag_n4096_borrowed_with_dummy_alloc_free ... ok
test gemm_reuse_phase_diag_tests::gemm_reuse_phase_diag_select ... ok
  N=4096 kernel=Classic (median over 20 trials, 20 warmup):
    h2d_a: median=8.8805 ms  q1=1.1732 ms  q3=16.1240 ms
    h2d_b: median=14.0789 ms  q1=1.5124 ms  q3=40.3578 ms
    alloc_c: median=3.1957 ms  q1=0.0016 ms  q3=48.4811 ms
    launch_issue: median=0.0199 ms  q1=0.0154 ms  q3=0.0237 ms
    kernel_wait: median=21.7005 ms  q1=21.4941 ms  q3=22.4837 ms
    d2h: median=97.1751 ms  q1=65.6258 ms  q3=155.8544 ms
    host_copy: median=28.1696 ms  q1=23.4145 ms  q3=53.3799 ms
    sum of medians: 173.2201 ms
  N=1024 arm=PretouchedReusedDest (median over 20 trials, 20 warmup) checksum=-4106.223973:
    d2h: median=10.6380 ms  q1=1.8588 ms  q3=27.9067 ms  (q3-q1)=26.0479 ms
    host_read: median=25.0159 ms  q1=15.2456 ms  q3=86.2349 ms  (q3-q1)=70.9892 ms
    sum of medians: 35.6539 ms
test gemm_reuse_phase_diag_tests::gemm_reuse_phase_diag_classic ... ok
  N=1024 arm=PretouchedReusedDest (median over 20 trials, 20 warmup) checksum=-4106.223973:
    d2h: median=1.5858 ms  q1=0.2701 ms  q3=14.8687 ms  (q3-q1)=14.5986 ms
    host_read: median=22.2861 ms  q1=18.1288 ms  q3=26.8592 ms  (q3-q1)=8.7304 ms
    sum of medians: 23.8719 ms
  N=2048 arm=BorrowedWithDummyAllocFree (median over 20 trials, 20 warmup) checksum=-14130.001181:
    d2h: median=1.1306 ms  q1=0.4790 ms  q3=24.3324 ms  (q3-q1)=23.8534 ms
    host_read: median=23.6080 ms  q1=15.4033 ms  q3=29.9835 ms  (q3-q1)=14.5802 ms
    sum of medians: 24.7386 ms
  N=1024 arm=PretouchedFreshDest (median over 20 trials, 20 warmup) checksum=-4106.223973:
    d2h: median=1.5032 ms  q1=1.3271 ms  q3=11.5892 ms  (q3-q1)=10.2621 ms
    host_read: median=0.7604 ms  q1=0.7544 ms  q3=0.7651 ms  (q3-q1)=0.0107 ms
    sum of medians: 2.2636 ms
  N=4096 arm=BorrowedKeepAlive (median over 20 trials, 20 warmup) checksum=122505.660672:
    d2h: median=24.6993 ms  q1=23.0581 ms  q3=27.3852 ms  (q3-q1)=4.3271 ms
    host_read: median=8.8840 ms  q1=8.8660 ms  q3=8.9039 ms  (q3-q1)=0.0379 ms
    sum of medians: 33.5833 ms
  N=1024 arm=PretouchedFreshDest (median over 20 trials, 20 warmup) checksum=-4106.223973:
    d2h: median=6.4192 ms  q1=4.7758 ms  q3=22.4392 ms  (q3-q1)=17.6634 ms
    host_read: median=0.7640 ms  q1=0.7604 ms  q3=0.7734 ms  (q3-q1)=0.0129 ms
    sum of medians: 7.1831 ms
test readout_regression_diag_tests_1436::readout_regression_diag_n1024 ... ok
=== CUDA tape 初期化コスト フェーズ分解（イシュー #926） ===
  (p1) CudaDevice::new: median=0.046 ms  q1=0.036 ms  q3=0.056 ms
  (p2) compile_ptx[naive_f32]: median=7.103 ms  q1=6.026 ms  q3=8.078 ms
  (p3) load_module+load_function[naive_f32]: median=10.465 ms  q1=0.104 ms  q3=50.124 ms
  (p2) compile_ptx[naive_f16]: median=16.859 ms  q1=14.609 ms  q3=18.565 ms
  (p3) load_module+load_function[naive_f16]: median=24.948 ms  q1=11.033 ms  q3=60.988 ms
  (p2) compile_ptx[tiled_f32]: median=6.416 ms  q1=6.193 ms  q3=9.830 ms
  (p3) load_module+load_function[tiled_f32]: median=3.421 ms  q1=1.254 ms  q3=72.752 ms
  (p2) compile_ptx[tiled_f16]: median=17.872 ms  q1=15.775 ms  q3=17.943 ms
  (p3) load_module+load_function[tiled_f16]: median=21.679 ms  q1=0.481 ms  q3=95.670 ms
  (p2) compile_ptx[tiled_bias_act_f32]: median=6.537 ms  q1=5.792 ms  q3=7.056 ms
  (p3) load_module+load_function[tiled_bias_act_f32]: median=10.492 ms  q1=3.010 ms  q3=83.073 ms
  (p2) compile_ptx[wmma_tf32]: median=34.354 ms  q1=29.629 ms  q3=34.826 ms
  (p3) load_module+load_function[wmma_tf32]: median=15.971 ms  q1=2.960 ms  q3=35.447 ms
  (p2) compile_ptx[wmma_tf32_opt]: median=33.208 ms  q1=31.082 ms  q3=35.991 ms
  (p3) load_module+load_function[wmma_tf32_opt]: median=31.384 ms  q1=2.989 ms  q3=74.651 ms
  (p2) compile_ptx[wmma_tf32_staged]: median=32.786 ms  q1=30.679 ms  q3=34.033 ms
  (p3) load_module+load_function[wmma_tf32_staged]: median=55.204 ms  q1=6.376 ms  q3=92.539 ms
  (p2+p3 本番同一呼び出し) CudaGemm::new: median=562.151 ms  q1=303.593 ms  q3=1036.235 ms
  (p4) run_tiled_f32(N=1024): median=50.439 ms  q1=3.454 ms  q3=264.440 ms
  (p1+p2+p3+p4 再構成合計。診断用の個別計測経路): median=401.099 ms  q1=255.237 ms  q3=917.910 ms
test init_cost_diag_tests::init_cost_diag_phase_breakdown ... ok
  N=2048 arm=PretouchedReusedDest (median over 20 trials, 20 warmup) checksum=-14130.001181:
    d2h: median=0.3023 ms  q1=0.2941 ms  q3=1.4660 ms  (q3-q1)=1.1718 ms
    host_read: median=9.3230 ms  q1=7.4906 ms  q3=9.6347 ms  (q3-q1)=2.1441 ms
    sum of medians: 9.6253 ms
  N=2048 arm=LegacyToVec (median over 20 trials, 20 warmup) checksum=-14130.001181:
    d2h: median=0.6609 ms  q1=0.2977 ms  q3=4.8426 ms  (q3-q1)=4.5448 ms
    host_read: median=7.6110 ms  q1=7.3858 ms  q3=14.6432 ms  (q3-q1)=7.2574 ms
    sum of medians: 8.2719 ms
  N=2048 arm=BorrowedKeepAlive (median over 20 trials, 20 warmup) checksum=-14130.001181:
    d2h: median=5.0373 ms  q1=4.6609 ms  q3=5.2474 ms  (q3-q1)=0.5865 ms
    host_read: median=2.2082 ms  q1=2.1755 ms  q3=2.2108 ms  (q3-q1)=0.0354 ms
    sum of medians: 7.2454 ms
  N=2048 arm=PretouchedFreshDest (median over 20 trials, 20 warmup) checksum=-14130.001181:
    d2h: median=11.8440 ms  q1=8.7780 ms  q3=31.4248 ms  (q3-q1)=22.6468 ms
    host_read: median=2.1888 ms  q1=2.1739 ms  q3=2.1918 ms  (q3-q1)=0.0178 ms
    sum of medians: 14.0329 ms
test readout_regression_diag_tests_1436::readout_regression_diag_n2048 ... ok
  N=2048 arm=BorrowedWithDummyAllocFree (median over 20 trials, 20 warmup) checksum=-14130.001181:
    d2h: median=4.4591 ms  q1=3.1778 ms  q3=4.7210 ms  (q3-q1)=1.5433 ms
    host_read: median=9.0489 ms  q1=8.8274 ms  q3=14.4565 ms  (q3-q1)=5.6290 ms
    sum of medians: 13.5080 ms
  N=2048 arm=PretouchedReusedDest (median over 20 trials, 20 warmup) checksum=-14130.001181:
    d2h: median=0.2898 ms  q1=0.2879 ms  q3=0.2952 ms  (q3-q1)=0.0073 ms
    host_read: median=7.9616 ms  q1=7.6384 ms  q3=8.4255 ms  (q3-q1)=0.7871 ms
    sum of medians: 8.2514 ms
  N=4096 arm=BorrowedWithDummyAllocFree (median over 20 trials, 20 warmup) checksum=122505.660672:
    d2h: median=22.8206 ms  q1=22.2419 ms  q3=23.5059 ms  (q3-q1)=1.2640 ms
    host_read: median=35.0571 ms  q1=34.7290 ms  q3=35.8694 ms  (q3-q1)=1.1404 ms
    sum of medians: 57.8777 ms
  N=2048 arm=PretouchedFreshDest (median over 20 trials, 20 warmup) checksum=-14130.001181:
    d2h: median=9.1757 ms  q1=6.8239 ms  q3=9.7819 ms  (q3-q1)=2.9580 ms
    host_read: median=2.1874 ms  q1=2.1734 ms  q3=2.1905 ms  (q3-q1)=0.0171 ms
    sum of medians: 11.3630 ms
  N=4096 arm=PretouchedReusedDest (median over 20 trials, 20 warmup) checksum=122505.660672:
    d2h: median=1.1564 ms  q1=1.1440 ms  q3=1.3087 ms  (q3-q1)=0.1647 ms
    host_read: median=31.4417 ms  q1=28.6175 ms  q3=40.1624 ms  (q3-q1)=11.5449 ms
    sum of medians: 32.5981 ms
  N=4096 arm=LegacyToVec (median over 20 trials, 20 warmup) checksum=122505.660672:
    d2h: median=26.4050 ms  q1=23.5087 ms  q3=31.3153 ms  (q3-q1)=7.8067 ms
    host_read: median=34.2141 ms  q1=30.3879 ms  q3=36.4626 ms  (q3-q1)=6.0746 ms
    sum of medians: 60.6190 ms
  N=4096 arm=PretouchedFreshDest (median over 20 trials, 20 warmup) checksum=122505.660672:
    d2h: median=39.2083 ms  q1=33.2146 ms  q3=47.9619 ms  (q3-q1)=14.7473 ms
    host_read: median=8.8051 ms  q1=8.7607 ms  q3=8.9668 ms  (q3-q1)=0.2061 ms
    sum of medians: 48.0135 ms
test readout_regression_diag_tests_1436::readout_regression_diag_n4096 ... ok
  N=4096 arm=BorrowedKeepAlive (median over 20 trials, 20 warmup) checksum=122505.660672:
    d2h: median=21.4769 ms  q1=20.9997 ms  q3=22.7257 ms  (q3-q1)=1.7260 ms
    host_read: median=8.7478 ms  q1=8.7388 ms  q3=8.7561 ms  (q3-q1)=0.0172 ms
    sum of medians: 30.2248 ms
  N=4096 arm=BorrowedWithDummyAllocFree (median over 20 trials, 20 warmup) checksum=122505.660672:
    d2h: median=19.0564 ms  q1=18.2906 ms  q3=20.7248 ms  (q3-q1)=2.4342 ms
    host_read: median=33.3329 ms  q1=33.0005 ms  q3=33.3798 ms  (q3-q1)=0.3793 ms
    sum of medians: 52.3894 ms
  N=4096 arm=PretouchedReusedDest (median over 20 trials, 20 warmup) checksum=122505.660672:
    d2h: median=1.1323 ms  q1=1.1284 ms  q3=1.2704 ms  (q3-q1)=0.1420 ms
    host_read: median=27.3495 ms  q1=27.2584 ms  q3=27.4749 ms  (q3-q1)=0.2166 ms
    sum of medians: 28.4817 ms
  N=4096 arm=PretouchedFreshDest (median over 20 trials, 20 warmup) checksum=122505.660672:
    d2h: median=18.9894 ms  q1=18.8302 ms  q3=19.0464 ms  (q3-q1)=0.2163 ms
    host_read: median=8.7635 ms  q1=8.7608 ms  q3=8.7670 ms  (q3-q1)=0.0063 ms
    sum of medians: 27.7529 ms
test readout_regression_diag_tests_1436::readout_regression_diag_all_arms ... ok

failures:

failures:
    init_cost_diag_tests::init_cost_diag_gemm_new_lru_cold_vs_warm
    module_cache_wiring_tests::cuda_gemm_new_second_construction_reuses_module_cache

test result: FAILED. 70 passed; 2 failed; 0 ignored; 0 measured; 1030 filtered out; finished in 50.80s

error: test failed, to rerun pass `-p fandhe-ai-backend-cuda --lib`
     Running tests/async_ordering_real_device.rs (<home>/work/target-fandhe-ai/release/deps/async_ordering_real_device-dc09bab25571f760)

running 3 tests
[T4 probe] CudaContext::has_async_alloc() = true (ordinal=0)
test probe_has_async_alloc_on_real_device ... ok
test forward_backward_update_chain_matches_cpu_reference_without_explicit_sync ... ok
test many_chained_sgd_steps_then_immediate_download_matches_cpu_reference ... ok

test result: ok. 3 passed; 0 failed; 0 ignored; 0 measured; 0 filtered out; finished in 0.65s

     Running tests/backend_ops_real_device.rs (<home>/work/target-fandhe-ai/release/deps/backend_ops_real_device-9e5166560e58c890)

running 1 test
test backend_ops_gemm_matches_cpu_across_shapes ... ok

test result: ok. 1 passed; 0 failed; 0 ignored; 0 measured; 3 filtered out; finished in 0.44s

     Running tests/batch_norm_parity.rs (<home>/work/target-fandhe-ai/release/deps/batch_norm_parity-1d5e929656445475)

running 10 tests
test backend_ops_batch_norm_rejects_length_mismatch ... ok
test backend_ops_batch_norm_train_non_contiguous_input_matches_contiguous_equivalent ... ok
test backend_ops_batch_norm_matches_cpu_backend_ops_across_shapes ... ok
test batch_norm_train_propagates_nan_only_for_channel_with_nan ... ok
test batch_norm_train_extreme_scale_does_not_overflow ... ok
test batch_norm_train_matches_naive_across_shapes ... ok
test batch_norm_train_extreme_values_no_nan_inf ... ok
test batch_norm_train_is_run_to_run_deterministic ... ok
test batch_norm_train_matches_backend_cpu_directly ... ok
test batch_norm_infer_matches_naive_across_shapes ... ok

test result: ok. 10 passed; 0 failed; 0 ignored; 0 measured; 2 filtered out; finished in 0.39s

     Running tests/bce_parity.rs (<home>/work/target-fandhe-ai/release/deps/bce_parity-5884ab53db050a2d)

running 1 test
test bce_matches_cpu_across_shapes ... ok

test result: ok. 1 passed; 0 failed; 0 ignored; 0 measured; 1 filtered out; finished in 0.37s

     Running tests/cast_ops_contract.rs (<home>/work/target-fandhe-ai/release/deps/cast_ops_contract-ea3bc4e3508adb5a)

running 0 tests

test result: ok. 0 passed; 0 failed; 0 ignored; 0 measured; 2 filtered out; finished in 0.00s

     Running tests/cast_parity.rs (<home>/work/target-fandhe-ai/release/deps/cast_parity-8b4b5925b7a707ea)

running 1 test
test cast_matches_cpu_across_sizes ... ok

test result: ok. 1 passed; 0 failed; 0 ignored; 0 measured; 1 filtered out; finished in 0.27s

     Running tests/constant_pad_parity.rs (<home>/work/target-fandhe-ai/release/deps/constant_pad_parity-2a9ccbab67753c12)

running 1 test
test pad_matches_cpu_across_shapes ... ok

test result: ok. 1 passed; 0 failed; 0 ignored; 0 measured; 1 filtered out; finished in 0.23s

     Running tests/cpu_cuda_mma_parity.rs (<home>/work/target-fandhe-ai/release/deps/cpu_cuda_mma_parity-5f9964c2db6b40c8)

running 4 tests
test mma_f16_matches_reference_across_shapes ... ok

thread 'mma_f16_k4096_stress' (3620723) panicked at crates/backend-cuda/tests/cpu_cuda_mma_parity.rs:65:5:
K4096 stress 256x256x4096: 複合判定 FAIL（fail_count=101/65536, max_abs_diff=6.250e-2, max_rel_err=5.849e-1, mean_abs_diff=7.646e-5, mean_rel_err=3.071e-5, p50_abs_diff=0.000e0, p99_abs_diff=4.883e-4, p999_abs_diff=1.562e-2）
note: run with `RUST_BACKTRACE=1` environment variable to display a backtrace
test mma_f16_k4096_stress ... FAILED
test mma_f16_cross_check_against_wmma_f16 ... ok
test mma_f16_k4096_stress_non_regression ... ok

failures:

failures:
    mma_f16_k4096_stress

test result: FAILED. 3 passed; 1 failed; 0 ignored; 0 measured; 1 filtered out; finished in 0.58s

error: test failed, to rerun pass `-p fandhe-ai-backend-cuda --test cpu_cuda_mma_parity`
     Running tests/cpu_cuda_parity.rs (<home>/work/target-fandhe-ai/release/deps/cpu_cuda_parity-51a3e8e64ffbf01c)

running 2 tests
test naive_f32_matches_reference_across_shapes ... ok
test naive_f32_k4096_stress_poc_v2_5 ... ok

test result: ok. 2 passed; 0 failed; 0 ignored; 0 measured; 1 filtered out; finished in 0.69s

     Running tests/cpu_cuda_tiled_pipeline_parity.rs (<home>/work/target-fandhe-ai/release/deps/cpu_cuda_tiled_pipeline_parity-c3ef926de7b05167)

running 18 tests
test run_tiled_f32_falls_back_to_classic_for_unaligned_shape ... ok
test compile_tiled_pipeline_128x64_variant_matches_run_tiled_pipeline_f32 ... ok
test tiled_pipeline_matches_reference_across_shapes ... ok
test tiled_pipeline_128x64_matches_classic_bit_exact ... ok
test run_tiled_f32_dispatches_to_pipeline_for_aligned_shape ... ok
test tiled_pipeline_zero_dim_shape_returns_empty_without_launch ... ok
test tiled_pipeline_zero_k_returns_all_zero ... ok
test tiled_pipeline_rejects_mismatched_context_handle ... ok
test tiled_pipeline_128x64_matches_reference_across_shapes ... ok
test run_tiled_f32_optin_dispatches_128x64_for_aligned_shape ... ok
test tiled_pipeline_rejects_misaligned_shape ... ok
test launch_tiled_pipeline_zero_dim_shape_is_noop_without_launch ... ok
test tiled_pipeline_matches_tiled_f32_classic_bit_exact ... ok
test default_new_dispatches_128x64_for_shapes_meeting_threshold_when_enabled ... ok
test tiled_pipeline_rejects_mismatched_context_buffers ... ok
test tiled_pipeline_128x64_matches_pipeline_64x64_bit_exact ... ok
test tiled_pipeline_k4096_stress ... ok
test tiled_pipeline_128x64_k4096_stress ... ok

test result: ok. 18 passed; 0 failed; 0 ignored; 0 measured; 2 filtered out; finished in 16.81s

     Running tests/cpu_cuda_tiled_pipeline_persistent_parity.rs (<home>/work/target-fandhe-ai/release/deps/cpu_cuda_tiled_pipeline_persistent_parity-631b5573bfee9fbf)

running 10 tests
test compile_tiled_pipeline_persistent_variant_rejects_zero_blocks_per_sm ... ok
test launch_tiled_pipeline_persistent_zero_dim_shape_is_noop_without_launch ... ok
test tiled_pipeline_persistent_repeated_launch_is_deterministic ... ok
test tiled_pipeline_persistent_rejects_mismatched_context_handle ... ok
test tiled_pipeline_persistent_rejects_misaligned_shape ... ok
test tiled_pipeline_128x64_persistent_repeated_launch_is_deterministic ... ok
test tiled_pipeline_persistent_zero_k_returns_all_zero ... ok
test tiled_pipeline_128x64_persistent_matches_64x64_persistent_bit_exact ... ok
test tiled_pipeline_persistent_matches_non_persistent_bit_exact ... ok
test tiled_pipeline_128x64_persistent_matches_non_persistent_bit_exact ... ok

test result: ok. 10 passed; 0 failed; 0 ignored; 0 measured; 2 filtered out; finished in 24.70s

     Running tests/cpu_cuda_tiled_pipeline_streamk_parity.rs (<home>/work/target-fandhe-ai/release/deps/cpu_cuda_tiled_pipeline_streamk_parity-a23c0d1981cd1e4a)

running 8 tests
test compile_tiled_pipeline_streamk_variant_rejects_zero_blocks_per_sm ... ok
test streamk_zero_k_returns_all_zero ... ok
test streamk_rejects_misaligned_shape ... ok
test streamk_rejects_mismatched_context_handle ... ok
test launch_tiled_pipeline_streamk_zero_dim_shape_is_noop_without_launch ... ok
test streamk_inactive_matches_non_streamk_bit_exact ... ok
streamk remainder-tile composite check (informational, not a pass/fail gate; see #1359): m=1024 n=1024 k=1024 blocks_per_sm=Some(1) remainder_tiles=16 q=22 max_contributors=4 fail_count=3 total=65536 max_abs_diff=0.0000553131103515625 max_rel_err=0.015132912966366837
test streamk_repeated_launch_is_deterministic ... ok
streamk remainder-tile composite check (informational, not a pass/fail gate; see #1359): m=2048 n=2048 k=2048 blocks_per_sm=Some(1) remainder_tiles=16 q=43 max_contributors=4 fail_count=4 total=65536 max_abs_diff=0.0001201629638671875 max_rel_err=0.005681322009051951
streamk remainder-tile composite check (informational, not a pass/fail gate; see #1359): m=4096 n=4096 k=4096 blocks_per_sm=Some(1) remainder_tiles=16 q=86 max_contributors=4 fail_count=21 total=65536 max_abs_diff=0.00020599365234375 max_rel_err=0.02452697471804971
streamk remainder-tile composite check (informational, not a pass/fail gate; see #1359): m=256 n=256 k=4096 blocks_per_sm=Some(1) remainder_tiles=16 q=86 max_contributors=4 fail_count=15 total=65536 max_abs_diff=0.0001983642578125 max_rel_err=0.021975108971316177
streamk remainder-tile composite check (informational, not a pass/fail gate; see #1359): m=448 n=448 k=1024 blocks_per_sm=Some(1) remainder_tiles=1 q=2 max_contributors=33 fail_count=1 total=4096 max_abs_diff=0.00003910064697265625 max_rel_err=0.007317939631920227
streamk remainder-tile composite check (informational, not a pass/fail gate; see #1359): m=60 n=68 k=36 blocks_per_sm=Some(1) remainder_tiles=2 q=1 max_contributors=4 fail_count=0 total=4080 max_abs_diff=0.000001430511474609375 max_rel_err=0.0004853463635583033
streamk remainder-tile composite check (informational, not a pass/fail gate; see #1359): m=544 n=256 k=2048 blocks_per_sm=Some(1) remainder_tiles=36 q=96 max_contributors=3 fail_count=20 total=139264 max_abs_diff=0.00011444091796875 max_rel_err=0.602669413309735
streamk remainder-tile composite check (informational, not a pass/fail gate; see #1359): m=4100 n=1028 k=64 blocks_per_sm=Some(1) remainder_tiles=1 q=1 max_contributors=5 fail_count=0 total=16 max_abs_diff=0.000002384185791015625 max_rel_err=0.0000012585980602067163
streamk remainder-tile composite check (informational, not a pass/fail gate; see #1359): m=1024 n=1024 k=1024 blocks_per_sm=None remainder_tiles=112 q=50 max_contributors=3 fail_count=9 total=458752 max_abs_diff=0.000064849853515625 max_rel_err=0.20033204555511475
streamk remainder-tile composite check (informational, not a pass/fail gate; see #1359): m=2048 n=2048 k=2048 blocks_per_sm=None remainder_tiles=16 q=15 max_contributors=10 fail_count=4 total=65536 max_abs_diff=0.000118255615234375 max_rel_err=0.01702098770847094
streamk remainder-tile composite check (informational, not a pass/fail gate; see #1359): m=4096 n=4096 k=4096 blocks_per_sm=None remainder_tiles=64 q=114 max_contributors=4 fail_count=85 total=262144 max_abs_diff=0.00035858154296875 max_rel_err=0.08590310518858862
streamk remainder-tile composite check (informational, not a pass/fail gate; see #1359): m=256 n=256 k=4096 blocks_per_sm=None remainder_tiles=16 q=29 max_contributors=10 fail_count=25 total=65536 max_abs_diff=0.000179290771484375 max_rel_err=0.06479592691097144
streamk remainder-tile composite check (informational, not a pass/fail gate; see #1359): m=448 n=448 k=1024 blocks_per_sm=None remainder_tiles=49 q=22 max_contributors=4 fail_count=11 total=200704 max_abs_diff=0.000064849853515625 max_rel_err=0.13907384679066107
streamk remainder-tile composite check (informational, not a pass/fail gate; see #1359): m=60 n=68 k=36 blocks_per_sm=None remainder_tiles=2 q=1 max_contributors=4 fail_count=0 total=4080 max_abs_diff=0.000001430511474609375 max_rel_err=0.0004853463635583033
streamk remainder-tile composite check (informational, not a pass/fail gate; see #1359): m=544 n=256 k=2048 blocks_per_sm=None remainder_tiles=36 q=32 max_contributors=5 fail_count=24 total=139264 max_abs_diff=0.0001220703125 max_rel_err=0.602669413309735
streamk remainder-tile composite check (informational, not a pass/fail gate; see #1359): m=4100 n=1028 k=64 blocks_per_sm=None remainder_tiles=97 q=3 max_contributors=3 fail_count=0 total=312592 max_abs_diff=0.000003814697265625 max_rel_err=0.009984296633873457
test streamk_full_tiles_match_non_persistent_bit_exact ... ok

test result: ok. 8 passed; 0 failed; 0 ignored; 0 measured; 1 filtered out; finished in 22.32s

     Running tests/cpu_cuda_wmma_parity.rs (<home>/work/target-fandhe-ai/release/deps/cpu_cuda_wmma_parity-f9d586483df40a0a)

running 4 tests
test wmma_f16_matches_reference_across_shapes ... ok
test wmma_f16_k4096_stress_non_regression ... ok

thread 'wmma_f16_k4096_stress' (3620942) panicked at crates/backend-cuda/tests/cpu_cuda_wmma_parity.rs:92:5:
K4096 stress 256x256x4096: 複合判定 FAIL（fail_count=99/65536, max_abs_diff=6.250e-2, max_rel_err=3.328e-2, mean_abs_diff=7.562e-5, mean_rel_err=1.653e-5, p50_abs_diff=0.000e0, p99_abs_diff=4.883e-4, p999_abs_diff=1.562e-2）
note: run with `RUST_BACKTRACE=1` environment variable to display a backtrace
test wmma_f16_k4096_stress ... FAILED
test wmma_f16_cross_check_against_naive_f16 ... ok

failures:

failures:
    wmma_f16_k4096_stress

test result: FAILED. 3 passed; 1 failed; 0 ignored; 0 measured; 1 filtered out; finished in 0.68s

error: test failed, to rerun pass `-p fandhe-ai-backend-cuda --test cpu_cuda_wmma_parity`
     Running tests/device.rs (<home>/work/target-fandhe-ai/release/deps/device-86e90e208816d4aa)

running 1 test
test select_device_zero_on_real_hardware ... ok

test result: ok. 1 passed; 0 failed; 0 ignored; 0 measured; 5 filtered out; finished in 0.21s

     Running tests/device_init.rs (<home>/work/target-fandhe-ai/release/deps/device_init-4697e7012c1b5889)

running 1 test
test new_returns_ok_with_valid_metadata_on_real_hardware ... ok

test result: ok. 1 passed; 0 failed; 0 ignored; 0 measured; 5 filtered out; finished in 0.30s

     Running tests/dispatch_boundary.rs (<home>/work/target-fandhe-ai/release/deps/dispatch_boundary-3c39ff642167fff9)

running 2 tests
environment: name="NVIDIA GB10" compute_capability=(12, 1) arch="compute_121"
dispatch_boundary_record_kernel_only dim=2048 path=wmma_f16_opt tflops=6.513 report={"schema_version":"1","name":"gemm_wmma_f16_opt_kernel_only_dim2048","backend":"cuda","warmup":20,"iters":20,"median_secs":0.002637818,"q1_secs":0.002622602,"q3_secs":0.002773962,"samples_secs":[0.002606426,0.002625802,0.002610202,0.002637642,0.00350388,0.002855386,0.002744793,0.002773962,0.002718874,0.002637818,0.004046374,0.003194633,0.002621866,0.002622202,0.002624682,0.002626762,0.002622602,0.00261473,0.003547608,0.00269577]}
dispatch_boundary_record_kernel_only dim=2048 path=mma_sync_f16 tflops=51.462 mma_over_wmma=7.901 report={"schema_version":"1","name":"gemm_mma_f16_kernel_only_dim2048","backend":"cuda","warmup":20,"iters":20,"median_secs":0.000333839,"q1_secs":0.000332336,"q3_secs":0.000334175,"samples_secs":[0.000333327,0.0003348,0.000334175,0.000330975,0.000333839,0.00033392,0.000334047,0.000332911,0.000332943,0.000332336,0.000333151,0.000331887,0.000332047,0.000331232,0.000333903,0.000332159,0.000357039,0.000392159,0.000573599,0.000484447]}
dispatch_boundary_record dim=128 path=tiled_f32 tflops=2.166
dispatch_boundary_record dim=128 path=wmma_tf32_opt tflops=0.652 matrix_unit_over_tiled=0.301 report={"schema_version":"1","name":"gemm_wmma_tf32_opt_dim128","backend":"cuda","warmup":20,"iters":20,"median_secs":0.000029824,"q1_secs":0.000027568,"q3_secs":0.000053168,"samples_secs":[0.000070208,0.000029888,0.000028672,0.000053168,0.031567175,0.000058192,0.000030352,0.000028832,0.000028384,0.00002752,0.000027008,0.000026912,0.000028032,0.00002728,0.000029824,0.000027568,0.000026608,0.06315096,0.031494744,0.000031184]}
dispatch_boundary_record dim=128 path=tiled_f16 tflops=1.464
dispatch_boundary_record dim=128 path=wmma_f16_opt tflops=0.264 matrix_unit_over_tiled=0.180 report={"schema_version":"1","name":"gemm_wmma_f16_opt_dim128","backend":"cuda","warmup":20,"iters":20,"median_secs":0.000039456,"q1_secs":0.000036256,"q3_secs":0.002391963,"samples_secs":[0.000038528,0.0315586,0.031561688,0.000034896,0.000034848,0.000039456,0.038723432,0.002621018,0.000039408,0.000037088,0.000039487,0.000036256,0.00003464,0.000036208,0.005266516,0.002380603,0.000037776,0.0000356,0.000192463,0.002391963]}
dispatch_boundary_record_kernel_only dim=4096 path=wmma_f16_opt tflops=4.337 report={"schema_version":"1","name":"gemm_wmma_f16_opt_kernel_only_dim4096","backend":"cuda","warmup":20,"iters":20,"median_secs":0.031690776,"q1_secs":0.031529512,"q3_secs":0.032005511,"samples_secs":[0.032531558,0.031508024,0.031529512,0.031628104,0.031520504,0.032729558,0.031525768,0.031876775,0.032088119,0.031535832,0.032005511,0.032610534,0.031526424,0.031980311,0.031541272,0.031506376,0.031999863,0.033118564,0.03153668,0.031690776]}
dispatch_boundary_record_kernel_only dim=4096 path=mma_sync_f16 tflops=54.288 mma_over_wmma=12.518 report={"schema_version":"1","name":"gemm_mma_f16_kernel_only_dim4096","backend":"cuda","warmup":20,"iters":20,"median_secs":0.002531658,"q1_secs":0.002513162,"q3_secs":0.002705466,"samples_secs":[0.002503994,0.002529258,0.002508346,0.002615994,0.003227833,0.002705466,0.002513546,0.002531658,0.002509563,0.002527466,0.002513162,0.003087001,0.002910377,0.002528427,0.002508266,0.002535562,0.002511578,0.002532043,0.002771945,0.003149033]}
test large_shape_mma_pipeline_vs_wmma_tflops_record ... ok
dispatch_boundary_record dim=256 path=tiled_f32 tflops=6.009
dispatch_boundary_record dim=256 path=wmma_tf32_opt tflops=2.950 matrix_unit_over_tiled=0.491 report={"schema_version":"1","name":"gemm_wmma_tf32_opt_dim256","backend":"cuda","warmup":20,"iters":20,"median_secs":0.000053728,"q1_secs":0.000053088,"q3_secs":0.000053904,"samples_secs":[0.000052736,0.00005376,0.000052752,0.00005392,0.000052447,0.000052384,0.000053088,0.000053888,0.000053312,0.000053984,0.000053408,0.00005392,0.000053551,0.000054064,0.000054592,0.000053728,0.000053904,0.000053808,0.000052864,0.00005328]}
dispatch_boundary_record dim=256 path=tiled_f16 tflops=1.695
dispatch_boundary_record dim=256 path=wmma_f16_opt tflops=1.260 matrix_unit_over_tiled=0.743 report={"schema_version":"1","name":"gemm_wmma_f16_opt_dim256","backend":"cuda","warmup":20,"iters":20,"median_secs":0.000061456,"q1_secs":0.000061376,"q3_secs":0.000061584,"samples_secs":[0.000061408,0.000062496,0.000061584,0.000062176,0.00006136,0.000060624,0.000061151,0.000061504,0.000061456,0.000061376,0.000063472,0.000061392,0.000061504,0.000062287,0.00006144,0.000061552,0.000061424,0.00006232,0.000061328,0.000060448]}
dispatch_boundary_record dim=384 path=tiled_f32 tflops=7.450
dispatch_boundary_record dim=384 path=wmma_tf32_opt tflops=6.165 matrix_unit_over_tiled=0.828 report={"schema_version":"1","name":"gemm_wmma_tf32_opt_dim384","backend":"cuda","warmup":20,"iters":20,"median_secs":0.000078432,"q1_secs":0.000078223,"q3_secs":0.0000788,"samples_secs":[0.000079344,0.000078784,0.000078223,0.000080128,0.000078336,0.000078544,0.000078592,0.000078831,0.000078368,0.000078112,0.000078432,0.00007808,0.000078912,0.000078431,0.000078048,0.0000788,0.000080096,0.000078256,0.000078032,0.000077471]}
dispatch_boundary_record dim=384 path=tiled_f16 tflops=2.265
dispatch_boundary_record dim=384 path=wmma_f16_opt tflops=2.499 matrix_unit_over_tiled=1.103 report={"schema_version":"1","name":"gemm_wmma_f16_opt_dim384","backend":"cuda","warmup":20,"iters":20,"median_secs":0.000090096,"q1_secs":0.000089872,"q3_secs":0.000090175,"samples_secs":[0.000092271,0.00009048,0.000089392,0.000089904,0.000090112,0.000089887,0.000090224,0.000090128,0.000090096,0.000089872,0.000090287,0.000088848,0.000089456,0.000089872,0.000090128,0.000090175,0.000089776,0.000089744,0.000090576,0.000089936]}
dispatch_boundary_record dim=512 path=tiled_f32 tflops=8.508
dispatch_boundary_record dim=512 path=wmma_tf32_opt tflops=7.858 matrix_unit_over_tiled=0.924 report={"schema_version":"1","name":"gemm_wmma_tf32_opt_dim512","backend":"cuda","warmup":20,"iters":20,"median_secs":0.000119279,"q1_secs":0.000118688,"q3_secs":0.000119568,"samples_secs":[0.00011968,0.000120287,0.000119696,0.000118688,0.000119231,0.000118656,0.00011744,0.000117872,0.000118415,0.000119664,0.000118864,0.000119296,0.000119279,0.000118688,0.00011944,0.000119792,0.000118703,0.000119568,0.00011912,0.000119487]}
dispatch_boundary_record dim=512 path=tiled_f16 tflops=2.077
dispatch_boundary_record dim=512 path=wmma_f16_opt tflops=4.086 matrix_unit_over_tiled=1.967 report={"schema_version":"1","name":"gemm_wmma_f16_opt_dim512","backend":"cuda","warmup":20,"iters":20,"median_secs":0.000121823,"q1_secs":0.000114832,"q3_secs":0.0001228,"samples_secs":[0.000122864,0.000122848,0.000122927,0.000115328,0.000122128,0.0001228,0.000122751,0.000121776,0.000122848,0.000122783,0.000114496,0.000114896,0.0001144,0.000114895,0.000114416,0.000114688,0.000114832,0.000121823,0.0001228,0.000114528]}
test small_shape_matrix_unit_has_no_floor_tflops_record ... ok

test result: ok. 2 passed; 0 failed; 0 ignored; 0 measured; 0 filtered out; finished in 2.02s

     Running tests/elementwise_device_real_device.rs (<home>/work/target-fandhe-ai/release/deps/elementwise_device_real_device-47ebbcb19a7c4156)

running 4 tests
test binary_elementwise_device_handles_empty_numel_on_real_device ... ok
test binary_elementwise_device_rejects_shape_and_device_mismatch_on_real_device ... ok
test elementwise_device_chain_matches_per_op_host_composition_on_real_device ... ok
test binary_and_unary_elementwise_device_match_host_bit_exact_on_real_device ... ok

test result: ok. 4 passed; 0 failed; 0 ignored; 0 measured; 0 filtered out; finished in 0.35s

     Running tests/gather_scatter_parity.rs (<home>/work/target-fandhe-ai/release/deps/gather_scatter_parity-119b68cea4d07afd)

running 3 tests
test one_hot_matches_cpu_across_shapes ... ok
test gather_matches_cpu_across_shapes ... ok
test scatter_matches_cpu_across_shapes_and_reduce ... ok

test result: ok. 3 passed; 0 failed; 0 ignored; 0 measured; 2 filtered out; finished in 0.27s

     Running tests/gemm_auto.rs (<home>/work/target-fandhe-ai/release/deps/gemm_auto-6ed0e095cf172ab9)

running 8 tests
test select_tile_config_for_device_succeeds_on_real_hardware ... ok
test f16_matrix_unit_impl_reports_selected_implementation ... ok
test run_f16_matches_cpu_reference ... ok
test run_f16_misaligned_shape_falls_back_to_wmma_or_tiled ... ok
test run_f16_k4096_stress_non_regression_route_aware ... ok
test run_f16_matches_cpu_reference_across_aligned_shapes ... ok
test mma_field_is_constructed_by_compute_capability_gate ... ok
test run_f32_matches_cpu_reference ... ok

test result: ok. 8 passed; 0 failed; 0 ignored; 0 measured; 1 filtered out; finished in 2.43s

     Running tests/gemm_batched_parity.rs (<home>/work/target-fandhe-ai/release/deps/gemm_batched_parity-039fc844d2f4e92d)

running 2 tests
test gemm_batched_matches_cpu_reference_on_real_device ... ok
test gemm_batched_fp32_strict_matches_default_per_batch_composition_bit_exact_on_real_device ... ok

test result: ok. 2 passed; 0 failed; 0 ignored; 0 measured; 1 filtered out; finished in 0.49s

     Running tests/gemm_bias_act_parity.rs (<home>/work/target-fandhe-ai/release/deps/gemm_bias_act_parity-eb04213570b07da7)

running 2 tests
test elementwise_matches_cpu_across_ops ... ok
test gemm_bias_act_matches_cpu_across_shapes ... ok

test result: ok. 2 passed; 0 failed; 0 ignored; 0 measured; 1 filtered out; finished in 0.45s

     Running tests/gemm_f32_variants.rs (<home>/work/target-fandhe-ai/release/deps/gemm_f32_variants-a0769874900ee6f5)

running 2 tests
test split_k_forced_execution_is_bit_deterministic_and_reproduces_gb10_fail ... ok
test run_f32_matches_cpu_reference_across_variant_shapes ... ok

test result: ok. 2 passed; 0 failed; 0 ignored; 0 measured; 2 filtered out; finished in 11.60s

     Running tests/gemm_fp32_strict_into_parity.rs (<home>/work/target-fandhe-ai/release/deps/gemm_fp32_strict_into_parity-1ffd03a5619dc643)

running 4 tests
test gemm_fp32_strict_into_rejects_out_on_different_ordinal_on_real_device ... ok
test gemm_fp32_strict_into_nn_fallback_matches_gemm_fp32_strict_on_real_device ... ok
test gemm_fp32_strict_into_respects_nonzero_offset_and_leaves_out_of_range_untouched_on_real_device ... ok
test gemm_fp32_strict_into_nt_and_tn_match_gemm_fp32_strict_on_real_device ... ok

test result: ok. 4 passed; 0 failed; 0 ignored; 0 measured; 0 filtered out; finished in 0.42s

     Running tests/gemm_mma.rs (<home>/work/target-fandhe-ai/release/deps/gemm_mma-ad7fa898865cd7b3)

running 5 tests
test mma_f16_rejects_m_exceeding_grid_dim_y_limit ... ok
test mma_f16_zero_dim_shape_returns_empty_without_launch ... ok
test mma_f16_accepts_noop_shape_with_misaligned_n_when_k_is_zero ... ok
test mma_f16_rejects_non_multiple_of_eight_shape ... ok
test mma_f16_zero_k_returns_all_zero ... ok

test result: ok. 5 passed; 0 failed; 0 ignored; 0 measured; 2 filtered out; finished in 0.60s

     Running tests/gemm_mma_tf32.rs (<home>/work/target-fandhe-ai/release/deps/gemm_mma_tf32-8865da338c3d9949)

running 4 tests
test mma_tf32_matches_reference_across_shapes ... ok
test launch_tf32_zero_dim_shape_is_noop_or_zero_fills_without_launch ... ok
test mma_tf32_zero_dim_shape_returns_empty_without_launch ... ok
test mma_tf32_k4096_stress ... ok

test result: ok. 4 passed; 0 failed; 0 ignored; 0 measured; 4 filtered out; finished in 8.99s

     Running tests/gemm_mma_tf32_triage.rs (<home>/work/target-fandhe-ai/release/deps/gemm_mma_tf32_triage-792dad8b74190eb9)

running 2 tests
--- 16x8x8 (1 mma.sync call) (m=16 n=8 k=8 seed=5000) ---
  [(a) mma vs CPU f32 ref (no pre-rounding)] fail_count=12/128 max_abs_diff=8.534e-4 max_rel_err=5.294e-2 mean_abs_diff=1.885e-4 mean_rel_err=8.907e-4
  [(b) mma vs CPU ref w/ TF32-rounded inputs] fail_count=0/128 max_abs_diff=2.384e-7 max_rel_err=5.895e-7 mean_abs_diff=3.760e-8 mean_rel_err=4.951e-8
  [(c) staged vs CPU ref w/ TF32-rounded inputs] fail_count=0/128 max_abs_diff=2.384e-7 max_rel_err=1.757e-7 mean_abs_diff=3.737e-8 mean_rel_err=4.349e-8
  [(d) mma vs staged (direct)] fail_count=0/128 max_abs_diff=1.192e-7 max_rel_err=5.895e-7 mean_abs_diff=6.286e-9 mean_rel_err=1.374e-8
  [(a) mma vs f32 ref] fail coords (up to 32): [(0, 1), (3, 0), (4, 5), (5, 1), (5, 6), (8, 3), (8, 4), (10, 1), (11, 0), (11, 1), (11, 5), (14, 7)]
  [(a) mma vs f32 ref] row%16 histogram: [1, 0, 0, 1, 1, 2, 0, 0, 2, 0, 1, 3, 0, 0, 1, 0]
  [(a) mma vs f32 ref] col%8  histogram: [2, 4, 0, 1, 1, 2, 1, 1]
  [(d) mma vs staged] fail coords (up to 32): []
  [(d) mma vs staged] row%16 histogram: [0, 0, 0, 0, 0, 0, 0, 0, 0, 0, 0, 0, 0, 0, 0, 0]
  [(d) mma vs staged] col%8  histogram: [0, 0, 0, 0, 0, 0, 0, 0]
--- 64x64x64 (1 block tile) (m=64 n=64 k=64 seed=5001) ---
  [(a) mma vs CPU f32 ref (no pre-rounding)] fail_count=652/4096 max_abs_diff=2.632e-3 max_rel_err=4.712e-1 mean_abs_diff=5.528e-4 mean_rel_err=1.244e-3
  [(b) mma vs CPU ref w/ TF32-rounded inputs] fail_count=0/4096 max_abs_diff=3.815e-6 max_rel_err=2.428e-4 mean_abs_diff=4.001e-7 mean_rel_err=6.371e-7
  [(c) staged vs CPU ref w/ TF32-rounded inputs] fail_count=0/4096 max_abs_diff=4.768e-6 max_rel_err=2.428e-4 mean_abs_diff=6.176e-7 mean_rel_err=8.777e-7
  [(d) mma vs staged (direct)] fail_count=0/4096 max_abs_diff=2.146e-6 max_rel_err=5.921e-5 mean_abs_diff=2.560e-7 mean_rel_err=3.016e-7
TRIAGE_ROW test=mma_tf32_matches_reference_across_shapes shape=16x8x8 seed=5000 fail_count=12/128 max_abs_diff=8.534193e-4 max_rel_err=5.294424e-2 mean_abs_diff=1.885425e-4
TRIAGE_ROW test=mma_tf32_matches_reference_across_shapes shape=64x64x64 seed=5001 fail_count=652/4096 max_abs_diff=2.631545e-3 max_rel_err=4.712391e-1 mean_abs_diff=5.527890e-4
TRIAGE_ROW test=mma_tf32_matches_reference_across_shapes shape=128x128x128 seed=5002 fail_count=2658/16384 max_abs_diff=3.862381e-3 max_rel_err=8.963763e-1 mean_abs_diff=7.813100e-4
TRIAGE_ROW test=mma_tf32_matches_reference_across_shapes shape=512x512x512 seed=5003 fail_count=42434/262144 max_abs_diff=9.908676e-3 max_rel_err=1.982552e0 mean_abs_diff=1.572114e-3
TRIAGE_ROW test=mma_tf32_matches_reference_across_shapes shape=60x68x36 seed=5004 fail_count=620/4080 max_abs_diff=1.818419e-3 max_rel_err=3.456690e-1 mean_abs_diff=4.153087e-4
TRIAGE_ROW test=mma_tf32_matches_reference_across_shapes shape=68x60x20 seed=5005 fail_count=659/4080 max_abs_diff=1.352288e-3 max_rel_err=1.545300e0 mean_abs_diff=2.946971e-4
TRIAGE_ROW test=mma_tf32_matches_reference_across_shapes shape=96x68x72 seed=5006 fail_count=1063/6528 max_abs_diff=2.900362e-3 max_rel_err=5.599761e-1 mean_abs_diff=5.776751e-4
TRIAGE_ROW test=mma_tf32_matches_reference_across_shapes shape=64x96x256 seed=5007 fail_count=956/6144 max_abs_diff=5.916238e-3 max_rel_err=1.433801e0 mean_abs_diff=1.103097e-3
TRIAGE_ROW test=mma_tf32_matches_reference_across_shapes shape=4x4x4 seed=5008 fail_count=2/16 max_abs_diff=2.046824e-4 max_rel_err=2.168237e-3 mean_abs_diff=6.605976e-5
--- 512x512x512 (m=512 n=512 k=512 seed=5002) ---
  [(a) mma vs CPU f32 ref (no pre-rounding)] fail_count=42462/262144 max_abs_diff=9.130e-3 max_rel_err=1.930e0 mean_abs_diff=1.570e-3 mean_rel_err=1.454e-3
  [(b) mma vs CPU ref w/ TF32-rounded inputs] fail_count=6/262144 max_abs_diff=7.248e-5 max_rel_err=2.937e-1 mean_abs_diff=7.367e-6 mean_rel_err=6.167e-6
  [(c) staged vs CPU ref w/ TF32-rounded inputs] fail_count=101/262144 max_abs_diff=1.068e-4 max_rel_err=4.158e-1 mean_abs_diff=1.417e-5 mean_rel_err=1.091e-5
  [(d) mma vs staged (direct)] fail_count=5/262144 max_abs_diff=5.150e-5 max_rel_err=1.729e-1 mean_abs_diff=6.882e-6 mean_rel_err=5.112e-6
  [(a) mma vs f32 ref] fail coords (up to 32): [(0, 3), (0, 7), (0, 13), (0, 19), (0, 21), (0, 27), (0, 29), (0, 31), (0, 37), (0, 38), (0, 40), (0, 44), (0, 46), (0, 47), (0, 50), (0, 59), (0, 61), (0, 66), (0, 88), (0, 90), (0, 97), (0, 99), (0, 119), (0, 133), (0, 138), (0, 148), (0, 152), (0, 156), (0, 159), (0, 163), (0, 172), (0, 180)]
  [(a) mma vs f32 ref] row%16 histogram: [2681, 2672, 2671, 2637, 2684, 2613, 2733, 2686, 2623, 2650, 2564, 2674, 2623, 2663, 2670, 2618]
  [(a) mma vs f32 ref] col%8  histogram: [5390, 5252, 5291, 5326, 5276, 5240, 5428, 5259]
  [(d) mma vs staged] fail coords (up to 32): [(44, 212), (303, 460), (353, 481), (382, 501), (459, 83)]
  [(d) mma vs staged] row%16 histogram: [0, 1, 0, 0, 0, 0, 0, 0, 0, 0, 0, 1, 1, 0, 1, 1]
  [(d) mma vs staged] col%8  histogram: [0, 1, 0, 1, 2, 1, 0, 0]
--- 256x256x4096 (K-dominant) (m=256 n=256 k=4096 seed=9001) ---
  [(a) mma vs CPU f32 ref (no pre-rounding)] fail_count=10796/65536 max_abs_diff=2.310e-2 max_rel_err=1.645e0 mean_abs_diff=4.429e-3 mean_rel_err=1.440e-3
  [(b) mma vs CPU ref w/ TF32-rounded inputs] fail_count=195/65536 max_abs_diff=1.129e-3 max_rel_err=1.351e-1 mean_abs_diff=1.631e-4 mean_rel_err=3.494e-5
  [(c) staged vs CPU ref w/ TF32-rounded inputs] fail_count=406/65536 max_abs_diff=2.022e-3 max_rel_err=2.604e-1 mean_abs_diff=3.243e-4 mean_rel_err=6.902e-5
  [(d) mma vs staged (direct)] fail_count=204/65536 max_abs_diff=9.384e-4 max_rel_err=1.448e-1 mean_abs_diff=1.614e-4 mean_rel_err=3.468e-5
test mma_tf32_triage_dump ... ok
TRIAGE_ROW test=mma_tf32_k4096_stress shape=4096x4096x4096 seed=9001 fail_count=2723936/16777216 max_abs_diff=3.209305e-2 max_rel_err=1.997901e0 mean_abs_diff=4.445814e-3
TRIAGE_ROW test=mma_tf32_matches_wmma_tf32_staged_across_shapes shape=64x64x64 seed=6000 fail_count=0/4096 max_abs_diff=2.384186e-6 max_rel_err=9.250095e-5 mean_abs_diff=2.648239e-7
TRIAGE_ROW test=mma_tf32_matches_wmma_tf32_staged_across_shapes shape=128x128x128 seed=6001 fail_count=0/16384 max_abs_diff=7.629395e-6 max_rel_err=2.686944e-3 mean_abs_diff=8.034967e-7
TRIAGE_ROW test=mma_tf32_matches_wmma_tf32_staged_across_shapes shape=512x512x512 seed=6002 fail_count=7/262144 max_abs_diff=6.866455e-5 max_rel_err=1.004197e-1 mean_abs_diff=6.919438e-6
TRIAGE_ROW test=mma_tf32_matches_wmma_tf32_staged_across_shapes shape=60x68x36 seed=6003 fail_count=0/4080 max_abs_diff=1.192093e-6 max_rel_err=6.343165e-4 mean_abs_diff=7.758100e-8
TRIAGE_ROW test=mma_tf32_matches_wmma_tf32_staged_across_shapes shape=68x60x20 seed=6004 fail_count=0/4080 max_abs_diff=4.768372e-7 max_rel_err=2.981426e-5 mean_abs_diff=2.720010e-8
TRIAGE_ROW test=mma_tf32_matches_wmma_tf32_staged_across_shapes shape=96x68x72 seed=6005 fail_count=0/6528 max_abs_diff=2.861023e-6 max_rel_err=2.526848e-3 mean_abs_diff=3.355352e-7
TRIAGE_ROW test=mma_tf32_matches_wmma_tf32_staged_across_shapes shape=64x96x256 seed=6006 fail_count=0/6144 max_abs_diff=1.335144e-5 max_rel_err=6.811400e-4 mean_abs_diff=2.289108e-6
TRIAGE_ROW test=mma_tf32_matches_wmma_tf32_staged_across_shapes shape=4x4x4 seed=6007 fail_count=0/16 max_abs_diff=0.000000e0 max_rel_err=0.000000e0 mean_abs_diff=0.000000e0
TRIAGE_ROW test=mma_tf32_matches_wmma_tf32_staged_k4096_stress shape=4096x4096x4096 seed=9002 fail_count=50074/16777216 max_abs_diff=1.220703e-3 max_rel_err=1.977191e0 mean_abs_diff=1.616795e-4
TRIAGE_ROW test=minimal_shape_search shape=4x4x4 seed=7001 fail_count=2/16 max_abs_diff=2.681613e-4 max_rel_err=1.258925e-3 mean_abs_diff=8.027116e-5
TRIAGE_ROW test=minimal_shape_search shape=4x4x4 seed=7002 fail_count=3/16 max_abs_diff=4.464388e-4 max_rel_err=4.040778e-3 mean_abs_diff=1.122234e-4
TRIAGE_ROW test=minimal_shape_search shape=4x4x4 seed=7003 fail_count=1/16 max_abs_diff=5.478859e-4 max_rel_err=1.606662e-2 mean_abs_diff=1.489615e-4
TRIAGE_ROW test=minimal_shape_search shape=4x4x4 seed=7004 fail_count=7/16 max_abs_diff=4.721582e-4 max_rel_err=9.527415e-3 mean_abs_diff=1.358935e-4
TRIAGE_ROW test=minimal_shape_search shape=4x4x4 seed=7005 fail_count=0/16 max_abs_diff=3.282428e-4 max_rel_err=7.359551e-4 mean_abs_diff=1.345631e-4
TRIAGE_ROW test=minimal_shape_search shape=4x4x8 seed=7001 fail_count=0/16 max_abs_diff=2.253056e-4 max_rel_err=6.836975e-4 mean_abs_diff=1.090323e-4
TRIAGE_ROW test=minimal_shape_search shape=4x4x8 seed=7002 fail_count=3/16 max_abs_diff=3.654696e-4 max_rel_err=1.527420e-2 mean_abs_diff=1.765296e-4
TRIAGE_ROW test=minimal_shape_search shape=4x4x8 seed=7003 fail_count=1/16 max_abs_diff=7.387400e-4 max_rel_err=2.941053e-3 mean_abs_diff=1.832722e-4
TRIAGE_ROW test=minimal_shape_search shape=4x4x8 seed=7004 fail_count=4/16 max_abs_diff=5.756617e-4 max_rel_err=2.541145e-2 mean_abs_diff=2.123687e-4
TRIAGE_ROW test=minimal_shape_search shape=4x4x8 seed=7005 fail_count=1/16 max_abs_diff=4.101098e-4 max_rel_err=1.493074e-3 mean_abs_diff=1.575043e-4
TRIAGE_ROW test=minimal_shape_search shape=16x8x8 seed=7001 fail_count=27/128 max_abs_diff=6.578863e-4 max_rel_err=1.849726e-2 mean_abs_diff=1.878113e-4
TRIAGE_ROW test=minimal_shape_search shape=16x8x8 seed=7002 fail_count=17/128 max_abs_diff=8.797646e-4 max_rel_err=1.334618e-1 mean_abs_diff=1.984833e-4
TRIAGE_ROW test=minimal_shape_search shape=16x8x8 seed=7003 fail_count=18/128 max_abs_diff=9.912848e-4 max_rel_err=3.095597e-2 mean_abs_diff=2.002640e-4
TRIAGE_ROW test=minimal_shape_search shape=16x8x8 seed=7004 fail_count=20/128 max_abs_diff=6.330013e-4 max_rel_err=2.266422e-2 mean_abs_diff=1.738368e-4
TRIAGE_ROW test=minimal_shape_search shape=16x8x8 seed=7005 fail_count=19/128 max_abs_diff=6.934404e-4 max_rel_err=8.701877e-3 mean_abs_diff=1.755547e-4
test mma_tf32_triage_all_shapes ... ok

test result: ok. 2 passed; 0 failed; 0 ignored; 0 measured; 4 filtered out; finished in 9.91s

     Running tests/gemm_mma_tf32x3.rs (<home>/work/target-fandhe-ai/release/deps/gemm_mma_tf32x3-b74b7aad00a9cbc5)

running 4 tests
test launch_tf32x3_zero_dim_shape_is_noop_or_zero_fills_without_launch ... ok

thread 'mma_tf32x3_matches_reference_across_shapes' (3621179) panicked at crates/backend-cuda/tests/gemm_mma_tf32x3.rs:312:9:
mma_tf32x3 m=512 n=512 k=512: 複合判定 FAIL（fail_count=212/262144, max_abs_diff=1.469e-4, max_rel_err=4.970e-1, mean_abs_diff=2.152e-5, mean_rel_err=1.517e-5, p50_abs_diff=1.786e-5, p99_abs_diff=7.343e-5, p999_abs_diff=1.011e-4）
note: run with `RUST_BACKTRACE=1` environment variable to display a backtrace
test mma_tf32x3_matches_reference_across_shapes ... FAILED
test mma_tf32x3_zero_dim_shape_returns_empty_without_launch ... ok

thread 'mma_tf32x3_k4096_stress' (3621178) panicked at crates/backend-cuda/tests/gemm_mma_tf32x3.rs:344:5:
mma_tf32x3 k4096 stress: 複合判定 FAIL（fail_count=151916/16777216, max_abs_diff=3.731e-3, max_rel_err=1.985e0, mean_abs_diff=4.872e-4, mean_rel_err=1.191e-4, p50_abs_diff=4.101e-4, p99_abs_diff=1.606e-3, p999_abs_diff=1.991e-3）
test mma_tf32x3_k4096_stress ... FAILED

failures:

failures:
    mma_tf32x3_k4096_stress
    mma_tf32x3_matches_reference_across_shapes

test result: FAILED. 2 passed; 2 failed; 0 ignored; 0 measured; 4 filtered out; finished in 9.63s

error: test failed, to rerun pass `-p fandhe-ai-backend-cuda --test gemm_mma_tf32x3`
     Running tests/gemm_naive.rs (<home>/work/target-fandhe-ai/release/deps/gemm_naive-2c0b04f08e9b6053)

running 3 tests
test naive_f16_runs_and_returns_expected_shape ... ok
test run_naive_f32_rejects_length_mismatch_before_launch ... ok
test naive_f32_zero_dim_shape_returns_empty_without_launch ... ok

test result: ok. 3 passed; 0 failed; 0 ignored; 0 measured; 2 filtered out; finished in 0.86s

     Running tests/gemm_resident_real_device.rs (<home>/work/target-fandhe-ai/release/deps/gemm_resident_real_device-e9e18b43e29ba448)

running 2 tests
test gemm_resident_lhs_matches_cpu_reference_on_real_device ... ok
test gemm_resident_rhs_matches_cpu_reference_on_real_device ... ok

test result: ok. 2 passed; 0 failed; 0 ignored; 0 measured; 0 filtered out; finished in 0.43s

     Running tests/gemm_tf32_optin.rs (<home>/work/target-fandhe-ai/release/deps/gemm_tf32_optin-49c7185d2380ab92)

running 4 tests

thread 'gemm_tf32x3_optin_on_matches_cpu_across_shapes' (3621233) panicked at crates/backend-cuda/tests/gemm_tf32_optin.rs:437:9:
tf32x3 opt-in gemm cpu-cuda parity m=512 n=512 k=512: 複合判定 FAIL（fail_count=218/262144, max_abs_diff=1.392e-4, max_rel_err=2.408e-1, mean_abs_diff=2.155e-5, mean_rel_err=1.532e-5, p50_abs_diff=1.788e-5, p99_abs_diff=7.248e-5, p999_abs_diff=1.011e-4）
note: run with `RUST_BACKTRACE=1` environment variable to display a backtrace
test gemm_tf32x3_optin_on_matches_cpu_across_shapes ... FAILED

thread 'gemm_tf32_optin_on_matches_cpu_across_shapes' (3621231) panicked at crates/backend-cuda/tests/gemm_tf32_optin.rs:161:5:
tf32 opt-in gemm cpu-cuda parity m=512 n=512 k=512: 複合判定 FAIL（fail_count=42298/262144, max_abs_diff=1.043e-2, max_rel_err=1.567e0, mean_abs_diff=1.569e-3, mean_rel_err=1.456e-3, p50_abs_diff=1.321e-3, p99_abs_diff=5.076e-3, p999_abs_diff=6.459e-3）
test gemm_tf32_optin_on_matches_cpu_across_shapes ... FAILED
test gemm_tf32x3_optin_on_wiring_matches_run_tf32x3 ... ok
test gemm_tf32_optin_on_wiring_matches_run_wmma_tf32 ... ok

failures:

failures:
    gemm_tf32_optin_on_matches_cpu_across_shapes
    gemm_tf32x3_optin_on_matches_cpu_across_shapes

test result: FAILED. 2 passed; 2 failed; 0 ignored; 0 measured; 3 filtered out; finished in 1.37s

error: test failed, to rerun pass `-p fandhe-ai-backend-cuda --test gemm_tf32_optin`
     Running tests/gemm_tiled.rs (<home>/work/target-fandhe-ai/release/deps/gemm_tiled-6b2196f28c624515)

running 6 tests
test tiled_f32_zero_k_returns_all_zero ... ok
test tiled_f16_runs_and_returns_expected_shape ... ok
test tiled_f32_zero_dim_shape_returns_empty_without_launch ... ok
test tiled_f32_matches_cpu_reference_across_shapes ... ok
test tiled_f32_matches_cpu_reference_k_stress ... ok
[#1203 diag] naive: samples=[0.124977563, 0.124012397, 0.125747834, 0.123006111, 0.123182527]s median=0.124012s q1=0.123183s q3=0.124978s
[#1203 diag] tiled: samples=[0.036850572, 0.040302791, 0.040888725, 0.041059269, 0.040739749]s median=0.040740s q1=0.040303s q3=0.040889s
[#1203 diag] speedup=3.044015x (naive_median=0.124012s, tiled_median=0.040740s)
test tiled_f32_outperforms_naive_at_4096 ... ok

test result: ok. 6 passed; 0 failed; 0 ignored; 0 measured; 1 filtered out; finished in 2.94s

     Running tests/gemm_tiled_naive_speedup_triage_1203.rs (<home>/work/target-fandhe-ai/release/deps/gemm_tiled_naive_speedup_triage_1203-fc0f3f42992a189a)

running 3 tests
[#1203 triage] run_tiled_f32 confirmed path: TiledF32Kernel::Pipeline tile=Some(Bm128Bn64)
[#1203 triage] run_tiled_f32 confirmed path: TiledF32Kernel::Pipeline tile=Some(Bm128Bn64)
[#1203 triage] run_tiled_f32 confirmed path: TiledF32Kernel::Pipeline tile=Some(Bm128Bn64)
[#1203 triage] interleaved pair 0: naive=0.158896s tiled=0.088608s
[#1203 triage] tiled_pipeline(production): samples=[0.158726256, 0.070828191, 0.167220577, 0.057085945, 0.18055084]s median=0.158726s q1=0.070828s q3=0.167221s
[#1203 triage] tiled(1st): samples=[0.071382127, 0.165702579, 0.090282029, 0.150568383, 0.104063971]s median=0.104064s q1=0.090282s q3=0.150568s
[#1203 triage] interleaved pair 1: naive=0.149605s tiled=0.107438s
[#1203 triage] interleaved pair 2: naive=0.369726s tiled=0.180174s
[#1203 triage] interleaved pair 3: naive=0.256113s tiled=0.167665s
[#1203 triage] tiled_classic(diagnostics): samples=[0.331342314, 0.185591729, 0.246878322, 0.179703917, 0.230876593]s median=0.230877s q1=0.185592s q3=0.246878s
[#1203 triage] classic_vs_pipeline ratio(pipeline/classic)=0.687494x (>1 means production pipeline is slower than classic)
test triage_classic_vs_pipeline_tiled ... ok
[#1203 triage] naive(2nd): samples=[0.170902507, 0.259220492, 0.164265704, 0.178563855, 0.229868163]s median=0.178564s q1=0.170903s q3=0.229868s
[#1203 triage] reversed_order speedup(naive/tiled)=1.715905x
test triage_reversed_order_tiled_then_naive ... ok
[#1203 triage] interleaved pair 4: naive=0.241840s tiled=0.161049s
[#1203 triage] naive(interleaved): samples=[0.158896256, 0.149604753, 0.369725556, 0.256113442, 0.241839933]s median=0.241840s q1=0.158896s q3=0.256113s
[#1203 triage] tiled(interleaved): samples=[0.088607791, 0.10743819, 0.180173723, 0.167665297, 0.161049119]s median=0.161049s q1=0.107438s q3=0.167665s
[#1203 triage] interleaved speedup(naive/tiled)=1.501653x
test triage_interleaved_naive_tiled ... ok

test result: ok. 3 passed; 0 failed; 0 ignored; 0 measured; 0 filtered out; finished in 3.32s

     Running tests/gemm_transposed_parity.rs (<home>/work/target-fandhe-ai/release/deps/gemm_transposed_parity-a977831f1abcd656)

running 5 tests
test gemm_tt_both_transposed_falls_back_but_still_correct_on_real_device ... ok
test gemm_resident_lhs_nt_transposed_view_matches_contiguous_on_real_device ... ok
test gemm_narrow_then_transpose_general_stride_falls_back_but_still_correct_on_real_device ... ok
test gemm_nt_transposed_view_matches_contiguous_and_cpu_reference_on_real_device ... ok
test gemm_tn_transposed_view_matches_contiguous_and_cpu_reference_on_real_device ... ok

test result: ok. 5 passed; 0 failed; 0 ignored; 0 measured; 0 filtered out; finished in 0.45s

     Running tests/gemm_transposed_perf.rs (<home>/work/target-fandhe-ai/release/deps/gemm_transposed_perf-d6cc49cb58affc7a)

running 2 tests
TN m=64 k=784 n=256 before_median_s=0.000165 after_median_s=0.000070 speedup=2.345x
NT m=64 k=784 n=256 before_median_s=0.000478 after_median_s=0.000089 speedup=5.354x
NT m=64 k=256 n=10 before_median_s=0.000039 after_median_s=0.000037 speedup=1.062x
TN m=64 k=256 n=10 before_median_s=0.000502 after_median_s=0.000024 speedup=21.302x
NT m=1024 k=1024 n=1024 before_median_s=0.002391 after_median_s=0.000519 speedup=4.603x
TN m=1024 k=1024 n=1024 before_median_s=0.002414 after_median_s=0.000473 speedup=5.108x
NT m=2048 k=2048 n=2048 before_median_s=0.013502 after_median_s=0.004045 speedup=3.338x
test nt_transposed_entry_vs_contiguous_across_shapes ... ok
TN m=2048 k=2048 n=2048 before_median_s=0.013731 after_median_s=0.002643 speedup=5.196x
test tn_transposed_entry_vs_contiguous_across_shapes ... ok

test result: ok. 2 passed; 0 failed; 0 ignored; 0 measured; 0 filtered out; finished in 0.64s

     Running tests/gemm_wmma.rs (<home>/work/target-fandhe-ai/release/deps/gemm_wmma-32270bc364640f3d)

running 2 tests
test wmma_f16_zero_dim_shape_returns_empty_without_launch ... ok
test wmma_f16_zero_k_returns_all_zero ... ok

test result: ok. 2 passed; 0 failed; 0 ignored; 0 measured; 2 filtered out; finished in 0.49s

     Running tests/gemm_wmma_f16_opt.rs (<home>/work/target-fandhe-ai/release/deps/gemm_wmma_f16_opt-d700c5bb54215ad1)

running 5 tests
test wmma_f16_opt_matches_reference_across_shapes ... ok

thread 'wmma_f16_opt_k4096_stress' (3621530) panicked at crates/backend-cuda/tests/gemm_wmma_f16_opt.rs:57:5:
K4096 stress 256x256x4096: 複合判定 FAIL（fail_count=81/65536, max_abs_diff=3.125e-2, max_rel_err=2.302e-1, mean_abs_diff=7.627e-5, mean_rel_err=1.987e-5, p50_abs_diff=0.000e0, p99_abs_diff=4.883e-4, p999_abs_diff=1.562e-2）
note: run with `RUST_BACKTRACE=1` environment variable to display a backtrace
test wmma_f16_opt_k4096_stress ... FAILED
test wmma_f16_opt_k4096_stress_non_regression ... ok
test wmma_f16_opt_zero_k_returns_all_zero ... ok
test wmma_f16_opt_zero_dim_shape_returns_empty_without_launch ... ok

failures:

failures:
    wmma_f16_opt_k4096_stress

test result: FAILED. 4 passed; 1 failed; 0 ignored; 0 measured; 1 filtered out; finished in 0.75s

error: test failed, to rerun pass `-p fandhe-ai-backend-cuda --test gemm_wmma_f16_opt`
     Running tests/gemm_wmma_tf32.rs (<home>/work/target-fandhe-ai/release/deps/gemm_wmma_tf32-8ef5e72a143c90b1)

running 4 tests
test wmma_tf32_zero_dim_shape_returns_empty_without_launch ... ok
test wmma_tf32_matches_reference_across_shapes ... ok
test wmma_tf32_zero_k_returns_all_zero ... ok
test wmma_tf32_routed_path_baselines_do_not_regress ... ok

test result: ok. 4 passed; 0 failed; 0 ignored; 0 measured; 1 filtered out; finished in 1.10s

     Running tests/gemm_wmma_tf32_opt.rs (<home>/work/target-fandhe-ai/release/deps/gemm_wmma_tf32_opt-4e029d36b594757c)

running 5 tests
test wmma_tf32_opt_zero_dim_shape_returns_empty_without_launch ... ok
test wmma_tf32_opt_zero_k_returns_all_zero ... ok
test wmma_tf32_routed_path_matches_reference_across_shapes ... ok
test wmma_tf32_opt_exceeds_tiled_f32_tflops_at_4096 ... ok
test wmma_tf32_routed_path_baselines_do_not_regress ... ok

test result: ok. 5 passed; 0 failed; 0 ignored; 0 measured; 1 filtered out; finished in 11.34s

     Running tests/gemm_wmma_tf32_staged.rs (<home>/work/target-fandhe-ai/release/deps/gemm_wmma_tf32_staged-183040f79e4624e4)

running 4 tests
test wmma_tf32_staged_zero_k_returns_all_zero ... ok
test wmma_tf32_staged_matches_reference_across_shapes ... ok
test wmma_tf32_staged_zero_dim_shape_returns_empty_without_launch ... ok

thread 'wmma_tf32_staged_exceeds_tiled_f32_tflops_at_4096' (3621590) panicked at crates/backend-cuda/tests/gemm_wmma_tf32_staged.rs:244:5:
staged 経路（4.280 TFLOPS）が tiled f32（4.437 TFLOPS）を 上回りませんでした（M=N=K=4096）
note: run with `RUST_BACKTRACE=1` environment variable to display a backtrace
test wmma_tf32_staged_exceeds_tiled_f32_tflops_at_4096 ... FAILED

failures:

failures:
    wmma_tf32_staged_exceeds_tiled_f32_tflops_at_4096

test result: FAILED. 3 passed; 1 failed; 0 ignored; 0 measured; 1 filtered out; finished in 1.40s

error: test failed, to rerun pass `-p fandhe-ai-backend-cuda --test gemm_wmma_tf32_staged`
     Running tests/graph_capture_real_device.rs (<home>/work/target-fandhe-ai/release/deps/graph_capture_real_device-8d613768337f63f2)

running 0 tests

test result: ok. 0 passed; 0 failed; 0 ignored; 0 measured; 2 filtered out; finished in 0.00s

     Running tests/graph_capture_real_device_optin_off.rs (<home>/work/target-fandhe-ai/release/deps/graph_capture_real_device_optin_off-9a7fe9e7326bca72)

running 1 test
test opt_in_off_keeps_legacy_stream_and_returns_none ... ok

test result: ok. 1 passed; 0 failed; 0 ignored; 0 measured; 0 filtered out; finished in 0.21s

     Running tests/host_view_real_device.rs (<home>/work/target-fandhe-ai/release/deps/host_view_real_device-a2b2a24ff91c6435)

running 8 tests
test default_cuda_memory_uses_pinned_staging_and_matches_pageable_bit_exact ... ok
test release_host_staging_clears_cache_and_frees_reported_bytes ... ok
test pooled_memory_with_host_view_matches_download_bit_exact ... ok
test with_host_view_matches_download_and_upload_source_bit_exact ... ok
test with_host_view_cached_pinned_matches_download_bit_exact ... ok
test with_host_view_reuses_staging_buffer_for_same_shape ... ok
test with_host_view_matches_download_on_managed_placement ... ok
test with_host_view_using_kind_pinned_matches_pageable_and_download_bit_exact ... ok

test result: ok. 8 passed; 0 failed; 0 ignored; 0 measured; 0 filtered out; finished in 2.30s

     Running tests/host_view_staging_readout_ab_1336.rs (<home>/work/target-fandhe-ai/release/deps/host_view_staging_readout_ab_1336-3aeddbc7778d84e2)

running 1 test
default_kind,Pinned
phase,n,bytes_mib,cold_ms,min_ms,q1_ms,median_ms,q3_ms,max_ms
before,1024,4.0000,2.3155,0.4233,0.4244,0.4250,0.4257,0.4270
after_pageable,1024,4.0000,43.9682,0.2556,0.2606,0.2622,0.2647,0.2708
after_pinned,1024,4.0000,0.8940,0.2096,0.2103,0.2118,0.2129,0.2157
note: N=1024（4.0 MiB）は glibc mmap 閾値（32 MiB）未満のため、after 系列の改善が観測されなくても病態不成立とは判断しない（doc §5 ゲート B 参照）
before,2048,16.0000,7.7014,1.3295,1.3344,1.3362,1.3378,1.3429
after_pageable,2048,16.0000,1.3336,0.9295,0.9320,0.9344,0.9362,1.0272
after_pinned,2048,16.0000,2.8564,0.7375,0.7414,0.7429,0.7436,0.7463
note: N=2048（16.0 MiB）は glibc mmap 閾値（32 MiB）未満のため、after 系列の改善が観測されなくても病態不成立とは判断しない（doc §5 ゲート B 参照）
before,4096,64.0000,34.4633,30.6465,31.6593,32.0520,32.5034,34.4113
after_pageable,4096,64.0000,28.1923,3.3346,3.3404,3.3446,3.3483,3.3576
after_pinned,4096,64.0000,11.1005,3.1190,3.1234,3.1252,3.1277,3.1521
release_host_staging,pageable,88080384
release_host_staging,pinned,88080384
test host_view_staging_readout_ab ... ok

test result: ok. 1 passed; 0 failed; 0 ignored; 0 measured; 3 filtered out; finished in 2.25s

     Running tests/huber_parity.rs (<home>/work/target-fandhe-ai/release/deps/huber_parity-bb5efe8e1b9fcbf3)

running 1 test
test huber_matches_cpu_across_shapes ... ok

test result: ok. 1 passed; 0 failed; 0 ignored; 0 measured; 1 filtered out; finished in 0.39s

     Running tests/im2col_col2im_parity.rs (<home>/work/target-fandhe-ai/release/deps/im2col_col2im_parity-700d1c4704aface9)

running 4 tests
im2col_col2im_parity[im2col(boundary W=257)].fold_bits=0x9a85933a3f85761d
im2col_col2im_parity[col2im(boundary W=257)].fold_bits=0x5c12e240f8cb2329
im2col_col2im_parity[im2col(boundary W=300)].fold_bits=0x9d008c237a1d0b37
im2col_col2im_parity[col2im(boundary W=300)].fold_bits=0x2ffe044ff99fe7e7
im2col_col2im_parity[im2col(boundary W=513)].fold_bits=0xd98432423d2f78eb
im2col_col2im_parity[col2im(boundary W=513)].fold_bits=0x2ff946b3b1d22f2b
test im2col_col2im_crosses_256_block_boundary ... ok
im2col_col2im_parity[im2col(special values)].fold_bits=0xc50dcec53c7d0825
im2col_col2im_parity[col2im(special values)].fold_bits=0xdc5cf1bf04d029bf
test im2col_col2im_special_values_pass_through ... ok
im2col_col2im_parity[im2col(narrowed non-contiguous input)].fold_bits=0x35d25c6f17cb9687
im2col_col2im_parity[im2col(basic no pad)].fold_bits=0x32eb2fc6b0fda049
test im2col_matches_cpu_for_non_contiguous_input ... ok
im2col_col2im_parity[col2im(basic no pad)].fold_bits=0x3c61b8ce600da061
im2col_col2im_parity[im2col(overlapping windows (stride < kernel extent))].fold_bits=0x73a096ef30d450af
im2col_col2im_parity[col2im(overlapping windows (stride < kernel extent))].fold_bits=0x50071a6677f09611
im2col_col2im_parity[im2col(dilation)].fold_bits=0x6bd01ea6b28389fd
im2col_col2im_parity[col2im(dilation)].fold_bits=0x92988e7ebf3d3d72
im2col_col2im_parity[im2col(groups depthwise)].fold_bits=0xb2a0651133ec6aa3
im2col_col2im_parity[col2im(groups depthwise)].fold_bits=0x36e31384110ac4fc
im2col_col2im_parity[im2col(groups (non-depthwise, 2 groups, batch>1))].fold_bits=0x1994cca58f1713e7
im2col_col2im_parity[col2im(groups (non-depthwise, 2 groups, batch>1))].fold_bits=0xdac9060cd3e31140
im2col_col2im_parity[im2col(padding-only window (window fully out of range))].fold_bits=0x1e3a859889c5bbf3
im2col_col2im_parity[col2im(padding-only window (window fully out of range))].fold_bits=0xa9b7ae48ccf0a050
im2col_col2im_parity[im2col(coordinate underflow (large padding, kernel=1))].fold_bits=0x4a5a8dc65992f2e1
im2col_col2im_parity[col2im(coordinate underflow (large padding, kernel=1))].fold_bits=0xdb301212762e51b1
im2col_col2im_parity[im2col(stride > kernel extent (gaps between windows))].fold_bits=0xaafeb4d9725446c1
im2col_col2im_parity[col2im(stride > kernel extent (gaps between windows))].fold_bits=0x1bb971911d2b675d
im2col_col2im_parity[im2col(asymmetric H/W padding+dilation+groups combined)].fold_bits=0x095e2f0b3839ef99
im2col_col2im_parity[col2im(asymmetric H/W padding+dilation+groups combined)].fold_bits=0x85e9b0288ebaa472
im2col_col2im_parity[im2col(1d basic no pad)].fold_bits=0x79ac0b21b1414247
im2col_col2im_parity[col2im(1d basic no pad)].fold_bits=0xd800e562979cb38e
im2col_col2im_parity[im2col(1d overlapping windows (pad))].fold_bits=0xb3e1ebe45d637431
im2col_col2im_parity[col2im(1d overlapping windows (pad))].fold_bits=0xa81018ce13590916
im2col_col2im_parity[im2col(1d dilation)].fold_bits=0x521ed16e106946ff
im2col_col2im_parity[col2im(1d dilation)].fold_bits=0xf03964f78889bbcf
im2col_col2im_parity[im2col(1d groups depthwise)].fold_bits=0x03f7e94538894d45
im2col_col2im_parity[col2im(1d groups depthwise)].fold_bits=0x902e51791374a408
im2col_col2im_parity[im2col(1d groups (2 groups, batch>1))].fold_bits=0xef9cdcf64ee396bf
im2col_col2im_parity[col2im(1d groups (2 groups, batch>1))].fold_bits=0x0abe6f54b5d1e83d
im2col_col2im_parity[im2col(1d stride > kernel extent)].fold_bits=0x24da00d773c8139b
im2col_col2im_parity[col2im(1d stride > kernel extent)].fold_bits=0xe502c24f177663ef
test im2col_col2im_matches_cpu_across_shapes ... ok

test result: ok. 4 passed; 0 failed; 0 ignored; 0 measured; 1 filtered out; finished in 0.24s

     Running tests/interpolate_parity.rs (<home>/work/target-fandhe-ai/release/deps/interpolate_parity-04426bb0f50c7cf2)

running 1 test
test interpolate_matches_cpu_across_shapes ... ok

test result: ok. 1 passed; 0 failed; 0 ignored; 0 measured; 1 filtered out; finished in 0.24s

     Running tests/kl_div_parity.rs (<home>/work/target-fandhe-ai/release/deps/kl_div_parity-12c02879f4484f97)

running 1 test
test kl_div_matches_cpu_across_shapes ... ok

test result: ok. 1 passed; 0 failed; 0 ignored; 0 measured; 1 filtered out; finished in 0.36s

     Running tests/large_buffer_percall_alloc_ab_1149.rs (<home>/work/target-fandhe-ai/release/deps/large_buffer_percall_alloc_ab_1149-6be0f22c16e93c9a)

running 1 test
environment: name="NVIDIA GB10" compute_capability=(12, 1) arch="compute_121" has_async_alloc=true
mem_pool_attr,before_sweep,reserved_bytes=0,used_bytes=0,release_threshold=0
condition,bracket_pos,phase,size_mib,order,run_idx,cold_ms,min_ms,q1_ms,median_ms,q3_ms,max_ms,slow_count
baseline,0,p1_alloc_only,24,asc,0,8.1569,1.7948,1.8037,1.8175,1.8190,1.8493,0
baseline,0,p2_alloc_zeros,24,asc,0,2.0061,1.9536,1.9671,1.9714,1.9747,2.0670,0
baseline,0,p3_h2d_only,24,asc,0,2.3365,2.2993,2.3088,2.3126,2.3169,2.3303,0
baseline,0,p0_transfer_only,24,asc,0,24.0245,7.1613,7.1845,7.1899,7.2054,7.2256,0
baseline,0,p4_d2h_fresh_vec,24,asc,0,0.4350,0.4319,0.4321,0.4322,0.4324,0.4403,0
baseline,0,p1_alloc_only,24,asc,1,1.8483,1.7865,1.7991,1.8051,1.8099,1.8197,0
baseline,0,p2_alloc_zeros,24,asc,1,1.9639,1.9529,1.9617,1.9679,1.9731,1.9846,0
baseline,0,p3_h2d_only,24,asc,1,2.3220,2.2982,2.3078,2.3134,2.3189,2.3769,0
baseline,0,p0_transfer_only,24,asc,1,7.3004,7.1415,7.1582,7.1778,7.1857,7.3517,0
baseline,0,p4_d2h_fresh_vec,24,asc,1,0.4346,0.4319,0.4321,0.4321,0.4323,0.4407,0
baseline,0,p1_alloc_only,24,asc,2,1.8363,1.7987,1.8047,1.8087,1.8161,2.0518,0
baseline,0,p2_alloc_zeros,24,asc,2,1.9794,1.9373,1.9564,1.9642,1.9658,1.9890,0
baseline,0,p3_h2d_only,24,asc,2,2.2878,2.2988,2.3087,2.3145,2.3153,2.7301,0
baseline,0,p0_transfer_only,24,asc,2,7.0975,7.1662,7.1772,7.1885,7.2025,7.2934,0
baseline,0,p4_d2h_fresh_vec,24,asc,2,0.4336,0.4317,0.4320,0.4321,0.4321,0.4618,0
mem_pool_attr,after_baseline_24mib,reserved_bytes=0,used_bytes=0,release_threshold=0
release_threshold,1,p1_alloc_only,24,asc,0,1.3525,0.0017,0.0018,0.0018,0.0018,0.0018,0
release_threshold,1,p2_alloc_zeros,24,asc,0,0.1037,0.1275,0.1285,0.1287,0.1288,0.1293,0
release_threshold,1,p3_h2d_only,24,asc,0,0.4383,0.4344,0.4350,0.4354,0.4358,0.4445,0
release_threshold,1,p0_transfer_only,24,asc,0,4.2440,1.3811,1.3835,1.3839,1.3854,1.3931,0
release_threshold,1,p4_d2h_fresh_vec,24,asc,0,0.4336,0.4314,0.4318,0.4320,0.4320,0.4399,0
release_threshold,1,p1_alloc_only,24,asc,1,0.0023,0.0017,0.0018,0.0018,0.0018,0.0022,0
release_threshold,1,p2_alloc_zeros,24,asc,1,0.1151,0.1273,0.1283,0.1289,0.1293,0.1330,0
release_threshold,1,p3_h2d_only,24,asc,1,0.4238,0.4344,0.4348,0.4354,0.4359,0.4460,0
release_threshold,1,p0_transfer_only,24,asc,1,1.3856,1.3825,1.3836,1.3847,1.3861,1.3910,0
release_threshold,1,p4_d2h_fresh_vec,24,asc,1,0.5606,0.4312,0.4317,0.4318,0.4319,0.4320,0
release_threshold,1,p1_alloc_only,24,asc,2,0.0019,0.0017,0.0018,0.0018,0.0018,0.0018,0
release_threshold,1,p2_alloc_zeros,24,asc,2,0.1140,0.1279,0.1284,0.1287,0.1293,0.1358,0
release_threshold,1,p3_h2d_only,24,asc,2,0.4234,0.4345,0.4350,0.4355,0.4356,0.4362,0
release_threshold,1,p0_transfer_only,24,asc,2,1.3860,1.3815,1.3832,1.3839,1.3845,1.3940,0
release_threshold,1,p4_d2h_fresh_vec,24,asc,2,0.4321,0.4314,0.4317,0.4317,0.4318,0.4320,0
mem_pool_attr,after_release_threshold_24mib,reserved_bytes=100663296,used_bytes=0,release_threshold=18446744073709551615
sync_alloc,2,p1_alloc_only,24,asc,0,1.5002,1.3597,1.3675,1.3700,1.3731,1.3816,0
sync_alloc,2,p2_alloc_zeros,24,asc,0,1.5377,1.5387,1.5420,1.5451,1.5520,1.5596,0
sync_alloc,2,p3_h2d_only,24,asc,0,1.9143,1.8777,1.8852,1.8893,1.8952,1.9006,0
sync_alloc,2,p0_transfer_only,24,asc,0,5.7443,5.7307,5.7506,5.7646,5.7731,5.9295,0
sync_alloc,2,p4_d2h_fresh_vec,24,asc,0,0.4342,0.4322,0.4324,0.4324,0.4325,0.4411,0
sync_alloc,2,p1_alloc_only,24,asc,1,1.4034,1.3553,1.3628,1.3644,1.3664,1.3708,0
sync_alloc,2,p2_alloc_zeros,24,asc,1,1.5321,1.5364,1.5447,1.5471,1.5499,1.5565,0
sync_alloc,2,p3_h2d_only,24,asc,1,1.8838,1.8641,1.8801,1.8850,1.8863,2.0471,0
sync_alloc,2,p0_transfer_only,24,asc,1,5.7336,5.7384,5.7532,5.7623,5.7711,6.0695,0
sync_alloc,2,p4_d2h_fresh_vec,24,asc,1,0.4346,0.4318,0.4320,0.4322,0.4323,0.4407,0
sync_alloc,2,p1_alloc_only,24,asc,2,1.4122,1.3527,1.3616,1.3641,1.3678,1.3767,0
sync_alloc,2,p2_alloc_zeros,24,asc,2,1.5377,1.5332,1.5410,1.5437,1.5452,1.5545,0
sync_alloc,2,p3_h2d_only,24,asc,2,1.8980,1.8761,1.8794,1.8875,1.8882,1.8943,0
sync_alloc,2,p0_transfer_only,24,asc,2,5.7551,5.7384,5.7601,5.7662,5.7739,5.8366,0
sync_alloc,2,p4_d2h_fresh_vec,24,asc,2,0.4352,0.4318,0.4320,0.4321,0.4322,0.4322,0
mem_pool_attr,after_sync_alloc_24mib,reserved_bytes=0,used_bytes=0,release_threshold=0
both,3,p1_alloc_only,24,asc,0,1.3983,1.3551,1.3594,1.3645,1.3736,1.4037,0
both,3,p2_alloc_zeros,24,asc,0,1.5160,1.5326,1.5461,1.5499,1.5521,1.5591,0
both,3,p3_h2d_only,24,asc,0,1.8889,1.8795,1.8842,1.8892,1.8902,1.8959,0
both,3,p0_transfer_only,24,asc,0,5.7130,5.7510,5.7604,5.7755,5.7799,6.0142,0
both,3,p4_d2h_fresh_vec,24,asc,0,0.4346,0.4317,0.4321,0.4323,0.4323,0.4326,0
both,3,p1_alloc_only,24,asc,1,1.5318,1.3512,1.3564,1.3615,1.3658,1.3692,0
both,3,p2_alloc_zeros,24,asc,1,1.5191,1.5259,1.5359,1.5410,1.5440,1.5531,0
both,3,p3_h2d_only,24,asc,1,1.8863,1.8683,1.8749,1.8792,1.8809,1.8895,0
both,3,p0_transfer_only,24,asc,1,5.7284,5.7580,5.7876,5.7999,5.8023,5.8103,0
both,3,p4_d2h_fresh_vec,24,asc,1,0.4334,0.4322,0.4324,0.4326,0.4328,0.4407,0
both,3,p1_alloc_only,24,asc,2,1.4862,1.3494,1.3527,1.3542,1.3605,1.3648,0
both,3,p2_alloc_zeros,24,asc,2,1.5163,1.5289,1.5386,1.5446,1.5491,1.7191,0
both,3,p3_h2d_only,24,asc,2,1.8861,1.8690,1.8750,1.8770,1.8798,1.8845,0
both,3,p0_transfer_only,24,asc,2,5.7454,5.7948,5.8046,5.8124,5.8149,5.9140,0
both,3,p4_d2h_fresh_vec,24,asc,2,0.4332,0.4320,0.4322,0.4323,0.4324,0.4340,0
mem_pool_attr,after_both_24mib,reserved_bytes=33554432,used_bytes=0,release_threshold=18446744073709551615
baseline,4,p1_alloc_only,24,asc,0,1.8868,1.7955,1.8059,1.8088,1.8103,1.8485,0
baseline,4,p2_alloc_zeros,24,asc,0,1.9802,1.9607,1.9677,1.9703,1.9720,1.9838,0
baseline,4,p3_h2d_only,24,asc,0,2.3184,2.2868,2.2953,2.3010,2.3044,2.4005,0
baseline,4,p0_transfer_only,24,asc,0,7.1149,7.1671,7.1852,7.1936,7.2024,7.2177,0
baseline,4,p4_d2h_fresh_vec,24,asc,0,0.4342,0.4319,0.4319,0.4321,0.4321,0.4326,0
baseline,4,p1_alloc_only,24,asc,1,1.8455,1.7596,1.8016,1.8071,1.8165,1.8723,0
baseline,4,p2_alloc_zeros,24,asc,1,2.0408,1.9574,1.9660,1.9725,1.9757,1.9887,0
baseline,4,p3_h2d_only,24,asc,1,2.3172,2.2995,2.3079,2.3142,2.3220,2.3270,0
baseline,4,p0_transfer_only,24,asc,1,7.0882,7.1529,7.1770,7.1838,7.1924,7.2567,0
baseline,4,p4_d2h_fresh_vec,24,asc,1,0.4336,0.4310,0.4311,0.4312,0.4313,0.4315,0
baseline,4,p1_alloc_only,24,asc,2,1.8428,1.7789,1.7989,1.8047,1.8072,1.8179,0
baseline,4,p2_alloc_zeros,24,asc,2,1.9670,1.9568,1.9668,1.9711,1.9783,1.9986,0
baseline,4,p3_h2d_only,24,asc,2,2.3312,2.2913,2.2969,2.3100,2.3144,2.3265,0
baseline,4,p0_transfer_only,24,asc,2,7.0692,7.1059,7.1442,7.1641,7.1825,7.3437,0
baseline,4,p4_d2h_fresh_vec,24,asc,2,0.4345,0.4319,0.4319,0.4320,0.4321,0.4324,0
mem_pool_attr,after_baseline_24mib,reserved_bytes=0,used_bytes=0,release_threshold=0
baseline,0,p1_alloc_only,28,asc,0,1.9491,1.7897,1.8006,1.8056,1.8094,1.8191,0
baseline,0,p2_alloc_zeros,28,asc,0,2.0010,1.9784,1.9883,1.9954,1.9997,2.0096,0
baseline,0,p3_h2d_only,28,asc,0,2.3871,2.3776,2.3850,2.3912,2.3942,2.7418,0
baseline,0,p0_transfer_only,28,asc,0,24.8916,7.3563,7.3816,7.3896,7.3960,7.4165,0
baseline,0,p4_d2h_fresh_vec,28,asc,0,0.5046,0.5024,0.5026,0.5028,0.5029,0.5102,0
baseline,0,p1_alloc_only,28,asc,1,1.8413,1.7911,1.7966,1.8005,1.8054,1.8177,0
baseline,0,p2_alloc_zeros,28,asc,1,1.9806,1.9764,1.9921,2.0001,2.0193,5.3742,0
baseline,0,p3_h2d_only,28,asc,1,2.3992,2.3786,2.3839,2.3905,2.3968,2.5289,0
baseline,0,p0_transfer_only,28,asc,1,7.3069,7.3643,7.3854,7.3932,7.4053,7.5121,0
baseline,0,p4_d2h_fresh_vec,28,asc,1,0.5056,0.5032,0.5033,0.5035,0.5036,0.5052,0
baseline,0,p1_alloc_only,28,asc,2,1.8327,1.7923,1.8046,1.8097,1.8171,1.8256,0
baseline,0,p2_alloc_zeros,28,asc,2,1.9879,1.9839,1.9932,1.9992,2.0019,2.0819,0
baseline,0,p3_h2d_only,28,asc,2,2.3947,2.3623,2.3839,2.3895,2.3902,2.4000,0
baseline,0,p0_transfer_only,28,asc,2,7.2854,7.3668,7.3787,7.3906,7.4047,7.4095,0
baseline,0,p4_d2h_fresh_vec,28,asc,2,0.5052,0.5030,0.5032,0.5033,0.5034,0.5037,0
mem_pool_attr,after_baseline_28mib,reserved_bytes=0,used_bytes=0,release_threshold=0
release_threshold,1,p1_alloc_only,28,asc,0,1.3567,0.0017,0.0018,0.0018,0.0018,0.0018,0
release_threshold,1,p2_alloc_zeros,28,asc,0,0.1221,0.1511,0.1516,0.1519,0.1523,0.1578,0
release_threshold,1,p3_h2d_only,28,asc,0,0.5024,0.5056,0.5062,0.5066,0.5075,0.5164,0
release_threshold,1,p0_transfer_only,28,asc,0,4.4398,1.6135,1.6157,1.6163,1.6171,1.6201,0
release_threshold,1,p4_d2h_fresh_vec,28,asc,0,0.5050,0.5032,0.5035,0.5036,0.5038,0.5047,0
release_threshold,1,p1_alloc_only,28,asc,1,0.0022,0.0017,0.0018,0.0018,0.0018,0.0018,0
release_threshold,1,p2_alloc_zeros,28,asc,1,0.1369,0.1507,0.1510,0.1514,0.1515,0.1581,0
release_threshold,1,p3_h2d_only,28,asc,1,0.4929,0.5056,0.5064,0.5066,0.5069,0.5149,0
release_threshold,1,p0_transfer_only,28,asc,1,1.6136,1.6139,1.6161,1.6171,1.6182,1.6240,0
release_threshold,1,p4_d2h_fresh_vec,28,asc,1,0.5043,0.5032,0.5035,0.5035,0.5036,0.5112,0
release_threshold,1,p1_alloc_only,28,asc,2,0.0019,0.0017,0.0018,0.0018,0.0018,0.0018,0
release_threshold,1,p2_alloc_zeros,28,asc,2,0.1327,0.1506,0.1511,0.1517,0.1518,0.1530,0
release_threshold,1,p3_h2d_only,28,asc,2,0.4913,0.5059,0.5064,0.5068,0.5069,0.5077,0
release_threshold,1,p0_transfer_only,28,asc,2,1.6190,1.6145,1.6158,1.6170,1.6180,1.8146,0
release_threshold,1,p4_d2h_fresh_vec,28,asc,2,0.5039,0.5033,0.5036,0.5037,0.5038,0.5127,0
mem_pool_attr,after_release_threshold_28mib,reserved_bytes=100663296,used_bytes=0,release_threshold=18446744073709551615
sync_alloc,2,p1_alloc_only,28,asc,0,1.7330,1.5768,1.5880,1.5907,1.5950,1.6076,0
sync_alloc,2,p2_alloc_zeros,28,asc,0,1.7884,1.7691,1.7835,1.7875,1.7903,1.8938,0
sync_alloc,2,p3_h2d_only,28,asc,0,2.1748,2.1675,2.1718,2.1746,2.1771,2.6258,0
sync_alloc,2,p0_transfer_only,28,asc,0,6.6447,6.6597,6.6676,6.6771,6.6846,6.7137,0
sync_alloc,2,p4_d2h_fresh_vec,28,asc,0,0.5055,0.5024,0.5025,0.5027,0.5029,0.5117,0
sync_alloc,2,p1_alloc_only,28,asc,1,1.6283,1.5791,1.5855,1.5918,1.5976,1.6308,0
sync_alloc,2,p2_alloc_zeros,28,asc,1,1.7876,1.7697,1.7757,1.7822,1.7864,1.7983,0
sync_alloc,2,p3_h2d_only,28,asc,1,2.1928,2.1654,2.1711,2.1772,2.1795,2.4569,0
sync_alloc,2,p0_transfer_only,28,asc,1,6.6479,6.6605,6.6661,6.6732,6.6808,6.7742,0
sync_alloc,2,p4_d2h_fresh_vec,28,asc,1,0.5048,0.5026,0.5028,0.5029,0.5030,0.5033,0
sync_alloc,2,p1_alloc_only,28,asc,2,1.6180,1.5766,1.5860,1.5913,1.5943,1.6341,0
sync_alloc,2,p2_alloc_zeros,28,asc,2,1.7882,1.7769,1.7845,1.7880,1.7917,1.7960,0
sync_alloc,2,p3_h2d_only,28,asc,2,2.1962,2.1659,2.1744,2.1771,2.1799,2.1859,0
sync_alloc,2,p0_transfer_only,28,asc,2,6.6388,6.6322,6.6598,6.6745,6.6798,6.6909,0
sync_alloc,2,p4_d2h_fresh_vec,28,asc,2,0.5139,0.5023,0.5025,0.5026,0.5026,0.5110,0
mem_pool_attr,after_sync_alloc_28mib,reserved_bytes=0,used_bytes=0,release_threshold=0
both,3,p1_alloc_only,28,asc,0,1.6269,1.5770,1.5839,1.5879,1.5930,1.5998,0
both,3,p2_alloc_zeros,28,asc,0,1.7719,1.7768,1.7861,1.7909,1.7924,1.9046,0
both,3,p3_h2d_only,28,asc,0,2.2015,2.1661,2.1738,2.1778,2.1796,2.2029,0
both,3,p0_transfer_only,28,asc,0,6.6462,6.6535,6.6762,6.6831,6.6910,6.7630,0
both,3,p4_d2h_fresh_vec,28,asc,0,0.5048,0.5024,0.5026,0.5027,0.5027,0.5117,0
both,3,p1_alloc_only,28,asc,1,1.7481,1.5759,1.5792,1.5851,1.5883,1.5991,0
both,3,p2_alloc_zeros,28,asc,1,1.7773,1.7701,1.7771,1.7840,1.7888,1.9760,0
both,3,p3_h2d_only,28,asc,1,2.1754,2.1660,2.1693,2.1740,2.1794,2.2047,0
both,3,p0_transfer_only,28,asc,1,6.6337,6.6815,6.6969,6.7070,6.7144,6.7224,0
both,3,p4_d2h_fresh_vec,28,asc,1,0.5033,0.5023,0.5026,0.5027,0.5028,0.5112,0
both,3,p1_alloc_only,28,asc,2,1.7326,1.5613,1.5692,1.5728,1.5749,1.5998,0
both,3,p2_alloc_zeros,28,asc,2,1.7564,1.7696,1.7794,1.7828,1.7883,1.8216,0
both,3,p3_h2d_only,28,asc,2,2.1775,2.1591,2.1662,2.1702,2.1743,2.2594,0
both,3,p0_transfer_only,28,asc,2,6.6547,6.6798,6.6961,6.7104,6.7160,6.7887,0
both,3,p4_d2h_fresh_vec,28,asc,2,0.5035,0.5022,0.5026,0.5028,0.5029,0.5034,0
mem_pool_attr,after_both_28mib,reserved_bytes=33554432,used_bytes=0,release_threshold=18446744073709551615
baseline,4,p1_alloc_only,28,asc,0,1.9061,1.7985,1.8041,1.8097,1.8135,1.8931,0
baseline,4,p2_alloc_zeros,28,asc,0,1.9905,1.9770,1.9917,1.9954,1.9986,2.0049,0
baseline,4,p3_h2d_only,28,asc,0,2.4042,2.3692,2.3817,2.3873,2.3920,2.4185,0
baseline,4,p0_transfer_only,28,asc,0,7.3032,7.3417,7.3843,7.4021,7.4051,7.4200,0
baseline,4,p4_d2h_fresh_vec,28,asc,0,0.5050,0.5029,0.5030,0.5032,0.5033,0.5043,0
baseline,4,p1_alloc_only,28,asc,1,1.8433,1.7863,1.7972,1.8021,1.8070,1.8297,0
baseline,4,p2_alloc_zeros,28,asc,1,2.0014,1.9778,1.9851,1.9893,1.9936,2.0064,0
baseline,4,p3_h2d_only,28,asc,1,2.3882,2.3744,2.3797,2.3847,2.3851,2.4280,0
baseline,4,p0_transfer_only,28,asc,1,7.3085,7.3501,7.3949,7.4068,7.4210,7.5147,0
baseline,4,p4_d2h_fresh_vec,28,asc,1,0.5055,0.5031,0.5034,0.5035,0.5036,0.5047,0
baseline,4,p1_alloc_only,28,asc,2,1.8380,1.7900,1.7990,1.8035,1.8082,1.8212,0
baseline,4,p2_alloc_zeros,28,asc,2,1.9875,1.9869,1.9985,2.0002,2.0052,2.0140,0
baseline,4,p3_h2d_only,28,asc,2,2.3831,2.3715,2.3815,2.3867,2.3896,2.4061,0
baseline,4,p0_transfer_only,28,asc,2,7.2989,7.3650,7.3771,7.3855,7.3983,7.4355,0
baseline,4,p4_d2h_fresh_vec,28,asc,2,0.5053,0.5032,0.5035,0.5036,0.5037,0.5040,0
mem_pool_attr,after_baseline_28mib,reserved_bytes=0,used_bytes=0,release_threshold=0
baseline,0,p1_alloc_only,31,asc,0,1.9635,1.7875,1.7953,1.8020,1.8186,2.0873,0
baseline,0,p2_alloc_zeros,31,asc,0,2.0035,2.0052,2.0158,2.0210,2.0249,2.0427,0
baseline,0,p3_h2d_only,31,asc,0,2.4688,2.4331,2.4376,2.4433,2.4559,2.5519,0
baseline,0,p0_transfer_only,31,asc,0,26.6609,7.4900,7.5049,7.5166,7.5289,7.5572,0
baseline,0,p4_d2h_fresh_vec,31,asc,0,0.5586,0.5563,0.5564,0.5567,0.5567,0.5648,0
baseline,0,p1_alloc_only,31,asc,1,1.8174,1.7871,1.7951,1.8008,1.8113,1.8257,0
baseline,0,p2_alloc_zeros,31,asc,1,2.0048,1.9999,2.0107,2.0161,2.0174,2.0257,0
baseline,0,p3_h2d_only,31,asc,1,2.4498,2.4214,2.4364,2.4472,2.4511,2.4623,0
baseline,0,p0_transfer_only,31,asc,1,7.5016,7.4953,7.5131,7.5216,7.5364,7.8130,0
baseline,0,p4_d2h_fresh_vec,31,asc,1,0.5580,0.5554,0.5557,0.5559,0.5632,0.9435,0
baseline,0,p1_alloc_only,31,asc,2,1.8479,1.7843,1.7949,1.8032,1.8129,1.8789,0
baseline,0,p2_alloc_zeros,31,asc,2,2.0233,1.9980,2.0056,2.0133,2.0174,2.0229,0
baseline,0,p3_h2d_only,31,asc,2,2.4639,2.4291,2.4407,2.4481,2.4519,2.4662,0
baseline,0,p0_transfer_only,31,asc,2,7.4680,7.4986,7.5274,7.5447,7.5501,7.6389,0
baseline,0,p4_d2h_fresh_vec,31,asc,2,0.5589,0.5554,0.5556,0.5558,0.5561,0.5646,0
mem_pool_attr,after_baseline_31mib,reserved_bytes=0,used_bytes=0,release_threshold=0
release_threshold,1,p1_alloc_only,31,asc,0,1.3540,0.0017,0.0017,0.0018,0.0018,0.0019,0
release_threshold,1,p2_alloc_zeros,31,asc,0,0.1397,0.1691,0.1698,0.1703,0.1706,0.1714,0
release_threshold,1,p3_h2d_only,31,asc,0,0.5587,0.5584,0.5593,0.5597,0.5602,0.5614,0
release_threshold,1,p0_transfer_only,31,asc,0,4.6175,1.7858,1.7895,1.7903,1.7907,1.8006,0
release_threshold,1,p4_d2h_fresh_vec,31,asc,0,0.5555,0.5546,0.5547,0.5548,0.5551,0.6362,0
release_threshold,1,p1_alloc_only,31,asc,1,0.0023,0.0017,0.0018,0.0018,0.0018,0.0018,0
release_threshold,1,p2_alloc_zeros,31,asc,1,0.1537,0.1693,0.1700,0.1702,0.1704,0.1711,0
release_threshold,1,p3_h2d_only,31,asc,1,0.5449,0.5579,0.5589,0.5601,0.5694,0.9968,0
release_threshold,1,p0_transfer_only,31,asc,1,1.7887,1.7877,1.7896,1.7908,1.7917,1.7985,0
release_threshold,1,p4_d2h_fresh_vec,31,asc,1,0.5558,0.5544,0.5547,0.5548,0.5549,0.5554,0
release_threshold,1,p1_alloc_only,31,asc,2,0.0019,0.0017,0.0017,0.0018,0.0018,0.0018,0
release_threshold,1,p2_alloc_zeros,31,asc,2,0.1496,0.1694,0.1699,0.1705,0.1707,0.1716,0
release_threshold,1,p3_h2d_only,31,asc,2,0.5461,0.5590,0.5597,0.5598,0.5604,0.5684,0
release_threshold,1,p0_transfer_only,31,asc,2,1.7879,1.7875,1.7894,1.7899,1.7907,1.7997,0
release_threshold,1,p4_d2h_fresh_vec,31,asc,2,0.5556,0.5545,0.5546,0.5547,0.5548,0.5640,0
mem_pool_attr,after_release_threshold_31mib,reserved_bytes=100663296,used_bytes=0,release_threshold=18446744073709551615
sync_alloc,2,p1_alloc_only,31,asc,0,1.8839,1.7320,1.7624,1.7694,1.7743,1.9666,0
sync_alloc,2,p2_alloc_zeros,31,asc,0,1.9717,1.9733,1.9814,1.9844,1.9880,1.9937,0
sync_alloc,2,p3_h2d_only,31,asc,0,2.4119,2.3872,2.4012,2.4065,2.4103,2.4505,0
sync_alloc,2,p0_transfer_only,31,asc,0,7.3581,7.3661,7.3936,7.4104,7.4209,7.7884,0
sync_alloc,2,p4_d2h_fresh_vec,31,asc,0,0.5586,0.5551,0.5552,0.5554,0.5554,0.5564,0
sync_alloc,2,p1_alloc_only,31,asc,1,1.8113,1.7534,1.7641,1.7667,1.7728,1.7795,0
sync_alloc,2,p2_alloc_zeros,31,asc,1,1.9795,1.9698,1.9735,1.9792,1.9809,1.9954,0
sync_alloc,2,p3_h2d_only,31,asc,1,2.4127,2.3954,2.4050,2.4109,2.4125,2.4535,0
sync_alloc,2,p0_transfer_only,31,asc,1,7.3457,7.3805,7.3953,7.4173,7.4252,7.8905,0
sync_alloc,2,p4_d2h_fresh_vec,31,asc,1,0.5579,0.5552,0.5554,0.5555,0.5556,0.5559,0
sync_alloc,2,p1_alloc_only,31,asc,2,1.8232,1.7575,1.7675,1.7729,1.7764,1.7889,0
sync_alloc,2,p2_alloc_zeros,31,asc,2,1.9637,1.9619,1.9812,1.9850,1.9894,1.9929,0
sync_alloc,2,p3_h2d_only,31,asc,2,2.4281,2.3971,2.4119,2.4223,2.6445,5.2179,0
sync_alloc,2,p0_transfer_only,31,asc,2,7.6320,7.3883,7.4104,7.4183,7.4250,7.4616,0
sync_alloc,2,p4_d2h_fresh_vec,31,asc,2,0.5588,0.5555,0.5558,0.5558,0.5559,0.5564,0
mem_pool_attr,after_sync_alloc_31mib,reserved_bytes=0,used_bytes=0,release_threshold=0
both,3,p1_alloc_only,31,asc,0,1.8248,1.7488,1.7705,1.7726,1.7763,1.7939,0
both,3,p2_alloc_zeros,31,asc,0,1.9751,1.9752,1.9856,1.9885,1.9939,2.0208,0
both,3,p3_h2d_only,31,asc,0,2.4185,2.3952,2.4094,2.4130,2.4225,2.7012,0
both,3,p0_transfer_only,31,asc,0,7.3557,7.3797,7.3924,7.4054,7.4153,7.4491,0
both,3,p4_d2h_fresh_vec,31,asc,0,0.5580,0.5554,0.5557,0.5557,0.5558,0.5647,0
both,3,p1_alloc_only,31,asc,1,1.9257,1.7495,1.7634,1.7696,1.7725,1.8093,0
both,3,p2_alloc_zeros,31,asc,1,1.9752,1.9638,1.9796,1.9843,1.9873,2.0067,0
both,3,p3_h2d_only,31,asc,1,2.4231,2.3889,2.4059,2.4140,2.4182,2.4264,0
both,3,p0_transfer_only,31,asc,1,7.4004,7.4046,7.4199,7.4272,7.4343,7.4672,0
both,3,p4_d2h_fresh_vec,31,asc,1,0.5571,0.5553,0.5555,0.5556,0.5558,0.5560,0
both,3,p1_alloc_only,31,asc,2,1.9114,1.7557,1.7649,1.7709,1.7727,1.7931,0
both,3,p2_alloc_zeros,31,asc,2,1.9621,1.9660,1.9725,1.9809,1.9861,1.9909,0
both,3,p3_h2d_only,31,asc,2,2.4193,2.4014,2.4076,2.4123,2.4162,2.4220,0
both,3,p0_transfer_only,31,asc,2,7.3758,7.3865,7.3987,7.4118,7.4210,7.4562,0
both,3,p4_d2h_fresh_vec,31,asc,2,0.5571,0.5554,0.5557,0.5558,0.5559,0.5562,0
mem_pool_attr,after_both_31mib,reserved_bytes=33554432,used_bytes=0,release_threshold=18446744073709551615
baseline,4,p1_alloc_only,31,asc,0,1.9056,1.7951,1.8064,1.8090,1.8178,1.8403,0
baseline,4,p2_alloc_zeros,31,asc,0,2.0182,2.0089,2.0164,2.0210,2.0242,2.0320,0
baseline,4,p3_h2d_only,31,asc,0,2.4610,2.4351,2.4405,2.4460,2.4496,2.4589,0
baseline,4,p0_transfer_only,31,asc,0,7.4544,7.4988,7.5143,7.5274,7.5380,8.0205,0
baseline,4,p4_d2h_fresh_vec,31,asc,0,0.5584,0.5550,0.5555,0.5556,0.5558,0.5636,0
baseline,4,p1_alloc_only,31,asc,1,1.8513,1.7917,1.7955,1.7998,1.8101,1.8231,0
baseline,4,p2_alloc_zeros,31,asc,1,2.0125,2.0065,2.0131,2.0187,2.0245,2.0375,0
baseline,4,p3_h2d_only,31,asc,1,2.4540,2.4298,2.4415,2.4467,2.4502,2.4674,0
baseline,4,p0_transfer_only,31,asc,1,7.4719,7.5049,7.5155,7.5307,7.5369,7.5501,0
baseline,4,p4_d2h_fresh_vec,31,asc,1,0.5581,0.5553,0.5555,0.5557,0.5558,0.5562,0
baseline,4,p1_alloc_only,31,asc,2,1.8449,1.7888,1.7988,1.8044,1.8072,1.8402,0
baseline,4,p2_alloc_zeros,31,asc,2,2.0082,2.0042,2.0155,2.0181,2.0230,2.0497,0
baseline,4,p3_h2d_only,31,asc,2,2.4549,2.4363,2.4392,2.4466,2.4503,2.4579,0
baseline,4,p0_transfer_only,31,asc,2,7.4370,7.4633,7.5028,7.5185,7.5222,7.6773,0
baseline,4,p4_d2h_fresh_vec,31,asc,2,0.5576,0.5547,0.5556,0.5558,0.5560,0.5636,0
mem_pool_attr,after_baseline_31mib,reserved_bytes=0,used_bytes=0,release_threshold=0
baseline,0,p1_alloc_only,32,asc,0,1.9454,1.8004,1.8043,1.8085,1.8099,1.8187,0
baseline,0,p2_alloc_zeros,32,asc,0,2.0122,1.9945,1.9970,1.9993,2.0064,2.1723,0
baseline,0,p3_h2d_only,32,asc,0,2.4793,2.4464,2.4582,2.4647,2.4696,2.4940,0
baseline,0,p0_transfer_only,32,asc,0,26.9220,24.6295,25.2286,25.6169,26.0741,27.0340,0
baseline,0,p4_d2h_fresh_vec,32,asc,0,19.6504,16.8193,17.4639,18.0019,18.0571,19.2189,0
baseline,0,p1_alloc_only,32,asc,1,1.9078,1.7970,1.8058,1.8102,1.8119,2.1852,0
baseline,0,p2_alloc_zeros,32,asc,1,2.1277,2.0147,2.0214,2.0271,2.0287,2.0363,0
baseline,0,p3_h2d_only,32,asc,1,2.4664,2.4541,2.4617,2.4657,2.4703,2.4769,0
baseline,0,p0_transfer_only,32,asc,1,23.8149,24.0523,25.1979,25.7523,26.3235,27.2600,0
baseline,0,p4_d2h_fresh_vec,32,asc,1,19.3644,16.3977,17.9264,18.0468,18.2207,19.1246,0
baseline,0,p1_alloc_only,32,asc,2,1.8956,1.7916,1.8024,1.8138,1.8151,1.8378,0
baseline,0,p2_alloc_zeros,32,asc,2,2.0132,2.0036,2.0183,2.0226,2.0240,2.0647,0
baseline,0,p3_h2d_only,32,asc,2,2.4634,2.4509,2.4593,2.4629,2.4666,2.4834,0
baseline,0,p0_transfer_only,32,asc,2,25.7203,24.6664,24.9215,26.3338,26.7592,27.0462,0
baseline,0,p4_d2h_fresh_vec,32,asc,2,19.3219,16.1452,16.8699,17.9011,18.0459,19.7212,0
baseline,0,p1_alloc_only,32,asc,3,1.8956,1.7868,1.8037,1.8064,1.8136,1.8538,0
baseline,0,p2_alloc_zeros,32,asc,3,2.0111,2.0083,2.0133,2.0158,2.0213,2.1277,0
baseline,0,p3_h2d_only,32,asc,3,2.4785,2.4535,2.4617,2.4656,2.4694,2.4811,0
baseline,0,p0_transfer_only,32,asc,3,24.7617,25.0686,25.6779,25.8850,26.6701,27.2086,0
baseline,0,p4_d2h_fresh_vec,32,asc,3,19.1167,15.6208,16.6406,17.4654,17.9771,19.8420,0
baseline,0,p1_alloc_only,32,asc,4,1.8965,1.7940,1.8054,1.8122,1.8143,1.8433,0
baseline,0,p2_alloc_zeros,32,asc,4,2.0005,2.0178,2.0202,2.0260,2.0274,2.0340,0
baseline,0,p3_h2d_only,32,asc,4,2.4682,2.4476,2.4611,2.4678,2.4739,2.4844,0
baseline,0,p0_transfer_only,32,asc,4,25.0078,24.4431,25.2931,25.4666,26.1943,27.0855,0
baseline,0,p4_d2h_fresh_vec,32,asc,4,18.9821,16.2394,17.1595,17.8884,18.0852,19.0224,0
mem_pool_attr,after_baseline_32mib,reserved_bytes=0,used_bytes=0,release_threshold=0
release_threshold,1,p1_alloc_only,32,asc,0,1.4134,0.0017,0.0018,0.0018,0.0018,0.0019,0
release_threshold,1,p2_alloc_zeros,32,asc,0,0.1420,0.1747,0.1754,0.1756,0.1758,0.1764,0
release_threshold,1,p3_h2d_only,32,asc,0,0.5747,0.5771,0.5777,0.5781,0.5784,0.5789,0
release_threshold,1,p0_transfer_only,32,asc,0,21.8541,18.2515,18.5263,18.5863,18.6916,19.7391,0
release_threshold,1,p4_d2h_fresh_vec,32,asc,0,18.3457,16.8890,17.9412,18.1398,18.3317,19.2955,0
release_threshold,1,p1_alloc_only,32,asc,1,0.0069,0.0017,0.0018,0.0018,0.0018,0.0021,0
release_threshold,1,p2_alloc_zeros,32,asc,1,0.1672,0.1747,0.1750,0.1758,0.1760,0.1769,0
release_threshold,1,p3_h2d_only,32,asc,1,0.5657,0.5767,0.5779,0.5781,0.5786,0.5795,0
release_threshold,1,p0_transfer_only,32,asc,1,17.4236,17.3852,18.4852,18.5958,19.3876,19.9907,0
release_threshold,1,p4_d2h_fresh_vec,32,asc,1,18.3904,16.8593,17.9152,18.0972,18.1497,18.9049,0
release_threshold,1,p1_alloc_only,32,asc,2,0.0067,0.0017,0.0018,0.0018,0.0018,0.0021,0
release_threshold,1,p2_alloc_zeros,32,asc,2,0.1676,0.1740,0.1750,0.1756,0.1762,0.1766,0
release_threshold,1,p3_h2d_only,32,asc,2,0.5663,0.5768,0.5777,0.5782,0.5786,0.5868,0
release_threshold,1,p0_transfer_only,32,asc,2,18.6813,17.4660,18.4991,18.6610,19.3129,20.3699,0
release_threshold,1,p4_d2h_fresh_vec,32,asc,2,18.9663,16.1969,17.0081,17.9240,18.0800,20.5630,0
release_threshold,1,p1_alloc_only,32,asc,3,0.0067,0.0017,0.0018,0.0018,0.0018,0.0022,0
release_threshold,1,p2_alloc_zeros,32,asc,3,0.1674,0.1747,0.1755,0.1757,0.1760,0.1765,0
release_threshold,1,p3_h2d_only,32,asc,3,0.5682,0.5774,0.5777,0.5781,0.5785,0.5787,0
release_threshold,1,p0_transfer_only,32,asc,3,17.2580,17.1954,18.4557,18.5986,18.6700,18.8564,0
release_threshold,1,p4_d2h_fresh_vec,32,asc,3,18.4515,16.5974,17.9459,18.0410,18.1604,18.6798,0
release_threshold,1,p1_alloc_only,32,asc,4,0.0073,0.0017,0.0018,0.0018,0.0018,0.0041,0
release_threshold,1,p2_alloc_zeros,32,asc,4,0.2574,0.1747,0.1755,0.1758,0.1760,0.1779,0
release_threshold,1,p3_h2d_only,32,asc,4,0.5673,0.5772,0.5778,0.5781,0.5782,0.5827,0
release_threshold,1,p0_transfer_only,32,asc,4,17.5448,17.4249,18.3631,18.6185,18.6512,20.1506,0
release_threshold,1,p4_d2h_fresh_vec,32,asc,4,17.3895,15.4834,16.8925,18.0281,18.1462,19.1279,0
mem_pool_attr,after_release_threshold_32mib,reserved_bytes=100663296,used_bytes=0,release_threshold=18446744073709551615
sync_alloc,2,p1_alloc_only,32,asc,0,1.9185,1.7956,1.8074,1.8135,1.8157,1.8283,0
sync_alloc,2,p2_alloc_zeros,32,asc,0,2.0160,2.0187,2.0263,2.0302,2.0339,2.0596,0
sync_alloc,2,p3_h2d_only,32,asc,0,2.4852,2.4372,2.4537,2.4586,2.4707,2.5664,0
sync_alloc,2,p0_transfer_only,32,asc,0,25.8582,25.0110,25.8560,26.5016,26.8862,27.1068,0
sync_alloc,2,p4_d2h_fresh_vec,32,asc,0,19.9118,15.6237,16.9926,17.6593,17.8558,19.9410,0
sync_alloc,2,p1_alloc_only,32,asc,1,1.8905,1.7898,1.7993,1.8032,1.8090,1.8313,0
sync_alloc,2,p2_alloc_zeros,32,asc,1,2.0127,2.0072,2.0151,2.0220,2.0256,2.3567,0
sync_alloc,2,p3_h2d_only,32,asc,1,2.4695,2.4294,2.4435,2.4466,2.4558,2.4679,0
sync_alloc,2,p0_transfer_only,32,asc,1,27.9163,24.7692,25.8089,25.9992,27.0475,27.4729,0
sync_alloc,2,p4_d2h_fresh_vec,32,asc,1,19.8074,16.6635,18.0288,18.0923,18.2842,19.1027,0
sync_alloc,2,p1_alloc_only,32,asc,2,1.8946,1.7962,1.8164,1.8215,1.8239,2.1720,0
sync_alloc,2,p2_alloc_zeros,32,asc,2,2.0326,2.0165,2.0256,2.0322,2.0345,2.0517,0
sync_alloc,2,p3_h2d_only,32,asc,2,2.4758,2.4609,2.4677,2.4734,2.4776,2.4908,0
sync_alloc,2,p0_transfer_only,32,asc,2,27.9205,23.6954,25.5950,26.3096,26.9114,27.1151,0
sync_alloc,2,p4_d2h_fresh_vec,32,asc,2,19.9530,12.6957,15.0583,17.8598,18.0341,19.4230,0
sync_alloc,2,p1_alloc_only,32,asc,3,1.8957,1.7818,1.7987,1.8044,1.8072,1.8147,0
sync_alloc,2,p2_alloc_zeros,32,asc,3,2.0036,2.0153,2.0234,2.0263,2.0333,2.0547,0
sync_alloc,2,p3_h2d_only,32,asc,3,2.4771,2.4503,2.4610,2.4659,2.4691,2.4784,0
sync_alloc,2,p0_transfer_only,32,asc,3,25.9715,24.5256,25.6463,25.9396,26.9148,27.4339,0
sync_alloc,2,p4_d2h_fresh_vec,32,asc,3,19.7040,16.0422,17.2208,17.9359,18.9790,20.7974,0
sync_alloc,2,p1_alloc_only,32,asc,4,1.8681,1.8005,1.8066,1.8106,1.8147,1.8286,0
sync_alloc,2,p2_alloc_zeros,32,asc,4,2.0123,2.0116,2.0243,2.0281,2.0336,2.2002,0
sync_alloc,2,p3_h2d_only,32,asc,4,2.4716,2.4564,2.4630,2.4693,2.4839,2.5375,0
sync_alloc,2,p0_transfer_only,32,asc,4,25.5568,24.6954,25.3618,25.9367,26.8375,27.5380,0
sync_alloc,2,p4_d2h_fresh_vec,32,asc,4,18.6217,14.8909,17.3415,17.9691,18.0302,19.1765,0
mem_pool_attr,after_sync_alloc_32mib,reserved_bytes=0,used_bytes=0,release_threshold=0
both,3,p1_alloc_only,32,asc,0,1.9028,1.7973,1.8009,1.8047,1.8066,1.8900,0
both,3,p2_alloc_zeros,32,asc,0,2.0430,2.0209,2.0253,2.0288,2.0318,2.0488,0
both,3,p3_h2d_only,32,asc,0,2.4804,2.4521,2.4628,2.4675,2.4716,2.4848,0
both,3,p0_transfer_only,32,asc,0,28.5333,24.5960,25.7446,26.0648,26.9527,27.1734,0
both,3,p4_d2h_fresh_vec,32,asc,0,19.4656,16.6923,17.9246,17.9859,18.0543,19.3676,0
both,3,p1_alloc_only,32,asc,1,2.0020,1.7999,1.8079,1.8125,1.8189,1.8344,0
both,3,p2_alloc_zeros,32,asc,1,2.0009,2.0227,2.0317,2.0343,2.0394,2.0502,0
both,3,p3_h2d_only,32,asc,1,2.4885,2.4481,2.4646,2.4716,2.4767,2.8599,0
both,3,p0_transfer_only,32,asc,1,26.4940,23.8140,25.9120,26.6199,26.8012,27.2981,0
both,3,p4_d2h_fresh_vec,32,asc,1,18.2074,17.8267,18.0642,18.1391,18.2306,19.2347,0
both,3,p1_alloc_only,32,asc,2,1.9989,1.8020,1.8049,1.8095,1.8129,1.8257,0
both,3,p2_alloc_zeros,32,asc,2,2.0265,2.0178,2.0258,2.0300,2.0321,2.0676,0
both,3,p3_h2d_only,32,asc,2,2.4751,2.4555,2.4648,2.4689,2.4707,2.4895,0
both,3,p0_transfer_only,32,asc,2,24.7481,25.0687,25.8858,26.9323,27.0820,27.9064,0
both,3,p4_d2h_fresh_vec,32,asc,2,19.3210,17.8679,17.9699,18.0709,18.1786,19.3041,0
both,3,p1_alloc_only,32,asc,3,2.0078,1.7993,1.8120,1.8171,1.8194,2.0937,0
both,3,p2_alloc_zeros,32,asc,3,2.0324,2.0112,2.0224,2.0277,2.0338,2.0419,0
both,3,p3_h2d_only,32,asc,3,2.4701,2.4552,2.4656,2.4693,2.4733,2.4854,0
both,3,p0_transfer_only,32,asc,3,25.9489,24.9434,26.0137,27.0302,27.2071,27.3906,0
both,3,p4_d2h_fresh_vec,32,asc,3,19.2903,12.6611,16.8600,17.9490,18.1253,19.4375,0
both,3,p1_alloc_only,32,asc,4,2.0091,1.7868,1.8031,1.8069,1.8116,1.8599,0
both,3,p2_alloc_zeros,32,asc,4,2.0094,2.0201,2.0290,2.0337,2.0387,2.0508,0
both,3,p3_h2d_only,32,asc,4,2.4819,2.4501,2.4565,2.4676,2.4722,2.4822,0
both,3,p0_transfer_only,32,asc,4,25.9642,24.8933,25.6125,26.0248,27.0573,27.5401,0
test large_buffer_percall_alloc_ab_record has been running for over 60 seconds
both,3,p4_d2h_fresh_vec,32,asc,4,18.9202,16.8505,17.9846,18.0552,18.9959,20.0316,0
mem_pool_attr,after_both_32mib,reserved_bytes=33554432,used_bytes=0,release_threshold=18446744073709551615
baseline,4,p1_alloc_only,32,asc,0,1.8889,1.7952,1.8020,1.8077,1.8107,1.8218,0
baseline,4,p2_alloc_zeros,32,asc,0,2.0211,2.0110,2.0231,2.0266,2.0279,2.0467,0
baseline,4,p3_h2d_only,32,asc,0,2.4753,2.4470,2.4597,2.4646,2.4707,2.4836,0
baseline,4,p0_transfer_only,32,asc,0,25.8020,23.9034,24.9751,25.7358,25.9149,27.2668,0
baseline,4,p4_d2h_fresh_vec,32,asc,0,19.7610,16.7018,17.1113,17.9557,18.1408,19.9370,0
baseline,4,p1_alloc_only,32,asc,1,1.8891,1.7851,1.7976,1.8057,1.8106,1.8151,0
baseline,4,p2_alloc_zeros,32,asc,1,2.0137,2.0072,2.0187,2.0247,2.0287,2.0412,0
baseline,4,p3_h2d_only,32,asc,1,2.4695,2.4477,2.4626,2.4671,2.4682,2.4879,0
baseline,4,p0_transfer_only,32,asc,1,26.0424,23.8329,25.7680,25.8362,26.6712,27.1797,0
baseline,4,p4_d2h_fresh_vec,32,asc,1,20.2749,16.8267,18.0299,18.1219,18.3851,19.2425,0
baseline,4,p1_alloc_only,32,asc,2,1.8742,1.7977,1.8054,1.8106,1.8149,1.8206,0
baseline,4,p2_alloc_zeros,32,asc,2,2.0140,2.0118,2.0191,2.0235,2.0263,2.0491,0
baseline,4,p3_h2d_only,32,asc,2,2.4693,2.4523,2.4631,2.4662,2.4725,2.7348,0
baseline,4,p0_transfer_only,32,asc,2,24.8241,24.7649,25.3223,25.7199,25.8575,27.1646,0
baseline,4,p4_d2h_fresh_vec,32,asc,2,20.0523,12.3845,14.6895,18.0475,18.3656,19.9062,0
baseline,4,p1_alloc_only,32,asc,3,1.8884,1.7855,1.7931,1.8012,1.8047,1.8240,0
baseline,4,p2_alloc_zeros,32,asc,3,2.0899,2.0132,2.0198,2.0255,2.0274,2.2714,0
baseline,4,p3_h2d_only,32,asc,3,2.4798,2.4499,2.4599,2.4645,2.4676,2.4853,0
baseline,4,p0_transfer_only,32,asc,3,26.1499,24.8104,25.6079,25.8248,25.9889,31.1896,0
baseline,4,p4_d2h_fresh_vec,32,asc,3,19.6042,15.9202,17.8607,18.1187,18.4221,19.6687,0
baseline,4,p1_alloc_only,32,asc,4,1.9012,1.7866,1.8026,1.8063,1.8074,1.8213,0
baseline,4,p2_alloc_zeros,32,asc,4,2.0216,2.0118,2.0203,2.0245,2.0264,2.4446,0
baseline,4,p3_h2d_only,32,asc,4,2.4658,2.4551,2.4624,2.4645,2.4731,2.5272,0
baseline,4,p0_transfer_only,32,asc,4,26.7922,24.2479,25.6683,26.0183,26.2361,27.2575,0
baseline,4,p4_d2h_fresh_vec,32,asc,4,20.2283,15.9000,16.9059,17.0613,17.9937,19.0963,0
mem_pool_attr,after_baseline_32mib,reserved_bytes=0,used_bytes=0,release_threshold=0
baseline,0,p1_alloc_only,33,asc,0,3.8090,3.7308,3.7483,3.7558,3.7639,3.7712,0
baseline,0,p2_alloc_zeros,33,asc,0,3.9644,3.9310,3.9566,3.9638,3.9707,4.0002,0
baseline,0,p3_h2d_only,33,asc,0,4.4627,4.3951,4.4036,4.4123,4.4181,4.5003,0
baseline,0,p0_transfer_only,33,asc,0,29.3435,27.3338,28.3227,28.4666,28.5516,30.1998,0
baseline,0,p4_d2h_fresh_vec,33,asc,0,20.4092,17.2717,17.5740,18.5347,18.7662,20.0176,0
baseline,0,p1_alloc_only,33,asc,1,3.7538,3.7373,3.7471,3.7561,3.7595,3.7675,0
baseline,0,p2_alloc_zeros,33,asc,1,3.9627,3.9427,3.9596,3.9647,3.9677,3.9829,0
baseline,0,p3_h2d_only,33,asc,1,4.4180,4.3817,4.4079,4.4171,4.4324,4.4605,0
baseline,0,p0_transfer_only,33,asc,1,28.7709,27.6018,28.3261,28.4752,28.5735,29.7949,0
baseline,0,p4_d2h_fresh_vec,33,asc,1,20.0355,18.3411,18.5784,18.6478,18.7455,19.6823,0
baseline,0,p1_alloc_only,33,asc,2,3.7304,3.7367,3.7449,3.7528,3.7583,3.7861,0
baseline,0,p2_alloc_zeros,33,asc,2,3.9667,3.9493,3.9574,3.9672,3.9691,4.0780,0
baseline,0,p3_h2d_only,33,asc,2,4.4178,4.3957,4.4077,4.4158,4.4228,4.4993,0
baseline,0,p0_transfer_only,33,asc,2,29.0387,27.2810,28.4363,28.5104,29.1755,31.0384,0
baseline,0,p4_d2h_fresh_vec,33,asc,2,20.5062,17.9990,18.5604,18.6986,19.3900,20.4248,0
baseline,0,p1_alloc_only,33,asc,3,3.7372,3.7244,3.7461,3.7537,3.7583,3.7649,0
baseline,0,p2_alloc_zeros,33,asc,3,3.9513,3.9495,3.9632,3.9691,3.9719,3.9811,0
baseline,0,p3_h2d_only,33,asc,3,4.4205,4.3988,4.4165,4.4228,4.4259,4.4452,0
baseline,0,p0_transfer_only,33,asc,3,29.6829,28.0329,28.4242,28.5907,28.7099,30.3171,0
baseline,0,p4_d2h_fresh_vec,33,asc,3,20.7277,14.9674,15.4753,18.5208,18.5548,18.9939,0
baseline,0,p1_alloc_only,33,asc,4,3.7331,3.7353,3.7550,3.7589,3.7633,4.2003,0
baseline,0,p2_alloc_zeros,33,asc,4,3.9624,3.9479,3.9626,3.9659,3.9713,3.9927,0
baseline,0,p3_h2d_only,33,asc,4,4.4062,4.3983,4.4136,4.4175,4.4221,4.4452,0
baseline,0,p0_transfer_only,33,asc,4,28.9848,27.3310,28.4237,28.6495,29.5403,30.2175,0
baseline,0,p4_d2h_fresh_vec,33,asc,4,20.1341,17.1471,18.2039,18.6432,18.7415,19.9653,0
mem_pool_attr,after_baseline_33mib,reserved_bytes=0,used_bytes=0,release_threshold=0
release_threshold,1,p1_alloc_only,33,asc,0,2.7765,0.0017,0.0018,0.0018,0.0018,0.0020,0
release_threshold,1,p2_alloc_zeros,33,asc,0,0.1493,0.1802,0.1808,0.1814,0.1816,0.1824,0
release_threshold,1,p3_h2d_only,33,asc,0,0.5925,0.5945,0.5954,0.5956,0.5959,0.6056,0
release_threshold,1,p0_transfer_only,33,asc,0,23.0370,17.9170,18.0314,18.1724,18.7951,20.0562,0
release_threshold,1,p4_d2h_fresh_vec,33,asc,0,17.6609,17.2415,17.3362,17.4303,17.4733,18.4205,0
release_threshold,1,p1_alloc_only,33,asc,1,0.0071,0.0017,0.0018,0.0018,0.0018,0.0020,0
release_threshold,1,p2_alloc_zeros,33,asc,1,0.1786,0.1805,0.1810,0.1814,0.1817,0.1830,0
release_threshold,1,p3_h2d_only,33,asc,1,0.5844,0.5946,0.5952,0.5955,0.5958,0.5965,0
release_threshold,1,p0_transfer_only,33,asc,1,17.9441,16.5259,17.7214,18.0630,18.0997,20.3752,0
release_threshold,1,p4_d2h_fresh_vec,33,asc,1,16.7771,17.2003,17.4314,17.6354,18.0644,19.4654,0
release_threshold,1,p1_alloc_only,33,asc,2,0.0066,0.0017,0.0018,0.0018,0.0018,0.0019,0
release_threshold,1,p2_alloc_zeros,33,asc,2,0.1752,0.1802,0.1809,0.1813,0.1815,0.1829,0
release_threshold,1,p3_h2d_only,33,asc,2,0.6096,0.5946,0.5951,0.5956,0.5958,0.6045,0
release_threshold,1,p0_transfer_only,33,asc,2,19.7217,14.1864,15.5268,18.1460,19.2303,19.6589,0
release_threshold,1,p4_d2h_fresh_vec,33,asc,2,17.4491,13.8349,13.9823,15.1262,15.3476,18.5709,0
release_threshold,1,p1_alloc_only,33,asc,3,0.0071,0.0017,0.0018,0.0018,0.0018,0.0018,0
release_threshold,1,p2_alloc_zeros,33,asc,3,0.1774,0.1806,0.1813,0.1817,0.1818,0.1832,0
release_threshold,1,p3_h2d_only,33,asc,3,0.5856,0.5943,0.5950,0.5956,0.5958,0.5966,0
release_threshold,1,p0_transfer_only,33,asc,3,17.0569,14.4111,14.5237,14.7723,14.9999,15.9977,0
release_threshold,1,p4_d2h_fresh_vec,33,asc,3,13.2190,13.9744,17.0784,17.3711,17.6198,19.7048,0
release_threshold,1,p1_alloc_only,33,asc,4,0.0070,0.0017,0.0018,0.0018,0.0018,0.0021,0
release_threshold,1,p2_alloc_zeros,33,asc,4,0.1768,0.1802,0.1812,0.1817,0.1822,0.1828,0
release_threshold,1,p3_h2d_only,33,asc,4,0.5855,0.5930,0.5950,0.5959,0.6137,0.8903,0
release_threshold,1,p0_transfer_only,33,asc,4,17.8990,16.6424,18.0079,18.1185,19.1728,21.0218,0
release_threshold,1,p4_d2h_fresh_vec,33,asc,4,14.3982,13.6767,15.9021,17.3610,17.5504,19.4909,0
mem_pool_attr,after_release_threshold_33mib,reserved_bytes=134217728,used_bytes=0,release_threshold=18446744073709551615
sync_alloc,2,p1_alloc_only,33,asc,0,2.0109,1.8683,1.8820,1.8858,1.8890,1.9004,0
sync_alloc,2,p2_alloc_zeros,33,asc,0,2.0908,2.0932,2.1028,2.1055,2.1087,2.1156,0
sync_alloc,2,p3_h2d_only,33,asc,0,2.5580,2.5473,2.5584,2.5617,2.5692,2.5768,0
sync_alloc,2,p0_transfer_only,33,asc,0,27.5969,26.0179,26.7878,27.7140,28.0576,29.5043,0
sync_alloc,2,p4_d2h_fresh_vec,33,asc,0,20.7577,16.6822,17.2789,17.6304,18.6948,19.5123,0
sync_alloc,2,p1_alloc_only,33,asc,1,1.9792,1.8744,1.8824,1.8856,1.8893,1.8970,0
sync_alloc,2,p2_alloc_zeros,33,asc,1,2.0871,2.0930,2.1013,2.1055,2.1067,2.1170,0
sync_alloc,2,p3_h2d_only,33,asc,1,2.5688,2.5492,2.5560,2.5608,2.5629,2.5724,0
sync_alloc,2,p0_transfer_only,33,asc,1,26.7406,26.0733,26.6127,27.8471,28.0315,28.2177,0
sync_alloc,2,p4_d2h_fresh_vec,33,asc,1,20.2127,13.7591,14.0032,15.0413,15.5835,18.4291,0
sync_alloc,2,p1_alloc_only,33,asc,2,1.9831,1.8722,1.8855,1.8915,1.8954,1.9076,0
sync_alloc,2,p2_alloc_zeros,33,asc,2,2.0918,2.0983,2.1027,2.1066,2.1100,2.1298,0
sync_alloc,2,p3_h2d_only,33,asc,2,2.5632,2.5527,2.5578,2.5624,2.5639,2.5804,0
sync_alloc,2,p0_transfer_only,33,asc,2,26.9558,26.6529,27.0470,28.0814,28.1721,31.2854,0
sync_alloc,2,p4_d2h_fresh_vec,33,asc,2,20.9989,13.1908,13.7296,14.0253,14.9067,18.5691,0
sync_alloc,2,p1_alloc_only,33,asc,3,2.0746,1.8751,1.8785,1.8849,1.8886,1.8984,0
sync_alloc,2,p2_alloc_zeros,33,asc,3,2.0903,2.0869,2.0959,2.1038,2.1081,2.1149,0
sync_alloc,2,p3_h2d_only,33,asc,3,2.5655,2.5330,2.5581,2.5618,2.5667,2.6341,0
sync_alloc,2,p0_transfer_only,33,asc,3,28.2811,25.5139,27.0592,27.9413,28.1430,29.5244,0
sync_alloc,2,p4_d2h_fresh_vec,33,asc,3,20.5494,17.3337,18.3496,18.5676,18.6248,20.0043,0
sync_alloc,2,p1_alloc_only,33,asc,4,1.9666,1.8763,1.8826,1.8871,1.8919,2.0715,0
sync_alloc,2,p2_alloc_zeros,33,asc,4,2.0917,2.0916,2.1014,2.1036,2.1081,2.1478,0
sync_alloc,2,p3_h2d_only,33,asc,4,2.5632,2.5514,2.5557,2.5614,2.5648,2.5865,0
sync_alloc,2,p0_transfer_only,33,asc,4,26.6819,26.0720,26.5894,26.9019,28.0131,29.6801,0
sync_alloc,2,p4_d2h_fresh_vec,33,asc,4,20.4377,14.0590,15.2957,16.4808,17.3843,18.0148,0
mem_pool_attr,after_sync_alloc_33mib,reserved_bytes=0,used_bytes=0,release_threshold=0
both,3,p1_alloc_only,33,asc,0,1.9820,1.8708,1.8746,1.8787,1.8810,1.8903,0
both,3,p2_alloc_zeros,33,asc,0,2.0861,2.0906,2.0983,2.1050,2.1068,2.1418,0
both,3,p3_h2d_only,33,asc,0,2.5613,2.5495,2.5552,2.5615,2.5666,2.6546,0
both,3,p0_transfer_only,33,asc,0,28.0424,25.6740,26.8566,27.9698,28.0561,28.1861,0
both,3,p4_d2h_fresh_vec,33,asc,0,20.9967,13.8046,14.0849,15.2512,16.3445,18.3362,0
both,3,p1_alloc_only,33,asc,1,2.0841,1.9721,1.9750,1.9809,1.9844,1.9962,0
both,3,p2_alloc_zeros,33,asc,1,2.1920,2.1391,2.1475,2.1526,2.1559,2.1617,0
both,3,p3_h2d_only,33,asc,1,2.6061,2.5998,2.6056,2.6106,2.6136,2.6226,0
both,3,p0_transfer_only,33,asc,1,28.0891,25.5533,26.8087,27.7375,28.0695,28.2818,0
both,3,p4_d2h_fresh_vec,33,asc,1,20.2977,16.6873,17.1880,17.6880,18.2872,19.8847,0
both,3,p1_alloc_only,33,asc,2,2.0802,1.9715,1.9753,1.9814,1.9846,1.9896,0
both,3,p2_alloc_zeros,33,asc,2,2.1957,2.1361,2.1450,2.1479,2.1543,2.1877,0
both,3,p3_h2d_only,33,asc,2,2.6013,2.5977,2.6021,2.6063,2.6123,2.6332,0
both,3,p0_transfer_only,33,asc,2,26.6887,24.4260,26.5587,27.4769,27.9826,28.2074,0
both,3,p4_d2h_fresh_vec,33,asc,2,18.8080,17.0085,17.3831,17.5660,18.0211,19.4471,0
both,3,p1_alloc_only,33,asc,3,2.1016,1.9585,1.9715,1.9755,1.9803,1.9861,0
both,3,p2_alloc_zeros,33,asc,3,2.1953,2.1355,2.1442,2.1480,2.1535,2.1610,0
both,3,p3_h2d_only,33,asc,3,2.6178,2.5905,2.6028,2.6066,2.6098,2.6140,0
both,3,p0_transfer_only,33,asc,3,29.1020,25.6890,26.7086,26.8095,27.7838,28.5001,0
both,3,p4_d2h_fresh_vec,33,asc,3,18.9645,15.2214,17.3029,17.3684,17.5103,20.0134,0
both,3,p1_alloc_only,33,asc,4,2.0862,1.9611,1.9716,1.9785,1.9815,1.9878,0
both,3,p2_alloc_zeros,33,asc,4,2.2732,2.1372,2.1480,2.1520,2.1550,2.6176,0
both,3,p3_h2d_only,33,asc,4,2.6074,2.5777,2.5989,2.6060,2.6099,2.7759,0
both,3,p0_transfer_only,33,asc,4,26.7670,26.5670,26.8164,26.9763,27.7526,28.1696,0
both,3,p4_d2h_fresh_vec,33,asc,4,18.1331,17.1544,17.4183,18.3867,18.6512,20.0334,0
mem_pool_attr,after_both_33mib,reserved_bytes=67108864,used_bytes=0,release_threshold=18446744073709551615
baseline,4,p1_alloc_only,33,asc,0,3.7525,3.7265,3.7540,3.7586,3.7591,3.8822,0
baseline,4,p2_alloc_zeros,33,asc,0,3.9728,3.9445,3.9510,3.9577,3.9627,3.9957,0
baseline,4,p3_h2d_only,33,asc,0,4.4073,4.3886,4.4107,4.4155,4.4175,4.5064,0
baseline,4,p0_transfer_only,33,asc,0,28.8779,28.2771,28.4631,28.5737,28.6553,29.8455,0
baseline,4,p4_d2h_fresh_vec,33,asc,0,20.6123,17.2652,17.3648,17.5355,18.0713,19.3660,0
baseline,4,p1_alloc_only,33,asc,1,3.7636,3.7239,3.7395,3.7488,3.7515,3.7653,0
baseline,4,p2_alloc_zeros,33,asc,1,3.9634,3.9514,3.9615,3.9667,3.9709,3.9839,0
baseline,4,p3_h2d_only,33,asc,1,4.4223,4.3995,4.4138,4.4165,4.4202,4.4460,0
baseline,4,p0_transfer_only,33,asc,1,28.9319,27.8477,28.4660,28.5306,28.6946,32.6375,0
baseline,4,p4_d2h_fresh_vec,33,asc,1,20.9054,17.1332,17.4779,18.4456,18.5689,18.7020,0
baseline,4,p1_alloc_only,33,asc,2,3.7239,3.7093,3.7339,3.7461,3.7594,3.8351,0
baseline,4,p2_alloc_zeros,33,asc,2,4.0649,3.9396,3.9627,3.9667,3.9733,3.9958,0
baseline,4,p3_h2d_only,33,asc,2,4.4367,4.3687,4.4110,4.4197,4.4241,4.4571,0
baseline,4,p0_transfer_only,33,asc,2,28.1031,28.1558,28.5076,28.7102,29.2650,29.9918,0
baseline,4,p4_d2h_fresh_vec,33,asc,2,20.8349,15.1151,18.4538,18.5719,19.0048,20.3681,0
baseline,4,p1_alloc_only,33,asc,3,3.7528,3.7230,3.7327,3.7484,3.7527,3.8094,0
baseline,4,p2_alloc_zeros,33,asc,3,3.9762,3.9420,3.9534,3.9611,3.9693,3.9843,0
baseline,4,p3_h2d_only,33,asc,3,4.4098,4.3928,4.4087,4.4158,4.4238,4.4530,0
baseline,4,p0_transfer_only,33,asc,3,30.1610,27.4212,28.5019,28.5412,28.6164,30.1554,0
baseline,4,p4_d2h_fresh_vec,33,asc,3,20.5896,17.5149,18.4097,18.7391,19.4996,20.7188,0
baseline,4,p1_alloc_only,33,asc,4,3.7406,3.7238,3.7439,3.7470,3.7555,3.7818,0
baseline,4,p2_alloc_zeros,33,asc,4,3.9731,3.9452,3.9535,3.9611,3.9680,3.9846,0
baseline,4,p3_h2d_only,33,asc,4,4.4219,4.3932,4.4020,4.4063,4.4095,4.4935,0
baseline,4,p0_transfer_only,33,asc,4,30.3847,27.1241,28.3671,28.4763,29.3593,30.1340,0
baseline,4,p4_d2h_fresh_vec,33,asc,4,20.5457,18.3218,18.5983,18.7500,19.0707,20.7913,0
mem_pool_attr,after_baseline_33mib,reserved_bytes=0,used_bytes=0,release_threshold=0
baseline,0,p1_alloc_only,36,asc,0,3.8179,3.7274,3.7475,3.7546,3.7607,4.3263,0
baseline,0,p2_alloc_zeros,36,asc,0,4.0864,3.9679,3.9780,3.9830,3.9839,3.9984,0
baseline,0,p3_h2d_only,36,asc,0,4.4865,4.4474,4.4582,4.4674,4.4731,4.4954,0
baseline,0,p0_transfer_only,36,asc,0,30.1084,26.7243,28.8492,29.8601,30.0473,30.1745,0
baseline,0,p4_d2h_fresh_vec,36,asc,0,22.1882,18.0243,20.3282,20.9028,21.3315,22.2520,0
baseline,0,p1_alloc_only,36,asc,1,3.7229,3.7170,3.7339,3.7426,3.7494,3.7641,0
baseline,0,p2_alloc_zeros,36,asc,1,3.9714,3.9531,3.9653,3.9723,3.9833,4.1144,0
baseline,0,p3_h2d_only,36,asc,1,4.4816,4.4205,4.4512,4.4626,4.4693,4.5044,0
baseline,0,p0_transfer_only,36,asc,1,29.7164,28.5427,29.2778,29.7755,29.9623,31.3291,0
baseline,0,p4_d2h_fresh_vec,36,asc,1,21.8796,19.3394,20.4412,21.1010,21.6291,22.0312,0
baseline,0,p1_alloc_only,36,asc,2,3.7819,3.7325,3.7419,3.7504,3.7557,3.7819,0
baseline,0,p2_alloc_zeros,36,asc,2,3.9789,3.9565,3.9634,3.9722,3.9773,3.9926,0
baseline,0,p3_h2d_only,36,asc,2,4.4732,4.4561,4.4597,4.4655,4.4716,4.7647,0
baseline,0,p0_transfer_only,36,asc,2,30.0361,27.8693,29.5066,30.0078,31.1197,31.5087,0
baseline,0,p4_d2h_fresh_vec,36,asc,2,22.0771,20.4592,21.3411,21.7685,21.9387,22.7659,0
mem_pool_attr,after_baseline_36mib,reserved_bytes=0,used_bytes=0,release_threshold=0
release_threshold,1,p1_alloc_only,36,asc,0,2.7795,0.0017,0.0018,0.0018,0.0018,0.0019,0
release_threshold,1,p2_alloc_zeros,36,asc,0,0.2563,0.1961,0.1970,0.1975,0.1976,0.2038,0
release_threshold,1,p3_h2d_only,36,asc,0,0.6472,0.6474,0.6482,0.6488,0.6491,0.6579,0
release_threshold,1,p0_transfer_only,36,asc,0,26.4857,21.0090,22.2234,22.4986,22.7725,23.9222,0
release_threshold,1,p4_d2h_fresh_vec,36,asc,0,22.0098,18.3798,19.6070,20.2478,20.5644,20.9955,0
release_threshold,1,p1_alloc_only,36,asc,1,0.0067,0.0017,0.0018,0.0018,0.0018,0.0018,0
release_threshold,1,p2_alloc_zeros,36,asc,1,0.1896,0.1960,0.1966,0.1972,0.1974,0.1985,0
release_threshold,1,p3_h2d_only,36,asc,1,0.6378,0.6477,0.6481,0.6486,0.6489,0.6582,0
release_threshold,1,p0_transfer_only,36,asc,1,20.1912,19.3083,21.1243,21.2234,21.4607,22.6288,0
release_threshold,1,p4_d2h_fresh_vec,36,asc,1,21.1017,18.5765,19.7715,20.4899,21.2574,23.6834,0
release_threshold,1,p1_alloc_only,36,asc,2,0.0066,0.0017,0.0018,0.0018,0.0018,0.0020,0
release_threshold,1,p2_alloc_zeros,36,asc,2,0.1908,0.1958,0.1970,0.1971,0.1973,0.1979,0
release_threshold,1,p3_h2d_only,36,asc,2,0.6374,0.6475,0.6485,0.6490,0.6495,0.6576,0
release_threshold,1,p0_transfer_only,36,asc,2,19.8543,20.1689,21.3105,22.2046,22.5319,22.7755,0
release_threshold,1,p4_d2h_fresh_vec,36,asc,2,19.5433,19.3442,20.1016,20.4022,20.6903,20.9714,0
mem_pool_attr,after_release_threshold_36mib,reserved_bytes=134217728,used_bytes=0,release_threshold=18446744073709551615
sync_alloc,2,p1_alloc_only,36,asc,0,2.1472,2.0092,2.0156,2.0200,2.0258,2.4238,0
sync_alloc,2,p2_alloc_zeros,36,asc,0,2.2311,2.2485,2.2616,2.2701,2.2772,2.2931,0
sync_alloc,2,p3_h2d_only,36,asc,0,2.7549,2.7385,2.7538,2.7567,2.7622,2.7785,0
sync_alloc,2,p0_transfer_only,36,asc,0,28.9725,26.2256,28.3749,28.7979,29.8760,30.3433,0
sync_alloc,2,p4_d2h_fresh_vec,36,asc,0,21.8852,15.5191,16.1034,16.7102,16.9489,19.5673,0
sync_alloc,2,p1_alloc_only,36,asc,1,2.1379,2.0171,2.0283,2.0360,2.0392,2.0518,0
sync_alloc,2,p2_alloc_zeros,36,asc,1,2.2616,2.2573,2.2699,2.2764,2.2784,2.2838,0
sync_alloc,2,p3_h2d_only,36,asc,1,2.7762,2.7513,2.7627,2.7660,2.7769,2.7820,0
sync_alloc,2,p0_transfer_only,36,asc,1,28.4000,26.2840,28.6863,28.9813,29.9043,30.4629,0
sync_alloc,2,p4_d2h_fresh_vec,36,asc,1,22.0559,18.6986,20.2137,21.4515,21.6634,21.9797,0
sync_alloc,2,p1_alloc_only,36,asc,2,2.0971,2.0143,2.0261,2.0363,2.0385,2.1054,0
sync_alloc,2,p2_alloc_zeros,36,asc,2,2.2566,2.2507,2.2623,2.2670,2.2689,2.2880,0
sync_alloc,2,p3_h2d_only,36,asc,2,2.7701,2.7323,2.7517,2.7560,2.7607,2.7839,0
sync_alloc,2,p0_transfer_only,36,asc,2,28.4757,27.3908,28.6296,28.7947,29.8731,30.1633,0
sync_alloc,2,p4_d2h_fresh_vec,36,asc,2,21.9452,19.2506,20.0352,20.3776,20.5871,20.7894,0
mem_pool_attr,after_sync_alloc_36mib,reserved_bytes=0,used_bytes=0,release_threshold=0
both,3,p1_alloc_only,36,asc,0,2.1366,2.0271,2.0367,2.0441,2.0456,2.0576,0
both,3,p2_alloc_zeros,36,asc,0,2.2684,2.2638,2.2735,2.2804,2.2856,2.2943,0
both,3,p3_h2d_only,36,asc,0,2.7757,2.7534,2.7613,2.7682,2.7754,2.7788,0
both,3,p0_transfer_only,36,asc,0,29.6459,27.0177,28.5213,28.7499,29.8120,33.3717,0
both,3,p4_d2h_fresh_vec,36,asc,0,22.2718,19.3444,19.5835,20.3213,20.6181,22.0579,0
both,3,p1_alloc_only,36,asc,1,2.2396,2.1119,2.1196,2.1249,2.1299,2.1438,0
both,3,p2_alloc_zeros,36,asc,1,2.3500,2.2936,2.3110,2.3162,2.3196,2.3306,0
both,3,p3_h2d_only,36,asc,1,2.8119,2.7978,2.8059,2.8107,2.8171,2.8224,0
both,3,p0_transfer_only,36,asc,1,28.5156,26.4050,28.4415,28.5536,28.7762,31.0551,0
both,3,p4_d2h_fresh_vec,36,asc,1,20.7221,15.8781,18.8044,20.1243,20.4066,20.8030,0
both,3,p1_alloc_only,36,asc,2,2.2342,2.1023,2.1244,2.1287,2.1325,2.1432,0
both,3,p2_alloc_zeros,36,asc,2,2.3450,2.3025,2.3099,2.3153,2.3214,2.3340,0
both,3,p3_h2d_only,36,asc,2,2.8143,2.7958,2.8036,2.8084,2.8106,2.8385,0
both,3,p0_transfer_only,36,asc,2,27.6775,26.7553,28.5853,28.6997,28.9697,30.9919,0
both,3,p4_d2h_fresh_vec,36,asc,2,21.0505,20.6624,21.5473,21.7185,21.7790,22.5547,0
mem_pool_attr,after_both_36mib,reserved_bytes=67108864,used_bytes=0,release_threshold=18446744073709551615
baseline,4,p1_alloc_only,36,asc,0,3.7798,3.7269,3.7392,3.7463,3.7539,3.8267,0
baseline,4,p2_alloc_zeros,36,asc,0,4.0091,3.9607,3.9686,3.9755,3.9809,4.4505,0
baseline,4,p3_h2d_only,36,asc,0,4.4686,4.4476,4.4555,4.4635,4.4686,4.5050,0
baseline,4,p0_transfer_only,36,asc,0,30.0336,28.7014,29.9488,30.5608,31.1775,32.7845,0
baseline,4,p4_d2h_fresh_vec,36,asc,0,22.2553,17.9543,20.1069,20.7256,21.6564,22.1429,0
baseline,4,p1_alloc_only,36,asc,1,3.7217,3.7350,3.7632,3.7931,3.8491,3.8963,0
baseline,4,p2_alloc_zeros,36,asc,1,4.0030,3.9686,4.0657,4.1060,4.1592,4.2795,0
baseline,4,p3_h2d_only,36,asc,1,4.5571,4.4576,4.4974,4.5172,4.5236,4.6431,0
baseline,4,p0_transfer_only,36,asc,1,32.4212,28.6145,29.7434,29.9370,30.9890,31.6843,0
baseline,4,p4_d2h_fresh_vec,36,asc,1,21.9547,19.5001,20.7480,21.4886,21.9066,21.9954,0
baseline,4,p1_alloc_only,36,asc,2,3.7389,3.7309,3.7488,3.7530,3.7552,3.7676,0
baseline,4,p2_alloc_zeros,36,asc,2,3.9726,3.9645,3.9740,3.9792,3.9829,3.9863,0
baseline,4,p3_h2d_only,36,asc,2,4.4623,4.4514,4.4613,4.4693,4.4741,4.4818,0
baseline,4,p0_transfer_only,36,asc,2,30.7327,27.8563,29.3919,30.0065,31.0677,31.5355,0
baseline,4,p4_d2h_fresh_vec,36,asc,2,22.0025,14.5211,16.6103,19.5822,20.3307,20.7896,0
mem_pool_attr,after_baseline_36mib,reserved_bytes=0,used_bytes=0,release_threshold=0
baseline,0,p1_alloc_only,48,asc,0,3.8204,3.7293,3.7415,3.7500,3.7562,3.7859,0
baseline,0,p2_alloc_zeros,48,asc,0,4.0553,4.0362,4.0387,4.0423,4.0488,4.0675,0
baseline,0,p3_h2d_only,48,asc,0,4.6889,4.6623,4.6778,4.6857,4.6957,4.7147,0
baseline,0,p0_transfer_only,48,asc,0,39.2473,37.3647,37.8531,38.0866,38.6906,39.9231,0
baseline,0,p4_d2h_fresh_vec,48,asc,0,28.0877,22.9840,23.9972,25.3615,25.9245,26.5220,0
baseline,0,p1_alloc_only,48,asc,1,3.7871,3.7408,3.7510,3.7569,3.7615,3.7925,0
baseline,0,p2_alloc_zeros,48,asc,1,4.0756,4.0045,4.0079,4.0187,4.0299,4.0406,0
baseline,0,p3_h2d_only,48,asc,1,4.7092,4.6601,4.6787,4.6823,4.6892,4.7064,0
baseline,0,p0_transfer_only,48,asc,1,38.1908,35.9107,37.6983,38.0249,38.8050,39.9166,0
baseline,0,p4_d2h_fresh_vec,48,asc,1,28.5456,23.5297,23.7546,23.8544,25.2475,25.7789,0
baseline,0,p1_alloc_only,48,asc,2,3.7491,3.6921,3.7208,3.7276,3.7363,3.7647,0
baseline,0,p2_alloc_zeros,48,asc,2,4.0471,4.0241,4.0312,4.0372,4.0412,4.0611,0
baseline,0,p3_h2d_only,48,asc,2,4.6977,4.6538,4.6714,4.6752,4.6784,4.6940,0
baseline,0,p0_transfer_only,48,asc,2,38.3089,36.2568,37.6325,37.9257,38.3785,39.8920,0
baseline,0,p4_d2h_fresh_vec,48,asc,2,26.5452,23.5533,25.2368,25.3734,25.8093,29.2704,0
mem_pool_attr,after_baseline_48mib,reserved_bytes=0,used_bytes=0,release_threshold=0
release_threshold,1,p1_alloc_only,48,asc,0,2.7911,0.0017,0.0018,0.0018,0.0018,0.0018,0
release_threshold,1,p2_alloc_zeros,48,asc,0,0.2303,0.2584,0.2596,0.2601,0.2604,0.2647,0
release_threshold,1,p3_h2d_only,48,asc,0,0.8606,0.8603,0.8611,0.8615,0.8621,0.8635,0
release_threshold,1,p0_transfer_only,48,asc,0,31.5008,24.8070,24.9335,26.5513,26.7569,28.3736,0
release_threshold,1,p4_d2h_fresh_vec,48,asc,0,23.0231,24.9494,25.1962,25.3947,25.6179,27.5010,0
release_threshold,1,p1_alloc_only,48,asc,1,0.0070,0.0018,0.0018,0.0018,0.0018,0.0022,0
release_threshold,1,p2_alloc_zeros,48,asc,1,0.2572,0.2592,0.2598,0.2603,0.2605,0.2610,0
release_threshold,1,p3_h2d_only,48,asc,1,0.8540,0.8609,0.8616,0.8622,0.8625,0.8706,0
release_threshold,1,p0_transfer_only,48,asc,1,26.7344,26.3426,26.5078,26.5608,26.6700,28.4389,0
release_threshold,1,p4_d2h_fresh_vec,48,asc,1,24.4534,23.4827,24.9231,25.4716,25.6555,27.2910,0
release_threshold,1,p1_alloc_only,48,asc,2,0.0071,0.0017,0.0018,0.0018,0.0018,0.0020,0
release_threshold,1,p2_alloc_zeros,48,asc,2,0.2555,0.2583,0.2596,0.2598,0.2604,0.2619,0
release_threshold,1,p3_h2d_only,48,asc,2,0.8536,0.8604,0.8612,0.8619,0.8624,1.3650,0
release_threshold,1,p0_transfer_only,48,asc,2,26.3397,26.4564,26.6285,26.9767,27.8432,28.4317,0
release_threshold,1,p4_d2h_fresh_vec,48,asc,2,25.1429,22.8971,23.4792,25.0937,25.2564,27.5019,0
mem_pool_attr,after_release_threshold_48mib,reserved_bytes=167772160,used_bytes=0,release_threshold=18446744073709551615
sync_alloc,2,p1_alloc_only,48,asc,0,2.7886,2.6632,2.6744,2.6787,2.6862,2.7012,0
sync_alloc,2,p2_alloc_zeros,48,asc,0,3.0744,2.9589,2.9685,2.9746,2.9855,2.9997,0
sync_alloc,2,p3_h2d_only,48,asc,0,3.6330,3.6092,3.6170,3.6256,3.6375,9.6021,0
sync_alloc,2,p0_transfer_only,48,asc,0,39.0410,35.1184,36.5426,36.6983,36.8549,38.6761,0
sync_alloc,2,p4_d2h_fresh_vec,48,asc,0,28.1081,24.3593,25.9631,26.8688,27.8184,28.1678,0
sync_alloc,2,p1_alloc_only,48,asc,1,2.8524,2.6760,2.6825,2.6888,2.6953,2.7032,0
sync_alloc,2,p2_alloc_zeros,48,asc,1,2.9876,2.9596,2.9740,2.9796,2.9871,3.0252,0
sync_alloc,2,p3_h2d_only,48,asc,1,3.6357,3.6146,3.6227,3.6256,3.6281,4.1845,0
sync_alloc,2,p0_transfer_only,48,asc,1,36.9576,34.9621,36.6129,36.7918,37.4011,39.0139,0
sync_alloc,2,p4_d2h_fresh_vec,48,asc,1,28.5167,25.2971,26.1670,27.0661,27.3382,27.9963,0
sync_alloc,2,p1_alloc_only,48,asc,2,2.7955,2.6611,2.6799,2.6832,2.6888,2.8180,0
sync_alloc,2,p2_alloc_zeros,48,asc,2,2.9762,2.9552,2.9665,2.9760,2.9785,3.0142,0
sync_alloc,2,p3_h2d_only,48,asc,2,3.6336,3.5995,3.6115,3.6203,3.6288,4.0517,0
sync_alloc,2,p0_transfer_only,48,asc,2,37.0296,35.0544,36.5807,36.7108,37.1122,38.8851,0
sync_alloc,2,p4_d2h_fresh_vec,48,asc,2,28.0367,26.4084,27.3105,27.6749,27.8549,28.1426,0
mem_pool_attr,after_sync_alloc_48mib,reserved_bytes=0,used_bytes=0,release_threshold=0
both,3,p1_alloc_only,48,asc,0,2.7909,2.6734,2.6838,2.6932,2.6961,2.7194,0
both,3,p2_alloc_zeros,48,asc,0,2.9629,2.9621,2.9708,2.9723,2.9788,2.9846,0
both,3,p3_h2d_only,48,asc,0,3.6603,3.6091,3.6180,3.6229,3.6286,3.6437,0
both,3,p0_transfer_only,48,asc,0,37.7594,35.2243,36.5671,36.7728,37.2714,38.7768,0
both,3,p4_d2h_fresh_vec,48,asc,0,28.0973,23.6277,27.3756,27.9010,27.9842,28.3366,0
both,3,p1_alloc_only,48,asc,1,2.8909,2.7644,2.7744,2.7835,2.7886,2.8048,0
both,3,p2_alloc_zeros,48,asc,1,3.0829,3.0159,3.0268,3.0331,3.0418,3.0512,0
both,3,p3_h2d_only,48,asc,1,3.6679,3.6568,3.6782,3.6831,3.6886,3.7233,0
both,3,p0_transfer_only,48,asc,1,37.2765,35.3394,36.7080,36.9099,38.4072,38.6191,0
both,3,p4_d2h_fresh_vec,48,asc,1,26.1398,24.4389,26.0766,26.3796,27.5166,28.2015,0
both,3,p1_alloc_only,48,asc,2,2.8950,2.7664,2.7733,2.7787,2.7817,2.8034,0
both,3,p2_alloc_zeros,48,asc,2,3.0866,3.0094,3.0177,3.0313,3.0333,3.0504,0
both,3,p3_h2d_only,48,asc,2,3.6731,3.6653,3.6738,3.6785,3.6821,3.6978,0
both,3,p0_transfer_only,48,asc,2,37.1905,36.0561,36.7319,36.8715,37.3178,39.0637,0
both,3,p4_d2h_fresh_vec,48,asc,2,26.1540,25.1302,25.7546,26.0284,26.2555,27.1722,0
mem_pool_attr,after_both_48mib,reserved_bytes=67108864,used_bytes=0,release_threshold=18446744073709551615
baseline,4,p1_alloc_only,48,asc,0,3.7625,3.7287,3.7463,3.7535,3.7584,3.7824,0
baseline,4,p2_alloc_zeros,48,asc,0,4.0586,4.0321,4.0411,4.0498,4.0551,4.4192,0
baseline,4,p3_h2d_only,48,asc,0,4.6680,4.6620,4.6720,4.6824,4.6873,4.7068,0
baseline,4,p0_transfer_only,48,asc,0,39.8289,36.9245,37.7503,37.9378,38.1511,39.9534,0
baseline,4,p4_d2h_fresh_vec,48,asc,0,28.2492,22.4946,24.4133,25.7066,25.9909,26.2472,0
baseline,4,p1_alloc_only,48,asc,1,3.7358,3.7388,3.7521,3.7565,3.7617,4.2417,0
baseline,4,p2_alloc_zeros,48,asc,1,4.1606,4.0215,4.0375,4.0477,4.0555,4.0661,0
baseline,4,p3_h2d_only,48,asc,1,4.7009,4.6744,4.6792,4.6889,4.6949,4.7117,0
baseline,4,p0_transfer_only,48,asc,1,37.8092,36.6600,37.6789,38.0144,39.3940,43.9581,0
baseline,4,p4_d2h_fresh_vec,48,asc,1,27.6046,25.1750,26.4693,27.7455,27.8321,28.1469,0
baseline,4,p1_alloc_only,48,asc,2,3.7579,3.7409,3.7514,3.7620,3.7659,3.7890,0
baseline,4,p2_alloc_zeros,48,asc,2,4.0497,4.0219,4.0412,4.0505,4.0541,4.0831,0
baseline,4,p3_h2d_only,48,asc,2,4.6965,4.6790,4.6886,4.6938,4.6959,4.8514,0
baseline,4,p0_transfer_only,48,asc,2,37.6705,35.8097,37.9191,38.2008,39.4808,40.1643,0
baseline,4,p4_d2h_fresh_vec,48,asc,2,28.1352,24.5534,26.2142,27.2746,27.6994,29.1977,0
mem_pool_attr,after_baseline_48mib,reserved_bytes=0,used_bytes=0,release_threshold=0
baseline,0,p1_alloc_only,64,asc,0,3.8581,3.7334,3.7505,3.7540,3.7635,3.7775,0
baseline,0,p2_alloc_zeros,64,asc,0,4.2094,4.0618,4.0737,4.0817,4.0875,4.0982,0
baseline,0,p3_h2d_only,64,asc,0,4.9342,4.9144,4.9267,4.9352,4.9382,5.4694,0
baseline,0,p0_transfer_only,64,asc,0,54.0798,45.4202,47.5975,47.8620,48.1162,50.8629,0
baseline,0,p4_d2h_fresh_vec,64,asc,0,36.0190,26.9554,29.0398,29.3721,34.4388,35.9512,0
baseline,0,p1_alloc_only,64,asc,1,3.7372,3.7418,3.7471,3.7612,3.7666,3.7723,0
baseline,0,p2_alloc_zeros,64,asc,1,4.1128,4.0791,4.0882,4.0944,4.1008,4.1469,0
baseline,0,p3_h2d_only,64,asc,1,4.9443,4.9065,4.9308,4.9386,4.9444,4.9558,0
baseline,0,p0_transfer_only,64,asc,1,45.9964,45.0672,47.4415,47.7057,48.2602,50.5401,0
baseline,0,p4_d2h_fresh_vec,64,asc,1,36.0373,21.5010,23.4602,23.9718,25.7813,26.5439,0
baseline,0,p1_alloc_only,64,asc,2,3.7380,3.7366,3.7500,3.7606,3.7633,3.7777,0
baseline,0,p2_alloc_zeros,64,asc,2,4.2103,4.0415,4.0602,4.0782,4.0916,4.1299,0
baseline,0,p3_h2d_only,64,asc,2,4.9143,4.9239,4.9339,4.9386,4.9434,4.9579,0
baseline,0,p0_transfer_only,64,asc,2,45.7748,45.2845,47.4144,47.7613,50.0204,50.6941,0
baseline,0,p4_d2h_fresh_vec,64,asc,2,36.0887,32.0158,32.4412,32.6238,33.1239,35.6046,0
mem_pool_attr,after_baseline_64mib,reserved_bytes=0,used_bytes=0,release_threshold=0
release_threshold,1,p1_alloc_only,64,asc,0,2.7927,0.0018,0.0018,0.0018,0.0018,0.0022,0
release_threshold,1,p2_alloc_zeros,64,asc,0,0.3133,0.3426,0.3438,0.3440,0.3442,0.3451,0
release_threshold,1,p3_h2d_only,64,asc,0,1.1430,1.1446,1.1460,1.1466,1.1470,1.1545,0
release_threshold,1,p0_transfer_only,64,asc,0,43.5632,32.3590,34.3346,34.5582,34.9083,36.9014,0
release_threshold,1,p4_d2h_fresh_vec,64,asc,0,32.3976,23.3641,23.4994,23.8213,25.4592,26.5967,0
release_threshold,1,p1_alloc_only,64,asc,1,0.0074,0.0017,0.0018,0.0018,0.0018,0.0019,0
release_threshold,1,p2_alloc_zeros,64,asc,1,0.3436,0.3431,0.3436,0.3440,0.3442,0.3517,0
release_threshold,1,p3_h2d_only,64,asc,1,1.1404,1.1452,1.1455,1.1460,1.1465,1.1555,0
release_threshold,1,p0_transfer_only,64,asc,1,27.1999,26.8461,32.2683,34.3436,34.6189,36.9395,0
release_threshold,1,p4_d2h_fresh_vec,64,asc,1,22.4969,23.9177,25.7481,25.8787,26.6966,28.3942,0
release_threshold,1,p1_alloc_only,64,asc,2,0.0066,0.0018,0.0018,0.0018,0.0018,0.0020,0
release_threshold,1,p2_alloc_zeros,64,asc,2,0.3465,0.3430,0.3439,0.3442,0.3444,0.3530,0
release_threshold,1,p3_h2d_only,64,asc,2,1.1370,1.1449,1.1461,1.1464,1.1471,1.1561,0
release_threshold,1,p0_transfer_only,64,asc,2,31.9246,26.0950,27.5610,34.3211,34.4216,37.8758,0
release_threshold,1,p4_d2h_fresh_vec,64,asc,2,31.4203,23.3234,23.5367,25.6086,26.2727,30.6024,0
mem_pool_attr,after_release_threshold_64mib,reserved_bytes=201326592,used_bytes=0,release_threshold=18446744073709551615
sync_alloc,2,p1_alloc_only,64,asc,0,3.7265,3.5726,3.5920,3.5986,3.6051,3.8677,0
sync_alloc,2,p2_alloc_zeros,64,asc,0,3.9611,3.9360,3.9537,3.9649,3.9839,4.1750,0
sync_alloc,2,p3_h2d_only,64,asc,0,4.8496,4.8096,4.8180,4.8272,4.8302,4.8468,0
sync_alloc,2,p0_transfer_only,64,asc,0,48.1595,47.4997,47.7354,47.9576,48.5611,51.8165,0
sync_alloc,2,p4_d2h_fresh_vec,64,asc,0,37.0450,30.0591,32.3689,33.0269,34.5185,34.6242,0
sync_alloc,2,p1_alloc_only,64,asc,1,3.6500,3.5860,3.6040,3.6099,3.6173,3.6469,0
sync_alloc,2,p2_alloc_zeros,64,asc,1,4.0674,3.9480,3.9574,3.9685,3.9713,4.0899,0
sync_alloc,2,p3_h2d_only,64,asc,1,4.8230,4.7938,4.8102,4.8176,4.8226,4.8364,0
sync_alloc,2,p0_transfer_only,64,asc,1,48.7999,44.4445,47.5918,47.9096,48.2407,50.6255,0
sync_alloc,2,p4_d2h_fresh_vec,64,asc,1,36.0030,25.6721,29.3050,32.4397,33.0076,35.6345,0
sync_alloc,2,p1_alloc_only,64,asc,2,3.6801,3.5835,3.5957,3.6011,3.6099,3.6264,0
sync_alloc,2,p2_alloc_zeros,64,asc,2,3.9474,3.9454,3.9587,3.9634,3.9705,3.9808,0
sync_alloc,2,p3_h2d_only,64,asc,2,4.8355,4.8009,4.8098,4.8165,4.8204,4.8317,0
sync_alloc,2,p0_transfer_only,64,asc,2,47.9301,45.7166,47.7744,47.9105,48.1196,50.4142,0
sync_alloc,2,p4_d2h_fresh_vec,64,asc,2,31.1928,23.4071,29.7740,32.6297,33.5898,35.9710,0
mem_pool_attr,after_sync_alloc_64mib,reserved_bytes=0,used_bytes=0,release_threshold=0
both,3,p1_alloc_only,64,asc,0,3.6804,3.5834,3.5979,3.6058,3.6141,3.6638,0
both,3,p2_alloc_zeros,64,asc,0,3.9570,3.9561,3.9645,3.9695,3.9776,3.9907,0
both,3,p3_h2d_only,64,asc,0,4.8381,4.8023,4.8140,4.8242,4.8316,4.8689,0
both,3,p0_transfer_only,64,asc,0,47.8445,44.1309,47.3918,47.8586,48.0261,50.3665,0
both,3,p4_d2h_fresh_vec,64,asc,0,36.4213,29.9546,30.3343,30.5920,32.3364,32.9266,0
both,3,p1_alloc_only,64,asc,1,3.7872,3.7263,3.7367,3.7462,3.7525,3.7802,0
both,3,p2_alloc_zeros,64,asc,1,4.0895,4.0158,4.0401,4.0451,4.0584,4.0868,0
both,3,p3_h2d_only,64,asc,1,4.8744,4.8769,4.8921,4.9013,4.9068,4.9719,0
both,3,p0_transfer_only,64,asc,1,48.0516,45.6892,47.4941,47.8291,48.0406,50.5476,0
both,3,p4_d2h_fresh_vec,64,asc,1,34.2006,23.9939,25.6232,25.8873,26.0863,28.2806,0
both,3,p1_alloc_only,64,asc,2,3.7930,3.7151,3.7442,3.7485,3.7535,3.8788,0
both,3,p2_alloc_zeros,64,asc,2,4.1080,4.0061,4.0361,4.0509,4.0538,4.0997,0
both,3,p3_h2d_only,64,asc,2,4.8993,4.8702,4.8961,4.9064,4.9117,4.9976,0
both,3,p0_transfer_only,64,asc,2,48.2659,47.1086,47.6584,47.9011,48.2295,50.4257,0
both,3,p4_d2h_fresh_vec,64,asc,2,35.1178,30.5606,32.4390,32.5409,33.0123,35.4500,0
mem_pool_attr,after_both_64mib,reserved_bytes=67108864,used_bytes=0,release_threshold=18446744073709551615
baseline,4,p1_alloc_only,64,asc,0,3.7560,3.7177,3.7428,3.7448,3.7535,3.8240,0
baseline,4,p2_alloc_zeros,64,asc,0,4.1242,4.0598,4.0734,4.0811,4.0925,4.1880,0
baseline,4,p3_h2d_only,64,asc,0,4.9301,4.9078,4.9319,4.9376,4.9415,5.0587,0
baseline,4,p0_transfer_only,64,asc,0,46.7224,45.2976,46.8766,47.6929,47.9404,50.3258,0
baseline,4,p4_d2h_fresh_vec,64,asc,0,35.9031,23.7091,25.6082,25.7876,25.9620,27.8476,0
baseline,4,p1_alloc_only,64,asc,1,3.7351,3.7253,3.7466,3.7550,3.7596,3.7730,0
baseline,4,p2_alloc_zeros,64,asc,1,4.1026,4.0803,4.0847,4.0892,4.0971,4.1277,0
baseline,4,p3_h2d_only,64,asc,1,4.9373,4.9211,4.9290,4.9343,4.9393,4.9462,0
baseline,4,p0_transfer_only,64,asc,1,46.8444,41.2887,46.8837,47.7789,48.0469,49.9154,0
baseline,4,p4_d2h_fresh_vec,64,asc,1,35.6733,23.2037,25.5132,25.7327,25.9948,27.7868,0
baseline,4,p1_alloc_only,64,asc,2,3.7360,3.7223,3.7399,3.7464,3.7542,3.7648,0
baseline,4,p2_alloc_zeros,64,asc,2,4.1136,4.0470,4.0623,4.0754,4.0859,4.1240,0
baseline,4,p3_h2d_only,64,asc,2,4.9213,4.9078,4.9265,4.9402,4.9437,5.3435,0
baseline,4,p0_transfer_only,64,asc,2,50.9859,43.4187,46.7196,47.7414,47.8480,51.6840,0
baseline,4,p4_d2h_fresh_vec,64,asc,2,35.8997,30.2318,32.3530,32.5405,32.7024,34.7722,0
mem_pool_attr,after_baseline_64mib,reserved_bytes=0,used_bytes=0,release_threshold=0
baseline,0,p0_transfer_only,64,desc,0,47.3421,45.2237,47.6986,47.9132,48.0104,51.2861,0
baseline,0,p4_d2h_fresh_vec,64,desc,0,36.0904,25.5438,25.8290,25.9054,28.2075,34.4755,0
baseline,0,p0_transfer_only,64,desc,1,44.4958,45.0716,47.5190,47.9204,48.0729,50.4706,0
baseline,0,p4_d2h_fresh_vec,64,desc,1,34.1701,25.1015,25.6935,25.8999,26.0321,28.3555,0
baseline,0,p0_transfer_only,64,desc,2,44.4986,44.0894,47.7924,48.0840,50.0487,50.3586,0
baseline,0,p4_d2h_fresh_vec,64,desc,2,33.4759,31.8470,32.5357,32.7587,34.5211,35.0260,0
release_threshold,1,p0_transfer_only,64,desc,0,45.9185,25.4288,27.5786,28.6185,34.3079,34.8839,0
release_threshold,1,p4_d2h_fresh_vec,64,desc,0,25.3544,31.7730,32.3570,32.6560,32.7618,33.9490,0
release_threshold,1,p0_transfer_only,64,desc,1,34.2303,32.2975,34.0291,34.3545,34.7291,36.9271,0
release_threshold,1,p4_d2h_fresh_vec,64,desc,1,31.9339,23.9997,25.4079,25.7725,25.8758,27.9695,0
release_threshold,1,p0_transfer_only,64,desc,2,30.0972,27.1424,27.4080,27.5410,27.7467,29.8033,0
release_threshold,1,p4_d2h_fresh_vec,64,desc,2,25.6652,23.6384,25.6161,25.8199,26.1184,29.4603,0
sync_alloc,2,p0_transfer_only,64,desc,0,47.0003,45.8585,47.8617,48.0035,49.9192,50.7129,0
sync_alloc,2,p4_d2h_fresh_vec,64,desc,0,36.3975,30.0760,32.3463,32.4162,32.8306,35.1884,0
sync_alloc,2,p0_transfer_only,64,desc,1,44.1819,45.7713,47.5962,47.8963,50.0515,50.3464,0
sync_alloc,2,p4_d2h_fresh_vec,64,desc,1,36.3392,25.1812,25.8444,26.3074,27.8814,32.6129,0
sync_alloc,2,p0_transfer_only,64,desc,2,44.1328,45.7990,47.5693,47.7551,48.0393,56.2098,0
sync_alloc,2,p4_d2h_fresh_vec,64,desc,2,35.8477,25.6347,25.9289,31.4384,32.4381,34.9659,0
both,3,p0_transfer_only,64,desc,0,47.4126,45.4523,47.3062,47.8216,48.1218,50.3126,0
both,3,p4_d2h_fresh_vec,64,desc,0,36.1496,28.2265,30.1420,30.3158,30.4869,32.8185,0
both,3,p0_transfer_only,64,desc,1,44.7790,45.3464,47.5346,47.9948,48.2134,52.0032,0
both,3,p4_d2h_fresh_vec,64,desc,1,34.5397,23.3723,25.4527,25.8078,25.9112,28.7917,0
both,3,p0_transfer_only,64,desc,2,46.2829,45.5841,47.2553,47.7133,48.1215,50.5253,0
both,3,p4_d2h_fresh_vec,64,desc,2,34.4883,30.1835,32.4336,32.4998,32.9245,34.8992,0
baseline,4,p0_transfer_only,64,desc,0,49.2975,45.2700,47.9524,49.8985,50.3751,50.6038,0
baseline,4,p4_d2h_fresh_vec,64,desc,0,37.5078,25.9089,32.3349,32.3948,32.5650,34.5575,0
baseline,4,p0_transfer_only,64,desc,1,50.7347,45.8935,47.8056,48.3670,50.1691,51.9810,0
baseline,4,p4_d2h_fresh_vec,64,desc,1,35.6680,32.1993,32.5442,32.9417,34.7291,36.2028,0
baseline,4,p0_transfer_only,64,desc,2,43.5971,47.1118,47.8018,49.8942,50.2003,50.8803,0
baseline,4,p4_d2h_fresh_vec,64,desc,2,36.4091,29.7646,30.1774,30.8261,33.2334,35.3801,0
baseline,0,p0_transfer_only,48,desc,0,36.3256,36.3287,37.9802,38.2386,39.4812,39.9616,0
baseline,0,p4_d2h_fresh_vec,48,desc,0,28.5557,24.6228,25.8588,26.2715,27.3128,28.7578,0
baseline,0,p0_transfer_only,48,desc,1,39.6064,36.2641,37.6196,38.9131,39.9087,40.0754,0
baseline,0,p4_d2h_fresh_vec,48,desc,1,27.6269,25.9649,27.1845,27.8275,28.0753,28.2665,0
baseline,0,p0_transfer_only,48,desc,2,39.4656,36.2771,37.8631,38.0502,39.3362,40.1390,0
baseline,0,p4_d2h_fresh_vec,48,desc,2,28.9355,22.8768,25.9469,26.2525,26.4584,27.9982,0
release_threshold,1,p0_transfer_only,48,desc,0,36.8736,27.1253,29.0225,29.1290,29.2454,29.5677,0
release_threshold,1,p4_d2h_fresh_vec,48,desc,0,25.3412,22.7703,26.0823,27.2901,27.8735,29.4709,0
release_threshold,1,p0_transfer_only,48,desc,1,27.3786,21.0343,25.8694,27.4339,28.8386,29.2152,0
release_threshold,1,p4_d2h_fresh_vec,48,desc,1,27.9487,24.2973,26.3384,27.6113,27.9197,28.2452,0
release_threshold,1,p0_transfer_only,48,desc,2,26.1339,25.8874,26.7582,27.5817,29.1388,29.2228,0
release_threshold,1,p4_d2h_fresh_vec,48,desc,2,25.4829,19.6240,22.5276,24.3677,26.2901,28.0262,0
sync_alloc,2,p0_transfer_only,48,desc,0,36.7634,33.4519,36.9175,38.2974,38.4642,38.8000,0
sync_alloc,2,p4_d2h_fresh_vec,48,desc,0,28.4224,24.9954,26.0685,26.5430,27.6825,28.0005,0
sync_alloc,2,p0_transfer_only,48,desc,1,38.7319,35.1309,36.9757,38.3228,38.7670,39.1051,0
sync_alloc,2,p4_d2h_fresh_vec,48,desc,1,28.0919,22.3670,25.6012,26.4514,27.8646,28.3345,0
sync_alloc,2,p0_transfer_only,48,desc,2,37.4817,34.9532,36.8477,37.0557,38.5132,39.0023,0
sync_alloc,2,p4_d2h_fresh_vec,48,desc,2,28.5332,22.2804,26.1621,27.2178,27.7989,28.3480,0
both,3,p0_transfer_only,48,desc,0,36.5841,35.6038,36.5646,38.3777,38.5376,38.9194,0
both,3,p4_d2h_fresh_vec,48,desc,0,28.6132,23.8624,26.2194,27.2923,27.9220,29.4162,0
both,3,p0_transfer_only,48,desc,1,37.2929,34.6455,36.8310,37.1787,38.4197,39.0208,0
both,3,p4_d2h_fresh_vec,48,desc,1,27.7850,24.6385,26.2404,27.6066,28.0881,28.1085,0
both,3,p0_transfer_only,48,desc,2,38.8002,36.7828,37.0263,38.4589,38.6946,39.0260,0
both,3,p4_d2h_fresh_vec,48,desc,2,27.5720,25.4104,26.1793,27.5585,27.7930,28.2666,0
baseline,4,p0_transfer_only,48,desc,0,37.5925,36.8652,37.8711,39.4520,39.8526,40.9788,0
baseline,4,p4_d2h_fresh_vec,48,desc,0,27.7597,24.0215,25.1105,25.9797,26.2358,27.7379,0
baseline,4,p0_transfer_only,48,desc,1,36.1920,35.9647,37.9735,38.5688,39.3629,40.1232,0
baseline,4,p4_d2h_fresh_vec,48,desc,1,25.7637,24.4022,26.1268,26.8365,27.7420,28.1646,0
baseline,4,p0_transfer_only,48,desc,2,39.7902,37.3937,37.9240,38.3414,39.6396,40.2673,0
baseline,4,p4_d2h_fresh_vec,48,desc,2,27.8959,24.4226,26.0549,26.8620,27.9241,28.1837,0
baseline,0,p0_transfer_only,36,desc,0,29.3460,28.6070,29.8722,30.8565,31.1577,32.4687,0
baseline,0,p4_d2h_fresh_vec,36,desc,0,22.1624,16.9885,18.2910,20.6516,20.9996,21.7512,0
baseline,0,p0_transfer_only,36,desc,1,31.4168,28.5987,29.9359,30.7118,31.3109,34.8263,0
baseline,0,p4_d2h_fresh_vec,36,desc,1,21.5336,16.9475,20.0590,20.3518,20.5895,21.9905,0
baseline,0,p0_transfer_only,36,desc,2,30.4220,27.0933,30.0100,31.0334,31.1985,31.4768,0
baseline,0,p4_d2h_fresh_vec,36,desc,2,21.9777,17.4671,20.2099,20.8179,21.5747,22.2122,0
release_threshold,1,p0_transfer_only,36,desc,0,29.1886,18.6225,18.8494,22.3171,22.6441,23.0478,0
release_threshold,1,p4_d2h_fresh_vec,36,desc,0,21.1619,18.7770,19.9884,20.5775,21.2392,22.0623,0
release_threshold,1,p0_transfer_only,36,desc,1,20.9921,18.8211,19.3475,19.5186,19.6905,20.9437,0
release_threshold,1,p4_d2h_fresh_vec,36,desc,1,19.2883,14.7279,18.6325,18.7452,19.6434,20.4278,0
release_threshold,1,p0_transfer_only,36,desc,2,20.9317,20.3815,20.6697,20.9267,21.1281,21.3013,0
release_threshold,1,p4_d2h_fresh_vec,36,desc,2,19.8855,18.1914,18.7801,19.5556,19.7594,20.4960,0
sync_alloc,2,p0_transfer_only,36,desc,0,29.9982,27.5806,28.5177,28.9875,30.0270,30.4390,0
sync_alloc,2,p4_d2h_fresh_vec,36,desc,0,22.1593,19.2057,20.4946,20.6983,20.8574,21.5982,0
sync_alloc,2,p0_transfer_only,36,desc,1,28.7779,27.5819,28.7092,29.3256,30.0400,31.6091,0
sync_alloc,2,p4_d2h_fresh_vec,36,desc,1,22.0711,19.2758,21.2112,21.6468,21.9594,22.3956,0
sync_alloc,2,p0_transfer_only,36,desc,2,27.4178,27.1877,28.3043,28.5668,28.8398,30.4192,0
sync_alloc,2,p4_d2h_fresh_vec,36,desc,2,19.7804,19.3378,20.4949,20.9127,21.1845,21.8848,0
both,3,p0_transfer_only,36,desc,0,28.3162,26.1297,28.7542,29.4221,29.9371,31.6757,0
both,3,p4_d2h_fresh_vec,36,desc,0,21.8141,19.4797,20.4747,20.9102,21.5364,22.2296,0
both,3,p0_transfer_only,36,desc,1,27.4355,26.9224,28.4552,29.6221,29.9899,30.7178,0
both,3,p4_d2h_fresh_vec,36,desc,1,21.0440,19.4185,20.4493,20.5408,20.9065,22.0627,0
both,3,p0_transfer_only,36,desc,2,28.0169,28.4424,28.7101,29.0094,29.9657,30.2652,0
both,3,p4_d2h_fresh_vec,36,desc,2,21.9279,20.1888,20.7812,21.4829,21.7980,22.9698,0
baseline,4,p0_transfer_only,36,desc,0,28.2384,28.8278,29.7256,30.0059,31.1711,31.6184,0
baseline,4,p4_d2h_fresh_vec,36,desc,0,22.1769,17.4664,20.2266,20.6492,20.9422,22.1354,0
baseline,4,p0_transfer_only,36,desc,1,29.4233,27.8270,29.6266,29.9563,30.0596,31.5109,0
baseline,4,p4_d2h_fresh_vec,36,desc,1,22.0727,15.9190,17.3585,20.6242,21.5865,21.9614,0
baseline,4,p0_transfer_only,36,desc,2,29.6154,28.8614,29.8860,30.0359,30.1797,31.3046,0
baseline,4,p4_d2h_fresh_vec,36,desc,2,21.6961,20.5679,21.3570,21.7482,21.8622,22.4201,0
baseline,0,p0_transfer_only,33,desc,0,28.5596,26.5614,27.7575,28.5987,29.0527,30.1005,0
baseline,0,p4_d2h_fresh_vec,33,desc,0,19.4867,16.1596,18.3599,18.4343,18.5771,19.2619,0
baseline,0,p0_transfer_only,33,desc,1,27.0400,25.4271,27.3167,27.7443,28.1903,29.7812,0
baseline,0,p4_d2h_fresh_vec,33,desc,1,20.5001,16.3876,18.4583,18.5817,18.6427,24.0889,0
baseline,0,p0_transfer_only,33,desc,2,29.2884,25.8316,27.1901,28.0822,28.2114,29.3952,0
baseline,0,p4_d2h_fresh_vec,33,desc,2,21.1621,14.9027,15.1181,18.4499,18.5418,19.2090,0
baseline,0,p0_transfer_only,33,desc,3,26.2914,26.8420,27.0647,28.0618,28.4600,29.6186,0
baseline,0,p4_d2h_fresh_vec,33,desc,3,20.6916,14.7760,15.2983,15.6807,17.4435,17.8410,0
baseline,0,p0_transfer_only,33,desc,4,26.7071,27.1046,27.4330,28.2707,28.4300,29.9376,0
baseline,0,p4_d2h_fresh_vec,33,desc,4,20.5631,14.1018,15.1738,15.3387,15.4689,17.5962,0
release_threshold,1,p0_transfer_only,33,desc,0,26.2045,17.7842,18.0719,18.2291,19.2065,20.4794,0
release_threshold,1,p4_d2h_fresh_vec,33,desc,0,16.9133,17.4439,18.4445,18.5970,18.6465,19.2821,0
release_threshold,1,p0_transfer_only,33,desc,1,19.9896,18.5972,19.0945,19.3376,19.4427,21.1292,0
release_threshold,1,p4_d2h_fresh_vec,33,desc,1,18.8727,13.9611,15.2980,17.1963,17.4088,17.8170,0
release_threshold,1,p0_transfer_only,33,desc,2,19.1004,13.7078,15.7827,17.6752,19.2106,19.6061,0
release_threshold,1,p4_d2h_fresh_vec,33,desc,2,14.4808,18.2117,18.4836,18.6236,18.6726,18.9814,0
release_threshold,1,p0_transfer_only,33,desc,3,19.3644,14.2178,15.5586,18.8030,19.1036,20.6274,0
release_threshold,1,p4_d2h_fresh_vec,33,desc,3,14.2145,17.1464,18.3142,18.4148,18.5069,18.6173,0
release_threshold,1,p0_transfer_only,33,desc,4,19.4923,17.4209,18.5140,18.8873,18.9871,19.1418,0
release_threshold,1,p4_d2h_fresh_vec,33,desc,4,18.2593,17.5758,18.4739,18.5904,18.6784,20.2104,0
sync_alloc,2,p0_transfer_only,33,desc,0,26.1167,24.1635,25.7231,26.5804,26.8991,27.9059,0
sync_alloc,2,p4_d2h_fresh_vec,33,desc,0,20.7391,14.0315,14.2200,15.1212,17.2088,20.3935,0
sync_alloc,2,p0_transfer_only,33,desc,1,26.9644,24.7674,26.0449,26.4054,26.8596,27.8391,0
sync_alloc,2,p4_d2h_fresh_vec,33,desc,1,20.9991,14.8452,15.0893,17.2654,18.2734,18.6003,0
sync_alloc,2,p0_transfer_only,33,desc,2,25.0072,25.3595,26.2673,26.6948,27.1986,30.9070,0
sync_alloc,2,p4_d2h_fresh_vec,33,desc,2,19.6390,17.5119,18.4952,18.5996,18.8820,19.7892,0
sync_alloc,2,p0_transfer_only,33,desc,3,26.8339,25.4947,25.8534,26.9160,27.6133,28.0820,0
sync_alloc,2,p4_d2h_fresh_vec,33,desc,3,20.0146,13.1238,15.6543,17.1422,18.6599,20.0232,0
sync_alloc,2,p0_transfer_only,33,desc,4,25.6430,25.0616,26.1908,26.5405,27.0216,27.8684,0
sync_alloc,2,p4_d2h_fresh_vec,33,desc,4,19.8147,17.3402,17.8839,18.3544,18.8768,19.8203,0
both,3,p0_transfer_only,33,desc,0,24.4984,25.3646,26.4367,26.6901,26.8528,28.2065,0
both,3,p4_d2h_fresh_vec,33,desc,0,20.7277,17.5049,17.8023,18.6628,18.7681,20.2649,0
both,3,p0_transfer_only,33,desc,1,25.1659,25.4499,26.4363,26.6819,26.9570,28.1971,0
both,3,p4_d2h_fresh_vec,33,desc,1,16.3963,16.7272,17.4137,17.6466,18.1996,19.1361,0
both,3,p0_transfer_only,33,desc,2,25.4700,25.5115,25.7547,26.5632,26.7758,28.3366,0
both,3,p4_d2h_fresh_vec,33,desc,2,19.3645,16.2507,17.1970,17.5817,18.5253,18.8513,0
both,3,p0_transfer_only,33,desc,3,24.3226,25.2141,26.3209,26.5437,26.8324,28.1652,0
both,3,p4_d2h_fresh_vec,33,desc,3,17.8715,17.6068,18.5677,18.6287,18.7791,20.0846,0
both,3,p0_transfer_only,33,desc,4,25.5607,24.4451,26.7530,26.8835,27.7683,29.9481,0
both,3,p4_d2h_fresh_vec,33,desc,4,20.2279,17.2710,17.5768,17.6756,17.8748,17.9900,0
baseline,4,p0_transfer_only,33,desc,0,28.0157,26.2465,28.3657,28.6173,29.0864,31.7172,0
baseline,4,p4_d2h_fresh_vec,33,desc,0,20.6933,17.1508,17.5226,17.7751,18.6057,19.6139,0
baseline,4,p0_transfer_only,33,desc,1,27.5629,26.8222,28.3400,28.5962,28.8282,30.7280,0
baseline,4,p4_d2h_fresh_vec,33,desc,1,19.2197,18.0716,18.5711,18.6696,18.7408,19.1602,0
baseline,4,p0_transfer_only,33,desc,2,27.8657,26.5492,28.2428,28.8354,29.6183,29.8664,0
baseline,4,p4_d2h_fresh_vec,33,desc,2,19.3584,16.5583,17.3292,17.5331,17.9373,18.7620,0
baseline,4,p0_transfer_only,33,desc,3,27.5510,25.0324,27.4353,28.6582,29.4964,29.8482,0
baseline,4,p4_d2h_fresh_vec,33,desc,3,21.2018,17.9189,18.5147,18.5999,18.6639,18.7592,0
baseline,4,p0_transfer_only,33,desc,4,28.2991,26.8968,28.3228,28.5269,28.9440,30.2319,0
baseline,4,p4_d2h_fresh_vec,33,desc,4,20.4347,16.2767,17.4106,17.5448,17.6449,19.0266,0
baseline,0,p0_transfer_only,32,desc,0,24.9986,24.0404,25.7740,26.4289,27.1501,28.0369,0
baseline,0,p4_d2h_fresh_vec,32,desc,0,20.1258,16.6521,17.6240,18.1656,18.5420,19.0442,0
baseline,0,p0_transfer_only,32,desc,1,22.4383,23.7891,25.2490,25.8861,26.2179,27.0534,0
baseline,0,p4_d2h_fresh_vec,32,desc,1,20.1484,17.2409,18.7043,18.9017,19.6938,20.4668,0
baseline,0,p0_transfer_only,32,desc,2,26.1224,24.6563,25.7009,26.1228,26.8111,27.4070,0
baseline,0,p4_d2h_fresh_vec,32,desc,2,20.1703,13.5235,14.9878,15.4191,16.3790,20.0714,0
baseline,0,p0_transfer_only,32,desc,3,25.4385,24.1317,25.8884,26.0482,26.3905,27.3574,0
baseline,0,p4_d2h_fresh_vec,32,desc,3,18.4397,14.2465,17.1137,17.8057,18.6238,20.3537,0
baseline,0,p0_transfer_only,32,desc,4,24.6785,24.6217,25.5125,26.1223,26.6411,27.1221,0
baseline,0,p4_d2h_fresh_vec,32,desc,4,20.1279,14.7821,16.4162,16.6339,18.4658,19.7160,0
release_threshold,1,p0_transfer_only,32,desc,0,26.4138,18.3398,18.8841,18.9716,19.2253,20.0126,0
release_threshold,1,p4_d2h_fresh_vec,32,desc,0,17.5936,16.6072,17.0379,17.1186,17.6065,18.5056,0
release_threshold,1,p0_transfer_only,32,desc,1,17.4939,17.3740,17.5031,17.6823,17.8699,19.2457,0
release_threshold,1,p4_d2h_fresh_vec,32,desc,1,16.3247,16.3727,17.0556,17.1277,17.4311,17.9649,0
release_threshold,1,p0_transfer_only,32,desc,2,17.6380,16.3749,17.6430,17.7459,18.3199,19.0572,0
release_threshold,1,p4_d2h_fresh_vec,32,desc,2,16.3025,13.6337,13.8056,14.6869,14.9192,17.7971,0
release_threshold,1,p0_transfer_only,32,desc,3,17.7777,17.4565,18.7178,18.9142,19.5264,20.0937,0
release_threshold,1,p4_d2h_fresh_vec,32,desc,3,17.6632,16.4629,17.8570,18.1812,18.3376,19.4423,0
release_threshold,1,p0_transfer_only,32,desc,4,17.7048,18.6818,18.8954,18.9654,19.2161,20.0105,0
release_threshold,1,p4_d2h_fresh_vec,32,desc,4,16.3623,15.7631,17.6630,18.1692,18.2835,19.2557,0
sync_alloc,2,p0_transfer_only,32,desc,0,23.0470,24.3381,25.6315,26.0288,27.1455,27.5070,0
sync_alloc,2,p4_d2h_fresh_vec,32,desc,0,19.9778,13.1887,13.9957,14.0378,14.9358,17.0208,0
sync_alloc,2,p0_transfer_only,32,desc,1,24.5302,24.6148,25.5852,25.8969,26.1581,27.3705,0
sync_alloc,2,p4_d2h_fresh_vec,32,desc,1,19.8218,13.6364,16.8001,16.9553,17.1015,18.0162,0
sync_alloc,2,p0_transfer_only,32,desc,2,24.1277,24.3150,25.6243,25.8940,26.8291,31.1310,0
sync_alloc,2,p4_d2h_fresh_vec,32,desc,2,20.6271,17.3259,18.0251,18.1347,18.2179,19.4763,0
sync_alloc,2,p0_transfer_only,32,desc,3,26.9416,24.8410,25.8980,26.1345,27.1378,27.4413,0
sync_alloc,2,p4_d2h_fresh_vec,32,desc,3,19.8322,16.5726,17.0850,17.3535,18.2375,18.8026,0
sync_alloc,2,p0_transfer_only,32,desc,4,24.2176,25.6503,26.0146,26.6036,27.1093,27.5824,0
sync_alloc,2,p4_d2h_fresh_vec,32,desc,4,19.6983,16.4276,16.9470,17.0727,17.6071,18.2089,0
both,3,p0_transfer_only,32,desc,0,26.0692,24.1944,25.7384,25.9839,26.2634,27.9369,0
both,3,p4_d2h_fresh_vec,32,desc,0,20.1955,16.6106,16.9856,17.0565,17.5951,18.9952,0
both,3,p0_transfer_only,32,desc,1,26.1628,24.8798,25.7357,26.0470,27.1592,27.7370,0
both,3,p4_d2h_fresh_vec,32,desc,1,17.1931,17.9115,18.1581,18.3749,18.6815,20.0024,0
both,3,p0_transfer_only,32,desc,2,25.8799,23.8223,25.8443,27.0772,27.1986,27.7667,0
both,3,p4_d2h_fresh_vec,32,desc,2,17.4056,13.7690,14.2589,17.0235,17.0811,18.0301,0
both,3,p0_transfer_only,32,desc,3,25.5252,25.2496,25.8949,26.1305,26.7981,27.2464,0
both,3,p4_d2h_fresh_vec,32,desc,3,19.0801,16.5889,17.0210,17.1948,17.4954,18.1293,0
both,3,p0_transfer_only,32,desc,4,25.3525,24.3494,25.7492,25.9286,26.8683,27.2305,0
both,3,p4_d2h_fresh_vec,32,desc,4,19.5105,16.6394,17.0338,17.4063,17.9897,18.9436,0
baseline,4,p0_transfer_only,32,desc,0,23.9429,24.3289,25.8162,26.7671,27.1345,27.5124,0
baseline,4,p4_d2h_fresh_vec,32,desc,0,20.0794,15.0167,16.9682,17.2922,18.0272,18.4647,0
baseline,4,p0_transfer_only,32,desc,1,24.8927,24.6900,25.7998,26.0163,26.7394,27.1627,0
baseline,4,p4_d2h_fresh_vec,32,desc,1,21.0625,16.6147,17.9930,18.1786,18.5106,19.4195,0
baseline,4,p0_transfer_only,32,desc,2,25.0070,24.5060,25.7369,25.8915,26.5730,27.1005,0
baseline,4,p4_d2h_fresh_vec,32,desc,2,19.8014,16.2598,16.8915,17.0042,17.3993,18.2863,0
baseline,4,p0_transfer_only,32,desc,3,26.5233,23.8714,25.8392,25.9314,27.0400,30.2271,0
baseline,4,p4_d2h_fresh_vec,32,desc,3,19.6707,13.7789,16.9597,17.2258,17.9600,19.0594,0
baseline,4,p0_transfer_only,32,desc,4,22.2227,24.8341,25.8922,26.8683,27.0664,27.2748,0
baseline,4,p4_d2h_fresh_vec,32,desc,4,19.9212,16.7546,16.9370,17.0087,17.0735,18.3412,0
baseline,0,p0_transfer_only,31,desc,0,18.3050,7.4950,7.5184,7.5250,7.5372,7.5776,0
baseline,0,p4_d2h_fresh_vec,31,desc,0,0.5587,0.5562,0.5563,0.5564,0.5565,0.5568,0
baseline,0,p0_transfer_only,31,desc,1,7.4652,7.4943,7.5155,7.5292,7.5323,7.5491,0
baseline,0,p4_d2h_fresh_vec,31,desc,1,0.5586,0.5561,0.5562,0.5563,0.5565,0.5596,0
baseline,0,p0_transfer_only,31,desc,2,7.4717,7.4969,7.5096,7.5224,7.5497,7.5911,0
baseline,0,p4_d2h_fresh_vec,31,desc,2,0.5590,0.5562,0.5563,0.5564,0.5565,0.5644,0
release_threshold,1,p0_transfer_only,31,desc,0,5.9854,1.7885,1.7897,1.7908,1.7922,1.8004,0
release_threshold,1,p4_d2h_fresh_vec,31,desc,0,0.5572,0.5557,0.5564,0.5565,0.5567,0.5657,0
release_threshold,1,p0_transfer_only,31,desc,1,1.7900,1.7876,1.7895,1.7908,1.7922,1.7996,0
release_threshold,1,p4_d2h_fresh_vec,31,desc,1,0.5571,0.5561,0.5563,0.5564,0.5566,0.5659,0
release_threshold,1,p0_transfer_only,31,desc,2,1.7901,1.7883,1.7900,1.7905,1.7915,1.7991,0
release_threshold,1,p4_d2h_fresh_vec,31,desc,2,0.5651,0.5561,0.5563,0.5565,0.5569,0.5660,0
sync_alloc,2,p0_transfer_only,31,desc,0,7.4826,7.3844,7.4002,7.4130,7.4165,7.4563,0
sync_alloc,2,p4_d2h_fresh_vec,31,desc,0,0.5582,0.5549,0.5558,0.5559,0.5560,0.5564,0
sync_alloc,2,p0_transfer_only,31,desc,1,7.4023,7.3941,7.4172,7.4255,7.4379,7.8586,0
sync_alloc,2,p4_d2h_fresh_vec,31,desc,1,0.5582,0.5563,0.5564,0.5565,0.5567,0.5654,0
sync_alloc,2,p0_transfer_only,31,desc,2,7.3831,7.3932,7.4041,7.4104,7.4187,7.4284,0
sync_alloc,2,p4_d2h_fresh_vec,31,desc,2,0.5583,0.5557,0.5560,0.5561,0.5562,0.5569,0
both,3,p0_transfer_only,31,desc,0,7.4262,7.3806,7.4045,7.4119,7.4258,7.4543,0
both,3,p4_d2h_fresh_vec,31,desc,0,0.5586,0.5558,0.5560,0.5561,0.5563,0.5638,0
both,3,p0_transfer_only,31,desc,1,7.4570,7.3892,7.4195,7.4373,7.4457,7.4691,0
both,3,p4_d2h_fresh_vec,31,desc,1,0.5570,0.5557,0.5560,0.5562,0.5563,0.5634,0
both,3,p0_transfer_only,31,desc,2,7.4469,7.3793,7.3993,7.4226,7.4342,7.4518,0
both,3,p4_d2h_fresh_vec,31,desc,2,0.5567,0.5558,0.5560,0.5563,0.5564,0.5574,0
baseline,4,p0_transfer_only,31,desc,0,7.5364,7.4798,7.5068,7.5225,7.5369,7.7102,0
baseline,4,p4_d2h_fresh_vec,31,desc,0,0.5586,0.5553,0.5559,0.5560,0.5563,0.5569,0
baseline,4,p0_transfer_only,31,desc,1,7.4506,7.4862,7.5196,7.5268,7.5368,7.5674,0
baseline,4,p4_d2h_fresh_vec,31,desc,1,0.5575,0.5558,0.5561,0.5563,0.5574,0.9905,0
baseline,4,p0_transfer_only,31,desc,2,7.4776,7.4860,7.5155,7.5329,7.5383,7.5563,0
baseline,4,p4_d2h_fresh_vec,31,desc,2,0.5585,0.5557,0.5560,0.5561,0.5563,0.5643,0
baseline,0,p0_transfer_only,28,desc,0,17.7706,7.3557,7.3854,7.3955,7.4009,7.4141,0
baseline,0,p4_d2h_fresh_vec,28,desc,0,0.5126,0.5031,0.5032,0.5034,0.5035,0.5125,0
baseline,0,p0_transfer_only,28,desc,1,7.3268,7.3749,7.3944,7.4053,7.4233,14.7706,0
baseline,0,p4_d2h_fresh_vec,28,desc,1,0.5051,0.5030,0.5031,0.5032,0.5032,0.5034,0
baseline,0,p0_transfer_only,28,desc,2,7.3146,7.3587,7.3785,7.3906,7.4026,7.4305,0
baseline,0,p4_d2h_fresh_vec,28,desc,2,0.5051,0.5029,0.5030,0.5031,0.5032,0.5124,0
release_threshold,1,p0_transfer_only,28,desc,0,5.8198,1.6103,1.6135,1.6145,1.6150,1.6235,0
release_threshold,1,p4_d2h_fresh_vec,28,desc,0,0.5043,0.5021,0.5031,0.5032,0.5033,0.5034,0
release_threshold,1,p0_transfer_only,28,desc,1,1.6179,1.5718,1.6133,1.6141,1.6155,2.1078,0
release_threshold,1,p4_d2h_fresh_vec,28,desc,1,0.5036,0.5030,0.5032,0.5033,0.5034,0.5132,0
release_threshold,1,p0_transfer_only,28,desc,2,1.6160,1.6127,1.6136,1.6138,1.6149,1.6187,0
release_threshold,1,p4_d2h_fresh_vec,28,desc,2,0.5037,0.5029,0.5030,0.5031,0.5032,0.5034,0
sync_alloc,2,p0_transfer_only,28,desc,0,6.7848,6.6159,6.6831,6.6898,6.6971,6.7312,0
sync_alloc,2,p4_d2h_fresh_vec,28,desc,0,0.5052,0.5029,0.5031,0.5031,0.5032,0.5038,0
sync_alloc,2,p0_transfer_only,28,desc,1,6.6861,6.6409,6.6651,6.6748,6.6906,6.7129,0
sync_alloc,2,p4_d2h_fresh_vec,28,desc,1,0.5057,0.5026,0.5028,0.5030,0.5031,0.5108,0
sync_alloc,2,p0_transfer_only,28,desc,2,6.6688,6.6695,6.6837,6.6895,6.6965,7.1814,0
sync_alloc,2,p4_d2h_fresh_vec,28,desc,2,0.5051,0.5025,0.5028,0.5028,0.5030,0.5124,0
both,3,p0_transfer_only,28,desc,0,6.6915,6.6629,6.6797,6.6909,6.7028,6.7341,0
both,3,p4_d2h_fresh_vec,28,desc,0,0.5052,0.5027,0.5028,0.5030,0.5032,0.5114,0
both,3,p0_transfer_only,28,desc,1,6.7506,6.6708,6.6938,6.7079,6.7125,6.7405,0
both,3,p4_d2h_fresh_vec,28,desc,1,0.5046,0.5029,0.5031,0.5032,0.5032,0.5033,0
both,3,p0_transfer_only,28,desc,2,6.7430,6.6515,6.6799,6.7069,6.7158,14.0394,0
both,3,p4_d2h_fresh_vec,28,desc,2,0.5043,0.5029,0.5032,0.5033,0.5035,0.5045,0
baseline,4,p0_transfer_only,28,desc,0,7.3993,7.3613,7.3809,7.3934,7.4017,7.4133,0
baseline,4,p4_d2h_fresh_vec,28,desc,0,0.5055,0.5028,0.5030,0.5030,0.5032,0.5039,0
baseline,4,p0_transfer_only,28,desc,1,7.3605,7.3375,7.3678,7.3836,7.4054,7.4785,0
baseline,4,p4_d2h_fresh_vec,28,desc,1,0.5048,0.5027,0.5029,0.5030,0.5031,0.5033,0
baseline,4,p0_transfer_only,28,desc,2,7.3510,7.3473,7.3804,7.3889,7.4028,7.4218,0
baseline,4,p4_d2h_fresh_vec,28,desc,2,0.5054,0.5027,0.5028,0.5029,0.5031,0.5112,0
baseline,0,p0_transfer_only,24,desc,0,19.3090,17.2307,18.0334,18.7622,18.9279,18.9891,0
baseline,0,p4_d2h_fresh_vec,24,desc,0,11.2604,10.4999,10.8609,11.1493,11.7194,12.0852,0
baseline,0,p0_transfer_only,24,desc,1,17.6265,17.2007,18.0239,18.5776,18.8126,19.0519,0
baseline,0,p4_d2h_fresh_vec,24,desc,1,12.1351,9.6349,10.4945,10.6151,10.7912,11.3587,0
baseline,0,p0_transfer_only,24,desc,2,16.5499,17.1315,18.0554,18.1624,18.8573,19.2396,0
baseline,0,p4_d2h_fresh_vec,24,desc,2,12.1507,10.4845,10.5318,10.5682,10.8322,12.0865,0
release_threshold,1,p0_transfer_only,24,desc,0,15.8742,10.8026,10.8444,10.8654,11.3436,12.2776,0
release_threshold,1,p4_d2h_fresh_vec,24,desc,0,10.5740,10.4660,10.5630,10.6177,10.9359,12.0574,0
release_threshold,1,p0_transfer_only,24,desc,1,228.4550,10.7830,10.8125,10.8303,10.8431,12.3285,0
release_threshold,1,p4_d2h_fresh_vec,24,desc,1,10.2822,10.4718,10.5283,10.5413,10.5574,10.6667,0
release_threshold,1,p0_transfer_only,24,desc,2,10.8192,10.2097,10.9129,11.6289,12.0172,250.0670,4
release_threshold,1,p4_d2h_fresh_vec,24,desc,2,11.3239,10.2374,10.5560,10.5760,11.0252,11.6742,0
sync_alloc,2,p0_transfer_only,24,desc,0,15.4487,16.4286,16.6823,17.5267,17.5703,17.8402,0
sync_alloc,2,p4_d2h_fresh_vec,24,desc,0,12.0914,10.1971,11.8227,12.0149,243.1234,253.3399,8
sync_alloc,2,p0_transfer_only,24,desc,1,17.6986,16.2379,16.7042,16.8092,17.4972,17.6387,0
sync_alloc,2,p4_d2h_fresh_vec,24,desc,1,12.1199,10.5262,10.5584,10.5747,10.8085,11.6284,0
sync_alloc,2,p0_transfer_only,24,desc,2,14.5167,15.7250,16.6697,17.2935,17.5105,17.6329,0
sync_alloc,2,p4_d2h_fresh_vec,24,desc,2,12.0311,10.4931,10.5633,10.5704,10.6019,11.8565,0
both,3,p0_transfer_only,24,desc,0,15.9241,16.3534,16.5266,17.1846,17.3584,17.5968,0
both,3,p4_d2h_fresh_vec,24,desc,0,12.0601,10.4998,10.5635,10.6033,10.8232,12.0619,0
both,3,p0_transfer_only,24,desc,1,16.8984,15.7029,16.5944,16.7025,17.0391,20.0483,0
both,3,p4_d2h_fresh_vec,24,desc,1,11.0082,9.6994,10.5448,10.5561,10.5799,10.5969,0
both,3,p0_transfer_only,24,desc,2,16.5037,15.9020,16.5813,16.8416,17.5730,17.6232,0
both,3,p4_d2h_fresh_vec,24,desc,2,11.5108,10.4790,10.5254,10.5626,10.5974,11.3211,0
baseline,4,p0_transfer_only,24,desc,0,18.9842,17.1945,17.9362,18.0502,18.7841,22.9852,0
baseline,4,p4_d2h_fresh_vec,24,desc,0,11.3406,9.7039,10.5397,10.5772,10.6012,11.5707,0
baseline,4,p0_transfer_only,24,desc,1,16.5216,17.1651,17.9651,18.0997,18.2756,19.4900,0
baseline,4,p4_d2h_fresh_vec,24,desc,1,11.1382,10.2144,10.5302,10.5884,10.6486,11.6287,0
baseline,4,p0_transfer_only,24,desc,2,17.0339,17.0908,17.9729,18.0897,18.8595,18.9619,0
baseline,4,p4_d2h_fresh_vec,24,desc,2,12.1681,10.5320,10.5490,10.5785,11.0946,11.6840,0
condition,bracket_pos,phase,size_mib,order,run_idx,cold_ms,min_ms,q1_ms,median_ms,q3_ms,max_ms,slow_count,checksum
baseline,0,p7_gemm_replica,32,n/a,0,21.6388,23.0612,24.1639,24.3764,24.4919,25.0132,0,-132270.738122
baseline,0,p7_gemm_replica,32,n/a,1,19.5753,23.0581,23.4388,24.3917,24.5105,24.9242,0,-132270.738122
baseline,0,p7_gemm_replica,32,n/a,2,20.2395,20.3069,22.9719,23.2777,24.3178,24.8788,0,-132270.738122
baseline,0,p7_gemm_replica,32,n/a,3,20.0959,22.9989,24.1415,24.2964,24.4366,25.0328,0,-132270.738122
baseline,0,p7_gemm_replica,32,n/a,4,19.6016,20.8470,23.1510,24.1698,24.3506,24.9017,0,-132270.738122
release_threshold,1,p7_gemm_replica,32,n/a,0,18.3411,15.9584,16.4940,17.6996,18.2895,18.5988,0,-132270.738122
release_threshold,1,p7_gemm_replica,32,n/a,1,13.3650,17.4215,17.9604,18.0284,18.0656,18.4505,0,-132270.738122
release_threshold,1,p7_gemm_replica,32,n/a,2,13.8807,13.2088,14.1886,14.4334,14.5496,14.8250,0,-132270.738122
release_threshold,1,p7_gemm_replica,32,n/a,3,11.5119,14.1113,14.3242,14.3439,14.4850,15.0684,0,-132270.738122
release_threshold,1,p7_gemm_replica,32,n/a,4,11.4292,13.8448,14.5328,17.7981,18.0481,18.2962,0,-132270.738122
sync_alloc,2,p7_gemm_replica,32,n/a,0,21.5059,20.5933,23.0335,24.0801,24.5051,24.9015,0,-132270.738122
sync_alloc,2,p7_gemm_replica,32,n/a,1,19.6630,23.2357,24.2597,24.3574,24.5209,25.2171,0,-132270.738122
sync_alloc,2,p7_gemm_replica,32,n/a,2,20.4616,20.4235,24.0072,24.3764,24.4725,28.8385,0,-132270.738122
sync_alloc,2,p7_gemm_replica,32,n/a,3,19.5634,23.1441,23.6587,24.4307,24.4809,24.7290,0,-132270.738122
sync_alloc,2,p7_gemm_replica,32,n/a,4,19.5130,20.9279,23.2500,24.3406,24.5223,24.9077,0,-132270.738122
both,3,p7_gemm_replica,32,n/a,0,19.2158,19.4420,20.3126,20.5355,20.6491,20.8546,0,-132270.738122
both,3,p7_gemm_replica,32,n/a,1,16.1151,18.9731,19.3802,20.2754,20.5805,20.6931,0,-132270.738122
both,3,p7_gemm_replica,32,n/a,2,12.7731,19.3059,20.4601,20.6413,20.6637,20.8118,0,-132270.738122
both,3,p7_gemm_replica,32,n/a,3,15.7719,19.2216,20.3687,20.5848,20.6312,20.7800,0,-132270.738122
both,3,p7_gemm_replica,32,n/a,4,16.1551,19.2752,20.2734,20.5657,20.6490,21.0765,0,-132270.738122
baseline,4,p7_gemm_replica,32,n/a,0,19.8283,22.8386,23.5002,24.3026,24.3825,24.9702,0,-132270.738122
baseline,4,p7_gemm_replica,32,n/a,1,19.7367,21.1692,23.2033,24.3701,24.4478,24.9553,0,-132270.738122
baseline,4,p7_gemm_replica,32,n/a,2,19.7837,23.0405,23.4153,24.1460,24.3433,24.8511,0,-132270.738122
baseline,4,p7_gemm_replica,32,n/a,3,20.1405,20.7013,23.2473,24.2746,24.3784,25.1345,0,-132270.738122
baseline,4,p7_gemm_replica,32,n/a,4,19.6238,20.8758,23.2058,24.3845,24.4728,28.6435,0,-132270.738122
mem_pool_attr,after_sweep,reserved_bytes=0,used_bytes=0,release_threshold=0
test large_buffer_percall_alloc_ab_record ... ok

test result: ok. 1 passed; 0 failed; 0 ignored; 0 measured; 9 filtered out; finished in 513.35s

     Running tests/large_buffer_percall_alloc_transfer_triage.rs (<home>/work/target-fandhe-ai/release/deps/large_buffer_percall_alloc_transfer_triage-b64429d3ed9e5dd5)

running 2 tests
environment: name="NVIDIA GB10" compute_capability=(12, 1) arch="compute_121" has_async_alloc=true
mem_pool_usage,before_sweep,reserved_bytes=0,used_bytes=0
phase,size_mib,order,run_idx,cold_ms,min_ms,q1_ms,median_ms,q3_ms,max_ms,slow_count
environment: name="NVIDIA GB10" compute_capability=(12, 1) arch="compute_121"
fixed_total_comparison,phase,label,buffer_count,per_buffer_mib,total_mib,min_ms,median_ms,max_ms,slow_count
p0_transfer_only,8,asc,0,16.4268,0.4603,0.4716,3.2451,4.5543,11.6295,5
p1_alloc_only,8,asc,0,0.0033,0.0016,0.0016,0.0016,0.0016,4.2897,5
p2_alloc_zeros,8,asc,0,7.4740,1.6370,1.6439,1.6492,1.6552,1.6830,0
p3_h2d_only,8,asc,0,1.3080,0.1528,0.1531,0.1534,0.1595,2.2483,2
fixed_total_comparison,h2d,16x3_total48,3,16,48,2.8550,4.4138,68.7140,1
p4_d2h_fresh_vec,8,asc,0,1.2366,0.1493,0.1495,0.1496,0.1497,0.1573,0
p5_d2h_reused_vec,8,asc,0,27.4566,0.1481,0.1483,0.1484,0.1491,0.1541,0
p6_host_vec_touch_only,8,asc,0,2.2739,2.1928,2.1946,2.1958,2.1969,2.2294,0
p0_transfer_only,8,asc,1,412.2736,2.7001,2.8038,2.9251,376.3023,391.2249,8
p1_alloc_only,8,asc,1,0.0415,0.0024,0.0025,0.0025,0.0025,0.0025,0
p2_alloc_zeros,8,asc,1,0.0652,0.0207,0.0212,0.0215,0.0217,0.0220,0
p3_h2d_only,8,asc,1,0.1602,0.1530,0.1538,0.1542,0.1545,0.1572,0
p4_d2h_fresh_vec,8,asc,1,0.1516,0.1499,0.1500,0.1500,0.1501,0.1501,0
p5_d2h_reused_vec,8,asc,1,386.6754,0.1495,0.1496,0.1496,0.1497,0.1497,0
p6_host_vec_touch_only,8,asc,1,5.7419,2.2030,2.2059,2.2069,2.2300,2.2724,0
p0_transfer_only,8,asc,2,262.9473,2.4545,2.5768,2.6102,149.5534,408.2034,8
p1_alloc_only,8,asc,2,0.0067,0.0015,0.0016,0.0016,0.0016,0.0085,0
p2_alloc_zeros,8,asc,2,0.0340,0.0192,0.0195,0.0197,0.0200,0.0205,0
p3_h2d_only,8,asc,2,0.1524,0.1516,0.1519,0.1523,0.1524,0.1569,0
p4_d2h_fresh_vec,8,asc,2,0.1516,0.1491,0.1494,0.1495,0.1514,0.1565,0
p5_d2h_reused_vec,8,asc,2,144.5546,0.1485,0.1488,0.1491,0.1502,0.1540,0
fixed_total_comparison,d2h,16x3_total48,3,16,48,143.6217,379.3750,412.9770,0
p6_host_vec_touch_only,8,asc,2,2.3026,2.2025,2.2038,2.2053,2.2061,2.2076,0
fixed_total_comparison,h2d,24x2_total48,2,24,48,0.8694,0.8727,7.4634,0
fixed_total_comparison,d2h,24x2_total48,2,24,48,0.8647,0.8661,0.8689,0
fixed_total_comparison,h2d,48x1_total48,1,48,48,2.6433,5.1130,9.6726,0
p0_transfer_only,16,asc,0,18.3000,4.8483,11.8251,15.0587,16.0317,24.2632,0
p1_alloc_only,16,asc,0,1.8740,1.8350,1.8617,1.8814,1.9593,405.2171,5
p2_alloc_zeros,16,asc,0,1.9890,1.9729,1.9878,2.0165,2.1035,412.0447,5
p3_h2d_only,16,asc,0,2.3852,2.1249,2.2500,2.2912,20.1560,390.7931,4
p4_d2h_fresh_vec,16,asc,0,0.2946,0.2908,0.2928,0.2934,0.2935,0.2983,0
p5_d2h_reused_vec,16,asc,0,373.7270,0.2904,0.2918,0.2925,0.2927,0.2975,0
fixed_total_comparison,d2h,48x1_total48,1,48,48,22.3213,391.2864,398.3842,14
test large_buffer_percall_fixed_total_size_comparison ... ok
p6_host_vec_touch_only,16,asc,0,4.6539,4.4525,4.4555,4.4569,4.4592,4.4861,0
p0_transfer_only,16,asc,1,5.1484,4.7825,4.7910,4.7985,4.8043,4.9351,0
p1_alloc_only,16,asc,1,1.9127,1.7939,1.8076,1.8134,1.8167,1.8209,0
p2_alloc_zeros,16,asc,1,1.9524,1.9270,1.9357,1.9411,1.9432,2.0133,0
p3_h2d_only,16,asc,1,2.1905,2.1619,2.1668,2.1761,2.1778,2.5943,0
p4_d2h_fresh_vec,16,asc,1,0.2942,0.2905,0.2912,0.2913,0.2914,0.2920,0
p5_d2h_reused_vec,16,asc,1,0.3036,0.2900,0.2907,0.2907,0.2908,0.2916,0
p6_host_vec_touch_only,16,asc,1,4.5907,4.4703,4.4715,4.4742,4.4774,4.4846,0
p0_transfer_only,16,asc,2,4.8557,4.7858,4.7905,4.7964,4.8044,4.8244,0
p1_alloc_only,16,asc,2,1.9086,1.8002,1.8055,1.8131,1.8193,2.1919,0
p2_alloc_zeros,16,asc,2,1.9413,1.9235,1.9325,1.9360,1.9391,1.9994,0
p3_h2d_only,16,asc,2,2.1776,2.1622,2.1721,2.1780,2.1821,2.1964,0
p4_d2h_fresh_vec,16,asc,2,0.3023,0.2901,0.2904,0.2905,0.2906,0.2907,0
p5_d2h_reused_vec,16,asc,2,0.3039,0.2899,0.2900,0.2901,0.2902,0.2949,0
p6_host_vec_touch_only,16,asc,2,4.5840,4.4689,4.4714,4.4724,4.4758,4.5505,0
p0_transfer_only,24,asc,0,17.7113,16.7617,17.6653,17.7115,17.9733,18.5881,0
p1_alloc_only,24,asc,0,1.8966,1.7946,1.8094,1.8149,1.8173,1.8255,0
p2_alloc_zeros,24,asc,0,1.9709,1.9639,1.9717,1.9766,1.9789,1.9892,0
p3_h2d_only,24,asc,0,2.3240,2.3020,2.3120,2.3184,2.3231,2.3357,0
p4_d2h_fresh_vec,24,asc,0,11.4987,10.2451,10.2691,10.2806,10.3373,11.1708,0
p5_d2h_reused_vec,24,asc,0,0.4481,0.4312,0.4314,0.4315,0.4316,0.4326,0
p6_host_vec_touch_only,24,asc,0,17.0098,16.9184,17.3327,17.3956,17.4390,17.4885,0
p0_transfer_only,24,asc,1,17.9993,17.7872,17.9475,18.0271,18.9135,18.9663,0
p1_alloc_only,24,asc,1,1.9164,1.8049,1.8107,1.8137,1.8192,1.8253,0
p2_alloc_zeros,24,asc,1,1.9864,1.9557,1.9699,1.9734,1.9772,2.2259,0
p3_h2d_only,24,asc,1,2.3208,2.2999,2.3076,2.3137,2.3171,2.3342,0
p4_d2h_fresh_vec,24,asc,1,10.9505,10.2448,10.2620,10.2796,10.3615,11.0591,0
p5_d2h_reused_vec,24,asc,1,0.4499,0.4310,0.4311,0.4312,0.4314,0.4324,0
p6_host_vec_touch_only,24,asc,1,17.0192,16.9007,17.0418,17.2671,17.3961,17.4661,0
p0_transfer_only,24,asc,2,17.0393,17.7029,17.9976,18.7573,18.8919,19.0608,0
p1_alloc_only,24,asc,2,1.9136,1.8022,1.8074,1.8128,1.8161,1.8223,0
p2_alloc_zeros,24,asc,2,1.9772,1.9592,1.9713,1.9734,1.9771,1.9828,0
p3_h2d_only,24,asc,2,2.3282,2.3049,2.3105,2.3137,2.3178,2.3259,0
p4_d2h_fresh_vec,24,asc,2,11.2606,10.2527,10.2692,10.2862,10.4365,11.1096,0
p5_d2h_reused_vec,24,asc,2,0.4476,0.4310,0.4311,0.4312,0.4312,0.4319,0
p6_host_vec_touch_only,24,asc,2,17.6069,16.8852,17.1863,17.3918,17.4242,17.5570,0
p0_transfer_only,28,asc,0,25.1203,7.4115,7.4705,7.4875,7.5001,7.5613,0
p1_alloc_only,28,asc,0,1.9122,1.7924,1.8050,1.8100,1.8135,1.8342,0
p2_alloc_zeros,28,asc,0,1.9933,1.9885,2.0007,2.0031,2.0077,2.3675,0
p3_h2d_only,28,asc,0,2.4051,2.3647,2.3849,2.3904,2.3931,2.4014,0
p4_d2h_fresh_vec,28,asc,0,0.5507,0.5195,0.5204,0.5209,0.5217,0.5282,0
p5_d2h_reused_vec,28,asc,0,0.5211,0.5019,0.5021,0.5022,0.5023,0.5113,0
p6_host_vec_touch_only,28,asc,0,8.0667,7.9312,7.9396,7.9426,7.9477,7.9908,0
p0_transfer_only,28,asc,1,7.6502,7.4434,7.4631,7.4687,7.4753,7.6404,0
p1_alloc_only,28,asc,1,1.9171,1.7923,1.8038,1.8106,1.8152,1.8248,0
p2_alloc_zeros,28,asc,1,2.0449,1.9827,1.9920,1.9964,1.9988,2.0068,0
p3_h2d_only,28,asc,1,2.3848,2.3744,2.3836,2.3876,2.3923,2.4073,0
p4_d2h_fresh_vec,28,asc,1,0.5527,0.5192,0.5206,0.5209,0.5214,0.5222,0
p5_d2h_reused_vec,28,asc,1,0.5216,0.5016,0.5018,0.5020,0.5021,0.5024,0
p6_host_vec_touch_only,28,asc,1,8.0847,7.9284,7.9389,7.9427,7.9446,7.9851,0
p0_transfer_only,28,asc,2,7.5530,7.4265,7.4555,7.4741,7.4773,7.4974,0
p1_alloc_only,28,asc,2,1.9255,1.8057,1.8077,1.8145,1.8180,1.8300,0
p2_alloc_zeros,28,asc,2,1.9998,1.9871,1.9971,2.0016,2.0042,2.0087,0
p3_h2d_only,28,asc,2,2.4262,2.3777,2.3860,2.3892,2.3970,2.8798,0
p4_d2h_fresh_vec,28,asc,2,0.5524,0.5198,0.5205,0.5209,0.5214,0.5285,0
p5_d2h_reused_vec,28,asc,2,0.5201,0.5019,0.5021,0.5022,0.5023,0.5030,0
p6_host_vec_touch_only,28,asc,2,8.0717,7.9272,7.9390,7.9416,7.9449,7.9685,0
p0_transfer_only,30,asc,0,25.8365,7.5210,7.5436,7.5521,7.5820,7.6714,0
p1_alloc_only,30,asc,0,1.9085,1.8033,1.8081,1.8174,1.8203,1.8335,0
p2_alloc_zeros,30,asc,0,2.0075,1.9985,2.0095,2.0164,2.0201,2.0275,0
p3_h2d_only,30,asc,0,2.4363,2.4191,2.4269,2.4345,2.4390,2.4475,0
p4_d2h_fresh_vec,30,asc,0,0.5883,0.5546,0.5554,0.5560,0.5564,0.5817,0
p5_d2h_reused_vec,30,asc,0,0.5572,0.5372,0.5374,0.5375,0.5376,0.5462,0
p6_host_vec_touch_only,30,asc,0,8.6520,8.5108,8.5188,8.5227,8.5273,8.5450,0
p0_transfer_only,30,asc,1,7.6699,7.5238,7.5487,7.5548,7.5758,7.7713,0
p1_alloc_only,30,asc,1,1.9076,1.8009,1.8112,1.8176,1.8207,1.8372,0
p2_alloc_zeros,30,asc,1,2.0141,1.9965,2.0068,2.0162,2.0202,2.0260,0
p3_h2d_only,30,asc,1,2.4324,2.4154,2.4227,2.4277,2.4320,2.5022,0
p4_d2h_fresh_vec,30,asc,1,0.5873,0.5551,0.5556,0.5566,0.5568,0.5807,0
p5_d2h_reused_vec,30,asc,1,0.5564,0.5373,0.5375,0.5376,0.5377,0.5460,0
p6_host_vec_touch_only,30,asc,1,9.9886,8.7454,8.7791,8.8134,8.8511,8.8981,0
p0_transfer_only,30,asc,2,7.6400,7.4825,7.5045,7.5306,7.5595,7.6563,0
p1_alloc_only,30,asc,2,1.8981,1.7951,1.8028,1.8108,1.8201,1.8521,0
p2_alloc_zeros,30,asc,2,1.9981,1.9951,2.0076,2.0106,2.0145,2.0289,0
p3_h2d_only,30,asc,2,2.4236,2.4177,2.4220,2.4266,2.4323,2.5661,0
p4_d2h_fresh_vec,30,asc,2,0.5871,0.5545,0.5556,0.5563,0.5571,0.5813,0
p5_d2h_reused_vec,30,asc,2,0.5561,0.5372,0.5373,0.5374,0.5376,0.5462,0
p6_host_vec_touch_only,30,asc,2,9.1990,8.7366,8.7690,8.7932,8.8278,8.8694,0
p0_transfer_only,31,asc,0,26.5111,7.5738,7.5830,7.5947,7.6102,7.6236,0
p1_alloc_only,31,asc,0,1.9040,1.7999,1.8073,1.8102,1.8164,1.8269,0
p2_alloc_zeros,31,asc,0,2.0153,2.0058,2.0152,2.0266,2.0321,2.1184,0
p3_h2d_only,31,asc,0,2.4681,2.4312,2.4457,2.4527,2.4554,2.4630,0
p4_d2h_fresh_vec,31,asc,0,0.6047,0.5726,0.5733,0.5738,0.5740,0.5975,0
p5_d2h_reused_vec,31,asc,0,0.5763,0.5549,0.5552,0.5553,0.5554,0.5578,0
p6_host_vec_touch_only,31,asc,0,8.9355,8.8017,8.8158,8.9191,8.9618,9.0304,0
p0_transfer_only,31,asc,1,7.6958,7.5810,7.5934,7.6087,7.6281,7.6472,0
p1_alloc_only,31,asc,1,1.9062,1.7986,1.8072,1.8143,1.8169,1.8686,0
p2_alloc_zeros,31,asc,1,2.1981,2.0103,2.0159,2.0238,2.0291,2.0797,0
p3_h2d_only,31,asc,1,2.4608,2.4373,2.4449,2.4491,2.4572,2.4623,0
p4_d2h_fresh_vec,31,asc,1,0.6218,0.5727,0.5735,0.5738,0.5743,0.6023,0
p5_d2h_reused_vec,31,asc,1,0.5742,0.5549,0.5550,0.5552,0.5553,0.5634,0
p6_host_vec_touch_only,31,asc,1,8.9415,8.8038,8.8063,8.8091,8.8148,8.8282,0
p0_transfer_only,31,asc,2,7.7341,7.5701,7.5861,7.5944,7.6069,11.6405,0
p1_alloc_only,31,asc,2,1.9016,1.8032,1.8076,1.8140,1.8168,1.8226,0
p2_alloc_zeros,31,asc,2,2.0209,2.0057,2.0156,2.0192,2.0250,2.2960,0
p3_h2d_only,31,asc,2,2.4562,2.4240,2.4661,2.5174,2.5275,2.9545,0
p4_d2h_fresh_vec,31,asc,2,0.6052,0.5725,0.5729,0.5736,0.5742,0.5973,0
p5_d2h_reused_vec,31,asc,2,0.5749,0.5546,0.5549,0.5551,0.5552,0.5565,0
p6_host_vec_touch_only,31,asc,2,9.3085,8.8193,8.8344,8.8785,8.8956,9.0193,0
p0_transfer_only,32,asc,0,27.8159,24.6720,25.6336,26.0538,27.1573,28.8941,0
p1_alloc_only,32,asc,0,1.8860,1.7982,1.8104,1.8148,1.8196,1.8259,0
p2_alloc_zeros,32,asc,0,2.0170,2.0182,2.0225,2.0309,2.0344,2.0419,0
p3_h2d_only,32,asc,0,2.4800,2.4651,2.4693,2.4734,2.4775,2.4884,0
p4_d2h_fresh_vec,32,asc,0,19.7433,17.2007,17.8533,18.2882,18.5362,19.5936,0
p5_d2h_reused_vec,32,asc,0,0.5953,0.5746,0.5749,0.5750,0.5752,0.5840,0
p6_host_vec_touch_only,32,asc,0,23.3578,22.9396,23.2633,23.3487,23.4194,23.5118,0
p0_transfer_only,32,asc,1,25.5551,24.8106,25.9468,26.2996,27.0412,27.4598,0
p1_alloc_only,32,asc,1,1.8914,1.8024,1.8131,1.8156,1.8197,1.8436,0
p2_alloc_zeros,32,asc,1,2.0149,2.0169,2.0252,2.0318,2.0371,2.1685,0
p3_h2d_only,32,asc,1,2.4966,2.4634,2.4721,2.4749,2.4775,2.5348,0
p4_d2h_fresh_vec,32,asc,1,18.6401,15.8396,17.4742,18.0605,18.6012,19.5547,0
p5_d2h_reused_vec,32,asc,1,0.5949,0.5746,0.5747,0.5747,0.5748,0.5759,0
p6_host_vec_touch_only,32,asc,1,21.0285,23.0007,23.3230,23.3451,23.4307,23.4747,0
p0_transfer_only,32,asc,2,27.4489,25.7404,26.0696,27.0846,27.2139,27.3864,0
p1_alloc_only,32,asc,2,1.9089,1.8051,1.8133,1.8196,1.8232,2.2258,0
p2_alloc_zeros,32,asc,2,2.0130,2.0206,2.0347,2.0363,2.0381,2.0420,0
p3_h2d_only,32,asc,2,2.4751,2.4609,2.4674,2.4720,2.4755,2.4927,0
p4_d2h_fresh_vec,32,asc,2,18.4271,17.2666,18.2642,18.5124,18.7373,19.8390,0
p5_d2h_reused_vec,32,asc,2,0.5929,0.5741,0.5749,0.5750,0.5751,0.5757,0
p6_host_vec_touch_only,32,asc,2,23.2086,23.1564,23.3037,23.3705,23.4185,23.4645,0
p0_transfer_only,33,asc,0,28.5456,26.9413,28.1597,28.3527,28.5589,30.0745,0
p1_alloc_only,33,asc,0,3.8015,3.7160,3.7350,3.7508,3.7724,10.4219,0
p2_alloc_zeros,33,asc,0,3.9470,3.9695,3.9776,3.9848,3.9928,4.0512,0
p3_h2d_only,33,asc,0,4.4459,4.3965,4.4206,4.4263,4.4353,4.6022,0
p4_d2h_fresh_vec,33,asc,0,19.1285,17.1724,18.5350,18.6976,18.9717,20.7018,0
p5_d2h_reused_vec,33,asc,0,0.6174,0.5923,0.5924,0.5925,0.5927,0.5931,0
p6_host_vec_touch_only,33,asc,0,24.3791,23.7201,23.9863,24.0402,24.1524,24.2437,0
p0_transfer_only,33,asc,1,29.9815,27.2262,28.2194,28.6565,29.5974,29.9536,0
p1_alloc_only,33,asc,1,3.7475,3.7449,3.7625,3.7681,3.7788,3.7970,0
p2_alloc_zeros,33,asc,1,3.9865,3.9632,3.9799,3.9841,3.9876,4.0610,0
p3_h2d_only,33,asc,1,4.4358,4.4111,4.4265,4.4326,4.4383,4.4613,0
p4_d2h_fresh_vec,33,asc,1,19.7392,17.1567,17.8975,18.9095,19.0084,19.7004,0
p5_d2h_reused_vec,33,asc,1,0.6152,0.5917,0.5925,0.5926,0.5927,0.5931,0
p6_host_vec_touch_only,33,asc,1,24.3146,23.7385,23.9862,24.0401,24.1189,24.2948,0
test large_buffer_percall_alloc_transfer_triage_record has been running for over 60 seconds
p0_transfer_only,33,asc,2,28.6947,27.1557,28.3437,28.5013,29.1338,30.9918,0
p1_alloc_only,33,asc,2,3.7679,3.7329,3.7476,3.7621,3.7684,3.7795,0
p2_alloc_zeros,33,asc,2,3.9934,3.9660,3.9696,3.9755,3.9797,4.4427,0
p3_h2d_only,33,asc,2,4.4526,4.4064,4.4256,4.4301,4.4348,4.4484,0
p4_d2h_fresh_vec,33,asc,2,19.0512,15.6228,16.1297,17.1135,18.4182,346.2273,5
p5_d2h_reused_vec,33,asc,2,0.6114,0.5923,0.5924,0.5924,0.5927,0.6006,0
p6_host_vec_touch_only,33,asc,2,24.5623,23.4468,23.7066,23.9543,24.0465,24.5921,0
p0_transfer_only,36,asc,0,29.9448,29.4523,29.8426,29.9414,30.8758,31.6185,0
p1_alloc_only,36,asc,0,3.7856,3.7526,3.7700,3.7809,3.7866,3.8101,0
p2_alloc_zeros,36,asc,0,4.0045,3.9764,3.9974,4.0050,4.0070,4.0328,0
p3_h2d_only,36,asc,0,4.4881,4.4444,4.4642,4.4756,4.4847,4.6078,0
p4_d2h_fresh_vec,36,asc,0,20.8165,16.7335,17.4941,19.4440,20.1474,22.9689,0
p5_d2h_reused_vec,36,asc,0,0.6648,0.6453,0.6455,0.6457,0.6458,0.6460,0
p6_host_vec_touch_only,36,asc,0,10.5770,10.5975,10.6087,10.6150,10.6237,10.6747,0
p0_transfer_only,36,asc,1,9.9776,9.7693,9.7935,9.8024,9.8090,9.8485,0
p1_alloc_only,36,asc,1,3.8013,3.7492,3.7729,3.7822,3.7873,3.7991,0
p2_alloc_zeros,36,asc,1,4.0159,3.9647,3.9860,3.9942,4.0134,4.1026,0
p3_h2d_only,36,asc,1,4.4799,4.4688,4.4887,4.4956,4.5011,4.5502,0
p4_d2h_fresh_vec,36,asc,1,0.6490,0.6450,0.6452,0.6453,0.6455,0.6464,0
p5_d2h_reused_vec,36,asc,1,1.1165,0.6448,0.6450,0.6451,0.6451,0.6542,0
p6_host_vec_touch_only,36,asc,1,11.0575,10.5109,10.6178,10.6271,10.6346,10.6587,0
p0_transfer_only,36,asc,2,9.8593,9.7795,9.7922,9.8049,9.8139,9.9201,0
p1_alloc_only,36,asc,2,3.7877,3.7442,3.7649,3.7731,3.8189,10.6545,0
p2_alloc_zeros,36,asc,2,4.0170,3.9784,3.9885,4.0002,4.0057,4.0236,0
p3_h2d_only,36,asc,2,4.5045,4.4668,4.4776,4.4860,4.4946,4.5333,0
p4_d2h_fresh_vec,36,asc,2,0.6493,0.6440,0.6443,0.6444,0.6445,3.1674,0
p5_d2h_reused_vec,36,asc,2,0.6599,0.6436,0.6438,0.6441,0.6442,0.6525,0
p6_host_vec_touch_only,36,asc,2,10.3336,10.1918,10.1962,10.2025,10.2076,10.2545,0
p0_transfer_only,40,asc,0,32.3416,30.8645,31.9088,32.1495,32.8226,33.7419,0
p1_alloc_only,40,asc,0,3.7804,3.7488,3.7655,3.7733,3.7771,3.7948,0
p2_alloc_zeros,40,asc,0,4.0369,3.9959,4.0064,4.0141,4.0236,4.0402,0
p3_h2d_only,40,asc,0,4.5495,4.5123,4.5393,4.5505,4.5553,4.5902,0
p4_d2h_fresh_vec,40,asc,0,22.0565,19.9457,21.2420,21.4065,21.5933,22.5918,0
p5_d2h_reused_vec,40,asc,0,0.7394,0.7172,0.7175,0.7176,0.7177,0.7254,0
p6_host_vec_touch_only,40,asc,0,29.2480,28.2530,28.4962,28.6947,29.0242,29.2965,0
p0_transfer_only,40,asc,1,31.0559,31.4878,32.0356,32.9787,33.3080,33.8698,0
p1_alloc_only,40,asc,1,3.8055,3.7517,3.7672,3.7716,3.7767,3.7925,0
p2_alloc_zeros,40,asc,1,4.0298,4.0027,4.0100,4.0198,4.0240,4.1858,0
p3_h2d_only,40,asc,1,4.5580,4.5164,4.5348,4.5472,4.5587,4.6868,0
p4_d2h_fresh_vec,40,asc,1,398.1417,21.3379,22.0911,22.2348,22.5650,414.6027,2
p5_d2h_reused_vec,40,asc,1,0.7407,0.7174,0.7176,0.7178,0.7179,0.7261,0
p6_host_vec_touch_only,40,asc,1,26.4459,29.0450,29.1034,29.3145,29.4034,29.5315,0
p0_transfer_only,40,asc,2,31.2181,30.8196,31.9495,32.1696,33.3137,36.5997,0
p1_alloc_only,40,asc,2,3.7765,3.7463,3.7596,3.7677,3.7722,3.9297,0
p2_alloc_zeros,40,asc,2,4.0287,3.9695,3.9875,3.9952,4.0045,4.1172,0
p3_h2d_only,40,asc,2,4.5293,4.5408,4.5494,4.5622,4.5672,4.5917,0
p4_d2h_fresh_vec,40,asc,2,23.2142,20.0733,20.4337,21.2804,21.7337,23.7419,0
p5_d2h_reused_vec,40,asc,2,0.7395,0.7169,0.7173,0.7173,0.7175,0.7256,0
p6_host_vec_touch_only,40,asc,2,27.9508,28.5911,28.7346,29.0900,29.3185,29.5964,0
p0_transfer_only,48,asc,0,37.4482,37.5470,37.7356,38.8168,39.5830,40.8070,0
p1_alloc_only,48,asc,0,3.7690,3.7387,3.7648,3.7702,3.7753,3.8151,0
p2_alloc_zeros,48,asc,0,4.1037,4.0099,4.0523,4.0622,4.0694,4.0898,0
p3_h2d_only,48,asc,0,4.7002,4.6814,4.7026,4.7091,4.7163,4.7287,0
p4_d2h_fresh_vec,48,asc,0,25.9501,24.7702,25.0386,25.1351,25.4229,27.2609,0
p5_d2h_reused_vec,48,asc,0,0.8813,0.8589,0.8590,0.8591,0.8593,0.8675,0
p6_host_vec_touch_only,48,asc,0,34.7685,34.0184,34.2847,34.6702,34.7616,35.4023,0
p0_transfer_only,48,asc,1,34.1773,36.3323,37.7113,37.8955,37.9949,39.5319,0
p1_alloc_only,48,asc,1,3.7866,3.7486,3.7672,3.7751,3.7789,3.7895,0
p2_alloc_zeros,48,asc,1,4.0638,4.0454,4.0562,4.0620,4.0676,4.0737,0
p3_h2d_only,48,asc,1,4.7050,4.6816,4.6958,4.7015,4.7053,4.7209,0
p4_d2h_fresh_vec,48,asc,1,484.1761,25.5056,25.9647,26.0379,27.0543,28.7664,0
p5_d2h_reused_vec,48,asc,1,0.8798,0.8584,0.8589,0.8590,0.8592,0.8676,0
p6_host_vec_touch_only,48,asc,1,35.3372,34.7261,35.0118,35.1398,35.1962,35.2759,0
p0_transfer_only,48,asc,2,36.2022,36.3589,37.7236,38.1010,39.5320,39.9116,0
p1_alloc_only,48,asc,2,3.7875,3.7383,3.7625,3.7710,3.7803,4.0909,0
p2_alloc_zeros,48,asc,2,4.1301,4.0293,4.0429,4.0534,4.0605,4.0816,0
p3_h2d_only,48,asc,2,4.6936,4.6871,4.6939,4.7017,4.7120,4.7609,0
p4_d2h_fresh_vec,48,asc,2,26.2942,22.6340,25.6486,26.0015,26.1218,27.7570,0
p5_d2h_reused_vec,48,asc,2,0.8804,0.8586,0.8592,0.8593,0.8595,0.8681,0
p6_host_vec_touch_only,48,asc,2,31.5549,34.8658,35.0503,35.1964,35.2648,35.6083,0
p0_transfer_only,64,asc,0,47.5648,45.9884,47.5024,47.7375,47.9692,50.3372,0
p1_alloc_only,64,asc,0,3.7679,3.7457,3.7647,3.7727,3.7786,3.7970,0
p2_alloc_zeros,64,asc,0,4.1477,4.0608,4.0834,4.0917,4.0979,4.1158,0
p3_h2d_only,64,asc,0,4.9549,4.9232,4.9284,4.9353,4.9370,4.9532,0
p4_d2h_fresh_vec,64,asc,0,36.3819,29.9927,30.3377,30.6841,32.2620,34.1050,0
p5_d2h_reused_vec,64,asc,0,1.1653,1.1413,1.1415,1.1415,1.1418,1.1505,0
p6_host_vec_touch_only,64,asc,0,41.3525,45.0159,45.5609,45.8175,46.0349,46.8576,0
p0_transfer_only,64,asc,1,44.7802,47.1651,47.6312,47.9107,49.6060,50.1772,0
p1_alloc_only,64,asc,1,3.7942,3.7575,3.7688,3.7727,3.7842,3.8029,0
p2_alloc_zeros,64,asc,1,4.1441,4.0576,4.0837,4.0885,4.0955,4.1192,0
p3_h2d_only,64,asc,1,4.9421,4.9246,4.9323,4.9382,4.9438,4.9550,0
p4_d2h_fresh_vec,64,asc,1,35.7911,23.0636,30.1247,30.5529,32.1942,32.8373,0
p5_d2h_reused_vec,64,asc,1,1.1667,1.1416,1.1418,1.1419,1.1420,1.1508,0
p6_host_vec_touch_only,64,asc,1,41.3547,41.9257,45.1940,45.4696,45.7950,46.6098,0
p0_transfer_only,64,asc,2,43.9318,45.8538,47.4317,47.5522,47.8456,50.7468,0
p1_alloc_only,64,asc,2,3.7972,3.7313,3.7525,3.7613,3.7661,3.7742,0
p2_alloc_zeros,64,asc,2,4.1313,4.0694,4.0882,4.0988,4.1021,4.1247,0
p3_h2d_only,64,asc,2,4.9473,4.9206,4.9294,4.9401,4.9420,4.9538,0
p4_d2h_fresh_vec,64,asc,2,33.7592,27.6973,29.7808,29.9634,31.7644,32.4514,0
p5_d2h_reused_vec,64,asc,2,1.1664,1.1412,1.1413,1.1416,1.1418,1.1498,0
p6_host_vec_touch_only,64,asc,2,46.4015,44.9753,45.2915,45.5549,45.7692,46.4510,0
p0_transfer_only,64,desc,0,42.7109,45.5096,47.2550,49.4057,50.0363,51.9067,0
p4_d2h_fresh_vec,64,desc,0,35.9187,30.1977,31.3717,32.4121,33.5731,35.4419,0
p5_d2h_reused_vec,64,desc,0,1.1659,1.1417,1.1417,1.1419,1.1422,1.1503,0
p6_host_vec_touch_only,64,desc,0,46.6162,46.4563,46.7436,46.9394,47.0160,47.2830,0
p0_transfer_only,64,desc,1,46.0715,45.7492,47.5943,48.2248,49.9110,51.4385,0
p4_d2h_fresh_vec,64,desc,1,36.8397,31.2681,32.0920,33.3822,33.5369,34.9809,0
p5_d2h_reused_vec,64,desc,1,1.1659,1.1411,1.1414,1.1418,1.1422,1.6713,0
p6_host_vec_touch_only,64,desc,1,45.0312,41.2948,45.3485,45.6459,46.0766,46.8938,0
p0_transfer_only,64,desc,2,45.5538,45.1444,47.5896,48.1146,49.8526,53.8167,0
p4_d2h_fresh_vec,64,desc,2,33.7448,29.5291,30.2467,30.4507,30.6431,32.6812,0
p5_d2h_reused_vec,64,desc,2,1.1629,1.1412,1.1415,1.1419,1.1423,1.1501,0
p6_host_vec_touch_only,64,desc,2,45.8404,45.1199,45.7711,45.9839,46.1643,46.5746,0
p0_transfer_only,48,desc,0,38.1675,37.2784,37.7901,38.1036,39.2682,39.6849,0
p4_d2h_fresh_vec,48,desc,0,29.2377,19.3773,22.5379,25.6575,25.9245,27.5402,0
p5_d2h_reused_vec,48,desc,0,0.8815,0.8584,0.8587,0.8590,0.8593,0.8681,0
p6_host_vec_touch_only,48,desc,0,36.6508,31.5303,35.1707,35.3363,35.3892,35.5321,0
p0_transfer_only,48,desc,1,36.0683,36.5723,37.5431,37.8591,38.8068,39.9063,0
p4_d2h_fresh_vec,48,desc,1,28.4778,22.5964,25.2467,26.0749,27.2069,28.4539,0
p5_d2h_reused_vec,48,desc,1,0.8804,0.8579,0.8583,0.8586,0.8592,0.8681,0
p6_host_vec_touch_only,48,desc,1,35.6398,34.6269,35.0001,35.1180,35.1773,35.2905,0
p0_transfer_only,48,desc,2,37.4761,36.4094,37.8762,38.0373,38.1993,39.7002,0
p4_d2h_fresh_vec,48,desc,2,27.8417,24.8518,25.7796,25.9939,26.1289,27.4306,0
p5_d2h_reused_vec,48,desc,2,0.8806,0.8584,0.8588,0.8589,0.8591,0.8680,0
p6_host_vec_touch_only,48,desc,2,31.6534,34.8673,34.9890,35.1407,35.2506,35.3548,0
p0_transfer_only,40,desc,0,32.4625,30.4841,31.8192,32.0891,33.4943,33.7659,0
p4_d2h_fresh_vec,40,desc,0,24.0649,18.0099,20.6784,21.9820,22.1725,22.5732,0
p5_d2h_reused_vec,40,desc,0,0.7379,0.7168,0.7174,0.7175,0.7178,0.7184,0
p6_host_vec_touch_only,40,desc,0,28.9670,29.1262,29.2763,29.3360,29.3850,29.4590,0
p0_transfer_only,40,desc,1,29.9063,30.8715,31.7407,31.9697,32.2202,33.6425,0
p4_d2h_fresh_vec,40,desc,1,24.0988,22.0530,24.7700,400.0657,408.6172,418.3958,14
p5_d2h_reused_vec,40,desc,1,0.7371,0.7176,0.7178,0.7179,0.7179,0.7271,0
p6_host_vec_touch_only,40,desc,1,30.4349,28.5643,28.8522,29.2175,29.4106,29.8617,0
p0_transfer_only,40,desc,2,30.8745,30.9207,31.8827,32.1363,33.5546,35.4677,0
p4_d2h_fresh_vec,40,desc,2,23.9345,21.9731,22.2587,23.2918,23.5895,25.1020,0
p5_d2h_reused_vec,40,desc,2,0.7354,0.7172,0.7177,0.7178,0.7179,0.7261,0
p6_host_vec_touch_only,40,desc,2,30.4206,26.1592,28.8052,28.9463,29.2534,29.6438,0
p0_transfer_only,36,desc,0,28.6656,28.9086,29.9281,31.1604,31.3854,31.5868,0
p4_d2h_fresh_vec,36,desc,0,22.5955,18.0098,18.4609,19.5804,19.7519,20.2112,0
p5_d2h_reused_vec,36,desc,0,0.6667,0.6461,0.6463,0.6464,0.6465,0.6471,0
p6_host_vec_touch_only,36,desc,0,24.0415,25.6118,25.9989,26.2542,26.5520,26.6850,0
p0_transfer_only,36,desc,1,30.3541,28.8745,30.0106,30.1133,31.1250,32.0678,0
p4_d2h_fresh_vec,36,desc,1,22.0638,14.4578,15.3680,16.1011,17.0626,20.7961,0
p5_d2h_reused_vec,36,desc,1,0.6666,0.6461,0.6464,0.6464,0.6465,0.6541,0
p6_host_vec_touch_only,36,desc,1,25.7423,25.6862,26.0156,26.2366,26.3517,26.5410,0
p0_transfer_only,36,desc,2,29.5127,28.0222,29.8527,30.1340,31.2581,31.7942,0
p4_d2h_fresh_vec,36,desc,2,345.9747,18.4993,19.6610,19.9023,19.9943,21.1623,0
p5_d2h_reused_vec,36,desc,2,0.6662,0.6464,0.6465,0.6467,0.6468,0.6478,0
p6_host_vec_touch_only,36,desc,2,26.4935,25.3990,25.4795,25.8469,25.9601,26.5273,0
p0_transfer_only,33,desc,0,29.9301,27.5287,28.0654,28.4570,28.5931,29.7382,0
p4_d2h_fresh_vec,33,desc,0,19.1657,17.2067,18.0652,18.3605,18.4855,19.4121,0
p5_d2h_reused_vec,33,desc,0,0.6119,0.5922,0.5923,0.5925,0.5929,0.6026,0
p6_host_vec_touch_only,33,desc,0,23.8182,23.2504,23.2852,23.4919,23.8182,24.0680,0
p0_transfer_only,33,desc,1,28.6221,28.0374,28.3334,28.8109,29.6627,325.9746,1
p4_d2h_fresh_vec,33,desc,1,20.0170,18.8439,19.0860,19.8404,19.9609,20.6233,0
p5_d2h_reused_vec,33,desc,1,0.6112,0.5922,0.5924,0.5925,0.5925,0.5942,0
p6_host_vec_touch_only,33,desc,1,24.1052,23.7088,24.0002,24.0857,24.1694,24.3465,0
p0_transfer_only,33,desc,2,30.5262,27.3166,28.1111,28.4570,29.5886,29.8787,0
p4_d2h_fresh_vec,33,desc,2,20.5839,18.8043,19.4699,19.7851,19.8553,21.1000,0
p5_d2h_reused_vec,33,desc,2,0.6106,0.5923,0.5926,0.5927,0.5930,0.5999,0
p6_host_vec_touch_only,33,desc,2,21.8334,23.6771,24.0035,24.0816,24.1268,24.2027,0
p0_transfer_only,32,desc,0,27.9361,24.7989,25.8932,26.1627,27.1385,28.4823,0
p4_d2h_fresh_vec,32,desc,0,20.4677,18.3412,18.6478,19.3337,19.5170,20.8473,0
p5_d2h_reused_vec,32,desc,0,0.5944,0.5744,0.5746,0.5747,0.5748,0.5762,0
p6_host_vec_touch_only,32,desc,0,21.0685,23.2314,23.3333,23.3619,23.4072,23.4402,0
p0_transfer_only,32,desc,1,27.2942,24.9647,25.7611,25.9502,27.1614,27.3693,0
p4_d2h_fresh_vec,32,desc,1,19.9989,17.5625,18.8617,19.4249,19.5001,19.9010,0
p5_d2h_reused_vec,32,desc,1,0.5941,0.5745,0.5745,0.5746,0.5747,0.5752,0
p6_host_vec_touch_only,32,desc,1,21.2061,23.2199,23.2888,23.3693,23.4321,23.5708,0
p0_transfer_only,32,desc,2,27.4676,25.0358,25.8766,26.0521,27.0445,27.3368,0
p4_d2h_fresh_vec,32,desc,2,18.9532,18.3456,18.6449,19.4140,19.4624,19.7835,0
p5_d2h_reused_vec,32,desc,2,0.6007,0.5744,0.5746,0.5746,0.5749,0.5825,0
p6_host_vec_touch_only,32,desc,2,23.4551,23.0139,23.2511,23.3398,23.4187,23.4717,0
p0_transfer_only,31,desc,0,315.0326,7.5409,7.5897,7.6033,7.6126,7.6504,0
p4_d2h_fresh_vec,31,desc,0,0.5943,0.5739,0.5755,0.5756,0.5759,0.5986,0
p5_d2h_reused_vec,31,desc,0,0.5749,0.5560,0.5563,0.5564,0.5564,0.5568,0
p6_host_vec_touch_only,31,desc,0,10.8496,8.9591,9.1307,9.1679,9.1708,9.2214,0
p0_transfer_only,31,desc,1,7.7004,7.5817,7.6007,7.6090,7.6285,12.4358,0
p4_d2h_fresh_vec,31,desc,1,0.6012,0.5731,0.5745,0.5755,0.5758,0.6011,0
p5_d2h_reused_vec,31,desc,1,0.5733,0.5553,0.5560,0.5562,0.5562,0.5984,0
p6_host_vec_touch_only,31,desc,1,10.0663,8.9651,9.0560,9.1650,9.1683,9.1841,0
p0_transfer_only,31,desc,2,7.7240,7.5823,7.5995,7.6050,7.6083,7.6480,0
p4_d2h_fresh_vec,31,desc,2,0.6012,0.5738,0.5749,0.5753,0.5757,0.6004,0
p5_d2h_reused_vec,31,desc,2,0.5743,0.5559,0.5560,0.5562,0.5563,0.5648,0
p6_host_vec_touch_only,31,desc,2,8.9221,8.8178,8.8596,8.8882,8.9097,9.0406,0
p0_transfer_only,30,desc,0,18.9276,7.5333,7.5521,7.5643,7.5777,7.9884,0
p4_d2h_fresh_vec,30,desc,0,0.5816,0.5562,0.5575,0.5582,0.5585,0.5746,0
p5_d2h_reused_vec,30,desc,0,0.5596,0.5378,0.5384,0.5386,0.5387,0.5396,0
p6_host_vec_touch_only,30,desc,0,8.6471,8.5639,8.6437,8.6907,8.7094,8.8008,0
p0_transfer_only,30,desc,1,7.6205,7.5220,7.5399,7.5594,7.5741,7.5998,0
p4_d2h_fresh_vec,30,desc,1,0.5844,0.5559,0.5571,0.5575,0.5583,0.5741,0
p5_d2h_reused_vec,30,desc,1,0.5571,0.5377,0.5385,0.5391,0.7046,0.8044,0
p6_host_vec_touch_only,30,desc,1,8.7115,8.5126,8.5180,8.5208,8.5262,8.5528,0
p0_transfer_only,30,desc,2,7.7798,7.5302,7.5563,7.5726,7.5778,7.6139,0
p4_d2h_fresh_vec,30,desc,2,0.5837,0.5548,0.5575,0.5587,0.5594,0.8555,0
p5_d2h_reused_vec,30,desc,2,0.5574,0.5383,0.5384,0.5386,0.5387,0.5470,0
p6_host_vec_touch_only,30,desc,2,8.6639,8.5136,8.5171,8.5235,8.5289,8.5484,0
p0_transfer_only,28,desc,0,7.6832,7.4403,7.4692,7.4812,7.4895,7.6237,0
p4_d2h_fresh_vec,28,desc,0,0.5439,0.5221,0.5227,0.5231,0.5247,0.5412,0
p5_d2h_reused_vec,28,desc,0,0.5222,0.5029,0.5033,0.5035,0.5039,0.5044,0
p6_host_vec_touch_only,28,desc,0,8.0735,7.9434,7.9475,7.9507,7.9554,7.9752,0
p0_transfer_only,28,desc,1,7.6078,7.4127,7.4414,7.4553,7.4902,11.1776,0
p4_d2h_fresh_vec,28,desc,1,0.5469,0.5215,0.5225,0.5230,0.5236,0.5410,0
p5_d2h_reused_vec,28,desc,1,0.5251,0.5025,0.5034,0.5036,0.5043,0.8876,0
p6_host_vec_touch_only,28,desc,1,8.0761,7.9426,7.9471,7.9515,7.9525,7.9800,0
p0_transfer_only,28,desc,2,7.5882,7.4504,7.4685,7.4799,7.5033,8.0394,0
p4_d2h_fresh_vec,28,desc,2,0.5446,0.5224,0.5228,0.5233,0.5235,0.5406,0
p5_d2h_reused_vec,28,desc,2,0.5206,0.5032,0.5033,0.5034,0.5035,0.5037,0
p6_host_vec_touch_only,28,desc,2,8.0751,7.9405,7.9454,7.9484,7.9510,7.9909,0
p0_transfer_only,24,desc,0,18.1095,16.7303,17.5920,17.9050,18.5531,18.9421,0
p4_d2h_fresh_vec,24,desc,0,12.0749,10.2497,10.2814,10.4340,11.2278,11.6305,0
p5_d2h_reused_vec,24,desc,0,0.4478,0.4308,0.4309,0.4311,0.4312,0.4316,0
p6_host_vec_touch_only,24,desc,0,17.6169,16.7386,16.9394,17.4171,17.4501,17.5409,0
p0_transfer_only,24,desc,1,18.1573,16.7169,17.2657,17.7657,18.2107,18.9311,0
p4_d2h_fresh_vec,24,desc,1,11.7277,10.2605,10.2746,10.2950,10.3355,11.6274,0
p5_d2h_reused_vec,24,desc,1,0.4498,0.4308,0.4310,0.4312,0.4313,0.4315,0
p6_host_vec_touch_only,24,desc,1,17.6567,16.8119,17.0779,17.4298,17.4575,17.5694,0
p0_transfer_only,24,desc,2,16.8815,16.8457,17.6737,17.9574,18.4713,22.5422,0
p4_d2h_fresh_vec,24,desc,2,10.7791,10.2313,10.2613,10.3043,10.7436,11.6542,0
p5_d2h_reused_vec,24,desc,2,0.4528,0.4308,0.4310,0.4311,0.4311,0.4396,0
p6_host_vec_touch_only,24,desc,2,17.6322,16.8344,17.0952,17.3178,17.4267,17.4689,0
p0_transfer_only,16,desc,0,5.0084,4.7816,4.7934,4.8010,4.8145,5.3891,0
p4_d2h_fresh_vec,16,desc,0,0.2925,0.2903,0.2905,0.2907,0.2907,0.2910,0
p5_d2h_reused_vec,16,desc,0,0.3029,0.2898,0.2899,0.2901,0.2901,0.2979,0
p6_host_vec_touch_only,16,desc,0,4.5885,4.4656,4.4685,4.4696,4.4723,4.4812,0
p0_transfer_only,16,desc,1,4.8798,4.7846,4.7950,4.8031,4.8064,4.8209,0
p4_d2h_fresh_vec,16,desc,1,0.2923,0.2903,0.2905,0.2906,0.2907,0.2990,0
p5_d2h_reused_vec,16,desc,1,0.3081,0.2897,0.2898,0.2900,0.2900,0.2901,0
p6_host_vec_touch_only,16,desc,1,4.5872,4.4715,4.4751,4.4775,4.4849,4.4925,0
p0_transfer_only,16,desc,2,4.8622,4.7583,4.7951,4.8084,4.8316,8.8422,0
p4_d2h_fresh_vec,16,desc,2,0.2925,0.2903,0.2904,0.2905,0.2906,0.2906,0
p5_d2h_reused_vec,16,desc,2,0.3024,0.2897,0.2898,0.2899,0.2900,0.2901,0
p6_host_vec_touch_only,16,desc,2,4.5899,4.4656,4.4681,4.4708,4.4730,4.6677,0
p0_transfer_only,8,desc,0,2.5501,2.3779,2.3869,2.3914,2.3940,2.4871,0
p4_d2h_fresh_vec,8,desc,0,0.1515,0.1484,0.1493,0.1495,0.1495,0.1497,0
p5_d2h_reused_vec,8,desc,0,0.1570,0.1483,0.1485,0.1485,0.1486,0.1488,0
p6_host_vec_touch_only,8,desc,0,2.2883,2.2026,2.2031,2.2041,2.2045,2.2078,0
p0_transfer_only,8,desc,1,2.4886,2.3762,2.3811,2.3829,2.3882,2.4087,0
p4_d2h_fresh_vec,8,desc,1,0.1515,0.1493,0.1493,0.1494,0.1495,0.1498,0
p5_d2h_reused_vec,8,desc,1,0.1575,0.1482,0.1486,0.1487,0.1487,0.1489,0
p6_host_vec_touch_only,8,desc,1,2.2845,2.2029,2.2035,2.2037,2.2042,2.2074,0
p0_transfer_only,8,desc,2,2.4749,2.3706,2.3811,2.3834,2.3869,2.4034,0
p4_d2h_fresh_vec,8,desc,2,0.1505,0.1493,0.1495,0.1496,0.1496,0.1498,0
p5_d2h_reused_vec,8,desc,2,0.1571,0.1477,0.1485,0.1487,0.1487,0.1489,0
p6_host_vec_touch_only,8,desc,2,2.2880,2.2019,2.2023,2.2027,2.2032,2.2138,0
mem_pool_usage,after_sweep,reserved_bytes=0,used_bytes=0
test large_buffer_percall_alloc_transfer_triage_record ... ok

test result: ok. 2 passed; 0 failed; 0 ignored; 0 measured; 7 filtered out; finished in 215.25s

     Running tests/layer_norm_parity.rs (<home>/work/target-fandhe-ai/release/deps/layer_norm_parity-39427212931bceef)

running 4 tests
test backend_ops_layer_norm_matches_cpu_backend_ops_across_shapes ... ok
test layer_norm_matches_cpu_across_shapes ... ok
test layer_norm_matches_backend_cpu_directly ... ok
test layer_norm_extreme_values_no_nan_inf ... ok

test result: ok. 4 passed; 0 failed; 0 ignored; 0 measured; 2 filtered out; finished in 0.27s

     Running tests/linear_forward_device_real_device.rs (<home>/work/target-fandhe-ai/release/deps/linear_forward_device_real_device-1cae1f538c2fa966)

running 5 tests
test linear_forward_device_rejects_shape_mismatches_and_handles_empty_input_on_real_device ... ok
test linear_forward_device_two_layer_chain_matches_cpu_reference_on_real_device ... ok
test linear_forward_device_matches_cpu_reference_on_real_device ... ok
test linear_forward_device_matches_gemm_resident_rhs_act_bit_exact_on_real_device ... ok
[linear_forward_device_bench:cuda] before_median_s=0.000136 after_median_s=0.000094 speedup_x=1.447
test linear_forward_device_bench_cuda ... ok

test result: ok. 5 passed; 0 failed; 0 ignored; 0 measured; 0 filtered out; finished in 0.51s

     Running tests/log_softmax_backward_parity.rs (<home>/work/target-fandhe-ai/release/deps/log_softmax_backward_parity-1bf2081cd56a11c1)

running 4 tests
test log_softmax_backward_is_run_to_run_bit_identical ... ok
test backend_ops_log_softmax_backward_matches_cpu_reference_across_shapes ... ok
test log_softmax_backward_matches_cpu_across_shapes ... ok
test log_softmax_backward_cancelling_upstream_grad_matches_cpu ... ok

test result: ok. 4 passed; 0 failed; 0 ignored; 0 measured; 5 filtered out; finished in 0.26s

     Running tests/managed_placement_bandwidth_real_device.rs (<home>/work/target-fandhe-ai/release/deps/managed_placement_bandwidth_real_device-f777f4e50b2ba0f5)

running 1 test
   MiB |   elements |   off upload off download off readback |    on upload  on download  on readback
(単位: GiB/s. off=device-only 配置・on=managed 配置)
     4 |    1048576 |       44.862        2.432        7.168 |        4.409       36.073        7.213
    16 |    4194304 |       52.225       22.483        7.172 |        4.594       31.426        7.195
    32 |    8388608 |       52.519        2.807        7.168 |        4.625        2.855        7.174
    33 |    8650752 |       52.440        2.827        7.162 |        4.562        2.832        7.173
    64 |   16777216 |       53.673        2.706        7.131 |        4.675        2.862        7.116
test managed_vs_device_only_bandwidth_sweep_on_real_hardware ... ok

test result: ok. 1 passed; 0 failed; 0 ignored; 0 measured; 0 filtered out; finished in 1.76s

     Running tests/managed_placement_real_device.rs (<home>/work/target-fandhe-ai/release/deps/managed_placement_real_device-fabfb717e64b1965)

running 5 tests
test managed_alloc_zeroed_returns_all_zero_on_real_hardware ... ok
test managed_download_is_correct_without_caller_side_synchronize_on_real_hardware ... ok
test managed_upload_download_roundtrip_is_bit_exact_on_real_hardware ... ok

thread 'managed_placement_does_not_leak_on_real_hardware' (3624737) panicked at crates/backend-cuda/tests/managed_placement_real_device.rs:344:5:
managed placement should not leak across repeated alloc/free rounds: leaked=18100224 bytes
note: run with `RUST_BACKTRACE=1` environment variable to display a backtrace
test managed_placement_does_not_leak_on_real_hardware ... FAILED
test device_and_managed_placement_produce_bit_identical_resident_gemm_output_on_real_hardware ... ok

failures:

failures:
    managed_placement_does_not_leak_on_real_hardware

test result: FAILED. 4 passed; 1 failed; 0 ignored; 0 measured; 0 filtered out; finished in 3.86s

error: test failed, to rerun pass `-p fandhe-ai-backend-cuda --test managed_placement_real_device`
     Running tests/memory_real_device.rs (<home>/work/target-fandhe-ai/release/deps/memory_real_device-f1641079bd1d0246)

running 5 tests
test alloc_zeroed_returns_all_zero_on_real_hardware ... ok
test peak_allocated_bytes_matches_known_allocation_size_on_real_hardware ... ok
test repeated_alloc_drop_cycles_do_not_leak_device_memory ... ok
test pooled_memory_reuses_buffer_and_zero_fills_on_real_hardware ... ok
test upload_download_roundtrip_is_bit_exact_on_real_hardware ... ok

test result: ok. 5 passed; 0 failed; 0 ignored; 0 measured; 0 filtered out; finished in 0.36s

     Running tests/mma_tf32_vs_wmma_tf32_staged.rs (<home>/work/target-fandhe-ai/release/deps/mma_tf32_vs_wmma_tf32_staged-2fed2705a3f2b89a)

running 2 tests
test mma_tf32_matches_wmma_tf32_staged_across_shapes ... ok
test mma_tf32_matches_wmma_tf32_staged_k4096_stress ... ok

test result: ok. 2 passed; 0 failed; 0 ignored; 0 measured; 1 filtered out; finished in 1.30s

     Running tests/mse_parity.rs (<home>/work/target-fandhe-ai/release/deps/mse_parity-1136f88f220daef4)

running 1 test
test mse_matches_cpu_across_shapes ... ok

test result: ok. 1 passed; 0 failed; 0 ignored; 0 measured; 1 filtered out; finished in 0.36s

     Running tests/nll_parity.rs (<home>/work/target-fandhe-ai/release/deps/nll_parity-b8dfca3a73c249d9)

running 1 test
test nll_matches_cpu_across_shapes ... ok

test result: ok. 1 passed; 0 failed; 0 ignored; 0 measured; 1 filtered out; finished in 0.38s

     Running tests/norm_backward_parity.rs (<home>/work/target-fandhe-ai/release/deps/norm_backward_parity-4bc14b97a157cd08)

running 5 tests
test norm_backward_numerical_stability_and_determinism ... ok
test norm_backward_cancelling_input_detects_reduction_order_regression ... ok
test norm_backward_zero_element_contract ... ok
test layer_norm_backward_matches_cpu_across_shapes ... ok
test rmsnorm_backward_matches_cpu_across_shapes ... ok

test result: ok. 5 passed; 0 failed; 0 ignored; 0 measured; 3 filtered out; finished in 0.59s

     Running tests/parity_nonregression.rs (<home>/work/target-fandhe-ai/release/deps/parity_nonregression-4d5d2719d2dfedcf)

running 1 test
test parity_baselines_do_not_regress ... ok

test result: ok. 1 passed; 0 failed; 0 ignored; 0 measured; 10 filtered out; finished in 9.99s

     Running tests/pinned_h2d_real_device.rs (<home>/work/target-fandhe-ai/release/deps/pinned_h2d_real_device-ec96f8cb4092de0f)

running 3 tests
test pinned_h2d_sequential_uploads_match_plain_upload_bit_exact ... ok
test pinned_h2d_upload_after_release_staging_is_bit_exact ... ok
test pinned_h2d_upload_into_partial_update_matches_plain_bit_exact ... ok

test result: ok. 3 passed; 0 failed; 0 ignored; 0 measured; 0 filtered out; finished in 0.32s

     Running tests/pinned_h2d_upload_ab_1585.rs (<home>/work/target-fandhe-ai/release/deps/pinned_h2d_upload_ab_1585-ce44064d949409d9)

running 1 test
phase,n,bytes_mib,cold_ms,min_ms,q1_ms,median_ms,q3_ms,max_ms
pageable,1024,4.0000,7.8858,0.0810,0.0812,0.0813,0.0813,0.0814
pinned_staged,1024,4.0000,0.8904,0.1550,0.1722,0.1783,0.1800,0.1905
pageable,2048,16.0000,0.3269,0.2932,0.2936,0.2937,0.2940,0.2949
pinned_staged,2048,16.0000,2.8569,0.7226,0.7323,0.7377,0.7453,0.7576
pageable,4096,64.0000,2.4736,1.1440,1.1445,1.1453,1.1458,1.1545
pinned_staged,4096,64.0000,11.0923,3.3827,3.3871,3.3932,3.3984,3.4143
test pinned_h2d_upload_ab ... ok

test result: ok. 1 passed; 0 failed; 0 ignored; 0 measured; 0 filtered out; finished in 0.75s

     Running tests/readback_pretouched_bit_match_1437.rs (<home>/work/target-fandhe-ai/release/deps/readback_pretouched_bit_match_1437-a35dcc346c45b6e8)

running 2 tests
test readback_fresh_and_pretouched_fresh_are_bit_identical_f16 ... ok
test readback_fresh_and_pretouched_fresh_are_bit_identical_f32 ... ok

test result: ok. 2 passed; 0 failed; 0 ignored; 0 measured; 0 filtered out; finished in 0.43s

     Running tests/reduce_parity.rs (<home>/work/target-fandhe-ai/release/deps/reduce_parity-9363fa0a85ab02f3)

running 11 tests
test argmax_and_argmin_empty_reduction_semantics_match_cpu_on_real_device ... ok
test argmax_and_argmin_match_cpu_reference_for_transposed_view_on_real_device ... ok
test argmax_and_argmin_nan_and_infinity_semantics_match_cpu_on_real_device ... ok
test argmax_and_argmin_are_run_to_run_deterministic_on_real_device ... ok
test argmax_and_argmin_match_cpu_reference_on_real_device ... ok
test empty_reduction_semantics_match_cpu_on_real_device ... ok
test sum_and_max_are_run_to_run_deterministic_on_real_device ... ok
test nan_and_infinity_semantics_match_cpu_on_real_device ... ok
test max_matches_cpu_reference_on_real_device ... ok
test min_matches_cpu_reference_on_real_device ... ok
test sum_matches_cpu_reference_on_real_device ... ok

test result: ok. 11 passed; 0 failed; 0 ignored; 0 measured; 0 filtered out; finished in 0.36s

     Running tests/rmsnorm_backward_parity.rs (<home>/work/target-fandhe-ai/release/deps/rmsnorm_backward_parity-b24a18ca3b414f9a)

running 2 tests
test rmsnorm_backward_matches_cpu_across_shapes ... ok
test rmsnorm_backward_dw_split_matches_cpu_across_shapes ... ok

test result: ok. 2 passed; 0 failed; 0 ignored; 0 measured; 6 filtered out; finished in 4.35s

     Running tests/rmsnorm_parity.rs (<home>/work/target-fandhe-ai/release/deps/rmsnorm_parity-f836beb51e877c41)

running 3 tests
test backend_ops_rmsnorm_matches_cpu_backend_ops_across_shapes ... ok
test rmsnorm_matches_backend_cpu_directly ... ok
test rmsnorm_matches_cpu_across_shapes ... ok

test result: ok. 3 passed; 0 failed; 0 ignored; 0 measured; 3 filtered out; finished in 0.36s

     Running tests/rnn_cell_parity.rs (<home>/work/target-fandhe-ai/release/deps/rnn_cell_parity-91d90564782816b3)

running 1 test
test rnn_cell_matches_cpu_across_shapes ... ok

test result: ok. 1 passed; 0 failed; 0 ignored; 0 measured; 1 filtered out; finished in 0.40s

     Running tests/scalar_op_parity.rs (<home>/work/target-fandhe-ai/release/deps/scalar_op_parity-fd4fb3dbf0436c19)

running 1 test
test scalar_op_matches_cpu_across_shapes ... ok

test result: ok. 1 passed; 0 failed; 0 ignored; 0 measured; 1 filtered out; finished in 0.45s

     Running tests/scan_parity.rs (<home>/work/target-fandhe-ai/release/deps/scan_parity-3e7c07b1d110986f)

running 1 test
test scan_matches_cpu_for_large_shapes ... ok

test result: ok. 1 passed; 0 failed; 0 ignored; 0 measured; 1 filtered out; finished in 0.27s

     Running tests/setmaxnreg_probe_dec_accel_real_device.rs (<home>/work/target-fandhe-ai/release/deps/setmaxnreg_probe_dec_accel_real_device-de8257f657bc0996)

running 1 test
SETMAXNREG_PROBE_RESULT stage=environment name="NVIDIA GB10" compute_capability=(12, 1) device_arch="compute_121"
SETMAXNREG_PROBE_RESULT stage=control_baseline_regs kernel=control_dec arch=compute_121a source=diagnostic result=measured num_regs_per_thread=10
SETMAXNREG_PROBE_RESULT stage=nvrtc_compile_start kernel=probe_setmaxnreg_dec arch=compute_121a control_accepted=true
SETMAXNREG_PROBE_RESULT stage=nvrtc_compile kernel=probe_setmaxnreg_dec arch=compute_121a result=accepted
SETMAXNREG_PROBE_RESULT stage=probe_self_regs kernel=probe_setmaxnreg_dec arch=compute_121a source=diagnostic result=measured num_regs_per_thread=10
SETMAXNREG_PROBE_RESULT stage=execute kernel=probe_setmaxnreg_dec arch=compute_121a result=success output_matches_expected=true
test setmaxnreg_dec_accel_probe ... ok

test result: ok. 1 passed; 0 failed; 0 ignored; 0 measured; 0 filtered out; finished in 0.33s

     Running tests/setmaxnreg_probe_dec_base_real_device.rs (<home>/work/target-fandhe-ai/release/deps/setmaxnreg_probe_dec_base_real_device-62c1df732513336f)

running 1 test
SETMAXNREG_PROBE_RESULT stage=environment name="NVIDIA GB10" compute_capability=(12, 1) device_arch="compute_121"
SETMAXNREG_PROBE_RESULT stage=control_baseline_regs kernel=control_dec arch=compute_121 source=diagnostic result=measured num_regs_per_thread=10
SETMAXNREG_PROBE_RESULT stage=nvrtc_compile_start kernel=probe_setmaxnreg_dec arch=compute_121 control_accepted=true
SETMAXNREG_PROBE_RESULT stage=nvrtc_compile kernel=probe_setmaxnreg_dec arch=compute_121 result=accepted
SETMAXNREG_PROBE_RESULT stage=module_load kernel=probe_setmaxnreg_dec arch=compute_121 result=failed detail=DriverError(CUDA_ERROR_INVALID_PTX, "a PTX JIT compilation failed")
test setmaxnreg_dec_base_probe ... ok

test result: ok. 1 passed; 0 failed; 0 ignored; 0 measured; 0 filtered out; finished in 0.34s

     Running tests/setmaxnreg_probe_incdec_accel_real_device.rs (<home>/work/target-fandhe-ai/release/deps/setmaxnreg_probe_incdec_accel_real_device-53d7a9e67a669a45)

running 1 test
SETMAXNREG_PROBE_RESULT stage=environment name="NVIDIA GB10" compute_capability=(12, 1) device_arch="compute_121"
SETMAXNREG_PROBE_RESULT stage=control_baseline_regs kernel=control_incdec arch=compute_121a source=diagnostic result=measured num_regs_per_thread=10
SETMAXNREG_PROBE_RESULT stage=nvrtc_compile_start kernel=probe_setmaxnreg_incdec arch=compute_121a control_accepted=true
SETMAXNREG_PROBE_RESULT stage=nvrtc_compile kernel=probe_setmaxnreg_incdec arch=compute_121a result=accepted
SETMAXNREG_PROBE_RESULT stage=probe_self_regs kernel=probe_setmaxnreg_incdec arch=compute_121a source=diagnostic result=measured num_regs_per_thread=10
SETMAXNREG_PROBE_RESULT stage=execute kernel=probe_setmaxnreg_incdec arch=compute_121a result=success output_matches_expected=true
test setmaxnreg_incdec_accel_probe ... ok

test result: ok. 1 passed; 0 failed; 0 ignored; 0 measured; 0 filtered out; finished in 0.33s

     Running tests/setmaxnreg_probe_incdec_base_real_device.rs (<home>/work/target-fandhe-ai/release/deps/setmaxnreg_probe_incdec_base_real_device-f7a0534a301cccf8)

running 1 test
SETMAXNREG_PROBE_RESULT stage=environment name="NVIDIA GB10" compute_capability=(12, 1) device_arch="compute_121"
SETMAXNREG_PROBE_RESULT stage=control_baseline_regs kernel=control_incdec arch=compute_121 source=diagnostic result=measured num_regs_per_thread=10
SETMAXNREG_PROBE_RESULT stage=nvrtc_compile_start kernel=probe_setmaxnreg_incdec arch=compute_121 control_accepted=true
SETMAXNREG_PROBE_RESULT stage=nvrtc_compile kernel=probe_setmaxnreg_incdec arch=compute_121 result=accepted
SETMAXNREG_PROBE_RESULT stage=module_load kernel=probe_setmaxnreg_incdec arch=compute_121 result=failed detail=DriverError(CUDA_ERROR_INVALID_PTX, "a PTX JIT compilation failed")
test setmaxnreg_incdec_base_probe ... ok

test result: ok. 1 passed; 0 failed; 0 ignored; 0 measured; 0 filtered out; finished in 0.33s

     Running tests/sgd_device_real_device.rs (<home>/work/target-fandhe-ai/release/deps/sgd_device_real_device-aceb2786d6b418b2)

running 2 tests
test momentum_sgd_matches_cpu_reference_across_100_steps ... ok
test momentum_sgd_matches_cpu_reference_across_multiple_steps ... ok

test result: ok. 2 passed; 0 failed; 0 ignored; 0 measured; 0 filtered out; finished in 0.24s

     Running tests/softmax_parity.rs (<home>/work/target-fandhe-ai/release/deps/softmax_parity-0c733011f1344475)

running 4 tests
test backend_ops_softmax_matches_cpu_backend_ops_across_shapes ... ok
test softmax_matches_backend_cpu_directly ... ok
test softmax_numerically_stable_for_extreme_inputs ... ok
test softmax_matches_cpu_across_shapes ... ok

test result: ok. 4 passed; 0 failed; 0 ignored; 0 measured; 4 filtered out; finished in 0.33s

     Running tests/sort_topk_parity.rs (<home>/work/target-fandhe-ai/release/deps/sort_topk_parity-6cd11c2e629a26da)

running 3 tests
test sort_matches_cpu_for_non_contiguous_input ... ok
test topk_matches_cpu_across_k_and_largest ... ok
test sort_matches_cpu_across_shapes ... ok

test result: ok. 3 passed; 0 failed; 0 ignored; 0 measured; 1 filtered out; finished in 0.24s

     Running tests/specialized_mma_f16_sweep_1159.rs (<home>/work/target-fandhe-ai/release/deps/specialized_mma_f16_sweep_1159-635b7cb93c5fdfb4)

running 1 test
SWEEP_BITMATCH shape=4096x4096x4096 compiled=CompiledDims { m: false, n: false, k: false } bit_match=true
SWEEP_BITMATCH shape=4096x4096x4096 compiled=CompiledDims { m: false, n: true, k: true } bit_match=true
SWEEP_BITMATCH shape=4096x4096x4096 compiled=CompiledDims { m: true, n: true, k: true } bit_match=true
SWEEP_BITMATCH shape=64x128x32 compiled=CompiledDims { m: false, n: false, k: false } bit_match=true
SWEEP_ROW shape=64x128x32 compiled=CompiledDims { m: false, n: false, k: false } fail_count=0/8192 max_abs_diff=7.629395e-6 max_rel_err=7.199424e-4 mean_abs_diff=2.837623e-9 max_fail_abs_diff=0.000000e0 p999_abs_diff=0.000000e0
SWEEP_BITMATCH shape=64x128x32 compiled=CompiledDims { m: false, n: true, k: true } bit_match=true
SWEEP_ROW shape=64x128x32 compiled=CompiledDims { m: false, n: true, k: true } fail_count=0/8192 max_abs_diff=7.629395e-6 max_rel_err=7.199424e-4 mean_abs_diff=2.837623e-9 max_fail_abs_diff=0.000000e0 p999_abs_diff=0.000000e0
SWEEP_BITMATCH shape=64x128x32 compiled=CompiledDims { m: true, n: true, k: true } bit_match=true
SWEEP_ROW shape=64x128x32 compiled=CompiledDims { m: true, n: true, k: true } fail_count=0/8192 max_abs_diff=7.629395e-6 max_rel_err=7.199424e-4 mean_abs_diff=2.837623e-9 max_fail_abs_diff=0.000000e0 p999_abs_diff=0.000000e0
SWEEP_BITMATCH shape=128x256x128 compiled=CompiledDims { m: false, n: false, k: false } bit_match=true
SWEEP_ROW shape=128x256x128 compiled=CompiledDims { m: false, n: false, k: false } fail_count=0/32768 max_abs_diff=7.812500e-3 max_rel_err=5.938242e-3 mean_abs_diff=1.123381e-6 max_fail_abs_diff=0.000000e0 p999_abs_diff=7.629395e-6
SWEEP_BITMATCH shape=128x256x128 compiled=CompiledDims { m: false, n: true, k: true } bit_match=true
SWEEP_ROW shape=128x256x128 compiled=CompiledDims { m: false, n: true, k: true } fail_count=0/32768 max_abs_diff=7.812500e-3 max_rel_err=5.938242e-3 mean_abs_diff=1.123381e-6 max_fail_abs_diff=0.000000e0 p999_abs_diff=7.629395e-6
SWEEP_BITMATCH shape=128x256x128 compiled=CompiledDims { m: true, n: true, k: true } bit_match=true
SWEEP_ROW shape=128x256x128 compiled=CompiledDims { m: true, n: true, k: true } fail_count=0/32768 max_abs_diff=7.812500e-3 max_rel_err=5.938242e-3 mean_abs_diff=1.123381e-6 max_fail_abs_diff=0.000000e0 p999_abs_diff=7.629395e-6
SWEEP_BITMATCH shape=256x512x1024 compiled=CompiledDims { m: false, n: false, k: false } bit_match=true
SWEEP_ROW shape=256x512x1024 compiled=CompiledDims { m: false, n: false, k: false } fail_count=30/131072 max_abs_diff=1.562500e-2 max_rel_err=3.341149e-2 mean_abs_diff=1.010961e-5 max_fail_abs_diff=3.051758e-5 p999_abs_diff=3.906250e-3
SWEEP_BITMATCH shape=256x512x1024 compiled=CompiledDims { m: false, n: true, k: true } bit_match=true
SWEEP_ROW shape=256x512x1024 compiled=CompiledDims { m: false, n: true, k: true } fail_count=30/131072 max_abs_diff=1.562500e-2 max_rel_err=3.341149e-2 mean_abs_diff=1.010961e-5 max_fail_abs_diff=3.051758e-5 p999_abs_diff=3.906250e-3
SWEEP_BITMATCH shape=256x512x1024 compiled=CompiledDims { m: true, n: true, k: true } bit_match=true
SWEEP_ROW shape=256x512x1024 compiled=CompiledDims { m: true, n: true, k: true } fail_count=30/131072 max_abs_diff=1.562500e-2 max_rel_err=3.341149e-2 mean_abs_diff=1.010961e-5 max_fail_abs_diff=3.051758e-5 p999_abs_diff=3.906250e-3
SWEEP_BITMATCH shape=40x24x72 compiled=CompiledDims { m: false, n: false, k: false } bit_match=true
SWEEP_ROW shape=40x24x72 compiled=CompiledDims { m: false, n: false, k: false } fail_count=0/960 max_abs_diff=0.000000e0 max_rel_err=0.000000e0 mean_abs_diff=0.000000e0 max_fail_abs_diff=0.000000e0 p999_abs_diff=0.000000e0
SWEEP_BITMATCH shape=40x24x72 compiled=CompiledDims { m: false, n: true, k: true } bit_match=true
SWEEP_ROW shape=40x24x72 compiled=CompiledDims { m: false, n: true, k: true } fail_count=0/960 max_abs_diff=0.000000e0 max_rel_err=0.000000e0 mean_abs_diff=0.000000e0 max_fail_abs_diff=0.000000e0 p999_abs_diff=0.000000e0
SWEEP_BITMATCH shape=40x24x72 compiled=CompiledDims { m: true, n: true, k: true } bit_match=true
SWEEP_ROW shape=40x24x72 compiled=CompiledDims { m: true, n: true, k: true } fail_count=0/960 max_abs_diff=0.000000e0 max_rel_err=0.000000e0 mean_abs_diff=0.000000e0 max_fail_abs_diff=0.000000e0 p999_abs_diff=0.000000e0
SWEEP_BITMATCH shape=65x136x40 compiled=CompiledDims { m: false, n: false, k: false } bit_match=true
SWEEP_ROW shape=65x136x40 compiled=CompiledDims { m: false, n: false, k: false } fail_count=0/8840 max_abs_diff=4.882812e-4 max_rel_err=9.606148e-4 mean_abs_diff=9.539440e-8 max_fail_abs_diff=0.000000e0 p999_abs_diff=0.000000e0
SWEEP_BITMATCH shape=65x136x40 compiled=CompiledDims { m: false, n: true, k: true } bit_match=true
SWEEP_ROW shape=65x136x40 compiled=CompiledDims { m: false, n: true, k: true } fail_count=0/8840 max_abs_diff=4.882812e-4 max_rel_err=9.606148e-4 mean_abs_diff=9.539440e-8 max_fail_abs_diff=0.000000e0 p999_abs_diff=0.000000e0
SWEEP_BITMATCH shape=65x136x40 compiled=CompiledDims { m: true, n: true, k: true } bit_match=true
SWEEP_ROW shape=65x136x40 compiled=CompiledDims { m: true, n: true, k: true } fail_count=0/8840 max_abs_diff=4.882812e-4 max_rel_err=9.606148e-4 mean_abs_diff=9.539440e-8 max_fail_abs_diff=0.000000e0 p999_abs_diff=0.000000e0
SWEEP_BITMATCH shape=63x120x24 compiled=CompiledDims { m: false, n: false, k: false } bit_match=true
SWEEP_ROW shape=63x120x24 compiled=CompiledDims { m: false, n: false, k: false } fail_count=0/7560 max_abs_diff=7.629395e-6 max_rel_err=6.218905e-4 mean_abs_diff=1.450695e-9 max_fail_abs_diff=0.000000e0 p999_abs_diff=0.000000e0
SWEEP_BITMATCH shape=63x120x24 compiled=CompiledDims { m: false, n: true, k: true } bit_match=true
SWEEP_ROW shape=63x120x24 compiled=CompiledDims { m: false, n: true, k: true } fail_count=0/7560 max_abs_diff=7.629395e-6 max_rel_err=6.218905e-4 mean_abs_diff=1.450695e-9 max_fail_abs_diff=0.000000e0 p999_abs_diff=0.000000e0
SWEEP_BITMATCH shape=63x120x24 compiled=CompiledDims { m: true, n: true, k: true } bit_match=true
SWEEP_ROW shape=63x120x24 compiled=CompiledDims { m: true, n: true, k: true } fail_count=0/7560 max_abs_diff=7.629395e-6 max_rel_err=6.218905e-4 mean_abs_diff=1.450695e-9 max_fail_abs_diff=0.000000e0 p999_abs_diff=0.000000e0
SWEEP_BITMATCH shape=200x264x104 compiled=CompiledDims { m: false, n: false, k: false } bit_match=true
SWEEP_ROW shape=200x264x104 compiled=CompiledDims { m: false, n: false, k: false } fail_count=0/52800 max_abs_diff=3.906250e-3 max_rel_err=8.695652e-3 mean_abs_diff=4.591386e-7 max_fail_abs_diff=0.000000e0 p999_abs_diff=2.384186e-7
SWEEP_BITMATCH shape=200x264x104 compiled=CompiledDims { m: false, n: true, k: true } bit_match=true
SWEEP_ROW shape=200x264x104 compiled=CompiledDims { m: false, n: true, k: true } fail_count=0/52800 max_abs_diff=3.906250e-3 max_rel_err=8.695652e-3 mean_abs_diff=4.591386e-7 max_fail_abs_diff=0.000000e0 p999_abs_diff=2.384186e-7
SWEEP_BITMATCH shape=200x264x104 compiled=CompiledDims { m: true, n: true, k: true } bit_match=true
SWEEP_ROW shape=200x264x104 compiled=CompiledDims { m: true, n: true, k: true } fail_count=0/52800 max_abs_diff=3.906250e-3 max_rel_err=8.695652e-3 mean_abs_diff=4.591386e-7 max_fail_abs_diff=0.000000e0 p999_abs_diff=2.384186e-7
SWEEP_BITMATCH shape=1x136x40 compiled=CompiledDims { m: false, n: false, k: false } bit_match=true
SWEEP_ROW shape=1x136x40 compiled=CompiledDims { m: false, n: false, k: false } fail_count=0/136 max_abs_diff=0.000000e0 max_rel_err=0.000000e0 mean_abs_diff=0.000000e0 max_fail_abs_diff=0.000000e0 p999_abs_diff=0.000000e0
SWEEP_BITMATCH shape=1x136x40 compiled=CompiledDims { m: false, n: true, k: true } bit_match=true
SWEEP_ROW shape=1x136x40 compiled=CompiledDims { m: false, n: true, k: true } fail_count=0/136 max_abs_diff=0.000000e0 max_rel_err=0.000000e0 mean_abs_diff=0.000000e0 max_fail_abs_diff=0.000000e0 p999_abs_diff=0.000000e0
SWEEP_BITMATCH shape=1x136x40 compiled=CompiledDims { m: true, n: true, k: true } bit_match=true
SWEEP_ROW shape=1x136x40 compiled=CompiledDims { m: true, n: true, k: true } fail_count=0/136 max_abs_diff=0.000000e0 max_rel_err=0.000000e0 mean_abs_diff=0.000000e0 max_fail_abs_diff=0.000000e0 p999_abs_diff=0.000000e0
SWEEP_BITMATCH shape=512x64x4096 compiled=CompiledDims { m: false, n: false, k: false } bit_match=true
SWEEP_BITMATCH shape=512x64x4096 compiled=CompiledDims { m: false, n: true, k: true } bit_match=true
SWEEP_BITMATCH shape=512x64x4096 compiled=CompiledDims { m: true, n: true, k: true } bit_match=true
SWEEP_SUMMARY bit_match=30/30 cpu_reference_pass=21 cpu_reference_fail=3
test specialized_mma_f16_sweep_1159_all_shapes_and_presets ... ok

test result: ok. 1 passed; 0 failed; 0 ignored; 0 measured; 0 filtered out; finished in 0.88s

     Running tests/specialized_mma_f16_triage.rs (<home>/work/target-fandhe-ai/release/deps/specialized_mma_f16_triage-f394b2a8cd75fee9)

running 2 tests
--- (256,512,1024) seed=4003 [FAIL repro] ---
  DYNAMIC_ALL vs default run_f16 bit-match: true
shape (256,512,1024) [default run_f16]: mismatches (up to 40) vs integer-exact CPU reference: []
shape (256,512,1024) [DYNAMIC_ALL specialized]: mismatches (up to 40) vs integer-exact CPU reference: []
shape (128,256,128) [default run_f16]: mismatches (up to 40) vs integer-exact CPU reference: []
shape (128,256,128) [DYNAMIC_ALL specialized]: mismatches (up to 40) vs integer-exact CPU reference: []
shape (200,264,104) [default run_f16]: mismatches (up to 40) vs integer-exact CPU reference: []
shape (200,264,104) [DYNAMIC_ALL specialized]: mismatches (up to 40) vs integer-exact CPU reference: []
test specialized_mma_f16_triage_exact_integer_inputs ... ok
  [(a) gpu vs cpu_ref(f16)] fail_count=30/131072 max_abs_diff=1.562e-2 max_fail_abs_diff=3.052e-5 max_rel_err=3.341e-2 mean_abs_diff=1.011e-5
  [(b) gpu vs f16(exact)] fail_count=25/131072 max_abs_diff=1.562e-2 max_fail_abs_diff=3.052e-5 max_rel_err=2.933e-2 mean_abs_diff=9.538e-6
  [(b') cpu_ref(f16) vs f16(exact)] fail_count=2/131072 max_abs_diff=1.562e-2 max_fail_abs_diff=1.621e-5 max_rel_err=2.159e-2 mean_abs_diff=3.930e-6
  [(p) gpu(->f32) vs exact(f32, pre-round)] fail_count=26/131072 max_abs_diff=1.558e-2 max_fail_abs_diff=2.330e-5 max_rel_err=2.906e-2 mean_abs_diff=1.497e-3
  [(p) cpu_ref(f32, pre-round) vs exact(f32, pre-round)] fail_count=2/131072 max_abs_diff=6.485e-5 max_fail_abs_diff=1.591e-5 max_rel_err=2.253e-2 mean_abs_diff=4.186e-6
  [(c, reference only) chunk16-model(f16) vs gpu] fail_count=23/131072 max_abs_diff=1.562e-2 max_fail_abs_diff=3.052e-5 max_rel_err=2.804e-2 mean_abs_diff=9.820e-6
TRIAGE_ROW test=specialized_mma_f16_matches_default_and_reference_across_shapes shape=256x512x1024 seed=4003 fail_count=30/131072 max_abs_diff=1.562500e-2 max_rel_err=3.341149e-2 mean_abs_diff=1.010961e-5
  [gpu vs cpu_ref, exact-referenced] cell (row=6, col=326): gpu=3.784180e-3 cpu_ref=3.770828e-3 exact=3.772417e-3 |gpu-exact|=1.176e-5 |cpu-exact|=1.589e-6 ulp(gpu,exact)=6
  [gpu vs cpu_ref, exact-referenced] cell (row=42, col=279): gpu=6.671906e-3 cpu_ref=6.683350e-3 exact=6.680895e-3 |gpu-exact|=8.989e-6 |cpu-exact|=2.455e-6 ulp(gpu,exact)=2
  [gpu vs cpu_ref, exact-referenced] cell (row=51, col=180): gpu=-4.108429e-3 cpu_ref=-4.119873e-3 exact=-4.113761e-3 |gpu-exact|=5.332e-6 |cpu-exact|=6.112e-6 ulp(gpu,exact)=1
  [gpu vs cpu_ref, exact-referenced] cell (row=51, col=309): gpu=-5.569458e-3 cpu_ref=-5.588531e-3 exact=-5.578046e-3 |gpu-exact|=8.588e-6 |cpu-exact|=1.049e-5 ulp(gpu,exact)=2
  [gpu vs cpu_ref, exact-referenced] cell (row=56, col=31): gpu=1.356506e-2 cpu_ref=1.358032e-2 exact=1.357251e-2 |gpu-exact|=7.445e-6 |cpu-exact|=7.813e-6 ulp(gpu,exact)=1
  [gpu vs cpu_ref, exact-referenced] cell (row=61, col=166): gpu=-7.266998e-3 cpu_ref=-7.247925e-3 exact=-7.250479e-3 |gpu-exact|=1.652e-5 |cpu-exact|=2.554e-6 ulp(gpu,exact)=4
  [gpu vs cpu_ref, exact-referenced] cell (row=65, col=488): gpu=8.826256e-4 cpu_ref=8.935928e-4 exact=8.916951e-4 |gpu-exact|=9.070e-6 |cpu-exact|=1.898e-6 ulp(gpu,exact)=19
  [gpu vs cpu_ref, exact-referenced] cell (row=72, col=82): gpu=-9.490967e-3 cpu_ref=-9.506226e-3 exact=-9.502884e-3 |gpu-exact|=1.192e-5 |cpu-exact|=3.342e-6 ulp(gpu,exact)=2
  [gpu vs cpu_ref, exact-referenced] cell (row=73, col=229): gpu=9.017944e-3 cpu_ref=9.033203e-3 exact=9.027942e-3 |gpu-exact|=9.998e-6 |cpu-exact|=5.261e-6 ulp(gpu,exact)=1
  [gpu vs cpu_ref, exact-referenced] cell (row=74, col=457): gpu=-1.152039e-2 cpu_ref=-1.150513e-2 exact=-1.151031e-2 |gpu-exact|=1.008e-5 |cpu-exact|=5.180e-6 ulp(gpu,exact)=1
  [gpu vs cpu_ref, exact-referenced] cell (row=90, col=155): gpu=-2.030945e-2 cpu_ref=-2.027893e-2 exact=-2.029003e-2 |gpu-exact|=1.942e-5 |cpu-exact|=1.110e-5 ulp(gpu,exact)=1
  [gpu vs cpu_ref, exact-referenced] cell (row=103, col=140): gpu=-1.330566e-2 cpu_ref=-1.332092e-2 exact=-1.331854e-2 |gpu-exact|=1.288e-5 |cpu-exact|=2.379e-6 ulp(gpu,exact)=2
  [gpu vs cpu_ref, exact-referenced] cell (row=104, col=22): gpu=3.471375e-4 cpu_ref=3.583431e-4 exact=3.575261e-4 |gpu-exact|=1.039e-5 |cpu-exact|=8.170e-7 ulp(gpu,exact)=44
  [gpu vs cpu_ref, exact-referenced] cell (row=113, col=152): gpu=3.227234e-3 cpu_ref=3.248215e-3 exact=3.242015e-3 |gpu-exact|=1.478e-5 |cpu-exact|=6.200e-6 ulp(gpu,exact)=8
  [gpu vs cpu_ref, exact-referenced] cell (row=120, col=113): gpu=2.111816e-2 cpu_ref=2.108765e-2 exact=2.109803e-2 |gpu-exact|=2.013e-5 |cpu-exact|=1.039e-5 ulp(gpu,exact)=1
  [gpu vs cpu_ref, exact-referenced] cell (row=146, col=422): gpu=-8.041382e-3 cpu_ref=-8.018494e-3 exact=-8.026228e-3 |gpu-exact|=1.515e-5 |cpu-exact|=7.734e-6 ulp(gpu,exact)=2
  [gpu vs cpu_ref, exact-referenced] cell (row=155, col=120): gpu=7.186890e-3 cpu_ref=7.175446e-3 exact=7.176888e-3 |gpu-exact|=1.000e-5 |cpu-exact|=1.442e-6 ulp(gpu,exact)=3
  [gpu vs cpu_ref, exact-referenced] cell (row=157, col=356): gpu=1.085663e-2 cpu_ref=1.087189e-2 exact=1.087089e-2 |gpu-exact|=1.426e-5 |cpu-exact|=1.002e-6 ulp(gpu,exact)=2
  [gpu vs cpu_ref, exact-referenced] cell (row=164, col=210): gpu=5.496979e-3 cpu_ref=5.508423e-3 exact=5.508188e-3 |gpu-exact|=1.121e-5 |cpu-exact|=2.351e-7 ulp(gpu,exact)=3
  [gpu vs cpu_ref, exact-referenced] cell (row=171, col=60): gpu=-7.564545e-3 cpu_ref=-7.579803e-3 exact=-7.571856e-3 |gpu-exact|=7.312e-6 |cpu-exact|=7.947e-6 ulp(gpu,exact)=2
  [gpu vs cpu_ref, exact-referenced] cell (row=175, col=225): gpu=-1.123047e-2 cpu_ref=-1.121521e-2 exact=-1.122336e-2 |gpu-exact|=7.114e-6 |cpu-exact|=8.145e-6 ulp(gpu,exact)=1
  [gpu vs cpu_ref, exact-referenced] cell (row=178, col=101): gpu=-7.057190e-3 cpu_ref=-7.041931e-3 exact=-7.044395e-3 |gpu-exact|=1.280e-5 |cpu-exact|=2.463e-6 ulp(gpu,exact)=3
  [gpu vs cpu_ref, exact-referenced] cell (row=181, col=71): gpu=1.107788e-2 cpu_ref=1.109314e-2 exact=1.109344e-2 |gpu-exact|=1.556e-5 |cpu-exact|=2.992e-7 ulp(gpu,exact)=2
  [gpu vs cpu_ref, exact-referenced] cell (row=196, col=397): gpu=-4.158020e-3 cpu_ref=-4.169464e-3 exact=-4.170481e-3 |gpu-exact|=1.246e-5 |cpu-exact|=1.017e-6 ulp(gpu,exact)=3
  [gpu vs cpu_ref, exact-referenced] cell (row=199, col=132): gpu=3.839493e-3 cpu_ref=3.826141e-3 exact=3.827518e-3 |gpu-exact|=1.197e-5 |cpu-exact|=1.377e-6 ulp(gpu,exact)=6
  [gpu vs cpu_ref, exact-referenced] cell (row=199, col=165): gpu=1.895142e-2 cpu_ref=1.892090e-2 exact=1.892811e-2 |gpu-exact|=2.330e-5 |cpu-exact|=7.215e-6 ulp(gpu,exact)=2
  [gpu vs cpu_ref, exact-referenced] cell (row=207, col=459): gpu=1.846313e-2 cpu_ref=1.843262e-2 exact=1.844170e-2 |gpu-exact|=2.144e-5 |cpu-exact|=9.079e-6 ulp(gpu,exact)=1
  [gpu vs cpu_ref, exact-referenced] cell (row=222, col=366): gpu=-1.316071e-2 cpu_ref=-1.314545e-2 exact=-1.315110e-2 |gpu-exact|=9.609e-6 |cpu-exact|=5.650e-6 ulp(gpu,exact)=1
  [gpu vs cpu_ref, exact-referenced] cell (row=226, col=408): gpu=-5.462646e-3 cpu_ref=-5.481720e-3 exact=-5.475829e-3 |gpu-exact|=1.318e-5 |cpu-exact|=5.890e-6 ulp(gpu,exact)=3
  [gpu vs cpu_ref, exact-referenced] cell (row=241, col=365): gpu=-1.136017e-2 cpu_ref=-1.137543e-2 exact=-1.136832e-2 |gpu-exact|=8.147e-6 |cpu-exact|=7.111e-6 ulp(gpu,exact)=1
  [gpu vs cpu_ref, exact-referenced] fail_count=30 small_exact(|exact|<1e-2)=18 gpu_err<=2x_cpu_err_or_tiny=30 ulp<=1=10
  [gpu vs cpu_ref, exact-referenced] row%16 histogram: [0, 3, 3, 2, 2, 1, 1, 3, 4, 1, 3, 2, 0, 2, 1, 2]
  [gpu vs cpu_ref, exact-referenced] col%8  histogram: [4, 3, 2, 2, 5, 6, 5, 3]
  [gpu vs cpu_ref, exact-referenced] row%BM(64) histogram: [0, 1, 0, 0, 1, 0, 1, 2, 1, 1, 1, 0, 0, 0, 0, 1, 0, 0, 1, 0, 0, 0, 0, 0, 0, 0, 1, 1, 0, 1, 1, 0, 0, 0, 1, 0, 1, 0, 0, 1, 1, 0, 1, 1, 0, 0, 0, 1, 0, 2, 1, 2, 0, 1, 0, 0, 2, 0, 0, 0, 0, 1, 0, 0]
  [gpu vs cpu_ref, exact-referenced] col%BN(128) histogram: [0, 0, 0, 0, 1, 0, 0, 0, 0, 0, 0, 0, 1, 1, 0, 0, 0, 0, 0, 0, 0, 0, 1, 1, 2, 0, 0, 1, 0, 0, 0, 1, 0, 0, 0, 0, 0, 1, 2, 0, 0, 0, 0, 0, 0, 0, 0, 0, 0, 0, 0, 0, 1, 1, 0, 0, 0, 0, 0, 0, 1, 0, 0, 0, 0, 0, 0, 0, 0, 0, 1, 1, 0, 1, 0, 1, 0, 0, 0, 0, 0, 0, 2, 0, 0, 0, 0, 0, 0, 0, 0, 0, 0, 0, 0, 0, 0, 1, 0, 0, 1, 2, 0, 0, 1, 0, 0, 0, 0, 1, 1, 0, 0, 1, 0, 0, 0, 0, 0, 0, 1, 0, 0, 0, 0, 0, 0, 0]
--- (256,512,1024) seed=7101 ---
  DYNAMIC_ALL vs default run_f16 bit-match: true
  [(a) gpu vs cpu_ref(f16)] fail_count=20/131072 max_abs_diff=1.562e-2 max_fail_abs_diff=3.052e-5 max_rel_err=7.104e-2 mean_abs_diff=1.152e-5
  [(b) gpu vs f16(exact)] fail_count=13/131072 max_abs_diff=3.125e-2 max_fail_abs_diff=2.122e-5 max_rel_err=6.873e-2 mean_abs_diff=1.132e-5
  [(b') cpu_ref(f16) vs f16(exact)] fail_count=2/131072 max_abs_diff=3.125e-2 max_fail_abs_diff=1.526e-5 max_rel_err=1.173e-2 mean_abs_diff=5.135e-6
  [(p) gpu(->f32) vs exact(f32, pre-round)] fail_count=13/131072 max_abs_diff=1.564e-2 max_fail_abs_diff=2.125e-5 max_rel_err=6.881e-2 mean_abs_diff=1.501e-3
  [(p) cpu_ref(f32, pre-round) vs exact(f32, pre-round)] fail_count=1/131072 max_abs_diff=6.104e-5 max_fail_abs_diff=1.146e-5 max_rel_err=1.124e-2 mean_abs_diff=4.233e-6
  [(c, reference only) chunk16-model(f16) vs gpu] fail_count=14/131072 max_abs_diff=3.125e-2 max_fail_abs_diff=2.074e-5 max_rel_err=6.718e-2 mean_abs_diff=1.121e-5
TRIAGE_ROW test=specialized_mma_f16_triage_dump shape=256x512x1024 seed=7101 fail_count=20/131072 max_abs_diff=1.562500e-2 max_rel_err=7.104247e-2 mean_abs_diff=1.151802e-5
--- (256,512,1024) seed=7102 ---
  DYNAMIC_ALL vs default run_f16 bit-match: true
  [(a) gpu vs cpu_ref(f16)] fail_count=20/131072 max_abs_diff=1.562e-2 max_fail_abs_diff=3.052e-5 max_rel_err=4.326e-1 mean_abs_diff=1.153e-5
  [(b) gpu vs f16(exact)] fail_count=14/131072 max_abs_diff=1.562e-2 max_fail_abs_diff=2.289e-5 max_rel_err=4.831e-1 mean_abs_diff=1.133e-5
  [(b') cpu_ref(f16) vs f16(exact)] fail_count=3/131072 max_abs_diff=1.562e-2 max_fail_abs_diff=1.526e-5 max_rel_err=8.911e-2 mean_abs_diff=4.734e-6
  [(p) gpu(->f32) vs exact(f32, pre-round)] fail_count=12/131072 max_abs_diff=1.559e-2 max_fail_abs_diff=2.046e-5 max_rel_err=4.844e-1 mean_abs_diff=1.497e-3
  [(p) cpu_ref(f32, pre-round) vs exact(f32, pre-round)] fail_count=1/131072 max_abs_diff=5.341e-5 max_fail_abs_diff=1.483e-5 max_rel_err=9.123e-2 mean_abs_diff=4.212e-6
  [(c, reference only) chunk16-model(f16) vs gpu] fail_count=13/131072 max_abs_diff=1.562e-2 max_fail_abs_diff=2.289e-5 max_rel_err=3.315e-1 mean_abs_diff=1.112e-5
TRIAGE_ROW test=specialized_mma_f16_triage_dump shape=256x512x1024 seed=7102 fail_count=20/131072 max_abs_diff=1.562500e-2 max_rel_err=4.325843e-1 mean_abs_diff=1.152561e-5
--- (256,512,1024) seed=7103 ---
  DYNAMIC_ALL vs default run_f16 bit-match: true
  [(a) gpu vs cpu_ref(f16)] fail_count=15/131072 max_abs_diff=1.562e-2 max_fail_abs_diff=1.621e-5 max_rel_err=4.913e-2 mean_abs_diff=1.015e-5
  [(b) gpu vs f16(exact)] fail_count=9/131072 max_abs_diff=1.562e-2 max_fail_abs_diff=3.052e-5 max_rel_err=2.717e-2 mean_abs_diff=1.014e-5
  [(b') cpu_ref(f16) vs f16(exact)] fail_count=0/131072 max_abs_diff=1.562e-2 max_fail_abs_diff=0.000e0 max_rel_err=2.258e-2 mean_abs_diff=3.615e-6
  [(p) gpu(->f32) vs exact(f32, pre-round)] fail_count=10/131072 max_abs_diff=1.537e-2 max_fail_abs_diff=2.777e-5 max_rel_err=2.728e-2 mean_abs_diff=1.500e-3
  [(p) cpu_ref(f32, pre-round) vs exact(f32, pre-round)] fail_count=0/131072 max_abs_diff=5.722e-5 max_fail_abs_diff=0.000e0 max_rel_err=2.246e-2 mean_abs_diff=4.211e-6
  [(c, reference only) chunk16-model(f16) vs gpu] fail_count=10/131072 max_abs_diff=1.562e-2 max_fail_abs_diff=3.052e-5 max_rel_err=2.308e-2 mean_abs_diff=1.029e-5
TRIAGE_ROW test=specialized_mma_f16_triage_dump shape=256x512x1024 seed=7103 fail_count=15/131072 max_abs_diff=1.562500e-2 max_rel_err=4.913295e-2 mean_abs_diff=1.014821e-5
--- (128,256,128) seed=4002 [control, known pass] ---
  DYNAMIC_ALL vs default run_f16 bit-match: true
  [(a) gpu vs cpu_ref(f16)] fail_count=0/32768 max_abs_diff=7.812e-3 max_fail_abs_diff=0.000e0 max_rel_err=5.938e-3 mean_abs_diff=1.123e-6
  [(b) gpu vs f16(exact)] fail_count=0/32768 max_abs_diff=7.812e-3 max_fail_abs_diff=0.000e0 max_rel_err=7.117e-3 mean_abs_diff=9.210e-7
  [(b') cpu_ref(f16) vs f16(exact)] fail_count=0/32768 max_abs_diff=1.953e-3 max_fail_abs_diff=0.000e0 max_rel_err=2.005e-3 mean_abs_diff=2.883e-7
  [(p) gpu(->f32) vs exact(f32, pre-round)] fail_count=0/32768 max_abs_diff=3.908e-3 max_fail_abs_diff=0.000e0 max_rel_err=6.823e-3 mean_abs_diff=5.319e-4
  [(p) cpu_ref(f32, pre-round) vs exact(f32, pre-round)] fail_count=0/32768 max_abs_diff=6.676e-6 max_fail_abs_diff=0.000e0 max_rel_err=2.035e-3 mean_abs_diff=4.927e-7
  [(c, reference only) chunk16-model(f16) vs gpu] fail_count=0/32768 max_abs_diff=7.812e-3 max_fail_abs_diff=0.000e0 max_rel_err=3.571e-3 mean_abs_diff=1.016e-6
TRIAGE_ROW test=specialized_mma_f16_triage_dump shape=128x256x128 seed=4002 fail_count=0/32768 max_abs_diff=7.812500e-3 max_rel_err=5.938242e-3 mean_abs_diff=1.123381e-6
test specialized_mma_f16_triage_dump ... ok

test result: ok. 2 passed; 0 failed; 0 ignored; 0 measured; 6 filtered out; finished in 1.42s

     Running tests/specialized_mma_parity.rs (<home>/work/target-fandhe-ai/release/deps/specialized_mma_parity-2eeb9408a4ef4ac2)

running 5 tests
test specialized_mma_f16_handles_k_zero_noop_with_misaligned_n ... ok
test specialized_mma_f16_static_mnk_rejects_mismatched_launch_shape ... ok
test specialized_mma_f16_static_nk_reuses_across_dynamic_m ... ok
test specialized_mma_kernel_handle_compile_reuses_process_local_module_cache ... ok
test specialized_mma_f16_matches_default_and_reference_across_shapes ... ok

test result: ok. 5 passed; 0 failed; 0 ignored; 0 measured; 2 filtered out; finished in 0.99s

     Running tests/splitk_reorder_error_host_model.rs (<home>/work/target-fandhe-ai/release/deps/splitk_reorder_error_host_model-52017f94a3435b28)

running 0 tests

test result: ok. 0 passed; 0 failed; 0 ignored; 0 measured; 2 filtered out; finished in 0.00s

     Running tests/tensor_core_real_device.rs (<home>/work/target-fandhe-ai/release/deps/tensor_core_real_device-7bab8bffabe22efe)

running 2 tests
environment: name="NVIDIA GB10" compute_capability=(12, 1) arch="compute_121"

thread 'tensor_core_parity_record' (3625056) panicked at crates/backend-cuda/tests/tensor_core_real_device.rs:462:5:
tensor_core_parity_record tf32 512x512x512: 複合判定 FAIL（fail_count=42493/262144, max_abs_diff=9.045e-3, max_rel_err=1.877e0, mean_abs_diff=1.574e-3, mean_rel_err=1.489e-3, p50_abs_diff=1.333e-3, p99_abs_diff=5.094e-3, p999_abs_diff=6.503e-3）
note: run with `RUST_BACKTRACE=1` environment variable to display a backtrace
test tensor_core_parity_record ... FAILED
tflops_record_kernel_only path=tiled_f32 tflops=13.073 report={"schema_version":"1","name":"gemm_tiled_f32_kernel_only_4096","backend":"cuda","warmup":20,"iters":20,"median_secs":0.010513584,"q1_secs":0.010506272,"q3_secs":0.010526544,"samples_secs":[0.010517231,0.010511296,0.01050096,0.010509551,0.010500064,0.010526544,0.010534783,0.010506272,0.010509056,0.010523151,0.010513584,0.01054408,0.010498928,0.010532367,0.010516976,0.0104936,0.010502847,0.010507232,0.010528992,0.010540287]}
tflops_record_kernel_only path=wmma_tf32_staged tflops=14.052 report={"schema_version":"1","name":"gemm_wmma_tf32_staged_kernel_only_4096","backend":"cuda","warmup":20,"iters":20,"median_secs":0.009780863,"q1_secs":0.009774014,"q3_secs":0.009791855,"samples_secs":[0.009795342,0.010279744,0.009749182,0.009791231,0.009791855,0.009773678,0.009780863,0.009770062,0.009799855,0.009778975,0.009772334,0.009783535,0.009774126,0.009774751,0.009774014,0.009777311,0.009766319,0.00984227,0.01038888,0.00978531]}
tflops_record_kernel_only path=wmma_f16_opt(reference_only) tflops=4.390 report={"schema_version":"1","name":"gemm_wmma_f16_opt_kernel_only_4096","backend":"cuda","warmup":20,"iters":20,"median_secs":0.031310591,"q1_secs":0.031306974,"q3_secs":0.031321071,"samples_secs":[0.031305551,0.031308095,0.031291151,0.03130731,0.031306015,0.03189944,0.031306527,0.031306974,0.031312159,0.031321823,0.031313791,0.031452607,0.032148064,0.03130587,0.031310591,0.031317279,0.031308383,0.031321134,0.031321071,0.031310191]}
tflops_record_kernel_only path=mma_sync_f16(production) tflops=54.724 report={"schema_version":"1","name":"gemm_mma_f16_kernel_only_4096","backend":"cuda","warmup":20,"iters":20,"median_secs":0.002511476,"q1_secs":0.002506019,"q3_secs":0.002583492,"samples_secs":[0.002506019,0.002500628,0.002502436,0.002583492,0.003230244,0.002683828,0.002503956,0.002513428,0.00250762,0.002511027,0.002513444,0.003064229,0.002888356,0.002503876,0.002500724,0.002508707,0.002512132,0.002511476,0.00251114,0.003274965]}
test tensor_core_tflops_record ... ok

failures:

failures:
    tensor_core_parity_record

test result: FAILED. 1 passed; 1 failed; 0 ignored; 0 measured; 0 filtered out; finished in 3.18s

error: test failed, to rerun pass `-p fandhe-ai-backend-cuda --test tensor_core_real_device`
     Running tests/tma_probe_real_device.rs (<home>/work/target-fandhe-ai/release/deps/tma_probe_real_device-833e830dfe5947e1)

running 3 tests
environment: name="NVIDIA GB10" compute_capability=(12, 1) arch="compute_121"
tma_compile_probe variant=cluster arch=compute_121 result=success (selected for execution probe)
tma_compile_probe variant=cluster arch=compute_121 result=success
tma_compile_probe variant=cluster arch=compute_121a result=success
tma_compile_probe variant=cluster arch=compute_121f result=success
tma_compile_probe variant=cta arch=compute_121 result=success
tma_compile_probe variant=cta arch=compute_121a result=success
tma_compile_probe variant=cta arch=compute_121f result=success
test tma_nvrtc_compile_probe ... ok
tma_compile_probe variant=cta arch=compute_121 result=success (selected for execution probe)
tma_execution_probe variant=cluster arch=compute_121 result=success tile=16x16 global=64x64 bitwise_match=true
test tma_execution_probe ... ok
tma_execution_probe_cta variant=cta arch=compute_121 result=success tile=16x16 global=64x64 bitwise_match=true
test tma_execution_probe_cta ... ok

test result: ok. 3 passed; 0 failed; 0 ignored; 0 measured; 0 filtered out; finished in 0.43s

     Running tests/transpose_parity.rs (<home>/work/target-fandhe-ai/release/deps/transpose_parity-1cbeb7fd4f9acdfe)

running 4 tests
test transpose_f32_all_variants_bit_exact_match_cpu_reference ... ok
test launch_tiled_transposed_f32_zero_clears_stale_buffer_when_k_is_zero ... ok
test transpose_f16_all_variants_bit_exact_match_cpu_reference ... ok
test tiled_transposed_f32_matches_host_transposed_tiled_and_cpu_reference ... ok

test result: ok. 4 passed; 0 failed; 0 ignored; 0 measured; 1 filtered out; finished in 0.74s

     Running tests/typed_ops_bf16_parity.rs (<home>/work/target-fandhe-ai/release/deps/typed_ops_bf16_parity-796e40a71a1fe186)

running 1 test
test typed_ops_bf16_matches_across_shapes ... ok

test result: ok. 1 passed; 0 failed; 0 ignored; 0 measured; 2 filtered out; finished in 0.53s

     Running tests/typed_ops_f16_parity.rs (<home>/work/target-fandhe-ai/release/deps/typed_ops_f16_parity-d3bb48d839e5edaf)

running 3 tests
test typed_f16_elementwise_and_reduction_match_cpu_backend_ops_rounded ... ok
test typed_f16_gemm_matches_cpu_reference_rounded ... ok
test typed_f16_gemm_is_bit_identical_to_cuda_gemm_auto_run_f16 ... ok

test result: ok. 3 passed; 0 failed; 0 ignored; 0 measured; 2 filtered out; finished in 0.96s

     Running tests/typed_ops_f64_contract.rs (<home>/work/target-fandhe-ai/release/deps/typed_ops_f64_contract-78f4670e4a7e49f0)

running 0 tests

test result: ok. 0 passed; 0 failed; 0 ignored; 0 measured; 3 filtered out; finished in 0.00s

     Running tests/unique_parity.rs (<home>/work/target-fandhe-ai/release/deps/unique_parity-70a8d08bf1d6588b)

running 1 test
test unique_matches_cpu_across_sizes ... ok

test result: ok. 1 passed; 0 failed; 0 ignored; 0 measured; 1 filtered out; finished in 0.24s

     Running tests/where_masked_fill_parity.rs (<home>/work/target-fandhe-ai/release/deps/where_masked_fill_parity-6ec7f1f8f13a057e)

running 1 test
test where_masked_fill_matches_cpu_across_shapes ... ok

test result: ok. 1 passed; 0 failed; 0 ignored; 0 measured; 1 filtered out; finished in 0.27s

     Running tests/wmma_f16_opt_perf_triage.rs (<home>/work/target-fandhe-ai/release/deps/wmma_f16_opt_perf_triage-04c3a8cf4b92525a)

running 1 test
environment: name="NVIDIA GB10" compute_capability=(12, 1) arch="compute_121"
path,dim,kernel_only_ms,kernel_tflops,run_f16_ms,transfer_only_ms_1,transfer_only_ms_2,transfer_only_ms_3
wmma_f16_opt,512,0.0656,4.089,0.1154,0.0565,0.0567,0.0566
wmma_f16_basic,512,0.0454,5.916,n/a,n/a,n/a,n/a
mma_sync_f16,512,0.0161,16.677,0.0754,0.0565,0.0567,0.0566
wmma_f16_opt,768,0.0986,9.186,0.1814,0.0874,0.0889,0.0897
wmma_f16_basic,768,0.1235,7.335,n/a,n/a,n/a,n/a
mma_sync_f16,768,0.0300,30.231,0.1305,0.0874,0.0889,0.0897
wmma_f16_opt,1024,0.2422,8.866,0.3829,0.1363,0.1361,0.1361
wmma_f16_basic,1024,0.2763,7.773,n/a,n/a,n/a,n/a
mma_sync_f16,1024,0.0561,38.282,0.1970,0.1363,0.1361,0.1361
wmma_f16_opt,1536,0.7433,9.751,1.6006,0.2750,0.2681,0.2685
wmma_f16_basic,1536,0.8685,8.345,n/a,n/a,n/a,n/a
mma_sync_f16,1536,0.1466,49.447,0.4244,0.2750,0.2681,0.2685
wmma_f16_opt,2048,2.5585,6.715,3.7836,0.4557,0.4531,0.4539
wmma_f16_basic,2048,2.3625,7.272,n/a,n/a,n/a,n/a
mma_sync_f16,2048,0.3309,51.914,0.8160,0.4557,0.4531,0.4539
wmma_f16_opt,4096,31.3389,4.386,35.8454,258.8558,258.4060,258.9231
wmma_f16_basic,4096,26.9443,5.101,n/a,n/a,n/a,n/a
mma_sync_f16,4096,2.7327,50.295,9.9227,258.8558,258.4060,258.9231
test wmma_f16_opt_perf_triage_record ... ok

test result: ok. 1 passed; 0 failed; 0 ignored; 0 measured; 0 filtered out; finished in 35.23s

     Running unittests examples/cuda_floor_bench.rs (<home>/work/target-fandhe-ai/release/examples/cuda_floor_bench-bdaa9bcf1bfe19eb)

running 0 tests

test result: ok. 0 passed; 0 failed; 0 ignored; 0 measured; 14 filtered out; finished in 0.00s

     Running unittests examples/device_attributes_dump.rs (<home>/work/target-fandhe-ai/release/examples/device_attributes_dump-75768b8b61aab2b7)

running 0 tests

test result: ok. 0 passed; 0 failed; 0 ignored; 0 measured; 6 filtered out; finished in 0.00s

     Running unittests examples/gemm_tf32x3_kernel_time_bench.rs (<home>/work/target-fandhe-ai/release/examples/gemm_tf32x3_kernel_time_bench-56acd6486d2396ec)

running 0 tests

test result: ok. 0 passed; 0 failed; 0 ignored; 0 measured; 3 filtered out; finished in 0.00s

     Running unittests examples/wmma_tolerance_probe.rs (<home>/work/target-fandhe-ai/release/examples/wmma_tolerance_probe-c58a5be92ceb2277)

running 0 tests

test result: ok. 0 passed; 0 failed; 0 ignored; 0 measured; 49 filtered out; finished in 0.00s

   Doc-tests fandhe_ai_backend_cuda

running 0 tests

test result: ok. 0 passed; 0 failed; 0 ignored; 0 measured; 0 filtered out; finished in 0.00s

error: 9 targets failed:
    `-p fandhe-ai-backend-cuda --lib`
    `-p fandhe-ai-backend-cuda --test cpu_cuda_mma_parity`
    `-p fandhe-ai-backend-cuda --test cpu_cuda_wmma_parity`
    `-p fandhe-ai-backend-cuda --test gemm_mma_tf32x3`
    `-p fandhe-ai-backend-cuda --test gemm_tf32_optin`
    `-p fandhe-ai-backend-cuda --test gemm_wmma_f16_opt`
    `-p fandhe-ai-backend-cuda --test gemm_wmma_tf32_staged`
    `-p fandhe-ai-backend-cuda --test managed_placement_real_device`
    `-p fandhe-ai-backend-cuda --test tensor_core_real_device`
