== RAYON_NUM_THREADS=8 run=1 taskset=none ==
oss-gemm-compare: commit=unknown hw=linux/aarch64 (20 logical cores) rayon_threads=8
::warning::size=1024 出力不一致（matrixmultiply）: matrixmultiply: index=5119 reference=-0.0021471737 candidate=-0.0021572113 abs_diff=0.000010037562 rel_diff=0.004653027
{"date":"2026-09-07","commit":"unknown","hw":"linux/aarch64 (20 logical cores)","boundary":"device_resident","impl":"self_gemm_blis_parallel","lib_version":"0.1.0","impl_threads":8,"size":1024,"warmup":20,"iters":20,"tflops_median":0.5997,"tflops_q1":0.5626,"tflops_q3":0.6431,"output_match":true,"mismatch_detail":null}
{"date":"2026-09-07","commit":"unknown","hw":"linux/aarch64 (20 logical cores)","boundary":"device_resident","impl":"matrixmultiply","lib_version":"0.3.11","impl_threads":1,"size":1024,"warmup":20,"iters":20,"tflops_median":0.1320,"tflops_q1":0.1320,"tflops_q3":0.1321,"output_match":false,"mismatch_detail":"matrixmultiply: index=5119 reference=-0.0021471737 candidate=-0.0021572113 abs_diff=0.000010037562 rel_diff=0.004653027"}
{"date":"2026-09-07","commit":"unknown","hw":"linux/aarch64 (20 logical cores)","boundary":"device_resident","impl":"gemm","lib_version":"0.19.0","impl_threads":8,"size":1024,"warmup":20,"iters":20,"tflops_median":0.7582,"tflops_q1":0.6643,"tflops_q3":0.8410,"output_match":true,"mismatch_detail":null}
::warning::size=2048 出力不一致（matrixmultiply）: matrixmultiply: index=1988 reference=-0.0072821276 candidate=-0.00727129 abs_diff=0.000010837801 rel_diff=0.001488274
::warning::size=2048 出力不一致（gemm crate）: gemm: index=7264 reference=-0.004956358 candidate=-0.0049700737 abs_diff=0.000013715588 rel_diff=0.0027596347
{"date":"2026-09-07","commit":"unknown","hw":"linux/aarch64 (20 logical cores)","boundary":"device_resident","impl":"self_gemm_blis_parallel","lib_version":"0.1.0","impl_threads":8,"size":2048,"warmup":20,"iters":20,"tflops_median":0.9144,"tflops_q1":0.9090,"tflops_q3":0.9182,"output_match":true,"mismatch_detail":null}
{"date":"2026-09-07","commit":"unknown","hw":"linux/aarch64 (20 logical cores)","boundary":"device_resident","impl":"matrixmultiply","lib_version":"0.3.11","impl_threads":1,"size":2048,"warmup":20,"iters":20,"tflops_median":0.1261,"tflops_q1":0.1260,"tflops_q3":0.1261,"output_match":false,"mismatch_detail":"matrixmultiply: index=1988 reference=-0.0072821276 candidate=-0.00727129 abs_diff=0.000010837801 rel_diff=0.001488274"}
{"date":"2026-09-07","commit":"unknown","hw":"linux/aarch64 (20 logical cores)","boundary":"device_resident","impl":"gemm","lib_version":"0.19.0","impl_threads":8,"size":2048,"warmup":20,"iters":20,"tflops_median":0.8376,"tflops_q1":0.7945,"tflops_q3":0.8792,"output_match":false,"mismatch_detail":"gemm: index=7264 reference=-0.004956358 candidate=-0.0049700737 abs_diff=0.000013715588 rel_diff=0.0027596347"}
::warning::size=4096 出力不一致（matrixmultiply）: matrixmultiply: index=117 reference=0.012689356 candidate=0.012704611 abs_diff=0.000015255064 rel_diff=0.0012007502
::warning::size=4096 出力不一致（gemm crate）: gemm: index=117 reference=0.012689356 candidate=0.01272583 abs_diff=0.000036474317 rel_diff=0.002866164
{"date":"2026-09-07","commit":"unknown","hw":"linux/aarch64 (20 logical cores)","boundary":"device_resident","impl":"self_gemm_blis_parallel","lib_version":"0.1.0","impl_threads":8,"size":4096,"warmup":20,"iters":20,"tflops_median":0.9401,"tflops_q1":0.9377,"tflops_q3":0.9428,"output_match":true,"mismatch_detail":null}
{"date":"2026-09-07","commit":"unknown","hw":"linux/aarch64 (20 logical cores)","boundary":"device_resident","impl":"matrixmultiply","lib_version":"0.3.11","impl_threads":1,"size":4096,"warmup":20,"iters":20,"tflops_median":0.1251,"tflops_q1":0.1250,"tflops_q3":0.1251,"output_match":false,"mismatch_detail":"matrixmultiply: index=117 reference=0.012689356 candidate=0.012704611 abs_diff=0.000015255064 rel_diff=0.0012007502"}
{"date":"2026-09-07","commit":"unknown","hw":"linux/aarch64 (20 logical cores)","boundary":"device_resident","impl":"gemm","lib_version":"0.19.0","impl_threads":8,"size":4096,"warmup":20,"iters":20,"tflops_median":0.8366,"tflops_q1":0.8273,"tflops_q3":0.8529,"output_match":false,"mismatch_detail":"gemm: index=117 reference=0.012689356 candidate=0.01272583 abs_diff=0.000036474317 rel_diff=0.002866164"}
::error::出力突合 NG（統一複合判定: 相対誤差 1e-3 未満 または 絶対誤差 1e-5 未満）を検出した。各 JSON Lines レコードの output_match / mismatch_detail を参照。既知の限界は docs/oss-comparison-harness-decision.md「出力突合とその限界」節を参照。
== RAYON_NUM_THREADS=8 run=1 rc=1 ==
== RAYON_NUM_THREADS=8 run=2 taskset=none ==
oss-gemm-compare: commit=unknown hw=linux/aarch64 (20 logical cores) rayon_threads=8
::warning::size=1024 出力不一致（matrixmultiply）: matrixmultiply: index=5119 reference=-0.0021471737 candidate=-0.0021572113 abs_diff=0.000010037562 rel_diff=0.004653027
{"date":"2026-09-07","commit":"unknown","hw":"linux/aarch64 (20 logical cores)","boundary":"device_resident","impl":"self_gemm_blis_parallel","lib_version":"0.1.0","impl_threads":8,"size":1024,"warmup":20,"iters":20,"tflops_median":0.2918,"tflops_q1":0.2858,"tflops_q3":0.2962,"output_match":true,"mismatch_detail":null}
{"date":"2026-09-07","commit":"unknown","hw":"linux/aarch64 (20 logical cores)","boundary":"device_resident","impl":"matrixmultiply","lib_version":"0.3.11","impl_threads":1,"size":1024,"warmup":20,"iters":20,"tflops_median":0.1251,"tflops_q1":0.1239,"tflops_q3":0.1259,"output_match":false,"mismatch_detail":"matrixmultiply: index=5119 reference=-0.0021471737 candidate=-0.0021572113 abs_diff=0.000010037562 rel_diff=0.004653027"}
{"date":"2026-09-07","commit":"unknown","hw":"linux/aarch64 (20 logical cores)","boundary":"device_resident","impl":"gemm","lib_version":"0.19.0","impl_threads":8,"size":1024,"warmup":20,"iters":20,"tflops_median":0.6003,"tflops_q1":0.3135,"tflops_q3":0.6198,"output_match":true,"mismatch_detail":null}
::warning::size=2048 出力不一致（matrixmultiply）: matrixmultiply: index=1988 reference=-0.0072821276 candidate=-0.00727129 abs_diff=0.000010837801 rel_diff=0.001488274
::warning::size=2048 出力不一致（gemm crate）: gemm: index=7264 reference=-0.004956358 candidate=-0.0049700737 abs_diff=0.000013715588 rel_diff=0.0027596347
{"date":"2026-09-07","commit":"unknown","hw":"linux/aarch64 (20 logical cores)","boundary":"device_resident","impl":"self_gemm_blis_parallel","lib_version":"0.1.0","impl_threads":8,"size":2048,"warmup":20,"iters":20,"tflops_median":0.9010,"tflops_q1":0.8776,"tflops_q3":0.9050,"output_match":true,"mismatch_detail":null}
{"date":"2026-09-07","commit":"unknown","hw":"linux/aarch64 (20 logical cores)","boundary":"device_resident","impl":"matrixmultiply","lib_version":"0.3.11","impl_threads":1,"size":2048,"warmup":20,"iters":20,"tflops_median":0.1285,"tflops_q1":0.1284,"tflops_q3":0.1285,"output_match":false,"mismatch_detail":"matrixmultiply: index=1988 reference=-0.0072821276 candidate=-0.00727129 abs_diff=0.000010837801 rel_diff=0.001488274"}
{"date":"2026-09-07","commit":"unknown","hw":"linux/aarch64 (20 logical cores)","boundary":"device_resident","impl":"gemm","lib_version":"0.19.0","impl_threads":8,"size":2048,"warmup":20,"iters":20,"tflops_median":0.8106,"tflops_q1":0.7639,"tflops_q3":0.8545,"output_match":false,"mismatch_detail":"gemm: index=7264 reference=-0.004956358 candidate=-0.0049700737 abs_diff=0.000013715588 rel_diff=0.0027596347"}
::warning::size=4096 出力不一致（matrixmultiply）: matrixmultiply: index=117 reference=0.012689356 candidate=0.012704611 abs_diff=0.000015255064 rel_diff=0.0012007502
::warning::size=4096 出力不一致（gemm crate）: gemm: index=117 reference=0.012689356 candidate=0.01272583 abs_diff=0.000036474317 rel_diff=0.002866164
{"date":"2026-09-07","commit":"unknown","hw":"linux/aarch64 (20 logical cores)","boundary":"device_resident","impl":"self_gemm_blis_parallel","lib_version":"0.1.0","impl_threads":8,"size":4096,"warmup":20,"iters":20,"tflops_median":0.9143,"tflops_q1":0.9117,"tflops_q3":0.9191,"output_match":true,"mismatch_detail":null}
{"date":"2026-09-07","commit":"unknown","hw":"linux/aarch64 (20 logical cores)","boundary":"device_resident","impl":"matrixmultiply","lib_version":"0.3.11","impl_threads":1,"size":4096,"warmup":20,"iters":20,"tflops_median":0.1252,"tflops_q1":0.1252,"tflops_q3":0.1253,"output_match":false,"mismatch_detail":"matrixmultiply: index=117 reference=0.012689356 candidate=0.012704611 abs_diff=0.000015255064 rel_diff=0.0012007502"}
{"date":"2026-09-07","commit":"unknown","hw":"linux/aarch64 (20 logical cores)","boundary":"device_resident","impl":"gemm","lib_version":"0.19.0","impl_threads":8,"size":4096,"warmup":20,"iters":20,"tflops_median":0.8588,"tflops_q1":0.8530,"tflops_q3":0.8737,"output_match":false,"mismatch_detail":"gemm: index=117 reference=0.012689356 candidate=0.01272583 abs_diff=0.000036474317 rel_diff=0.002866164"}
::error::出力突合 NG（統一複合判定: 相対誤差 1e-3 未満 または 絶対誤差 1e-5 未満）を検出した。各 JSON Lines レコードの output_match / mismatch_detail を参照。既知の限界は docs/oss-comparison-harness-decision.md「出力突合とその限界」節を参照。
== RAYON_NUM_THREADS=8 run=2 rc=1 ==
== RAYON_NUM_THREADS=8 run=3 taskset=none ==
oss-gemm-compare: commit=unknown hw=linux/aarch64 (20 logical cores) rayon_threads=8
::warning::size=1024 出力不一致（matrixmultiply）: matrixmultiply: index=5119 reference=-0.0021471737 candidate=-0.0021572113 abs_diff=0.000010037562 rel_diff=0.004653027
{"date":"2026-09-07","commit":"unknown","hw":"linux/aarch64 (20 logical cores)","boundary":"device_resident","impl":"self_gemm_blis_parallel","lib_version":"0.1.0","impl_threads":8,"size":1024,"warmup":20,"iters":20,"tflops_median":0.6791,"tflops_q1":0.6384,"tflops_q3":0.7144,"output_match":true,"mismatch_detail":null}
{"date":"2026-09-07","commit":"unknown","hw":"linux/aarch64 (20 logical cores)","boundary":"device_resident","impl":"matrixmultiply","lib_version":"0.3.11","impl_threads":1,"size":1024,"warmup":20,"iters":20,"tflops_median":0.1263,"tflops_q1":0.1262,"tflops_q3":0.1264,"output_match":false,"mismatch_detail":"matrixmultiply: index=5119 reference=-0.0021471737 candidate=-0.0021572113 abs_diff=0.000010037562 rel_diff=0.004653027"}
{"date":"2026-09-07","commit":"unknown","hw":"linux/aarch64 (20 logical cores)","boundary":"device_resident","impl":"gemm","lib_version":"0.19.0","impl_threads":8,"size":1024,"warmup":20,"iters":20,"tflops_median":0.7094,"tflops_q1":0.6805,"tflops_q3":0.7330,"output_match":true,"mismatch_detail":null}
::warning::size=2048 出力不一致（matrixmultiply）: matrixmultiply: index=1988 reference=-0.0072821276 candidate=-0.00727129 abs_diff=0.000010837801 rel_diff=0.001488274
::warning::size=2048 出力不一致（gemm crate）: gemm: index=7264 reference=-0.004956358 candidate=-0.0049700737 abs_diff=0.000013715588 rel_diff=0.0027596347
{"date":"2026-09-07","commit":"unknown","hw":"linux/aarch64 (20 logical cores)","boundary":"device_resident","impl":"self_gemm_blis_parallel","lib_version":"0.1.0","impl_threads":8,"size":2048,"warmup":20,"iters":20,"tflops_median":0.8703,"tflops_q1":0.8607,"tflops_q3":0.8915,"output_match":true,"mismatch_detail":null}
{"date":"2026-09-07","commit":"unknown","hw":"linux/aarch64 (20 logical cores)","boundary":"device_resident","impl":"matrixmultiply","lib_version":"0.3.11","impl_threads":1,"size":2048,"warmup":20,"iters":20,"tflops_median":0.1284,"tflops_q1":0.1282,"tflops_q3":0.1297,"output_match":false,"mismatch_detail":"matrixmultiply: index=1988 reference=-0.0072821276 candidate=-0.00727129 abs_diff=0.000010837801 rel_diff=0.001488274"}
{"date":"2026-09-07","commit":"unknown","hw":"linux/aarch64 (20 logical cores)","boundary":"device_resident","impl":"gemm","lib_version":"0.19.0","impl_threads":8,"size":2048,"warmup":20,"iters":20,"tflops_median":0.8088,"tflops_q1":0.7807,"tflops_q3":0.8373,"output_match":false,"mismatch_detail":"gemm: index=7264 reference=-0.004956358 candidate=-0.0049700737 abs_diff=0.000013715588 rel_diff=0.0027596347"}
::warning::size=4096 出力不一致（matrixmultiply）: matrixmultiply: index=117 reference=0.012689356 candidate=0.012704611 abs_diff=0.000015255064 rel_diff=0.0012007502
::warning::size=4096 出力不一致（gemm crate）: gemm: index=117 reference=0.012689356 candidate=0.01272583 abs_diff=0.000036474317 rel_diff=0.002866164
{"date":"2026-09-07","commit":"unknown","hw":"linux/aarch64 (20 logical cores)","boundary":"device_resident","impl":"self_gemm_blis_parallel","lib_version":"0.1.0","impl_threads":8,"size":4096,"warmup":20,"iters":20,"tflops_median":0.9313,"tflops_q1":0.9290,"tflops_q3":0.9342,"output_match":true,"mismatch_detail":null}
{"date":"2026-09-07","commit":"unknown","hw":"linux/aarch64 (20 logical cores)","boundary":"device_resident","impl":"matrixmultiply","lib_version":"0.3.11","impl_threads":1,"size":4096,"warmup":20,"iters":20,"tflops_median":0.1272,"tflops_q1":0.1271,"tflops_q3":0.1272,"output_match":false,"mismatch_detail":"matrixmultiply: index=117 reference=0.012689356 candidate=0.012704611 abs_diff=0.000015255064 rel_diff=0.0012007502"}
{"date":"2026-09-07","commit":"unknown","hw":"linux/aarch64 (20 logical cores)","boundary":"device_resident","impl":"gemm","lib_version":"0.19.0","impl_threads":8,"size":4096,"warmup":20,"iters":20,"tflops_median":0.9055,"tflops_q1":0.8994,"tflops_q3":0.9111,"output_match":false,"mismatch_detail":"gemm: index=117 reference=0.012689356 candidate=0.01272583 abs_diff=0.000036474317 rel_diff=0.002866164"}
::error::出力突合 NG（統一複合判定: 相対誤差 1e-3 未満 または 絶対誤差 1e-5 未満）を検出した。各 JSON Lines レコードの output_match / mismatch_detail を参照。既知の限界は docs/oss-comparison-harness-decision.md「出力突合とその限界」節を参照。
== RAYON_NUM_THREADS=8 run=3 rc=1 ==
== RAYON_NUM_THREADS=8 run=4 taskset=none ==
oss-gemm-compare: commit=unknown hw=linux/aarch64 (20 logical cores) rayon_threads=8
::warning::size=1024 出力不一致（matrixmultiply）: matrixmultiply: index=5119 reference=-0.0021471737 candidate=-0.0021572113 abs_diff=0.000010037562 rel_diff=0.004653027
{"date":"2026-09-07","commit":"unknown","hw":"linux/aarch64 (20 logical cores)","boundary":"device_resident","impl":"self_gemm_blis_parallel","lib_version":"0.1.0","impl_threads":8,"size":1024,"warmup":20,"iters":20,"tflops_median":0.6706,"tflops_q1":0.6141,"tflops_q3":0.7145,"output_match":true,"mismatch_detail":null}
{"date":"2026-09-07","commit":"unknown","hw":"linux/aarch64 (20 logical cores)","boundary":"device_resident","impl":"matrixmultiply","lib_version":"0.3.11","impl_threads":1,"size":1024,"warmup":20,"iters":20,"tflops_median":0.1316,"tflops_q1":0.1300,"tflops_q3":0.1318,"output_match":false,"mismatch_detail":"matrixmultiply: index=5119 reference=-0.0021471737 candidate=-0.0021572113 abs_diff=0.000010037562 rel_diff=0.004653027"}
{"date":"2026-09-07","commit":"unknown","hw":"linux/aarch64 (20 logical cores)","boundary":"device_resident","impl":"gemm","lib_version":"0.19.0","impl_threads":8,"size":1024,"warmup":20,"iters":20,"tflops_median":0.6873,"tflops_q1":0.6713,"tflops_q3":0.7398,"output_match":true,"mismatch_detail":null}
::warning::size=2048 出力不一致（matrixmultiply）: matrixmultiply: index=1988 reference=-0.0072821276 candidate=-0.00727129 abs_diff=0.000010837801 rel_diff=0.001488274
::warning::size=2048 出力不一致（gemm crate）: gemm: index=7264 reference=-0.004956358 candidate=-0.0049700737 abs_diff=0.000013715588 rel_diff=0.0027596347
{"date":"2026-09-07","commit":"unknown","hw":"linux/aarch64 (20 logical cores)","boundary":"device_resident","impl":"self_gemm_blis_parallel","lib_version":"0.1.0","impl_threads":8,"size":2048,"warmup":20,"iters":20,"tflops_median":0.9019,"tflops_q1":0.8921,"tflops_q3":0.9090,"output_match":true,"mismatch_detail":null}
{"date":"2026-09-07","commit":"unknown","hw":"linux/aarch64 (20 logical cores)","boundary":"device_resident","impl":"matrixmultiply","lib_version":"0.3.11","impl_threads":1,"size":2048,"warmup":20,"iters":20,"tflops_median":0.1300,"tflops_q1":0.1300,"tflops_q3":0.1300,"output_match":false,"mismatch_detail":"matrixmultiply: index=1988 reference=-0.0072821276 candidate=-0.00727129 abs_diff=0.000010837801 rel_diff=0.001488274"}
{"date":"2026-09-07","commit":"unknown","hw":"linux/aarch64 (20 logical cores)","boundary":"device_resident","impl":"gemm","lib_version":"0.19.0","impl_threads":8,"size":2048,"warmup":20,"iters":20,"tflops_median":0.8478,"tflops_q1":0.8048,"tflops_q3":0.8781,"output_match":false,"mismatch_detail":"gemm: index=7264 reference=-0.004956358 candidate=-0.0049700737 abs_diff=0.000013715588 rel_diff=0.0027596347"}
::warning::size=4096 出力不一致（matrixmultiply）: matrixmultiply: index=117 reference=0.012689356 candidate=0.012704611 abs_diff=0.000015255064 rel_diff=0.0012007502
::warning::size=4096 出力不一致（gemm crate）: gemm: index=117 reference=0.012689356 candidate=0.01272583 abs_diff=0.000036474317 rel_diff=0.002866164
{"date":"2026-09-07","commit":"unknown","hw":"linux/aarch64 (20 logical cores)","boundary":"device_resident","impl":"self_gemm_blis_parallel","lib_version":"0.1.0","impl_threads":8,"size":4096,"warmup":20,"iters":20,"tflops_median":0.9386,"tflops_q1":0.9381,"tflops_q3":0.9403,"output_match":true,"mismatch_detail":null}
{"date":"2026-09-07","commit":"unknown","hw":"linux/aarch64 (20 logical cores)","boundary":"device_resident","impl":"matrixmultiply","lib_version":"0.3.11","impl_threads":1,"size":4096,"warmup":20,"iters":20,"tflops_median":0.1257,"tflops_q1":0.1255,"tflops_q3":0.1258,"output_match":false,"mismatch_detail":"matrixmultiply: index=117 reference=0.012689356 candidate=0.012704611 abs_diff=0.000015255064 rel_diff=0.0012007502"}
{"date":"2026-09-07","commit":"unknown","hw":"linux/aarch64 (20 logical cores)","boundary":"device_resident","impl":"gemm","lib_version":"0.19.0","impl_threads":8,"size":4096,"warmup":20,"iters":20,"tflops_median":0.8545,"tflops_q1":0.8469,"tflops_q3":0.8683,"output_match":false,"mismatch_detail":"gemm: index=117 reference=0.012689356 candidate=0.01272583 abs_diff=0.000036474317 rel_diff=0.002866164"}
::error::出力突合 NG（統一複合判定: 相対誤差 1e-3 未満 または 絶対誤差 1e-5 未満）を検出した。各 JSON Lines レコードの output_match / mismatch_detail を参照。既知の限界は docs/oss-comparison-harness-decision.md「出力突合とその限界」節を参照。
== RAYON_NUM_THREADS=8 run=4 rc=1 ==
== RAYON_NUM_THREADS=8 run=5 taskset=none ==
oss-gemm-compare: commit=unknown hw=linux/aarch64 (20 logical cores) rayon_threads=8
::warning::size=1024 出力不一致（matrixmultiply）: matrixmultiply: index=5119 reference=-0.0021471737 candidate=-0.0021572113 abs_diff=0.000010037562 rel_diff=0.004653027
{"date":"2026-09-07","commit":"unknown","hw":"linux/aarch64 (20 logical cores)","boundary":"device_resident","impl":"self_gemm_blis_parallel","lib_version":"0.1.0","impl_threads":8,"size":1024,"warmup":20,"iters":20,"tflops_median":0.7134,"tflops_q1":0.7030,"tflops_q3":0.7407,"output_match":true,"mismatch_detail":null}
{"date":"2026-09-07","commit":"unknown","hw":"linux/aarch64 (20 logical cores)","boundary":"device_resident","impl":"matrixmultiply","lib_version":"0.3.11","impl_threads":1,"size":1024,"warmup":20,"iters":20,"tflops_median":0.1316,"tflops_q1":0.1299,"tflops_q3":0.1320,"output_match":false,"mismatch_detail":"matrixmultiply: index=5119 reference=-0.0021471737 candidate=-0.0021572113 abs_diff=0.000010037562 rel_diff=0.004653027"}
{"date":"2026-09-07","commit":"unknown","hw":"linux/aarch64 (20 logical cores)","boundary":"device_resident","impl":"gemm","lib_version":"0.19.0","impl_threads":8,"size":1024,"warmup":20,"iters":20,"tflops_median":0.4763,"tflops_q1":0.2700,"tflops_q3":0.6407,"output_match":true,"mismatch_detail":null}
::warning::size=2048 出力不一致（matrixmultiply）: matrixmultiply: index=1988 reference=-0.0072821276 candidate=-0.00727129 abs_diff=0.000010837801 rel_diff=0.001488274
::warning::size=2048 出力不一致（gemm crate）: gemm: index=7264 reference=-0.004956358 candidate=-0.0049700737 abs_diff=0.000013715588 rel_diff=0.0027596347
{"date":"2026-09-07","commit":"unknown","hw":"linux/aarch64 (20 logical cores)","boundary":"device_resident","impl":"self_gemm_blis_parallel","lib_version":"0.1.0","impl_threads":8,"size":2048,"warmup":20,"iters":20,"tflops_median":0.9052,"tflops_q1":0.8848,"tflops_q3":0.9080,"output_match":true,"mismatch_detail":null}
{"date":"2026-09-07","commit":"unknown","hw":"linux/aarch64 (20 logical cores)","boundary":"device_resident","impl":"matrixmultiply","lib_version":"0.3.11","impl_threads":1,"size":2048,"warmup":20,"iters":20,"tflops_median":0.0992,"tflops_q1":0.0955,"tflops_q3":0.1156,"output_match":false,"mismatch_detail":"matrixmultiply: index=1988 reference=-0.0072821276 candidate=-0.00727129 abs_diff=0.000010837801 rel_diff=0.001488274"}
{"date":"2026-09-07","commit":"unknown","hw":"linux/aarch64 (20 logical cores)","boundary":"device_resident","impl":"gemm","lib_version":"0.19.0","impl_threads":8,"size":2048,"warmup":20,"iters":20,"tflops_median":0.7050,"tflops_q1":0.6639,"tflops_q3":0.7466,"output_match":false,"mismatch_detail":"gemm: index=7264 reference=-0.004956358 candidate=-0.0049700737 abs_diff=0.000013715588 rel_diff=0.0027596347"}
::warning::size=4096 出力不一致（matrixmultiply）: matrixmultiply: index=117 reference=0.012689356 candidate=0.012704611 abs_diff=0.000015255064 rel_diff=0.0012007502
::warning::size=4096 出力不一致（gemm crate）: gemm: index=117 reference=0.012689356 candidate=0.01272583 abs_diff=0.000036474317 rel_diff=0.002866164
{"date":"2026-09-07","commit":"unknown","hw":"linux/aarch64 (20 logical cores)","boundary":"device_resident","impl":"self_gemm_blis_parallel","lib_version":"0.1.0","impl_threads":8,"size":4096,"warmup":20,"iters":20,"tflops_median":0.9292,"tflops_q1":0.9276,"tflops_q3":0.9322,"output_match":true,"mismatch_detail":null}
{"date":"2026-09-07","commit":"unknown","hw":"linux/aarch64 (20 logical cores)","boundary":"device_resident","impl":"matrixmultiply","lib_version":"0.3.11","impl_threads":1,"size":4096,"warmup":20,"iters":20,"tflops_median":0.1287,"tflops_q1":0.1284,"tflops_q3":0.1288,"output_match":false,"mismatch_detail":"matrixmultiply: index=117 reference=0.012689356 candidate=0.012704611 abs_diff=0.000015255064 rel_diff=0.0012007502"}
{"date":"2026-09-07","commit":"unknown","hw":"linux/aarch64 (20 logical cores)","boundary":"device_resident","impl":"gemm","lib_version":"0.19.0","impl_threads":8,"size":4096,"warmup":20,"iters":20,"tflops_median":0.9077,"tflops_q1":0.8980,"tflops_q3":0.9216,"output_match":false,"mismatch_detail":"gemm: index=117 reference=0.012689356 candidate=0.01272583 abs_diff=0.000036474317 rel_diff=0.002866164"}
::error::出力突合 NG（統一複合判定: 相対誤差 1e-3 未満 または 絶対誤差 1e-5 未満）を検出した。各 JSON Lines レコードの output_match / mismatch_detail を参照。既知の限界は docs/oss-comparison-harness-decision.md「出力突合とその限界」節を参照。
== RAYON_NUM_THREADS=8 run=5 rc=1 ==
== RAYON_NUM_THREADS=10 run=1 taskset=none ==
oss-gemm-compare: commit=unknown hw=linux/aarch64 (20 logical cores) rayon_threads=10
::warning::size=1024 出力不一致（matrixmultiply）: matrixmultiply: index=5119 reference=-0.0021471737 candidate=-0.0021572113 abs_diff=0.000010037562 rel_diff=0.004653027
{"date":"2026-09-07","commit":"unknown","hw":"linux/aarch64 (20 logical cores)","boundary":"device_resident","impl":"self_gemm_blis_parallel","lib_version":"0.1.0","impl_threads":10,"size":1024,"warmup":20,"iters":20,"tflops_median":0.3142,"tflops_q1":0.3080,"tflops_q3":0.3229,"output_match":true,"mismatch_detail":null}
{"date":"2026-09-07","commit":"unknown","hw":"linux/aarch64 (20 logical cores)","boundary":"device_resident","impl":"matrixmultiply","lib_version":"0.3.11","impl_threads":1,"size":1024,"warmup":20,"iters":20,"tflops_median":0.1289,"tflops_q1":0.1288,"tflops_q3":0.1290,"output_match":false,"mismatch_detail":"matrixmultiply: index=5119 reference=-0.0021471737 candidate=-0.0021572113 abs_diff=0.000010037562 rel_diff=0.004653027"}
{"date":"2026-09-07","commit":"unknown","hw":"linux/aarch64 (20 logical cores)","boundary":"device_resident","impl":"gemm","lib_version":"0.19.0","impl_threads":10,"size":1024,"warmup":20,"iters":20,"tflops_median":0.3305,"tflops_q1":0.3081,"tflops_q3":0.3361,"output_match":true,"mismatch_detail":null}
::warning::size=2048 出力不一致（matrixmultiply）: matrixmultiply: index=1988 reference=-0.0072821276 candidate=-0.00727129 abs_diff=0.000010837801 rel_diff=0.001488274
::warning::size=2048 出力不一致（gemm crate）: gemm: index=7264 reference=-0.004956358 candidate=-0.0049700737 abs_diff=0.000013715588 rel_diff=0.0027596347
{"date":"2026-09-07","commit":"unknown","hw":"linux/aarch64 (20 logical cores)","boundary":"device_resident","impl":"self_gemm_blis_parallel","lib_version":"0.1.0","impl_threads":10,"size":2048,"warmup":20,"iters":20,"tflops_median":1.0399,"tflops_q1":1.0232,"tflops_q3":1.0462,"output_match":true,"mismatch_detail":null}
{"date":"2026-09-07","commit":"unknown","hw":"linux/aarch64 (20 logical cores)","boundary":"device_resident","impl":"matrixmultiply","lib_version":"0.3.11","impl_threads":1,"size":2048,"warmup":20,"iters":20,"tflops_median":0.1271,"tflops_q1":0.1270,"tflops_q3":0.1271,"output_match":false,"mismatch_detail":"matrixmultiply: index=1988 reference=-0.0072821276 candidate=-0.00727129 abs_diff=0.000010837801 rel_diff=0.001488274"}
{"date":"2026-09-07","commit":"unknown","hw":"linux/aarch64 (20 logical cores)","boundary":"device_resident","impl":"gemm","lib_version":"0.19.0","impl_threads":10,"size":2048,"warmup":20,"iters":20,"tflops_median":0.8013,"tflops_q1":0.7634,"tflops_q3":0.8223,"output_match":false,"mismatch_detail":"gemm: index=7264 reference=-0.004956358 candidate=-0.0049700737 abs_diff=0.000013715588 rel_diff=0.0027596347"}
::warning::size=4096 出力不一致（matrixmultiply）: matrixmultiply: index=117 reference=0.012689356 candidate=0.012704611 abs_diff=0.000015255064 rel_diff=0.0012007502
::warning::size=4096 出力不一致（gemm crate）: gemm: index=117 reference=0.012689356 candidate=0.01272583 abs_diff=0.000036474317 rel_diff=0.002866164
{"date":"2026-09-07","commit":"unknown","hw":"linux/aarch64 (20 logical cores)","boundary":"device_resident","impl":"self_gemm_blis_parallel","lib_version":"0.1.0","impl_threads":10,"size":4096,"warmup":20,"iters":20,"tflops_median":1.1323,"tflops_q1":1.1277,"tflops_q3":1.1340,"output_match":true,"mismatch_detail":null}
{"date":"2026-09-07","commit":"unknown","hw":"linux/aarch64 (20 logical cores)","boundary":"device_resident","impl":"matrixmultiply","lib_version":"0.3.11","impl_threads":1,"size":4096,"warmup":20,"iters":20,"tflops_median":0.1292,"tflops_q1":0.1292,"tflops_q3":0.1292,"output_match":false,"mismatch_detail":"matrixmultiply: index=117 reference=0.012689356 candidate=0.012704611 abs_diff=0.000015255064 rel_diff=0.0012007502"}
{"date":"2026-09-07","commit":"unknown","hw":"linux/aarch64 (20 logical cores)","boundary":"device_resident","impl":"gemm","lib_version":"0.19.0","impl_threads":10,"size":4096,"warmup":20,"iters":20,"tflops_median":1.0018,"tflops_q1":0.9891,"tflops_q3":1.0219,"output_match":false,"mismatch_detail":"gemm: index=117 reference=0.012689356 candidate=0.01272583 abs_diff=0.000036474317 rel_diff=0.002866164"}
::error::出力突合 NG（統一複合判定: 相対誤差 1e-3 未満 または 絶対誤差 1e-5 未満）を検出した。各 JSON Lines レコードの output_match / mismatch_detail を参照。既知の限界は docs/oss-comparison-harness-decision.md「出力突合とその限界」節を参照。
== RAYON_NUM_THREADS=10 run=1 rc=1 ==
== RAYON_NUM_THREADS=10 run=2 taskset=none ==
oss-gemm-compare: commit=unknown hw=linux/aarch64 (20 logical cores) rayon_threads=10
::warning::size=1024 出力不一致（matrixmultiply）: matrixmultiply: index=5119 reference=-0.0021471737 candidate=-0.0021572113 abs_diff=0.000010037562 rel_diff=0.004653027
{"date":"2026-09-07","commit":"unknown","hw":"linux/aarch64 (20 logical cores)","boundary":"device_resident","impl":"self_gemm_blis_parallel","lib_version":"0.1.0","impl_threads":10,"size":1024,"warmup":20,"iters":20,"tflops_median":0.3416,"tflops_q1":0.3212,"tflops_q3":0.7814,"output_match":true,"mismatch_detail":null}
{"date":"2026-09-07","commit":"unknown","hw":"linux/aarch64 (20 logical cores)","boundary":"device_resident","impl":"matrixmultiply","lib_version":"0.3.11","impl_threads":1,"size":1024,"warmup":20,"iters":20,"tflops_median":0.1318,"tflops_q1":0.1317,"tflops_q3":0.1318,"output_match":false,"mismatch_detail":"matrixmultiply: index=5119 reference=-0.0021471737 candidate=-0.0021572113 abs_diff=0.000010037562 rel_diff=0.004653027"}
{"date":"2026-09-07","commit":"unknown","hw":"linux/aarch64 (20 logical cores)","boundary":"device_resident","impl":"gemm","lib_version":"0.19.0","impl_threads":10,"size":1024,"warmup":20,"iters":20,"tflops_median":0.6286,"tflops_q1":0.5532,"tflops_q3":0.7127,"output_match":true,"mismatch_detail":null}
::warning::size=2048 出力不一致（matrixmultiply）: matrixmultiply: index=1988 reference=-0.0072821276 candidate=-0.00727129 abs_diff=0.000010837801 rel_diff=0.001488274
::warning::size=2048 出力不一致（gemm crate）: gemm: index=7264 reference=-0.004956358 candidate=-0.0049700737 abs_diff=0.000013715588 rel_diff=0.0027596347
{"date":"2026-09-07","commit":"unknown","hw":"linux/aarch64 (20 logical cores)","boundary":"device_resident","impl":"self_gemm_blis_parallel","lib_version":"0.1.0","impl_threads":10,"size":2048,"warmup":20,"iters":20,"tflops_median":1.0377,"tflops_q1":1.0146,"tflops_q3":1.0465,"output_match":true,"mismatch_detail":null}
{"date":"2026-09-07","commit":"unknown","hw":"linux/aarch64 (20 logical cores)","boundary":"device_resident","impl":"matrixmultiply","lib_version":"0.3.11","impl_threads":1,"size":2048,"warmup":20,"iters":20,"tflops_median":0.1267,"tflops_q1":0.1266,"tflops_q3":0.1267,"output_match":false,"mismatch_detail":"matrixmultiply: index=1988 reference=-0.0072821276 candidate=-0.00727129 abs_diff=0.000010837801 rel_diff=0.001488274"}
{"date":"2026-09-07","commit":"unknown","hw":"linux/aarch64 (20 logical cores)","boundary":"device_resident","impl":"gemm","lib_version":"0.19.0","impl_threads":10,"size":2048,"warmup":20,"iters":20,"tflops_median":0.7998,"tflops_q1":0.7601,"tflops_q3":0.8580,"output_match":false,"mismatch_detail":"gemm: index=7264 reference=-0.004956358 candidate=-0.0049700737 abs_diff=0.000013715588 rel_diff=0.0027596347"}
::warning::size=4096 出力不一致（matrixmultiply）: matrixmultiply: index=117 reference=0.012689356 candidate=0.012704611 abs_diff=0.000015255064 rel_diff=0.0012007502
::warning::size=4096 出力不一致（gemm crate）: gemm: index=117 reference=0.012689356 candidate=0.01272583 abs_diff=0.000036474317 rel_diff=0.002866164
{"date":"2026-09-07","commit":"unknown","hw":"linux/aarch64 (20 logical cores)","boundary":"device_resident","impl":"self_gemm_blis_parallel","lib_version":"0.1.0","impl_threads":10,"size":4096,"warmup":20,"iters":20,"tflops_median":1.1302,"tflops_q1":1.1263,"tflops_q3":1.1326,"output_match":true,"mismatch_detail":null}
{"date":"2026-09-07","commit":"unknown","hw":"linux/aarch64 (20 logical cores)","boundary":"device_resident","impl":"matrixmultiply","lib_version":"0.3.11","impl_threads":1,"size":4096,"warmup":20,"iters":20,"tflops_median":0.1257,"tflops_q1":0.1256,"tflops_q3":0.1257,"output_match":false,"mismatch_detail":"matrixmultiply: index=117 reference=0.012689356 candidate=0.012704611 abs_diff=0.000015255064 rel_diff=0.0012007502"}
{"date":"2026-09-07","commit":"unknown","hw":"linux/aarch64 (20 logical cores)","boundary":"device_resident","impl":"gemm","lib_version":"0.19.0","impl_threads":10,"size":4096,"warmup":20,"iters":20,"tflops_median":0.9955,"tflops_q1":0.9765,"tflops_q3":0.9989,"output_match":false,"mismatch_detail":"gemm: index=117 reference=0.012689356 candidate=0.01272583 abs_diff=0.000036474317 rel_diff=0.002866164"}
::error::出力突合 NG（統一複合判定: 相対誤差 1e-3 未満 または 絶対誤差 1e-5 未満）を検出した。各 JSON Lines レコードの output_match / mismatch_detail を参照。既知の限界は docs/oss-comparison-harness-decision.md「出力突合とその限界」節を参照。
== RAYON_NUM_THREADS=10 run=2 rc=1 ==
== RAYON_NUM_THREADS=10 run=3 taskset=none ==
oss-gemm-compare: commit=unknown hw=linux/aarch64 (20 logical cores) rayon_threads=10
::warning::size=1024 出力不一致（matrixmultiply）: matrixmultiply: index=5119 reference=-0.0021471737 candidate=-0.0021572113 abs_diff=0.000010037562 rel_diff=0.004653027
{"date":"2026-09-07","commit":"unknown","hw":"linux/aarch64 (20 logical cores)","boundary":"device_resident","impl":"self_gemm_blis_parallel","lib_version":"0.1.0","impl_threads":10,"size":1024,"warmup":20,"iters":20,"tflops_median":0.3507,"tflops_q1":0.3293,"tflops_q3":0.8644,"output_match":true,"mismatch_detail":null}
{"date":"2026-09-07","commit":"unknown","hw":"linux/aarch64 (20 logical cores)","boundary":"device_resident","impl":"matrixmultiply","lib_version":"0.3.11","impl_threads":1,"size":1024,"warmup":20,"iters":20,"tflops_median":0.1320,"tflops_q1":0.1320,"tflops_q3":0.1321,"output_match":false,"mismatch_detail":"matrixmultiply: index=5119 reference=-0.0021471737 candidate=-0.0021572113 abs_diff=0.000010037562 rel_diff=0.004653027"}
{"date":"2026-09-07","commit":"unknown","hw":"linux/aarch64 (20 logical cores)","boundary":"device_resident","impl":"gemm","lib_version":"0.19.0","impl_threads":10,"size":1024,"warmup":20,"iters":20,"tflops_median":0.6702,"tflops_q1":0.6294,"tflops_q3":0.7134,"output_match":true,"mismatch_detail":null}
::warning::size=2048 出力不一致（matrixmultiply）: matrixmultiply: index=1988 reference=-0.0072821276 candidate=-0.00727129 abs_diff=0.000010837801 rel_diff=0.001488274
::warning::size=2048 出力不一致（gemm crate）: gemm: index=7264 reference=-0.004956358 candidate=-0.0049700737 abs_diff=0.000013715588 rel_diff=0.0027596347
{"date":"2026-09-07","commit":"unknown","hw":"linux/aarch64 (20 logical cores)","boundary":"device_resident","impl":"self_gemm_blis_parallel","lib_version":"0.1.0","impl_threads":10,"size":2048,"warmup":20,"iters":20,"tflops_median":1.0556,"tflops_q1":1.0510,"tflops_q3":1.0658,"output_match":true,"mismatch_detail":null}
{"date":"2026-09-07","commit":"unknown","hw":"linux/aarch64 (20 logical cores)","boundary":"device_resident","impl":"matrixmultiply","lib_version":"0.3.11","impl_threads":1,"size":2048,"warmup":20,"iters":20,"tflops_median":0.1298,"tflops_q1":0.1297,"tflops_q3":0.1298,"output_match":false,"mismatch_detail":"matrixmultiply: index=1988 reference=-0.0072821276 candidate=-0.00727129 abs_diff=0.000010837801 rel_diff=0.001488274"}
{"date":"2026-09-07","commit":"unknown","hw":"linux/aarch64 (20 logical cores)","boundary":"device_resident","impl":"gemm","lib_version":"0.19.0","impl_threads":10,"size":2048,"warmup":20,"iters":20,"tflops_median":0.8350,"tflops_q1":0.8000,"tflops_q3":0.8675,"output_match":false,"mismatch_detail":"gemm: index=7264 reference=-0.004956358 candidate=-0.0049700737 abs_diff=0.000013715588 rel_diff=0.0027596347"}
::warning::size=4096 出力不一致（matrixmultiply）: matrixmultiply: index=117 reference=0.012689356 candidate=0.012704611 abs_diff=0.000015255064 rel_diff=0.0012007502
::warning::size=4096 出力不一致（gemm crate）: gemm: index=117 reference=0.012689356 candidate=0.01272583 abs_diff=0.000036474317 rel_diff=0.002866164
{"date":"2026-09-07","commit":"unknown","hw":"linux/aarch64 (20 logical cores)","boundary":"device_resident","impl":"self_gemm_blis_parallel","lib_version":"0.1.0","impl_threads":10,"size":4096,"warmup":20,"iters":20,"tflops_median":1.1333,"tflops_q1":1.1305,"tflops_q3":1.1383,"output_match":true,"mismatch_detail":null}
{"date":"2026-09-07","commit":"unknown","hw":"linux/aarch64 (20 logical cores)","boundary":"device_resident","impl":"matrixmultiply","lib_version":"0.3.11","impl_threads":1,"size":4096,"warmup":20,"iters":20,"tflops_median":0.1257,"tflops_q1":0.1257,"tflops_q3":0.1257,"output_match":false,"mismatch_detail":"matrixmultiply: index=117 reference=0.012689356 candidate=0.012704611 abs_diff=0.000015255064 rel_diff=0.0012007502"}
{"date":"2026-09-07","commit":"unknown","hw":"linux/aarch64 (20 logical cores)","boundary":"device_resident","impl":"gemm","lib_version":"0.19.0","impl_threads":10,"size":4096,"warmup":20,"iters":20,"tflops_median":1.0038,"tflops_q1":0.9933,"tflops_q3":1.0113,"output_match":false,"mismatch_detail":"gemm: index=117 reference=0.012689356 candidate=0.01272583 abs_diff=0.000036474317 rel_diff=0.002866164"}
::error::出力突合 NG（統一複合判定: 相対誤差 1e-3 未満 または 絶対誤差 1e-5 未満）を検出した。各 JSON Lines レコードの output_match / mismatch_detail を参照。既知の限界は docs/oss-comparison-harness-decision.md「出力突合とその限界」節を参照。
== RAYON_NUM_THREADS=10 run=3 rc=1 ==
== RAYON_NUM_THREADS=10 run=4 taskset=none ==
oss-gemm-compare: commit=unknown hw=linux/aarch64 (20 logical cores) rayon_threads=10
::warning::size=1024 出力不一致（matrixmultiply）: matrixmultiply: index=5119 reference=-0.0021471737 candidate=-0.0021572113 abs_diff=0.000010037562 rel_diff=0.004653027
{"date":"2026-09-07","commit":"unknown","hw":"linux/aarch64 (20 logical cores)","boundary":"device_resident","impl":"self_gemm_blis_parallel","lib_version":"0.1.0","impl_threads":10,"size":1024,"warmup":20,"iters":20,"tflops_median":0.3538,"tflops_q1":0.3310,"tflops_q3":0.6904,"output_match":true,"mismatch_detail":null}
{"date":"2026-09-07","commit":"unknown","hw":"linux/aarch64 (20 logical cores)","boundary":"device_resident","impl":"matrixmultiply","lib_version":"0.3.11","impl_threads":1,"size":1024,"warmup":20,"iters":20,"tflops_median":0.1282,"tflops_q1":0.1281,"tflops_q3":0.1284,"output_match":false,"mismatch_detail":"matrixmultiply: index=5119 reference=-0.0021471737 candidate=-0.0021572113 abs_diff=0.000010037562 rel_diff=0.004653027"}
{"date":"2026-09-07","commit":"unknown","hw":"linux/aarch64 (20 logical cores)","boundary":"device_resident","impl":"gemm","lib_version":"0.19.0","impl_threads":10,"size":1024,"warmup":20,"iters":20,"tflops_median":0.6345,"tflops_q1":0.5746,"tflops_q3":0.6983,"output_match":true,"mismatch_detail":null}
::warning::size=2048 出力不一致（matrixmultiply）: matrixmultiply: index=1988 reference=-0.0072821276 candidate=-0.00727129 abs_diff=0.000010837801 rel_diff=0.001488274
::warning::size=2048 出力不一致（gemm crate）: gemm: index=7264 reference=-0.004956358 candidate=-0.0049700737 abs_diff=0.000013715588 rel_diff=0.0027596347
{"date":"2026-09-07","commit":"unknown","hw":"linux/aarch64 (20 logical cores)","boundary":"device_resident","impl":"self_gemm_blis_parallel","lib_version":"0.1.0","impl_threads":10,"size":2048,"warmup":20,"iters":20,"tflops_median":1.0529,"tflops_q1":1.0218,"tflops_q3":1.0620,"output_match":true,"mismatch_detail":null}
{"date":"2026-09-07","commit":"unknown","hw":"linux/aarch64 (20 logical cores)","boundary":"device_resident","impl":"matrixmultiply","lib_version":"0.3.11","impl_threads":1,"size":2048,"warmup":20,"iters":20,"tflops_median":0.1300,"tflops_q1":0.1299,"tflops_q3":0.1300,"output_match":false,"mismatch_detail":"matrixmultiply: index=1988 reference=-0.0072821276 candidate=-0.00727129 abs_diff=0.000010837801 rel_diff=0.001488274"}
{"date":"2026-09-07","commit":"unknown","hw":"linux/aarch64 (20 logical cores)","boundary":"device_resident","impl":"gemm","lib_version":"0.19.0","impl_threads":10,"size":2048,"warmup":20,"iters":20,"tflops_median":0.7991,"tflops_q1":0.7848,"tflops_q3":0.8370,"output_match":false,"mismatch_detail":"gemm: index=7264 reference=-0.004956358 candidate=-0.0049700737 abs_diff=0.000013715588 rel_diff=0.0027596347"}
::warning::size=4096 出力不一致（matrixmultiply）: matrixmultiply: index=117 reference=0.012689356 candidate=0.012704611 abs_diff=0.000015255064 rel_diff=0.0012007502
::warning::size=4096 出力不一致（gemm crate）: gemm: index=117 reference=0.012689356 candidate=0.01272583 abs_diff=0.000036474317 rel_diff=0.002866164
{"date":"2026-09-07","commit":"unknown","hw":"linux/aarch64 (20 logical cores)","boundary":"device_resident","impl":"self_gemm_blis_parallel","lib_version":"0.1.0","impl_threads":10,"size":4096,"warmup":20,"iters":20,"tflops_median":1.1302,"tflops_q1":1.1262,"tflops_q3":1.1349,"output_match":true,"mismatch_detail":null}
{"date":"2026-09-07","commit":"unknown","hw":"linux/aarch64 (20 logical cores)","boundary":"device_resident","impl":"matrixmultiply","lib_version":"0.3.11","impl_threads":1,"size":4096,"warmup":20,"iters":20,"tflops_median":0.1259,"tflops_q1":0.1259,"tflops_q3":0.1260,"output_match":false,"mismatch_detail":"matrixmultiply: index=117 reference=0.012689356 candidate=0.012704611 abs_diff=0.000015255064 rel_diff=0.0012007502"}
{"date":"2026-09-07","commit":"unknown","hw":"linux/aarch64 (20 logical cores)","boundary":"device_resident","impl":"gemm","lib_version":"0.19.0","impl_threads":10,"size":4096,"warmup":20,"iters":20,"tflops_median":1.0019,"tflops_q1":0.9859,"tflops_q3":1.0241,"output_match":false,"mismatch_detail":"gemm: index=117 reference=0.012689356 candidate=0.01272583 abs_diff=0.000036474317 rel_diff=0.002866164"}
::error::出力突合 NG（統一複合判定: 相対誤差 1e-3 未満 または 絶対誤差 1e-5 未満）を検出した。各 JSON Lines レコードの output_match / mismatch_detail を参照。既知の限界は docs/oss-comparison-harness-decision.md「出力突合とその限界」節を参照。
== RAYON_NUM_THREADS=10 run=4 rc=1 ==
== RAYON_NUM_THREADS=10 run=5 taskset=none ==
oss-gemm-compare: commit=unknown hw=linux/aarch64 (20 logical cores) rayon_threads=10
::warning::size=1024 出力不一致（matrixmultiply）: matrixmultiply: index=5119 reference=-0.0021471737 candidate=-0.0021572113 abs_diff=0.000010037562 rel_diff=0.004653027
{"date":"2026-09-07","commit":"unknown","hw":"linux/aarch64 (20 logical cores)","boundary":"device_resident","impl":"self_gemm_blis_parallel","lib_version":"0.1.0","impl_threads":10,"size":1024,"warmup":20,"iters":20,"tflops_median":0.3114,"tflops_q1":0.2949,"tflops_q3":0.3363,"output_match":true,"mismatch_detail":null}
{"date":"2026-09-07","commit":"unknown","hw":"linux/aarch64 (20 logical cores)","boundary":"device_resident","impl":"matrixmultiply","lib_version":"0.3.11","impl_threads":1,"size":1024,"warmup":20,"iters":20,"tflops_median":0.1320,"tflops_q1":0.1318,"tflops_q3":0.1321,"output_match":false,"mismatch_detail":"matrixmultiply: index=5119 reference=-0.0021471737 candidate=-0.0021572113 abs_diff=0.000010037562 rel_diff=0.004653027"}
{"date":"2026-09-07","commit":"unknown","hw":"linux/aarch64 (20 logical cores)","boundary":"device_resident","impl":"gemm","lib_version":"0.19.0","impl_threads":10,"size":1024,"warmup":20,"iters":20,"tflops_median":0.3167,"tflops_q1":0.3100,"tflops_q3":0.3312,"output_match":true,"mismatch_detail":null}
::warning::size=2048 出力不一致（matrixmultiply）: matrixmultiply: index=1988 reference=-0.0072821276 candidate=-0.00727129 abs_diff=0.000010837801 rel_diff=0.001488274
::warning::size=2048 出力不一致（gemm crate）: gemm: index=7264 reference=-0.004956358 candidate=-0.0049700737 abs_diff=0.000013715588 rel_diff=0.0027596347
{"date":"2026-09-07","commit":"unknown","hw":"linux/aarch64 (20 logical cores)","boundary":"device_resident","impl":"self_gemm_blis_parallel","lib_version":"0.1.0","impl_threads":10,"size":2048,"warmup":20,"iters":20,"tflops_median":1.0438,"tflops_q1":1.0331,"tflops_q3":1.0496,"output_match":true,"mismatch_detail":null}
{"date":"2026-09-07","commit":"unknown","hw":"linux/aarch64 (20 logical cores)","boundary":"device_resident","impl":"matrixmultiply","lib_version":"0.3.11","impl_threads":1,"size":2048,"warmup":20,"iters":20,"tflops_median":0.1267,"tflops_q1":0.1267,"tflops_q3":0.1268,"output_match":false,"mismatch_detail":"matrixmultiply: index=1988 reference=-0.0072821276 candidate=-0.00727129 abs_diff=0.000010837801 rel_diff=0.001488274"}
{"date":"2026-09-07","commit":"unknown","hw":"linux/aarch64 (20 logical cores)","boundary":"device_resident","impl":"gemm","lib_version":"0.19.0","impl_threads":10,"size":2048,"warmup":20,"iters":20,"tflops_median":0.7886,"tflops_q1":0.7660,"tflops_q3":0.8166,"output_match":false,"mismatch_detail":"gemm: index=7264 reference=-0.004956358 candidate=-0.0049700737 abs_diff=0.000013715588 rel_diff=0.0027596347"}
::warning::size=4096 出力不一致（matrixmultiply）: matrixmultiply: index=117 reference=0.012689356 candidate=0.012704611 abs_diff=0.000015255064 rel_diff=0.0012007502
::warning::size=4096 出力不一致（gemm crate）: gemm: index=117 reference=0.012689356 candidate=0.01272583 abs_diff=0.000036474317 rel_diff=0.002866164
{"date":"2026-09-07","commit":"unknown","hw":"linux/aarch64 (20 logical cores)","boundary":"device_resident","impl":"self_gemm_blis_parallel","lib_version":"0.1.0","impl_threads":10,"size":4096,"warmup":20,"iters":20,"tflops_median":1.1282,"tflops_q1":1.1265,"tflops_q3":1.1300,"output_match":true,"mismatch_detail":null}
{"date":"2026-09-07","commit":"unknown","hw":"linux/aarch64 (20 logical cores)","boundary":"device_resident","impl":"matrixmultiply","lib_version":"0.3.11","impl_threads":1,"size":4096,"warmup":20,"iters":20,"tflops_median":0.1288,"tflops_q1":0.1287,"tflops_q3":0.1288,"output_match":false,"mismatch_detail":"matrixmultiply: index=117 reference=0.012689356 candidate=0.012704611 abs_diff=0.000015255064 rel_diff=0.0012007502"}
{"date":"2026-09-07","commit":"unknown","hw":"linux/aarch64 (20 logical cores)","boundary":"device_resident","impl":"gemm","lib_version":"0.19.0","impl_threads":10,"size":4096,"warmup":20,"iters":20,"tflops_median":1.0068,"tflops_q1":0.9972,"tflops_q3":1.0136,"output_match":false,"mismatch_detail":"gemm: index=117 reference=0.012689356 candidate=0.01272583 abs_diff=0.000036474317 rel_diff=0.002866164"}
::error::出力突合 NG（統一複合判定: 相対誤差 1e-3 未満 または 絶対誤差 1e-5 未満）を検出した。各 JSON Lines レコードの output_match / mismatch_detail を参照。既知の限界は docs/oss-comparison-harness-decision.md「出力突合とその限界」節を参照。
== RAYON_NUM_THREADS=10 run=5 rc=1 ==
== RAYON_NUM_THREADS=20 run=1 taskset=none ==
oss-gemm-compare: commit=unknown hw=linux/aarch64 (20 logical cores) rayon_threads=20
::warning::size=1024 出力不一致（matrixmultiply）: matrixmultiply: index=5119 reference=-0.0021471737 candidate=-0.0021572113 abs_diff=0.000010037562 rel_diff=0.004653027
{"date":"2026-09-07","commit":"unknown","hw":"linux/aarch64 (20 logical cores)","boundary":"device_resident","impl":"self_gemm_blis_parallel","lib_version":"0.1.0","impl_threads":20,"size":1024,"warmup":20,"iters":20,"tflops_median":0.5356,"tflops_q1":0.5296,"tflops_q3":0.5541,"output_match":true,"mismatch_detail":null}
{"date":"2026-09-07","commit":"unknown","hw":"linux/aarch64 (20 logical cores)","boundary":"device_resident","impl":"matrixmultiply","lib_version":"0.3.11","impl_threads":1,"size":1024,"warmup":20,"iters":20,"tflops_median":0.1320,"tflops_q1":0.1319,"tflops_q3":0.1320,"output_match":false,"mismatch_detail":"matrixmultiply: index=5119 reference=-0.0021471737 candidate=-0.0021572113 abs_diff=0.000010037562 rel_diff=0.004653027"}
{"date":"2026-09-07","commit":"unknown","hw":"linux/aarch64 (20 logical cores)","boundary":"device_resident","impl":"gemm","lib_version":"0.19.0","impl_threads":20,"size":1024,"warmup":20,"iters":20,"tflops_median":0.5796,"tflops_q1":0.5680,"tflops_q3":0.6220,"output_match":true,"mismatch_detail":null}
::warning::size=2048 出力不一致（matrixmultiply）: matrixmultiply: index=1988 reference=-0.0072821276 candidate=-0.00727129 abs_diff=0.000010837801 rel_diff=0.001488274
::warning::size=2048 出力不一致（gemm crate）: gemm: index=7264 reference=-0.004956358 candidate=-0.0049700737 abs_diff=0.000013715588 rel_diff=0.0027596347
{"date":"2026-09-07","commit":"unknown","hw":"linux/aarch64 (20 logical cores)","boundary":"device_resident","impl":"self_gemm_blis_parallel","lib_version":"0.1.0","impl_threads":20,"size":2048,"warmup":20,"iters":20,"tflops_median":0.6861,"tflops_q1":0.6780,"tflops_q3":0.7027,"output_match":true,"mismatch_detail":null}
{"date":"2026-09-07","commit":"unknown","hw":"linux/aarch64 (20 logical cores)","boundary":"device_resident","impl":"matrixmultiply","lib_version":"0.3.11","impl_threads":1,"size":2048,"warmup":20,"iters":20,"tflops_median":0.1299,"tflops_q1":0.1299,"tflops_q3":0.1299,"output_match":false,"mismatch_detail":"matrixmultiply: index=1988 reference=-0.0072821276 candidate=-0.00727129 abs_diff=0.000010837801 rel_diff=0.001488274"}
{"date":"2026-09-07","commit":"unknown","hw":"linux/aarch64 (20 logical cores)","boundary":"device_resident","impl":"gemm","lib_version":"0.19.0","impl_threads":20,"size":2048,"warmup":20,"iters":20,"tflops_median":0.7007,"tflops_q1":0.6852,"tflops_q3":0.7049,"output_match":false,"mismatch_detail":"gemm: index=7264 reference=-0.004956358 candidate=-0.0049700737 abs_diff=0.000013715588 rel_diff=0.0027596347"}
::warning::size=4096 出力不一致（matrixmultiply）: matrixmultiply: index=117 reference=0.012689356 candidate=0.012704611 abs_diff=0.000015255064 rel_diff=0.0012007502
::warning::size=4096 出力不一致（gemm crate）: gemm: index=117 reference=0.012689356 candidate=0.01272583 abs_diff=0.000036474317 rel_diff=0.002866164
{"date":"2026-09-07","commit":"unknown","hw":"linux/aarch64 (20 logical cores)","boundary":"device_resident","impl":"self_gemm_blis_parallel","lib_version":"0.1.0","impl_threads":20,"size":4096,"warmup":20,"iters":20,"tflops_median":1.0874,"tflops_q1":1.0857,"tflops_q3":1.0929,"output_match":true,"mismatch_detail":null}
{"date":"2026-09-07","commit":"unknown","hw":"linux/aarch64 (20 logical cores)","boundary":"device_resident","impl":"matrixmultiply","lib_version":"0.3.11","impl_threads":1,"size":4096,"warmup":20,"iters":20,"tflops_median":0.1290,"tflops_q1":0.1289,"tflops_q3":0.1290,"output_match":false,"mismatch_detail":"matrixmultiply: index=117 reference=0.012689356 candidate=0.012704611 abs_diff=0.000015255064 rel_diff=0.0012007502"}
{"date":"2026-09-07","commit":"unknown","hw":"linux/aarch64 (20 logical cores)","boundary":"device_resident","impl":"gemm","lib_version":"0.19.0","impl_threads":20,"size":4096,"warmup":20,"iters":20,"tflops_median":0.7656,"tflops_q1":0.7612,"tflops_q3":0.7700,"output_match":false,"mismatch_detail":"gemm: index=117 reference=0.012689356 candidate=0.01272583 abs_diff=0.000036474317 rel_diff=0.002866164"}
::error::出力突合 NG（統一複合判定: 相対誤差 1e-3 未満 または 絶対誤差 1e-5 未満）を検出した。各 JSON Lines レコードの output_match / mismatch_detail を参照。既知の限界は docs/oss-comparison-harness-decision.md「出力突合とその限界」節を参照。
== RAYON_NUM_THREADS=20 run=1 rc=1 ==
== RAYON_NUM_THREADS=20 run=2 taskset=none ==
oss-gemm-compare: commit=unknown hw=linux/aarch64 (20 logical cores) rayon_threads=20
::warning::size=1024 出力不一致（matrixmultiply）: matrixmultiply: index=5119 reference=-0.0021471737 candidate=-0.0021572113 abs_diff=0.000010037562 rel_diff=0.004653027
{"date":"2026-09-07","commit":"unknown","hw":"linux/aarch64 (20 logical cores)","boundary":"device_resident","impl":"self_gemm_blis_parallel","lib_version":"0.1.0","impl_threads":20,"size":1024,"warmup":20,"iters":20,"tflops_median":0.5201,"tflops_q1":0.5136,"tflops_q3":0.5473,"output_match":true,"mismatch_detail":null}
{"date":"2026-09-07","commit":"unknown","hw":"linux/aarch64 (20 logical cores)","boundary":"device_resident","impl":"matrixmultiply","lib_version":"0.3.11","impl_threads":1,"size":1024,"warmup":20,"iters":20,"tflops_median":0.1319,"tflops_q1":0.1318,"tflops_q3":0.1319,"output_match":false,"mismatch_detail":"matrixmultiply: index=5119 reference=-0.0021471737 candidate=-0.0021572113 abs_diff=0.000010037562 rel_diff=0.004653027"}
{"date":"2026-09-07","commit":"unknown","hw":"linux/aarch64 (20 logical cores)","boundary":"device_resident","impl":"gemm","lib_version":"0.19.0","impl_threads":20,"size":1024,"warmup":20,"iters":20,"tflops_median":0.6142,"tflops_q1":0.5913,"tflops_q3":0.7086,"output_match":true,"mismatch_detail":null}
::warning::size=2048 出力不一致（matrixmultiply）: matrixmultiply: index=1988 reference=-0.0072821276 candidate=-0.00727129 abs_diff=0.000010837801 rel_diff=0.001488274
::warning::size=2048 出力不一致（gemm crate）: gemm: index=7264 reference=-0.004956358 candidate=-0.0049700737 abs_diff=0.000013715588 rel_diff=0.0027596347
{"date":"2026-09-07","commit":"unknown","hw":"linux/aarch64 (20 logical cores)","boundary":"device_resident","impl":"self_gemm_blis_parallel","lib_version":"0.1.0","impl_threads":20,"size":2048,"warmup":20,"iters":20,"tflops_median":0.6884,"tflops_q1":0.6782,"tflops_q3":0.7020,"output_match":true,"mismatch_detail":null}
{"date":"2026-09-07","commit":"unknown","hw":"linux/aarch64 (20 logical cores)","boundary":"device_resident","impl":"matrixmultiply","lib_version":"0.3.11","impl_threads":1,"size":2048,"warmup":20,"iters":20,"tflops_median":0.1299,"tflops_q1":0.1298,"tflops_q3":0.1299,"output_match":false,"mismatch_detail":"matrixmultiply: index=1988 reference=-0.0072821276 candidate=-0.00727129 abs_diff=0.000010837801 rel_diff=0.001488274"}
{"date":"2026-09-07","commit":"unknown","hw":"linux/aarch64 (20 logical cores)","boundary":"device_resident","impl":"gemm","lib_version":"0.19.0","impl_threads":20,"size":2048,"warmup":20,"iters":20,"tflops_median":0.6908,"tflops_q1":0.6636,"tflops_q3":0.7106,"output_match":false,"mismatch_detail":"gemm: index=7264 reference=-0.004956358 candidate=-0.0049700737 abs_diff=0.000013715588 rel_diff=0.0027596347"}
::warning::size=4096 出力不一致（matrixmultiply）: matrixmultiply: index=117 reference=0.012689356 candidate=0.012704611 abs_diff=0.000015255064 rel_diff=0.0012007502
::warning::size=4096 出力不一致（gemm crate）: gemm: index=117 reference=0.012689356 candidate=0.01272583 abs_diff=0.000036474317 rel_diff=0.002866164
{"date":"2026-09-07","commit":"unknown","hw":"linux/aarch64 (20 logical cores)","boundary":"device_resident","impl":"self_gemm_blis_parallel","lib_version":"0.1.0","impl_threads":20,"size":4096,"warmup":20,"iters":20,"tflops_median":1.0954,"tflops_q1":1.0879,"tflops_q3":1.1004,"output_match":true,"mismatch_detail":null}
{"date":"2026-09-07","commit":"unknown","hw":"linux/aarch64 (20 logical cores)","boundary":"device_resident","impl":"matrixmultiply","lib_version":"0.3.11","impl_threads":1,"size":4096,"warmup":20,"iters":20,"tflops_median":0.1287,"tflops_q1":0.1287,"tflops_q3":0.1288,"output_match":false,"mismatch_detail":"matrixmultiply: index=117 reference=0.012689356 candidate=0.012704611 abs_diff=0.000015255064 rel_diff=0.0012007502"}
{"date":"2026-09-07","commit":"unknown","hw":"linux/aarch64 (20 logical cores)","boundary":"device_resident","impl":"gemm","lib_version":"0.19.0","impl_threads":20,"size":4096,"warmup":20,"iters":20,"tflops_median":0.7680,"tflops_q1":0.7642,"tflops_q3":0.7731,"output_match":false,"mismatch_detail":"gemm: index=117 reference=0.012689356 candidate=0.01272583 abs_diff=0.000036474317 rel_diff=0.002866164"}
::error::出力突合 NG（統一複合判定: 相対誤差 1e-3 未満 または 絶対誤差 1e-5 未満）を検出した。各 JSON Lines レコードの output_match / mismatch_detail を参照。既知の限界は docs/oss-comparison-harness-decision.md「出力突合とその限界」節を参照。
== RAYON_NUM_THREADS=20 run=2 rc=1 ==
== RAYON_NUM_THREADS=20 run=3 taskset=none ==
oss-gemm-compare: commit=unknown hw=linux/aarch64 (20 logical cores) rayon_threads=20
::warning::size=1024 出力不一致（matrixmultiply）: matrixmultiply: index=5119 reference=-0.0021471737 candidate=-0.0021572113 abs_diff=0.000010037562 rel_diff=0.004653027
{"date":"2026-09-07","commit":"unknown","hw":"linux/aarch64 (20 logical cores)","boundary":"device_resident","impl":"self_gemm_blis_parallel","lib_version":"0.1.0","impl_threads":20,"size":1024,"warmup":20,"iters":20,"tflops_median":0.5464,"tflops_q1":0.5251,"tflops_q3":0.5530,"output_match":true,"mismatch_detail":null}
{"date":"2026-09-07","commit":"unknown","hw":"linux/aarch64 (20 logical cores)","boundary":"device_resident","impl":"matrixmultiply","lib_version":"0.3.11","impl_threads":1,"size":1024,"warmup":20,"iters":20,"tflops_median":0.1320,"tflops_q1":0.1320,"tflops_q3":0.1321,"output_match":false,"mismatch_detail":"matrixmultiply: index=5119 reference=-0.0021471737 candidate=-0.0021572113 abs_diff=0.000010037562 rel_diff=0.004653027"}
{"date":"2026-09-07","commit":"unknown","hw":"linux/aarch64 (20 logical cores)","boundary":"device_resident","impl":"gemm","lib_version":"0.19.0","impl_threads":20,"size":1024,"warmup":20,"iters":20,"tflops_median":0.6332,"tflops_q1":0.5826,"tflops_q3":0.6921,"output_match":true,"mismatch_detail":null}
::warning::size=2048 出力不一致（matrixmultiply）: matrixmultiply: index=1988 reference=-0.0072821276 candidate=-0.00727129 abs_diff=0.000010837801 rel_diff=0.001488274
::warning::size=2048 出力不一致（gemm crate）: gemm: index=7264 reference=-0.004956358 candidate=-0.0049700737 abs_diff=0.000013715588 rel_diff=0.0027596347
{"date":"2026-09-07","commit":"unknown","hw":"linux/aarch64 (20 logical cores)","boundary":"device_resident","impl":"self_gemm_blis_parallel","lib_version":"0.1.0","impl_threads":20,"size":2048,"warmup":20,"iters":20,"tflops_median":0.6922,"tflops_q1":0.6863,"tflops_q3":0.7002,"output_match":true,"mismatch_detail":null}
{"date":"2026-09-07","commit":"unknown","hw":"linux/aarch64 (20 logical cores)","boundary":"device_resident","impl":"matrixmultiply","lib_version":"0.3.11","impl_threads":1,"size":2048,"warmup":20,"iters":20,"tflops_median":0.1298,"tflops_q1":0.1298,"tflops_q3":0.1299,"output_match":false,"mismatch_detail":"matrixmultiply: index=1988 reference=-0.0072821276 candidate=-0.00727129 abs_diff=0.000010837801 rel_diff=0.001488274"}
{"date":"2026-09-07","commit":"unknown","hw":"linux/aarch64 (20 logical cores)","boundary":"device_resident","impl":"gemm","lib_version":"0.19.0","impl_threads":20,"size":2048,"warmup":20,"iters":20,"tflops_median":0.6860,"tflops_q1":0.6688,"tflops_q3":0.7092,"output_match":false,"mismatch_detail":"gemm: index=7264 reference=-0.004956358 candidate=-0.0049700737 abs_diff=0.000013715588 rel_diff=0.0027596347"}
::warning::size=4096 出力不一致（matrixmultiply）: matrixmultiply: index=117 reference=0.012689356 candidate=0.012704611 abs_diff=0.000015255064 rel_diff=0.0012007502
::warning::size=4096 出力不一致（gemm crate）: gemm: index=117 reference=0.012689356 candidate=0.01272583 abs_diff=0.000036474317 rel_diff=0.002866164
{"date":"2026-09-07","commit":"unknown","hw":"linux/aarch64 (20 logical cores)","boundary":"device_resident","impl":"self_gemm_blis_parallel","lib_version":"0.1.0","impl_threads":20,"size":4096,"warmup":20,"iters":20,"tflops_median":1.0954,"tflops_q1":1.0912,"tflops_q3":1.1409,"output_match":true,"mismatch_detail":null}
{"date":"2026-09-07","commit":"unknown","hw":"linux/aarch64 (20 logical cores)","boundary":"device_resident","impl":"matrixmultiply","lib_version":"0.3.11","impl_threads":1,"size":4096,"warmup":20,"iters":20,"tflops_median":0.1255,"tflops_q1":0.1255,"tflops_q3":0.1255,"output_match":false,"mismatch_detail":"matrixmultiply: index=117 reference=0.012689356 candidate=0.012704611 abs_diff=0.000015255064 rel_diff=0.0012007502"}
{"date":"2026-09-07","commit":"unknown","hw":"linux/aarch64 (20 logical cores)","boundary":"device_resident","impl":"gemm","lib_version":"0.19.0","impl_threads":20,"size":4096,"warmup":20,"iters":20,"tflops_median":0.7651,"tflops_q1":0.7638,"tflops_q3":0.7691,"output_match":false,"mismatch_detail":"gemm: index=117 reference=0.012689356 candidate=0.01272583 abs_diff=0.000036474317 rel_diff=0.002866164"}
::error::出力突合 NG（統一複合判定: 相対誤差 1e-3 未満 または 絶対誤差 1e-5 未満）を検出した。各 JSON Lines レコードの output_match / mismatch_detail を参照。既知の限界は docs/oss-comparison-harness-decision.md「出力突合とその限界」節を参照。
== RAYON_NUM_THREADS=20 run=3 rc=1 ==
== RAYON_NUM_THREADS=20 run=4 taskset=none ==
oss-gemm-compare: commit=unknown hw=linux/aarch64 (20 logical cores) rayon_threads=20
::warning::size=1024 出力不一致（matrixmultiply）: matrixmultiply: index=5119 reference=-0.0021471737 candidate=-0.0021572113 abs_diff=0.000010037562 rel_diff=0.004653027
{"date":"2026-09-07","commit":"unknown","hw":"linux/aarch64 (20 logical cores)","boundary":"device_resident","impl":"self_gemm_blis_parallel","lib_version":"0.1.0","impl_threads":20,"size":1024,"warmup":20,"iters":20,"tflops_median":0.5369,"tflops_q1":0.5208,"tflops_q3":0.5535,"output_match":true,"mismatch_detail":null}
{"date":"2026-09-07","commit":"unknown","hw":"linux/aarch64 (20 logical cores)","boundary":"device_resident","impl":"matrixmultiply","lib_version":"0.3.11","impl_threads":1,"size":1024,"warmup":20,"iters":20,"tflops_median":0.1283,"tflops_q1":0.1282,"tflops_q3":0.1284,"output_match":false,"mismatch_detail":"matrixmultiply: index=5119 reference=-0.0021471737 candidate=-0.0021572113 abs_diff=0.000010037562 rel_diff=0.004653027"}
{"date":"2026-09-07","commit":"unknown","hw":"linux/aarch64 (20 logical cores)","boundary":"device_resident","impl":"gemm","lib_version":"0.19.0","impl_threads":20,"size":1024,"warmup":20,"iters":20,"tflops_median":0.5947,"tflops_q1":0.5648,"tflops_q3":0.6434,"output_match":true,"mismatch_detail":null}
::warning::size=2048 出力不一致（matrixmultiply）: matrixmultiply: index=1988 reference=-0.0072821276 candidate=-0.00727129 abs_diff=0.000010837801 rel_diff=0.001488274
::warning::size=2048 出力不一致（gemm crate）: gemm: index=7264 reference=-0.004956358 candidate=-0.0049700737 abs_diff=0.000013715588 rel_diff=0.0027596347
{"date":"2026-09-07","commit":"unknown","hw":"linux/aarch64 (20 logical cores)","boundary":"device_resident","impl":"self_gemm_blis_parallel","lib_version":"0.1.0","impl_threads":20,"size":2048,"warmup":20,"iters":20,"tflops_median":0.7003,"tflops_q1":0.6865,"tflops_q3":0.7158,"output_match":true,"mismatch_detail":null}
{"date":"2026-09-07","commit":"unknown","hw":"linux/aarch64 (20 logical cores)","boundary":"device_resident","impl":"matrixmultiply","lib_version":"0.3.11","impl_threads":1,"size":2048,"warmup":20,"iters":20,"tflops_median":0.1270,"tflops_q1":0.1270,"tflops_q3":0.1271,"output_match":false,"mismatch_detail":"matrixmultiply: index=1988 reference=-0.0072821276 candidate=-0.00727129 abs_diff=0.000010837801 rel_diff=0.001488274"}
{"date":"2026-09-07","commit":"unknown","hw":"linux/aarch64 (20 logical cores)","boundary":"device_resident","impl":"gemm","lib_version":"0.19.0","impl_threads":20,"size":2048,"warmup":20,"iters":20,"tflops_median":0.6830,"tflops_q1":0.6729,"tflops_q3":0.6945,"output_match":false,"mismatch_detail":"gemm: index=7264 reference=-0.004956358 candidate=-0.0049700737 abs_diff=0.000013715588 rel_diff=0.0027596347"}
::warning::size=4096 出力不一致（matrixmultiply）: matrixmultiply: index=117 reference=0.012689356 candidate=0.012704611 abs_diff=0.000015255064 rel_diff=0.0012007502
::warning::size=4096 出力不一致（gemm crate）: gemm: index=117 reference=0.012689356 candidate=0.01272583 abs_diff=0.000036474317 rel_diff=0.002866164
{"date":"2026-09-07","commit":"unknown","hw":"linux/aarch64 (20 logical cores)","boundary":"device_resident","impl":"self_gemm_blis_parallel","lib_version":"0.1.0","impl_threads":20,"size":4096,"warmup":20,"iters":20,"tflops_median":1.0941,"tflops_q1":1.0873,"tflops_q3":1.0989,"output_match":true,"mismatch_detail":null}
{"date":"2026-09-07","commit":"unknown","hw":"linux/aarch64 (20 logical cores)","boundary":"device_resident","impl":"matrixmultiply","lib_version":"0.3.11","impl_threads":1,"size":4096,"warmup":20,"iters":20,"tflops_median":0.1293,"tflops_q1":0.1292,"tflops_q3":0.1293,"output_match":false,"mismatch_detail":"matrixmultiply: index=117 reference=0.012689356 candidate=0.012704611 abs_diff=0.000015255064 rel_diff=0.0012007502"}
{"date":"2026-09-07","commit":"unknown","hw":"linux/aarch64 (20 logical cores)","boundary":"device_resident","impl":"gemm","lib_version":"0.19.0","impl_threads":20,"size":4096,"warmup":20,"iters":20,"tflops_median":0.7678,"tflops_q1":0.7621,"tflops_q3":0.7737,"output_match":false,"mismatch_detail":"gemm: index=117 reference=0.012689356 candidate=0.01272583 abs_diff=0.000036474317 rel_diff=0.002866164"}
::error::出力突合 NG（統一複合判定: 相対誤差 1e-3 未満 または 絶対誤差 1e-5 未満）を検出した。各 JSON Lines レコードの output_match / mismatch_detail を参照。既知の限界は docs/oss-comparison-harness-decision.md「出力突合とその限界」節を参照。
== RAYON_NUM_THREADS=20 run=4 rc=1 ==
== RAYON_NUM_THREADS=20 run=5 taskset=none ==
oss-gemm-compare: commit=unknown hw=linux/aarch64 (20 logical cores) rayon_threads=20
::warning::size=1024 出力不一致（matrixmultiply）: matrixmultiply: index=5119 reference=-0.0021471737 candidate=-0.0021572113 abs_diff=0.000010037562 rel_diff=0.004653027
{"date":"2026-09-07","commit":"unknown","hw":"linux/aarch64 (20 logical cores)","boundary":"device_resident","impl":"self_gemm_blis_parallel","lib_version":"0.1.0","impl_threads":20,"size":1024,"warmup":20,"iters":20,"tflops_median":0.5482,"tflops_q1":0.5222,"tflops_q3":0.5591,"output_match":true,"mismatch_detail":null}
{"date":"2026-09-07","commit":"unknown","hw":"linux/aarch64 (20 logical cores)","boundary":"device_resident","impl":"matrixmultiply","lib_version":"0.3.11","impl_threads":1,"size":1024,"warmup":20,"iters":20,"tflops_median":0.1284,"tflops_q1":0.1283,"tflops_q3":0.1285,"output_match":false,"mismatch_detail":"matrixmultiply: index=5119 reference=-0.0021471737 candidate=-0.0021572113 abs_diff=0.000010037562 rel_diff=0.004653027"}
{"date":"2026-09-07","commit":"unknown","hw":"linux/aarch64 (20 logical cores)","boundary":"device_resident","impl":"gemm","lib_version":"0.19.0","impl_threads":20,"size":1024,"warmup":20,"iters":20,"tflops_median":0.5895,"tflops_q1":0.5542,"tflops_q3":0.6442,"output_match":true,"mismatch_detail":null}
::warning::size=2048 出力不一致（matrixmultiply）: matrixmultiply: index=1988 reference=-0.0072821276 candidate=-0.00727129 abs_diff=0.000010837801 rel_diff=0.001488274
::warning::size=2048 出力不一致（gemm crate）: gemm: index=7264 reference=-0.004956358 candidate=-0.0049700737 abs_diff=0.000013715588 rel_diff=0.0027596347
{"date":"2026-09-07","commit":"unknown","hw":"linux/aarch64 (20 logical cores)","boundary":"device_resident","impl":"self_gemm_blis_parallel","lib_version":"0.1.0","impl_threads":20,"size":2048,"warmup":20,"iters":20,"tflops_median":0.6859,"tflops_q1":0.6798,"tflops_q3":0.6954,"output_match":true,"mismatch_detail":null}
{"date":"2026-09-07","commit":"unknown","hw":"linux/aarch64 (20 logical cores)","boundary":"device_resident","impl":"matrixmultiply","lib_version":"0.3.11","impl_threads":1,"size":2048,"warmup":20,"iters":20,"tflops_median":0.1298,"tflops_q1":0.1288,"tflops_q3":0.1298,"output_match":false,"mismatch_detail":"matrixmultiply: index=1988 reference=-0.0072821276 candidate=-0.00727129 abs_diff=0.000010837801 rel_diff=0.001488274"}
{"date":"2026-09-07","commit":"unknown","hw":"linux/aarch64 (20 logical cores)","boundary":"device_resident","impl":"gemm","lib_version":"0.19.0","impl_threads":20,"size":2048,"warmup":20,"iters":20,"tflops_median":0.6817,"tflops_q1":0.6703,"tflops_q3":0.6981,"output_match":false,"mismatch_detail":"gemm: index=7264 reference=-0.004956358 candidate=-0.0049700737 abs_diff=0.000013715588 rel_diff=0.0027596347"}
::warning::size=4096 出力不一致（matrixmultiply）: matrixmultiply: index=117 reference=0.012689356 candidate=0.012704611 abs_diff=0.000015255064 rel_diff=0.0012007502
::warning::size=4096 出力不一致（gemm crate）: gemm: index=117 reference=0.012689356 candidate=0.01272583 abs_diff=0.000036474317 rel_diff=0.002866164
{"date":"2026-09-07","commit":"unknown","hw":"linux/aarch64 (20 logical cores)","boundary":"device_resident","impl":"self_gemm_blis_parallel","lib_version":"0.1.0","impl_threads":20,"size":4096,"warmup":20,"iters":20,"tflops_median":1.0930,"tflops_q1":1.0880,"tflops_q3":1.1388,"output_match":true,"mismatch_detail":null}
{"date":"2026-09-07","commit":"unknown","hw":"linux/aarch64 (20 logical cores)","boundary":"device_resident","impl":"matrixmultiply","lib_version":"0.3.11","impl_threads":1,"size":4096,"warmup":20,"iters":20,"tflops_median":0.1287,"tflops_q1":0.1287,"tflops_q3":0.1288,"output_match":false,"mismatch_detail":"matrixmultiply: index=117 reference=0.012689356 candidate=0.012704611 abs_diff=0.000015255064 rel_diff=0.0012007502"}
{"date":"2026-09-07","commit":"unknown","hw":"linux/aarch64 (20 logical cores)","boundary":"device_resident","impl":"gemm","lib_version":"0.19.0","impl_threads":20,"size":4096,"warmup":20,"iters":20,"tflops_median":0.7651,"tflops_q1":0.7627,"tflops_q3":0.7731,"output_match":false,"mismatch_detail":"gemm: index=117 reference=0.012689356 candidate=0.01272583 abs_diff=0.000036474317 rel_diff=0.002866164"}
::error::出力突合 NG（統一複合判定: 相対誤差 1e-3 未満 または 絶対誤差 1e-5 未満）を検出した。各 JSON Lines レコードの output_match / mismatch_detail を参照。既知の限界は docs/oss-comparison-harness-decision.md「出力突合とその限界」節を参照。
== RAYON_NUM_THREADS=20 run=5 rc=1 ==
== RAYON_NUM_THREADS=1 run=1 taskset=none ==
oss-gemm-compare: commit=unknown hw=linux/aarch64 (20 logical cores) rayon_threads=1
::warning::size=1024 出力不一致（matrixmultiply）: matrixmultiply: index=5119 reference=-0.0021471737 candidate=-0.0021572113 abs_diff=0.000010037562 rel_diff=0.004653027
{"date":"2026-09-07","commit":"unknown","hw":"linux/aarch64 (20 logical cores)","boundary":"device_resident","impl":"self_gemm_blis_parallel","lib_version":"0.1.0","impl_threads":1,"size":1024,"warmup":20,"iters":20,"tflops_median":0.1221,"tflops_q1":0.1221,"tflops_q3":0.1222,"output_match":true,"mismatch_detail":null}
{"date":"2026-09-07","commit":"unknown","hw":"linux/aarch64 (20 logical cores)","boundary":"device_resident","impl":"matrixmultiply","lib_version":"0.3.11","impl_threads":1,"size":1024,"warmup":20,"iters":20,"tflops_median":0.1292,"tflops_q1":0.1291,"tflops_q3":0.1293,"output_match":false,"mismatch_detail":"matrixmultiply: index=5119 reference=-0.0021471737 candidate=-0.0021572113 abs_diff=0.000010037562 rel_diff=0.004653027"}
{"date":"2026-09-07","commit":"unknown","hw":"linux/aarch64 (20 logical cores)","boundary":"device_resident","impl":"gemm","lib_version":"0.19.0","impl_threads":1,"size":1024,"warmup":20,"iters":20,"tflops_median":0.1224,"tflops_q1":0.1223,"tflops_q3":0.1230,"output_match":true,"mismatch_detail":null}
::warning::size=2048 出力不一致（matrixmultiply）: matrixmultiply: index=1988 reference=-0.0072821276 candidate=-0.00727129 abs_diff=0.000010837801 rel_diff=0.001488274
::warning::size=2048 出力不一致（gemm crate）: gemm: index=7264 reference=-0.004956358 candidate=-0.0049700737 abs_diff=0.000013715588 rel_diff=0.0027596347
{"date":"2026-09-07","commit":"unknown","hw":"linux/aarch64 (20 logical cores)","boundary":"device_resident","impl":"self_gemm_blis_parallel","lib_version":"0.1.0","impl_threads":1,"size":2048,"warmup":20,"iters":20,"tflops_median":0.1207,"tflops_q1":0.1207,"tflops_q3":0.1208,"output_match":true,"mismatch_detail":null}
{"date":"2026-09-07","commit":"unknown","hw":"linux/aarch64 (20 logical cores)","boundary":"device_resident","impl":"matrixmultiply","lib_version":"0.3.11","impl_threads":1,"size":2048,"warmup":20,"iters":20,"tflops_median":0.1270,"tflops_q1":0.1269,"tflops_q3":0.1270,"output_match":false,"mismatch_detail":"matrixmultiply: index=1988 reference=-0.0072821276 candidate=-0.00727129 abs_diff=0.000010837801 rel_diff=0.001488274"}
{"date":"2026-09-07","commit":"unknown","hw":"linux/aarch64 (20 logical cores)","boundary":"device_resident","impl":"gemm","lib_version":"0.19.0","impl_threads":1,"size":2048,"warmup":20,"iters":20,"tflops_median":0.1224,"tflops_q1":0.1222,"tflops_q3":0.1227,"output_match":false,"mismatch_detail":"gemm: index=7264 reference=-0.004956358 candidate=-0.0049700737 abs_diff=0.000013715588 rel_diff=0.0027596347"}
::warning::size=4096 出力不一致（matrixmultiply）: matrixmultiply: index=117 reference=0.012689356 candidate=0.012704611 abs_diff=0.000015255064 rel_diff=0.0012007502
::warning::size=4096 出力不一致（gemm crate）: gemm: index=117 reference=0.012689356 candidate=0.01272583 abs_diff=0.000036474317 rel_diff=0.002866164
{"date":"2026-09-07","commit":"unknown","hw":"linux/aarch64 (20 logical cores)","boundary":"device_resident","impl":"self_gemm_blis_parallel","lib_version":"0.1.0","impl_threads":1,"size":4096,"warmup":20,"iters":20,"tflops_median":0.1205,"tflops_q1":0.1204,"tflops_q3":0.1205,"output_match":true,"mismatch_detail":null}
{"date":"2026-09-07","commit":"unknown","hw":"linux/aarch64 (20 logical cores)","boundary":"device_resident","impl":"matrixmultiply","lib_version":"0.3.11","impl_threads":1,"size":4096,"warmup":20,"iters":20,"tflops_median":0.1262,"tflops_q1":0.1262,"tflops_q3":0.1262,"output_match":false,"mismatch_detail":"matrixmultiply: index=117 reference=0.012689356 candidate=0.012704611 abs_diff=0.000015255064 rel_diff=0.0012007502"}
{"date":"2026-09-07","commit":"unknown","hw":"linux/aarch64 (20 logical cores)","boundary":"device_resident","impl":"gemm","lib_version":"0.19.0","impl_threads":1,"size":4096,"warmup":20,"iters":20,"tflops_median":0.1232,"tflops_q1":0.1231,"tflops_q3":0.1233,"output_match":false,"mismatch_detail":"gemm: index=117 reference=0.012689356 candidate=0.01272583 abs_diff=0.000036474317 rel_diff=0.002866164"}
::error::出力突合 NG（統一複合判定: 相対誤差 1e-3 未満 または 絶対誤差 1e-5 未満）を検出した。各 JSON Lines レコードの output_match / mismatch_detail を参照。既知の限界は docs/oss-comparison-harness-decision.md「出力突合とその限界」節を参照。
== RAYON_NUM_THREADS=1 run=1 rc=1 ==
== RAYON_NUM_THREADS=1 run=2 taskset=none ==
oss-gemm-compare: commit=unknown hw=linux/aarch64 (20 logical cores) rayon_threads=1
::warning::size=1024 出力不一致（matrixmultiply）: matrixmultiply: index=5119 reference=-0.0021471737 candidate=-0.0021572113 abs_diff=0.000010037562 rel_diff=0.004653027
{"date":"2026-09-07","commit":"unknown","hw":"linux/aarch64 (20 logical cores)","boundary":"device_resident","impl":"self_gemm_blis_parallel","lib_version":"0.1.0","impl_threads":1,"size":1024,"warmup":20,"iters":20,"tflops_median":0.1223,"tflops_q1":0.1222,"tflops_q3":0.1223,"output_match":true,"mismatch_detail":null}
{"date":"2026-09-07","commit":"unknown","hw":"linux/aarch64 (20 logical cores)","boundary":"device_resident","impl":"matrixmultiply","lib_version":"0.3.11","impl_threads":1,"size":1024,"warmup":20,"iters":20,"tflops_median":0.1291,"tflops_q1":0.1290,"tflops_q3":0.1291,"output_match":false,"mismatch_detail":"matrixmultiply: index=5119 reference=-0.0021471737 candidate=-0.0021572113 abs_diff=0.000010037562 rel_diff=0.004653027"}
{"date":"2026-09-07","commit":"unknown","hw":"linux/aarch64 (20 logical cores)","boundary":"device_resident","impl":"gemm","lib_version":"0.19.0","impl_threads":1,"size":1024,"warmup":20,"iters":20,"tflops_median":0.1233,"tflops_q1":0.1227,"tflops_q3":0.1237,"output_match":true,"mismatch_detail":null}
::warning::size=2048 出力不一致（matrixmultiply）: matrixmultiply: index=1988 reference=-0.0072821276 candidate=-0.00727129 abs_diff=0.000010837801 rel_diff=0.001488274
::warning::size=2048 出力不一致（gemm crate）: gemm: index=7264 reference=-0.004956358 candidate=-0.0049700737 abs_diff=0.000013715588 rel_diff=0.0027596347
{"date":"2026-09-07","commit":"unknown","hw":"linux/aarch64 (20 logical cores)","boundary":"device_resident","impl":"self_gemm_blis_parallel","lib_version":"0.1.0","impl_threads":1,"size":2048,"warmup":20,"iters":20,"tflops_median":0.1206,"tflops_q1":0.1205,"tflops_q3":0.1206,"output_match":true,"mismatch_detail":null}
{"date":"2026-09-07","commit":"unknown","hw":"linux/aarch64 (20 logical cores)","boundary":"device_resident","impl":"matrixmultiply","lib_version":"0.3.11","impl_threads":1,"size":2048,"warmup":20,"iters":20,"tflops_median":0.1269,"tflops_q1":0.1269,"tflops_q3":0.1270,"output_match":false,"mismatch_detail":"matrixmultiply: index=1988 reference=-0.0072821276 candidate=-0.00727129 abs_diff=0.000010837801 rel_diff=0.001488274"}
{"date":"2026-09-07","commit":"unknown","hw":"linux/aarch64 (20 logical cores)","boundary":"device_resident","impl":"gemm","lib_version":"0.19.0","impl_threads":1,"size":2048,"warmup":20,"iters":20,"tflops_median":0.1222,"tflops_q1":0.1221,"tflops_q3":0.1225,"output_match":false,"mismatch_detail":"gemm: index=7264 reference=-0.004956358 candidate=-0.0049700737 abs_diff=0.000013715588 rel_diff=0.0027596347"}
::warning::size=4096 出力不一致（matrixmultiply）: matrixmultiply: index=117 reference=0.012689356 candidate=0.012704611 abs_diff=0.000015255064 rel_diff=0.0012007502
::warning::size=4096 出力不一致（gemm crate）: gemm: index=117 reference=0.012689356 candidate=0.01272583 abs_diff=0.000036474317 rel_diff=0.002866164
{"date":"2026-09-07","commit":"unknown","hw":"linux/aarch64 (20 logical cores)","boundary":"device_resident","impl":"self_gemm_blis_parallel","lib_version":"0.1.0","impl_threads":1,"size":4096,"warmup":20,"iters":20,"tflops_median":0.1207,"tflops_q1":0.1207,"tflops_q3":0.1207,"output_match":true,"mismatch_detail":null}
{"date":"2026-09-07","commit":"unknown","hw":"linux/aarch64 (20 logical cores)","boundary":"device_resident","impl":"matrixmultiply","lib_version":"0.3.11","impl_threads":1,"size":4096,"warmup":20,"iters":20,"tflops_median":0.1260,"tflops_q1":0.1260,"tflops_q3":0.1260,"output_match":false,"mismatch_detail":"matrixmultiply: index=117 reference=0.012689356 candidate=0.012704611 abs_diff=0.000015255064 rel_diff=0.0012007502"}
{"date":"2026-09-07","commit":"unknown","hw":"linux/aarch64 (20 logical cores)","boundary":"device_resident","impl":"gemm","lib_version":"0.19.0","impl_threads":1,"size":4096,"warmup":20,"iters":20,"tflops_median":0.1228,"tflops_q1":0.1228,"tflops_q3":0.1229,"output_match":false,"mismatch_detail":"gemm: index=117 reference=0.012689356 candidate=0.01272583 abs_diff=0.000036474317 rel_diff=0.002866164"}
::error::出力突合 NG（統一複合判定: 相対誤差 1e-3 未満 または 絶対誤差 1e-5 未満）を検出した。各 JSON Lines レコードの output_match / mismatch_detail を参照。既知の限界は docs/oss-comparison-harness-decision.md「出力突合とその限界」節を参照。
== RAYON_NUM_THREADS=1 run=2 rc=1 ==
== RAYON_NUM_THREADS=1 run=3 taskset=none ==
oss-gemm-compare: commit=unknown hw=linux/aarch64 (20 logical cores) rayon_threads=1
::warning::size=1024 出力不一致（matrixmultiply）: matrixmultiply: index=5119 reference=-0.0021471737 candidate=-0.0021572113 abs_diff=0.000010037562 rel_diff=0.004653027
{"date":"2026-09-07","commit":"unknown","hw":"linux/aarch64 (20 logical cores)","boundary":"device_resident","impl":"self_gemm_blis_parallel","lib_version":"0.1.0","impl_threads":1,"size":1024,"warmup":20,"iters":20,"tflops_median":0.1222,"tflops_q1":0.1222,"tflops_q3":0.1223,"output_match":true,"mismatch_detail":null}
{"date":"2026-09-07","commit":"unknown","hw":"linux/aarch64 (20 logical cores)","boundary":"device_resident","impl":"matrixmultiply","lib_version":"0.3.11","impl_threads":1,"size":1024,"warmup":20,"iters":20,"tflops_median":0.1285,"tflops_q1":0.1285,"tflops_q3":0.1286,"output_match":false,"mismatch_detail":"matrixmultiply: index=5119 reference=-0.0021471737 candidate=-0.0021572113 abs_diff=0.000010037562 rel_diff=0.004653027"}
{"date":"2026-09-07","commit":"unknown","hw":"linux/aarch64 (20 logical cores)","boundary":"device_resident","impl":"gemm","lib_version":"0.19.0","impl_threads":1,"size":1024,"warmup":20,"iters":20,"tflops_median":0.1224,"tflops_q1":0.1224,"tflops_q3":0.1237,"output_match":true,"mismatch_detail":null}
::warning::size=2048 出力不一致（matrixmultiply）: matrixmultiply: index=1988 reference=-0.0072821276 candidate=-0.00727129 abs_diff=0.000010837801 rel_diff=0.001488274
::warning::size=2048 出力不一致（gemm crate）: gemm: index=7264 reference=-0.004956358 candidate=-0.0049700737 abs_diff=0.000013715588 rel_diff=0.0027596347
{"date":"2026-09-07","commit":"unknown","hw":"linux/aarch64 (20 logical cores)","boundary":"device_resident","impl":"self_gemm_blis_parallel","lib_version":"0.1.0","impl_threads":1,"size":2048,"warmup":20,"iters":20,"tflops_median":0.1203,"tflops_q1":0.1203,"tflops_q3":0.1204,"output_match":true,"mismatch_detail":null}
{"date":"2026-09-07","commit":"unknown","hw":"linux/aarch64 (20 logical cores)","boundary":"device_resident","impl":"matrixmultiply","lib_version":"0.3.11","impl_threads":1,"size":2048,"warmup":20,"iters":20,"tflops_median":0.1260,"tflops_q1":0.1260,"tflops_q3":0.1261,"output_match":false,"mismatch_detail":"matrixmultiply: index=1988 reference=-0.0072821276 candidate=-0.00727129 abs_diff=0.000010837801 rel_diff=0.001488274"}
{"date":"2026-09-07","commit":"unknown","hw":"linux/aarch64 (20 logical cores)","boundary":"device_resident","impl":"gemm","lib_version":"0.19.0","impl_threads":1,"size":2048,"warmup":20,"iters":20,"tflops_median":0.1215,"tflops_q1":0.1213,"tflops_q3":0.1217,"output_match":false,"mismatch_detail":"gemm: index=7264 reference=-0.004956358 candidate=-0.0049700737 abs_diff=0.000013715588 rel_diff=0.0027596347"}
::warning::size=4096 出力不一致（matrixmultiply）: matrixmultiply: index=117 reference=0.012689356 candidate=0.012704611 abs_diff=0.000015255064 rel_diff=0.0012007502
::warning::size=4096 出力不一致（gemm crate）: gemm: index=117 reference=0.012689356 candidate=0.01272583 abs_diff=0.000036474317 rel_diff=0.002866164
{"date":"2026-09-07","commit":"unknown","hw":"linux/aarch64 (20 logical cores)","boundary":"device_resident","impl":"self_gemm_blis_parallel","lib_version":"0.1.0","impl_threads":1,"size":4096,"warmup":20,"iters":20,"tflops_median":0.1202,"tflops_q1":0.1201,"tflops_q3":0.1202,"output_match":true,"mismatch_detail":null}
{"date":"2026-09-07","commit":"unknown","hw":"linux/aarch64 (20 logical cores)","boundary":"device_resident","impl":"matrixmultiply","lib_version":"0.3.11","impl_threads":1,"size":4096,"warmup":20,"iters":20,"tflops_median":0.1251,"tflops_q1":0.1250,"tflops_q3":0.1252,"output_match":false,"mismatch_detail":"matrixmultiply: index=117 reference=0.012689356 candidate=0.012704611 abs_diff=0.000015255064 rel_diff=0.0012007502"}
{"date":"2026-09-07","commit":"unknown","hw":"linux/aarch64 (20 logical cores)","boundary":"device_resident","impl":"gemm","lib_version":"0.19.0","impl_threads":1,"size":4096,"warmup":20,"iters":20,"tflops_median":0.1224,"tflops_q1":0.1224,"tflops_q3":0.1225,"output_match":false,"mismatch_detail":"gemm: index=117 reference=0.012689356 candidate=0.01272583 abs_diff=0.000036474317 rel_diff=0.002866164"}
::error::出力突合 NG（統一複合判定: 相対誤差 1e-3 未満 または 絶対誤差 1e-5 未満）を検出した。各 JSON Lines レコードの output_match / mismatch_detail を参照。既知の限界は docs/oss-comparison-harness-decision.md「出力突合とその限界」節を参照。
== RAYON_NUM_THREADS=1 run=3 rc=1 ==
== RAYON_NUM_THREADS=1 run=4 taskset=none ==
oss-gemm-compare: commit=unknown hw=linux/aarch64 (20 logical cores) rayon_threads=1
::warning::size=1024 出力不一致（matrixmultiply）: matrixmultiply: index=5119 reference=-0.0021471737 candidate=-0.0021572113 abs_diff=0.000010037562 rel_diff=0.004653027
{"date":"2026-09-07","commit":"unknown","hw":"linux/aarch64 (20 logical cores)","boundary":"device_resident","impl":"self_gemm_blis_parallel","lib_version":"0.1.0","impl_threads":1,"size":1024,"warmup":20,"iters":20,"tflops_median":0.1226,"tflops_q1":0.1225,"tflops_q3":0.1226,"output_match":true,"mismatch_detail":null}
{"date":"2026-09-07","commit":"unknown","hw":"linux/aarch64 (20 logical cores)","boundary":"device_resident","impl":"matrixmultiply","lib_version":"0.3.11","impl_threads":1,"size":1024,"warmup":20,"iters":20,"tflops_median":0.1291,"tflops_q1":0.1290,"tflops_q3":0.1291,"output_match":false,"mismatch_detail":"matrixmultiply: index=5119 reference=-0.0021471737 candidate=-0.0021572113 abs_diff=0.000010037562 rel_diff=0.004653027"}
{"date":"2026-09-07","commit":"unknown","hw":"linux/aarch64 (20 logical cores)","boundary":"device_resident","impl":"gemm","lib_version":"0.19.0","impl_threads":1,"size":1024,"warmup":20,"iters":20,"tflops_median":0.1226,"tflops_q1":0.1225,"tflops_q3":0.1227,"output_match":true,"mismatch_detail":null}
::warning::size=2048 出力不一致（matrixmultiply）: matrixmultiply: index=1988 reference=-0.0072821276 candidate=-0.00727129 abs_diff=0.000010837801 rel_diff=0.001488274
::warning::size=2048 出力不一致（gemm crate）: gemm: index=7264 reference=-0.004956358 candidate=-0.0049700737 abs_diff=0.000013715588 rel_diff=0.0027596347
{"date":"2026-09-07","commit":"unknown","hw":"linux/aarch64 (20 logical cores)","boundary":"device_resident","impl":"self_gemm_blis_parallel","lib_version":"0.1.0","impl_threads":1,"size":2048,"warmup":20,"iters":20,"tflops_median":0.1209,"tflops_q1":0.1208,"tflops_q3":0.1209,"output_match":true,"mismatch_detail":null}
{"date":"2026-09-07","commit":"unknown","hw":"linux/aarch64 (20 logical cores)","boundary":"device_resident","impl":"matrixmultiply","lib_version":"0.3.11","impl_threads":1,"size":2048,"warmup":20,"iters":20,"tflops_median":0.1270,"tflops_q1":0.1269,"tflops_q3":0.1270,"output_match":false,"mismatch_detail":"matrixmultiply: index=1988 reference=-0.0072821276 candidate=-0.00727129 abs_diff=0.000010837801 rel_diff=0.001488274"}
{"date":"2026-09-07","commit":"unknown","hw":"linux/aarch64 (20 logical cores)","boundary":"device_resident","impl":"gemm","lib_version":"0.19.0","impl_threads":1,"size":2048,"warmup":20,"iters":20,"tflops_median":0.1222,"tflops_q1":0.1220,"tflops_q3":0.1222,"output_match":false,"mismatch_detail":"gemm: index=7264 reference=-0.004956358 candidate=-0.0049700737 abs_diff=0.000013715588 rel_diff=0.0027596347"}
::warning::size=4096 出力不一致（matrixmultiply）: matrixmultiply: index=117 reference=0.012689356 candidate=0.012704611 abs_diff=0.000015255064 rel_diff=0.0012007502
::warning::size=4096 出力不一致（gemm crate）: gemm: index=117 reference=0.012689356 candidate=0.01272583 abs_diff=0.000036474317 rel_diff=0.002866164
{"date":"2026-09-07","commit":"unknown","hw":"linux/aarch64 (20 logical cores)","boundary":"device_resident","impl":"self_gemm_blis_parallel","lib_version":"0.1.0","impl_threads":1,"size":4096,"warmup":20,"iters":20,"tflops_median":0.1202,"tflops_q1":0.1201,"tflops_q3":0.1202,"output_match":true,"mismatch_detail":null}
{"date":"2026-09-07","commit":"unknown","hw":"linux/aarch64 (20 logical cores)","boundary":"device_resident","impl":"matrixmultiply","lib_version":"0.3.11","impl_threads":1,"size":4096,"warmup":20,"iters":20,"tflops_median":0.1261,"tflops_q1":0.1261,"tflops_q3":0.1261,"output_match":false,"mismatch_detail":"matrixmultiply: index=117 reference=0.012689356 candidate=0.012704611 abs_diff=0.000015255064 rel_diff=0.0012007502"}
{"date":"2026-09-07","commit":"unknown","hw":"linux/aarch64 (20 logical cores)","boundary":"device_resident","impl":"gemm","lib_version":"0.19.0","impl_threads":1,"size":4096,"warmup":20,"iters":20,"tflops_median":0.1232,"tflops_q1":0.1231,"tflops_q3":0.1233,"output_match":false,"mismatch_detail":"gemm: index=117 reference=0.012689356 candidate=0.01272583 abs_diff=0.000036474317 rel_diff=0.002866164"}
::error::出力突合 NG（統一複合判定: 相対誤差 1e-3 未満 または 絶対誤差 1e-5 未満）を検出した。各 JSON Lines レコードの output_match / mismatch_detail を参照。既知の限界は docs/oss-comparison-harness-decision.md「出力突合とその限界」節を参照。
== RAYON_NUM_THREADS=1 run=4 rc=1 ==
== RAYON_NUM_THREADS=1 run=5 taskset=none ==
oss-gemm-compare: commit=unknown hw=linux/aarch64 (20 logical cores) rayon_threads=1
::warning::size=1024 出力不一致（matrixmultiply）: matrixmultiply: index=5119 reference=-0.0021471737 candidate=-0.0021572113 abs_diff=0.000010037562 rel_diff=0.004653027
{"date":"2026-09-07","commit":"unknown","hw":"linux/aarch64 (20 logical cores)","boundary":"device_resident","impl":"self_gemm_blis_parallel","lib_version":"0.1.0","impl_threads":1,"size":1024,"warmup":20,"iters":20,"tflops_median":0.1223,"tflops_q1":0.1222,"tflops_q3":0.1224,"output_match":true,"mismatch_detail":null}
{"date":"2026-09-07","commit":"unknown","hw":"linux/aarch64 (20 logical cores)","boundary":"device_resident","impl":"matrixmultiply","lib_version":"0.3.11","impl_threads":1,"size":1024,"warmup":20,"iters":20,"tflops_median":0.1286,"tflops_q1":0.1286,"tflops_q3":0.1287,"output_match":false,"mismatch_detail":"matrixmultiply: index=5119 reference=-0.0021471737 candidate=-0.0021572113 abs_diff=0.000010037562 rel_diff=0.004653027"}
{"date":"2026-09-07","commit":"unknown","hw":"linux/aarch64 (20 logical cores)","boundary":"device_resident","impl":"gemm","lib_version":"0.19.0","impl_threads":1,"size":1024,"warmup":20,"iters":20,"tflops_median":0.1215,"tflops_q1":0.1215,"tflops_q3":0.1216,"output_match":true,"mismatch_detail":null}
::warning::size=2048 出力不一致（matrixmultiply）: matrixmultiply: index=1988 reference=-0.0072821276 candidate=-0.00727129 abs_diff=0.000010837801 rel_diff=0.001488274
::warning::size=2048 出力不一致（gemm crate）: gemm: index=7264 reference=-0.004956358 candidate=-0.0049700737 abs_diff=0.000013715588 rel_diff=0.0027596347
{"date":"2026-09-07","commit":"unknown","hw":"linux/aarch64 (20 logical cores)","boundary":"device_resident","impl":"self_gemm_blis_parallel","lib_version":"0.1.0","impl_threads":1,"size":2048,"warmup":20,"iters":20,"tflops_median":0.1204,"tflops_q1":0.1203,"tflops_q3":0.1204,"output_match":true,"mismatch_detail":null}
{"date":"2026-09-07","commit":"unknown","hw":"linux/aarch64 (20 logical cores)","boundary":"device_resident","impl":"matrixmultiply","lib_version":"0.3.11","impl_threads":1,"size":2048,"warmup":20,"iters":20,"tflops_median":0.1262,"tflops_q1":0.1262,"tflops_q3":0.1263,"output_match":false,"mismatch_detail":"matrixmultiply: index=1988 reference=-0.0072821276 candidate=-0.00727129 abs_diff=0.000010837801 rel_diff=0.001488274"}
{"date":"2026-09-07","commit":"unknown","hw":"linux/aarch64 (20 logical cores)","boundary":"device_resident","impl":"gemm","lib_version":"0.19.0","impl_threads":1,"size":2048,"warmup":20,"iters":20,"tflops_median":0.1203,"tflops_q1":0.1202,"tflops_q3":0.1204,"output_match":false,"mismatch_detail":"gemm: index=7264 reference=-0.004956358 candidate=-0.0049700737 abs_diff=0.000013715588 rel_diff=0.0027596347"}
::warning::size=4096 出力不一致（matrixmultiply）: matrixmultiply: index=117 reference=0.012689356 candidate=0.012704611 abs_diff=0.000015255064 rel_diff=0.0012007502
::warning::size=4096 出力不一致（gemm crate）: gemm: index=117 reference=0.012689356 candidate=0.01272583 abs_diff=0.000036474317 rel_diff=0.002866164
{"date":"2026-09-07","commit":"unknown","hw":"linux/aarch64 (20 logical cores)","boundary":"device_resident","impl":"self_gemm_blis_parallel","lib_version":"0.1.0","impl_threads":1,"size":4096,"warmup":20,"iters":20,"tflops_median":0.1198,"tflops_q1":0.1198,"tflops_q3":0.1199,"output_match":true,"mismatch_detail":null}
{"date":"2026-09-07","commit":"unknown","hw":"linux/aarch64 (20 logical cores)","boundary":"device_resident","impl":"matrixmultiply","lib_version":"0.3.11","impl_threads":1,"size":4096,"warmup":20,"iters":20,"tflops_median":0.1253,"tflops_q1":0.1253,"tflops_q3":0.1253,"output_match":false,"mismatch_detail":"matrixmultiply: index=117 reference=0.012689356 candidate=0.012704611 abs_diff=0.000015255064 rel_diff=0.0012007502"}
{"date":"2026-09-07","commit":"unknown","hw":"linux/aarch64 (20 logical cores)","boundary":"device_resident","impl":"gemm","lib_version":"0.19.0","impl_threads":1,"size":4096,"warmup":20,"iters":20,"tflops_median":0.1203,"tflops_q1":0.1202,"tflops_q3":0.1203,"output_match":false,"mismatch_detail":"gemm: index=117 reference=0.012689356 candidate=0.01272583 abs_diff=0.000036474317 rel_diff=0.002866164"}
::error::出力突合 NG（統一複合判定: 相対誤差 1e-3 未満 または 絶対誤差 1e-5 未満）を検出した。各 JSON Lines レコードの output_match / mismatch_detail を参照。既知の限界は docs/oss-comparison-harness-decision.md「出力突合とその限界」節を参照。
== RAYON_NUM_THREADS=1 run=5 rc=1 ==
== RAYON_NUM_THREADS=2 run=1 taskset=none ==
oss-gemm-compare: commit=unknown hw=linux/aarch64 (20 logical cores) rayon_threads=2
::warning::size=1024 出力不一致（matrixmultiply）: matrixmultiply: index=5119 reference=-0.0021471737 candidate=-0.0021572113 abs_diff=0.000010037562 rel_diff=0.004653027
{"date":"2026-09-07","commit":"unknown","hw":"linux/aarch64 (20 logical cores)","boundary":"device_resident","impl":"self_gemm_blis_parallel","lib_version":"0.1.0","impl_threads":2,"size":1024,"warmup":20,"iters":20,"tflops_median":0.2207,"tflops_q1":0.2121,"tflops_q3":0.2359,"output_match":true,"mismatch_detail":null}
{"date":"2026-09-07","commit":"unknown","hw":"linux/aarch64 (20 logical cores)","boundary":"device_resident","impl":"matrixmultiply","lib_version":"0.3.11","impl_threads":1,"size":1024,"warmup":20,"iters":20,"tflops_median":0.1288,"tflops_q1":0.1287,"tflops_q3":0.1289,"output_match":false,"mismatch_detail":"matrixmultiply: index=5119 reference=-0.0021471737 candidate=-0.0021572113 abs_diff=0.000010037562 rel_diff=0.004653027"}
{"date":"2026-09-07","commit":"unknown","hw":"linux/aarch64 (20 logical cores)","boundary":"device_resident","impl":"gemm","lib_version":"0.19.0","impl_threads":2,"size":1024,"warmup":20,"iters":20,"tflops_median":0.2351,"tflops_q1":0.2293,"tflops_q3":0.2383,"output_match":true,"mismatch_detail":null}
::warning::size=2048 出力不一致（matrixmultiply）: matrixmultiply: index=1988 reference=-0.0072821276 candidate=-0.00727129 abs_diff=0.000010837801 rel_diff=0.001488274
::warning::size=2048 出力不一致（gemm crate）: gemm: index=7264 reference=-0.004956358 candidate=-0.0049700737 abs_diff=0.000013715588 rel_diff=0.0027596347
{"date":"2026-09-07","commit":"unknown","hw":"linux/aarch64 (20 logical cores)","boundary":"device_resident","impl":"self_gemm_blis_parallel","lib_version":"0.1.0","impl_threads":2,"size":2048,"warmup":20,"iters":20,"tflops_median":0.2413,"tflops_q1":0.2408,"tflops_q3":0.2416,"output_match":true,"mismatch_detail":null}
{"date":"2026-09-07","commit":"unknown","hw":"linux/aarch64 (20 logical cores)","boundary":"device_resident","impl":"matrixmultiply","lib_version":"0.3.11","impl_threads":1,"size":2048,"warmup":20,"iters":20,"tflops_median":0.1271,"tflops_q1":0.1270,"tflops_q3":0.1271,"output_match":false,"mismatch_detail":"matrixmultiply: index=1988 reference=-0.0072821276 candidate=-0.00727129 abs_diff=0.000010837801 rel_diff=0.001488274"}
{"date":"2026-09-07","commit":"unknown","hw":"linux/aarch64 (20 logical cores)","boundary":"device_resident","impl":"gemm","lib_version":"0.19.0","impl_threads":2,"size":2048,"warmup":20,"iters":20,"tflops_median":0.2329,"tflops_q1":0.2320,"tflops_q3":0.2376,"output_match":false,"mismatch_detail":"gemm: index=7264 reference=-0.004956358 candidate=-0.0049700737 abs_diff=0.000013715588 rel_diff=0.0027596347"}
::warning::size=4096 出力不一致（matrixmultiply）: matrixmultiply: index=117 reference=0.012689356 candidate=0.012704611 abs_diff=0.000015255064 rel_diff=0.0012007502
::warning::size=4096 出力不一致（gemm crate）: gemm: index=117 reference=0.012689356 candidate=0.01272583 abs_diff=0.000036474317 rel_diff=0.002866164
{"date":"2026-09-07","commit":"unknown","hw":"linux/aarch64 (20 logical cores)","boundary":"device_resident","impl":"self_gemm_blis_parallel","lib_version":"0.1.0","impl_threads":2,"size":4096,"warmup":20,"iters":20,"tflops_median":0.2413,"tflops_q1":0.2412,"tflops_q3":0.2417,"output_match":true,"mismatch_detail":null}
{"date":"2026-09-07","commit":"unknown","hw":"linux/aarch64 (20 logical cores)","boundary":"device_resident","impl":"matrixmultiply","lib_version":"0.3.11","impl_threads":1,"size":4096,"warmup":20,"iters":20,"tflops_median":0.1262,"tflops_q1":0.1262,"tflops_q3":0.1262,"output_match":false,"mismatch_detail":"matrixmultiply: index=117 reference=0.012689356 candidate=0.012704611 abs_diff=0.000015255064 rel_diff=0.0012007502"}
{"date":"2026-09-07","commit":"unknown","hw":"linux/aarch64 (20 logical cores)","boundary":"device_resident","impl":"gemm","lib_version":"0.19.0","impl_threads":2,"size":4096,"warmup":20,"iters":20,"tflops_median":0.2421,"tflops_q1":0.2418,"tflops_q3":0.2426,"output_match":false,"mismatch_detail":"gemm: index=117 reference=0.012689356 candidate=0.01272583 abs_diff=0.000036474317 rel_diff=0.002866164"}
::error::出力突合 NG（統一複合判定: 相対誤差 1e-3 未満 または 絶対誤差 1e-5 未満）を検出した。各 JSON Lines レコードの output_match / mismatch_detail を参照。既知の限界は docs/oss-comparison-harness-decision.md「出力突合とその限界」節を参照。
== RAYON_NUM_THREADS=2 run=1 rc=1 ==
== RAYON_NUM_THREADS=2 run=2 taskset=none ==
oss-gemm-compare: commit=unknown hw=linux/aarch64 (20 logical cores) rayon_threads=2
::warning::size=1024 出力不一致（matrixmultiply）: matrixmultiply: index=5119 reference=-0.0021471737 candidate=-0.0021572113 abs_diff=0.000010037562 rel_diff=0.004653027
{"date":"2026-09-07","commit":"unknown","hw":"linux/aarch64 (20 logical cores)","boundary":"device_resident","impl":"self_gemm_blis_parallel","lib_version":"0.1.0","impl_threads":2,"size":1024,"warmup":20,"iters":20,"tflops_median":0.2215,"tflops_q1":0.2137,"tflops_q3":0.2293,"output_match":true,"mismatch_detail":null}
{"date":"2026-09-07","commit":"unknown","hw":"linux/aarch64 (20 logical cores)","boundary":"device_resident","impl":"matrixmultiply","lib_version":"0.3.11","impl_threads":1,"size":1024,"warmup":20,"iters":20,"tflops_median":0.1334,"tflops_q1":0.1333,"tflops_q3":0.1335,"output_match":false,"mismatch_detail":"matrixmultiply: index=5119 reference=-0.0021471737 candidate=-0.0021572113 abs_diff=0.000010037562 rel_diff=0.004653027"}
{"date":"2026-09-07","commit":"unknown","hw":"linux/aarch64 (20 logical cores)","boundary":"device_resident","impl":"gemm","lib_version":"0.19.0","impl_threads":2,"size":1024,"warmup":20,"iters":20,"tflops_median":0.2111,"tflops_q1":0.1932,"tflops_q3":0.2184,"output_match":true,"mismatch_detail":null}
::warning::size=2048 出力不一致（matrixmultiply）: matrixmultiply: index=1988 reference=-0.0072821276 candidate=-0.00727129 abs_diff=0.000010837801 rel_diff=0.001488274
::warning::size=2048 出力不一致（gemm crate）: gemm: index=7264 reference=-0.004956358 candidate=-0.0049700737 abs_diff=0.000013715588 rel_diff=0.0027596347
{"date":"2026-09-07","commit":"unknown","hw":"linux/aarch64 (20 logical cores)","boundary":"device_resident","impl":"self_gemm_blis_parallel","lib_version":"0.1.0","impl_threads":2,"size":2048,"warmup":20,"iters":20,"tflops_median":0.2405,"tflops_q1":0.2401,"tflops_q3":0.2410,"output_match":true,"mismatch_detail":null}
{"date":"2026-09-07","commit":"unknown","hw":"linux/aarch64 (20 logical cores)","boundary":"device_resident","impl":"matrixmultiply","lib_version":"0.3.11","impl_threads":1,"size":2048,"warmup":20,"iters":20,"tflops_median":0.1315,"tflops_q1":0.1314,"tflops_q3":0.1315,"output_match":false,"mismatch_detail":"matrixmultiply: index=1988 reference=-0.0072821276 candidate=-0.00727129 abs_diff=0.000010837801 rel_diff=0.001488274"}
{"date":"2026-09-07","commit":"unknown","hw":"linux/aarch64 (20 logical cores)","boundary":"device_resident","impl":"gemm","lib_version":"0.19.0","impl_threads":2,"size":2048,"warmup":20,"iters":20,"tflops_median":0.2288,"tflops_q1":0.2276,"tflops_q3":0.2336,"output_match":false,"mismatch_detail":"gemm: index=7264 reference=-0.004956358 candidate=-0.0049700737 abs_diff=0.000013715588 rel_diff=0.0027596347"}
::warning::size=4096 出力不一致（matrixmultiply）: matrixmultiply: index=117 reference=0.012689356 candidate=0.012704611 abs_diff=0.000015255064 rel_diff=0.0012007502
::warning::size=4096 出力不一致（gemm crate）: gemm: index=117 reference=0.012689356 candidate=0.01272583 abs_diff=0.000036474317 rel_diff=0.002866164
{"date":"2026-09-07","commit":"unknown","hw":"linux/aarch64 (20 logical cores)","boundary":"device_resident","impl":"self_gemm_blis_parallel","lib_version":"0.1.0","impl_threads":2,"size":4096,"warmup":20,"iters":20,"tflops_median":0.2404,"tflops_q1":0.2400,"tflops_q3":0.2407,"output_match":true,"mismatch_detail":null}
{"date":"2026-09-07","commit":"unknown","hw":"linux/aarch64 (20 logical cores)","boundary":"device_resident","impl":"matrixmultiply","lib_version":"0.3.11","impl_threads":1,"size":4096,"warmup":20,"iters":20,"tflops_median":0.1304,"tflops_q1":0.1302,"tflops_q3":0.1304,"output_match":false,"mismatch_detail":"matrixmultiply: index=117 reference=0.012689356 candidate=0.012704611 abs_diff=0.000015255064 rel_diff=0.0012007502"}
{"date":"2026-09-07","commit":"unknown","hw":"linux/aarch64 (20 logical cores)","boundary":"device_resident","impl":"gemm","lib_version":"0.19.0","impl_threads":2,"size":4096,"warmup":20,"iters":20,"tflops_median":0.2408,"tflops_q1":0.2403,"tflops_q3":0.2417,"output_match":false,"mismatch_detail":"gemm: index=117 reference=0.012689356 candidate=0.01272583 abs_diff=0.000036474317 rel_diff=0.002866164"}
::error::出力突合 NG（統一複合判定: 相対誤差 1e-3 未満 または 絶対誤差 1e-5 未満）を検出した。各 JSON Lines レコードの output_match / mismatch_detail を参照。既知の限界は docs/oss-comparison-harness-decision.md「出力突合とその限界」節を参照。
== RAYON_NUM_THREADS=2 run=2 rc=1 ==
== RAYON_NUM_THREADS=2 run=3 taskset=none ==
oss-gemm-compare: commit=unknown hw=linux/aarch64 (20 logical cores) rayon_threads=2
::warning::size=1024 出力不一致（matrixmultiply）: matrixmultiply: index=5119 reference=-0.0021471737 candidate=-0.0021572113 abs_diff=0.000010037562 rel_diff=0.004653027
{"date":"2026-09-07","commit":"unknown","hw":"linux/aarch64 (20 logical cores)","boundary":"device_resident","impl":"self_gemm_blis_parallel","lib_version":"0.1.0","impl_threads":2,"size":1024,"warmup":20,"iters":20,"tflops_median":0.2243,"tflops_q1":0.2145,"tflops_q3":0.2308,"output_match":true,"mismatch_detail":null}
{"date":"2026-09-07","commit":"unknown","hw":"linux/aarch64 (20 logical cores)","boundary":"device_resident","impl":"matrixmultiply","lib_version":"0.3.11","impl_threads":1,"size":1024,"warmup":20,"iters":20,"tflops_median":0.1336,"tflops_q1":0.1336,"tflops_q3":0.1337,"output_match":false,"mismatch_detail":"matrixmultiply: index=5119 reference=-0.0021471737 candidate=-0.0021572113 abs_diff=0.000010037562 rel_diff=0.004653027"}
{"date":"2026-09-07","commit":"unknown","hw":"linux/aarch64 (20 logical cores)","boundary":"device_resident","impl":"gemm","lib_version":"0.19.0","impl_threads":2,"size":1024,"warmup":20,"iters":20,"tflops_median":0.2345,"tflops_q1":0.2156,"tflops_q3":0.2389,"output_match":true,"mismatch_detail":null}
::warning::size=2048 出力不一致（matrixmultiply）: matrixmultiply: index=1988 reference=-0.0072821276 candidate=-0.00727129 abs_diff=0.000010837801 rel_diff=0.001488274
::warning::size=2048 出力不一致（gemm crate）: gemm: index=7264 reference=-0.004956358 candidate=-0.0049700737 abs_diff=0.000013715588 rel_diff=0.0027596347
{"date":"2026-09-07","commit":"unknown","hw":"linux/aarch64 (20 logical cores)","boundary":"device_resident","impl":"self_gemm_blis_parallel","lib_version":"0.1.0","impl_threads":2,"size":2048,"warmup":20,"iters":20,"tflops_median":0.2404,"tflops_q1":0.2399,"tflops_q3":0.2406,"output_match":true,"mismatch_detail":null}
{"date":"2026-09-07","commit":"unknown","hw":"linux/aarch64 (20 logical cores)","boundary":"device_resident","impl":"matrixmultiply","lib_version":"0.3.11","impl_threads":1,"size":2048,"warmup":20,"iters":20,"tflops_median":0.1317,"tflops_q1":0.1316,"tflops_q3":0.1318,"output_match":false,"mismatch_detail":"matrixmultiply: index=1988 reference=-0.0072821276 candidate=-0.00727129 abs_diff=0.000010837801 rel_diff=0.001488274"}
{"date":"2026-09-07","commit":"unknown","hw":"linux/aarch64 (20 logical cores)","boundary":"device_resident","impl":"gemm","lib_version":"0.19.0","impl_threads":2,"size":2048,"warmup":20,"iters":20,"tflops_median":0.2304,"tflops_q1":0.2273,"tflops_q3":0.2375,"output_match":false,"mismatch_detail":"gemm: index=7264 reference=-0.004956358 candidate=-0.0049700737 abs_diff=0.000013715588 rel_diff=0.0027596347"}
::warning::size=4096 出力不一致（matrixmultiply）: matrixmultiply: index=117 reference=0.012689356 candidate=0.012704611 abs_diff=0.000015255064 rel_diff=0.0012007502
::warning::size=4096 出力不一致（gemm crate）: gemm: index=117 reference=0.012689356 candidate=0.01272583 abs_diff=0.000036474317 rel_diff=0.002866164
{"date":"2026-09-07","commit":"unknown","hw":"linux/aarch64 (20 logical cores)","boundary":"device_resident","impl":"self_gemm_blis_parallel","lib_version":"0.1.0","impl_threads":2,"size":4096,"warmup":20,"iters":20,"tflops_median":0.2403,"tflops_q1":0.2399,"tflops_q3":0.2409,"output_match":true,"mismatch_detail":null}
{"date":"2026-09-07","commit":"unknown","hw":"linux/aarch64 (20 logical cores)","boundary":"device_resident","impl":"matrixmultiply","lib_version":"0.3.11","impl_threads":1,"size":4096,"warmup":20,"iters":20,"tflops_median":0.1306,"tflops_q1":0.1306,"tflops_q3":0.1307,"output_match":false,"mismatch_detail":"matrixmultiply: index=117 reference=0.012689356 candidate=0.012704611 abs_diff=0.000015255064 rel_diff=0.0012007502"}
{"date":"2026-09-07","commit":"unknown","hw":"linux/aarch64 (20 logical cores)","boundary":"device_resident","impl":"gemm","lib_version":"0.19.0","impl_threads":2,"size":4096,"warmup":20,"iters":20,"tflops_median":0.2352,"tflops_q1":0.2349,"tflops_q3":0.2362,"output_match":false,"mismatch_detail":"gemm: index=117 reference=0.012689356 candidate=0.01272583 abs_diff=0.000036474317 rel_diff=0.002866164"}
::error::出力突合 NG（統一複合判定: 相対誤差 1e-3 未満 または 絶対誤差 1e-5 未満）を検出した。各 JSON Lines レコードの output_match / mismatch_detail を参照。既知の限界は docs/oss-comparison-harness-decision.md「出力突合とその限界」節を参照。
== RAYON_NUM_THREADS=2 run=3 rc=1 ==
== RAYON_NUM_THREADS=2 run=4 taskset=none ==
oss-gemm-compare: commit=unknown hw=linux/aarch64 (20 logical cores) rayon_threads=2
::warning::size=1024 出力不一致（matrixmultiply）: matrixmultiply: index=5119 reference=-0.0021471737 candidate=-0.0021572113 abs_diff=0.000010037562 rel_diff=0.004653027
{"date":"2026-09-07","commit":"unknown","hw":"linux/aarch64 (20 logical cores)","boundary":"device_resident","impl":"self_gemm_blis_parallel","lib_version":"0.1.0","impl_threads":2,"size":1024,"warmup":20,"iters":20,"tflops_median":0.2291,"tflops_q1":0.2158,"tflops_q3":0.2339,"output_match":true,"mismatch_detail":null}
{"date":"2026-09-07","commit":"unknown","hw":"linux/aarch64 (20 logical cores)","boundary":"device_resident","impl":"matrixmultiply","lib_version":"0.3.11","impl_threads":1,"size":1024,"warmup":20,"iters":20,"tflops_median":0.1341,"tflops_q1":0.1341,"tflops_q3":0.1342,"output_match":false,"mismatch_detail":"matrixmultiply: index=5119 reference=-0.0021471737 candidate=-0.0021572113 abs_diff=0.000010037562 rel_diff=0.004653027"}
{"date":"2026-09-07","commit":"unknown","hw":"linux/aarch64 (20 logical cores)","boundary":"device_resident","impl":"gemm","lib_version":"0.19.0","impl_threads":2,"size":1024,"warmup":20,"iters":20,"tflops_median":0.2172,"tflops_q1":0.2063,"tflops_q3":0.2214,"output_match":true,"mismatch_detail":null}
::warning::size=2048 出力不一致（matrixmultiply）: matrixmultiply: index=1988 reference=-0.0072821276 candidate=-0.00727129 abs_diff=0.000010837801 rel_diff=0.001488274
::warning::size=2048 出力不一致（gemm crate）: gemm: index=7264 reference=-0.004956358 candidate=-0.0049700737 abs_diff=0.000013715588 rel_diff=0.0027596347
{"date":"2026-09-07","commit":"unknown","hw":"linux/aarch64 (20 logical cores)","boundary":"device_resident","impl":"self_gemm_blis_parallel","lib_version":"0.1.0","impl_threads":2,"size":2048,"warmup":20,"iters":20,"tflops_median":0.2403,"tflops_q1":0.2402,"tflops_q3":0.2416,"output_match":true,"mismatch_detail":null}
{"date":"2026-09-07","commit":"unknown","hw":"linux/aarch64 (20 logical cores)","boundary":"device_resident","impl":"matrixmultiply","lib_version":"0.3.11","impl_threads":1,"size":2048,"warmup":20,"iters":20,"tflops_median":0.1320,"tflops_q1":0.1319,"tflops_q3":0.1320,"output_match":false,"mismatch_detail":"matrixmultiply: index=1988 reference=-0.0072821276 candidate=-0.00727129 abs_diff=0.000010837801 rel_diff=0.001488274"}
{"date":"2026-09-07","commit":"unknown","hw":"linux/aarch64 (20 logical cores)","boundary":"device_resident","impl":"gemm","lib_version":"0.19.0","impl_threads":2,"size":2048,"warmup":20,"iters":20,"tflops_median":0.2293,"tflops_q1":0.2286,"tflops_q3":0.2321,"output_match":false,"mismatch_detail":"gemm: index=7264 reference=-0.004956358 candidate=-0.0049700737 abs_diff=0.000013715588 rel_diff=0.0027596347"}
::warning::size=4096 出力不一致（matrixmultiply）: matrixmultiply: index=117 reference=0.012689356 candidate=0.012704611 abs_diff=0.000015255064 rel_diff=0.0012007502
::warning::size=4096 出力不一致（gemm crate）: gemm: index=117 reference=0.012689356 candidate=0.01272583 abs_diff=0.000036474317 rel_diff=0.002866164
{"date":"2026-09-07","commit":"unknown","hw":"linux/aarch64 (20 logical cores)","boundary":"device_resident","impl":"self_gemm_blis_parallel","lib_version":"0.1.0","impl_threads":2,"size":4096,"warmup":20,"iters":20,"tflops_median":0.2406,"tflops_q1":0.2403,"tflops_q3":0.2411,"output_match":true,"mismatch_detail":null}
{"date":"2026-09-07","commit":"unknown","hw":"linux/aarch64 (20 logical cores)","boundary":"device_resident","impl":"matrixmultiply","lib_version":"0.3.11","impl_threads":1,"size":4096,"warmup":20,"iters":20,"tflops_median":0.1260,"tflops_q1":0.1260,"tflops_q3":0.1261,"output_match":false,"mismatch_detail":"matrixmultiply: index=117 reference=0.012689356 candidate=0.012704611 abs_diff=0.000015255064 rel_diff=0.0012007502"}
{"date":"2026-09-07","commit":"unknown","hw":"linux/aarch64 (20 logical cores)","boundary":"device_resident","impl":"gemm","lib_version":"0.19.0","impl_threads":2,"size":4096,"warmup":20,"iters":20,"tflops_median":0.2417,"tflops_q1":0.2410,"tflops_q3":0.2424,"output_match":false,"mismatch_detail":"gemm: index=117 reference=0.012689356 candidate=0.01272583 abs_diff=0.000036474317 rel_diff=0.002866164"}
::error::出力突合 NG（統一複合判定: 相対誤差 1e-3 未満 または 絶対誤差 1e-5 未満）を検出した。各 JSON Lines レコードの output_match / mismatch_detail を参照。既知の限界は docs/oss-comparison-harness-decision.md「出力突合とその限界」節を参照。
== RAYON_NUM_THREADS=2 run=4 rc=1 ==
== RAYON_NUM_THREADS=2 run=5 taskset=none ==
oss-gemm-compare: commit=unknown hw=linux/aarch64 (20 logical cores) rayon_threads=2
::warning::size=1024 出力不一致（matrixmultiply）: matrixmultiply: index=5119 reference=-0.0021471737 candidate=-0.0021572113 abs_diff=0.000010037562 rel_diff=0.004653027
{"date":"2026-09-07","commit":"unknown","hw":"linux/aarch64 (20 logical cores)","boundary":"device_resident","impl":"self_gemm_blis_parallel","lib_version":"0.1.0","impl_threads":2,"size":1024,"warmup":20,"iters":20,"tflops_median":0.2155,"tflops_q1":0.2100,"tflops_q3":0.2245,"output_match":true,"mismatch_detail":null}
{"date":"2026-09-07","commit":"unknown","hw":"linux/aarch64 (20 logical cores)","boundary":"device_resident","impl":"matrixmultiply","lib_version":"0.3.11","impl_threads":1,"size":1024,"warmup":20,"iters":20,"tflops_median":0.1318,"tflops_q1":0.1317,"tflops_q3":0.1319,"output_match":false,"mismatch_detail":"matrixmultiply: index=5119 reference=-0.0021471737 candidate=-0.0021572113 abs_diff=0.000010037562 rel_diff=0.004653027"}
{"date":"2026-09-07","commit":"unknown","hw":"linux/aarch64 (20 logical cores)","boundary":"device_resident","impl":"gemm","lib_version":"0.19.0","impl_threads":2,"size":1024,"warmup":20,"iters":20,"tflops_median":0.2226,"tflops_q1":0.2090,"tflops_q3":0.2287,"output_match":true,"mismatch_detail":null}
::warning::size=2048 出力不一致（matrixmultiply）: matrixmultiply: index=1988 reference=-0.0072821276 candidate=-0.00727129 abs_diff=0.000010837801 rel_diff=0.001488274
::warning::size=2048 出力不一致（gemm crate）: gemm: index=7264 reference=-0.004956358 candidate=-0.0049700737 abs_diff=0.000013715588 rel_diff=0.0027596347
{"date":"2026-09-07","commit":"unknown","hw":"linux/aarch64 (20 logical cores)","boundary":"device_resident","impl":"self_gemm_blis_parallel","lib_version":"0.1.0","impl_threads":2,"size":2048,"warmup":20,"iters":20,"tflops_median":0.2407,"tflops_q1":0.2391,"tflops_q3":0.2408,"output_match":true,"mismatch_detail":null}
{"date":"2026-09-07","commit":"unknown","hw":"linux/aarch64 (20 logical cores)","boundary":"device_resident","impl":"matrixmultiply","lib_version":"0.3.11","impl_threads":1,"size":2048,"warmup":20,"iters":20,"tflops_median":0.1298,"tflops_q1":0.1296,"tflops_q3":0.1298,"output_match":false,"mismatch_detail":"matrixmultiply: index=1988 reference=-0.0072821276 candidate=-0.00727129 abs_diff=0.000010837801 rel_diff=0.001488274"}
{"date":"2026-09-07","commit":"unknown","hw":"linux/aarch64 (20 logical cores)","boundary":"device_resident","impl":"gemm","lib_version":"0.19.0","impl_threads":2,"size":2048,"warmup":20,"iters":20,"tflops_median":0.2390,"tflops_q1":0.2378,"tflops_q3":0.2399,"output_match":false,"mismatch_detail":"gemm: index=7264 reference=-0.004956358 candidate=-0.0049700737 abs_diff=0.000013715588 rel_diff=0.0027596347"}
::warning::size=4096 出力不一致（matrixmultiply）: matrixmultiply: index=117 reference=0.012689356 candidate=0.012704611 abs_diff=0.000015255064 rel_diff=0.0012007502
::warning::size=4096 出力不一致（gemm crate）: gemm: index=117 reference=0.012689356 candidate=0.01272583 abs_diff=0.000036474317 rel_diff=0.002866164
{"date":"2026-09-07","commit":"unknown","hw":"linux/aarch64 (20 logical cores)","boundary":"device_resident","impl":"self_gemm_blis_parallel","lib_version":"0.1.0","impl_threads":2,"size":4096,"warmup":20,"iters":20,"tflops_median":0.2416,"tflops_q1":0.2411,"tflops_q3":0.2420,"output_match":true,"mismatch_detail":null}
{"date":"2026-09-07","commit":"unknown","hw":"linux/aarch64 (20 logical cores)","boundary":"device_resident","impl":"matrixmultiply","lib_version":"0.3.11","impl_threads":1,"size":4096,"warmup":20,"iters":20,"tflops_median":0.1305,"tflops_q1":0.1304,"tflops_q3":0.1306,"output_match":false,"mismatch_detail":"matrixmultiply: index=117 reference=0.012689356 candidate=0.012704611 abs_diff=0.000015255064 rel_diff=0.0012007502"}
{"date":"2026-09-07","commit":"unknown","hw":"linux/aarch64 (20 logical cores)","boundary":"device_resident","impl":"gemm","lib_version":"0.19.0","impl_threads":2,"size":4096,"warmup":20,"iters":20,"tflops_median":0.2419,"tflops_q1":0.2393,"tflops_q3":0.2436,"output_match":false,"mismatch_detail":"gemm: index=117 reference=0.012689356 candidate=0.01272583 abs_diff=0.000036474317 rel_diff=0.002866164"}
::error::出力突合 NG（統一複合判定: 相対誤差 1e-3 未満 または 絶対誤差 1e-5 未満）を検出した。各 JSON Lines レコードの output_match / mismatch_detail を参照。既知の限界は docs/oss-comparison-harness-decision.md「出力突合とその限界」節を参照。
== RAYON_NUM_THREADS=2 run=5 rc=1 ==
== RAYON_NUM_THREADS=4 run=1 taskset=none ==
oss-gemm-compare: commit=unknown hw=linux/aarch64 (20 logical cores) rayon_threads=4
::warning::size=1024 出力不一致（matrixmultiply）: matrixmultiply: index=5119 reference=-0.0021471737 candidate=-0.0021572113 abs_diff=0.000010037562 rel_diff=0.004653027
{"date":"2026-09-07","commit":"unknown","hw":"linux/aarch64 (20 logical cores)","boundary":"device_resident","impl":"self_gemm_blis_parallel","lib_version":"0.1.0","impl_threads":4,"size":1024,"warmup":20,"iters":20,"tflops_median":0.3991,"tflops_q1":0.3816,"tflops_q3":0.4392,"output_match":true,"mismatch_detail":null}
{"date":"2026-09-07","commit":"unknown","hw":"linux/aarch64 (20 logical cores)","boundary":"device_resident","impl":"matrixmultiply","lib_version":"0.3.11","impl_threads":1,"size":1024,"warmup":20,"iters":20,"tflops_median":0.1337,"tflops_q1":0.1333,"tflops_q3":0.1338,"output_match":false,"mismatch_detail":"matrixmultiply: index=5119 reference=-0.0021471737 candidate=-0.0021572113 abs_diff=0.000010037562 rel_diff=0.004653027"}
{"date":"2026-09-07","commit":"unknown","hw":"linux/aarch64 (20 logical cores)","boundary":"device_resident","impl":"gemm","lib_version":"0.19.0","impl_threads":4,"size":1024,"warmup":20,"iters":20,"tflops_median":0.4006,"tflops_q1":0.3726,"tflops_q3":0.4344,"output_match":true,"mismatch_detail":null}
::warning::size=2048 出力不一致（matrixmultiply）: matrixmultiply: index=1988 reference=-0.0072821276 candidate=-0.00727129 abs_diff=0.000010837801 rel_diff=0.001488274
::warning::size=2048 出力不一致（gemm crate）: gemm: index=7264 reference=-0.004956358 candidate=-0.0049700737 abs_diff=0.000013715588 rel_diff=0.0027596347
{"date":"2026-09-07","commit":"unknown","hw":"linux/aarch64 (20 logical cores)","boundary":"device_resident","impl":"self_gemm_blis_parallel","lib_version":"0.1.0","impl_threads":4,"size":2048,"warmup":20,"iters":20,"tflops_median":0.4721,"tflops_q1":0.4700,"tflops_q3":0.4746,"output_match":true,"mismatch_detail":null}
{"date":"2026-09-07","commit":"unknown","hw":"linux/aarch64 (20 logical cores)","boundary":"device_resident","impl":"matrixmultiply","lib_version":"0.3.11","impl_threads":1,"size":2048,"warmup":20,"iters":20,"tflops_median":0.1314,"tflops_q1":0.1314,"tflops_q3":0.1314,"output_match":false,"mismatch_detail":"matrixmultiply: index=1988 reference=-0.0072821276 candidate=-0.00727129 abs_diff=0.000010837801 rel_diff=0.001488274"}
{"date":"2026-09-07","commit":"unknown","hw":"linux/aarch64 (20 logical cores)","boundary":"device_resident","impl":"gemm","lib_version":"0.19.0","impl_threads":4,"size":2048,"warmup":20,"iters":20,"tflops_median":0.4469,"tflops_q1":0.4255,"tflops_q3":0.4633,"output_match":false,"mismatch_detail":"gemm: index=7264 reference=-0.004956358 candidate=-0.0049700737 abs_diff=0.000013715588 rel_diff=0.0027596347"}
::warning::size=4096 出力不一致（matrixmultiply）: matrixmultiply: index=117 reference=0.012689356 candidate=0.012704611 abs_diff=0.000015255064 rel_diff=0.0012007502
::warning::size=4096 出力不一致（gemm crate）: gemm: index=117 reference=0.012689356 candidate=0.01272583 abs_diff=0.000036474317 rel_diff=0.002866164
{"date":"2026-09-07","commit":"unknown","hw":"linux/aarch64 (20 logical cores)","boundary":"device_resident","impl":"self_gemm_blis_parallel","lib_version":"0.1.0","impl_threads":4,"size":4096,"warmup":20,"iters":20,"tflops_median":0.4785,"tflops_q1":0.4777,"tflops_q3":0.4789,"output_match":true,"mismatch_detail":null}
{"date":"2026-09-07","commit":"unknown","hw":"linux/aarch64 (20 logical cores)","boundary":"device_resident","impl":"matrixmultiply","lib_version":"0.3.11","impl_threads":1,"size":4096,"warmup":20,"iters":20,"tflops_median":0.1302,"tflops_q1":0.1302,"tflops_q3":0.1303,"output_match":false,"mismatch_detail":"matrixmultiply: index=117 reference=0.012689356 candidate=0.012704611 abs_diff=0.000015255064 rel_diff=0.0012007502"}
{"date":"2026-09-07","commit":"unknown","hw":"linux/aarch64 (20 logical cores)","boundary":"device_resident","impl":"gemm","lib_version":"0.19.0","impl_threads":4,"size":4096,"warmup":20,"iters":20,"tflops_median":0.4678,"tflops_q1":0.4668,"tflops_q3":0.4705,"output_match":false,"mismatch_detail":"gemm: index=117 reference=0.012689356 candidate=0.01272583 abs_diff=0.000036474317 rel_diff=0.002866164"}
::error::出力突合 NG（統一複合判定: 相対誤差 1e-3 未満 または 絶対誤差 1e-5 未満）を検出した。各 JSON Lines レコードの output_match / mismatch_detail を参照。既知の限界は docs/oss-comparison-harness-decision.md「出力突合とその限界」節を参照。
== RAYON_NUM_THREADS=4 run=1 rc=1 ==
== RAYON_NUM_THREADS=4 run=2 taskset=none ==
oss-gemm-compare: commit=unknown hw=linux/aarch64 (20 logical cores) rayon_threads=4
::warning::size=1024 出力不一致（matrixmultiply）: matrixmultiply: index=5119 reference=-0.0021471737 candidate=-0.0021572113 abs_diff=0.000010037562 rel_diff=0.004653027
{"date":"2026-09-07","commit":"unknown","hw":"linux/aarch64 (20 logical cores)","boundary":"device_resident","impl":"self_gemm_blis_parallel","lib_version":"0.1.0","impl_threads":4,"size":1024,"warmup":20,"iters":20,"tflops_median":0.4506,"tflops_q1":0.4363,"tflops_q3":0.4583,"output_match":true,"mismatch_detail":null}
{"date":"2026-09-07","commit":"unknown","hw":"linux/aarch64 (20 logical cores)","boundary":"device_resident","impl":"matrixmultiply","lib_version":"0.3.11","impl_threads":1,"size":1024,"warmup":20,"iters":20,"tflops_median":0.1280,"tflops_q1":0.1280,"tflops_q3":0.1281,"output_match":false,"mismatch_detail":"matrixmultiply: index=5119 reference=-0.0021471737 candidate=-0.0021572113 abs_diff=0.000010037562 rel_diff=0.004653027"}
{"date":"2026-09-07","commit":"unknown","hw":"linux/aarch64 (20 logical cores)","boundary":"device_resident","impl":"gemm","lib_version":"0.19.0","impl_threads":4,"size":1024,"warmup":20,"iters":20,"tflops_median":0.3721,"tflops_q1":0.3637,"tflops_q3":0.4191,"output_match":true,"mismatch_detail":null}
::warning::size=2048 出力不一致（matrixmultiply）: matrixmultiply: index=1988 reference=-0.0072821276 candidate=-0.00727129 abs_diff=0.000010837801 rel_diff=0.001488274
::warning::size=2048 出力不一致（gemm crate）: gemm: index=7264 reference=-0.004956358 candidate=-0.0049700737 abs_diff=0.000013715588 rel_diff=0.0027596347
{"date":"2026-09-07","commit":"unknown","hw":"linux/aarch64 (20 logical cores)","boundary":"device_resident","impl":"self_gemm_blis_parallel","lib_version":"0.1.0","impl_threads":4,"size":2048,"warmup":20,"iters":20,"tflops_median":0.4687,"tflops_q1":0.4659,"tflops_q3":0.4708,"output_match":true,"mismatch_detail":null}
{"date":"2026-09-07","commit":"unknown","hw":"linux/aarch64 (20 logical cores)","boundary":"device_resident","impl":"matrixmultiply","lib_version":"0.3.11","impl_threads":1,"size":2048,"warmup":20,"iters":20,"tflops_median":0.1262,"tflops_q1":0.1262,"tflops_q3":0.1263,"output_match":false,"mismatch_detail":"matrixmultiply: index=1988 reference=-0.0072821276 candidate=-0.00727129 abs_diff=0.000010837801 rel_diff=0.001488274"}
{"date":"2026-09-07","commit":"unknown","hw":"linux/aarch64 (20 logical cores)","boundary":"device_resident","impl":"gemm","lib_version":"0.19.0","impl_threads":4,"size":2048,"warmup":20,"iters":20,"tflops_median":0.3932,"tflops_q1":0.3860,"tflops_q3":0.4044,"output_match":false,"mismatch_detail":"gemm: index=7264 reference=-0.004956358 candidate=-0.0049700737 abs_diff=0.000013715588 rel_diff=0.0027596347"}
::warning::size=4096 出力不一致（matrixmultiply）: matrixmultiply: index=117 reference=0.012689356 candidate=0.012704611 abs_diff=0.000015255064 rel_diff=0.0012007502
::warning::size=4096 出力不一致（gemm crate）: gemm: index=117 reference=0.012689356 candidate=0.01272583 abs_diff=0.000036474317 rel_diff=0.002866164
{"date":"2026-09-07","commit":"unknown","hw":"linux/aarch64 (20 logical cores)","boundary":"device_resident","impl":"self_gemm_blis_parallel","lib_version":"0.1.0","impl_threads":4,"size":4096,"warmup":20,"iters":20,"tflops_median":0.4780,"tflops_q1":0.4777,"tflops_q3":0.4790,"output_match":true,"mismatch_detail":null}
{"date":"2026-09-07","commit":"unknown","hw":"linux/aarch64 (20 logical cores)","boundary":"device_resident","impl":"matrixmultiply","lib_version":"0.3.11","impl_threads":1,"size":4096,"warmup":20,"iters":20,"tflops_median":0.1289,"tflops_q1":0.1289,"tflops_q3":0.1290,"output_match":false,"mismatch_detail":"matrixmultiply: index=117 reference=0.012689356 candidate=0.012704611 abs_diff=0.000015255064 rel_diff=0.0012007502"}
{"date":"2026-09-07","commit":"unknown","hw":"linux/aarch64 (20 logical cores)","boundary":"device_resident","impl":"gemm","lib_version":"0.19.0","impl_threads":4,"size":4096,"warmup":20,"iters":20,"tflops_median":0.4524,"tflops_q1":0.4493,"tflops_q3":0.4650,"output_match":false,"mismatch_detail":"gemm: index=117 reference=0.012689356 candidate=0.01272583 abs_diff=0.000036474317 rel_diff=0.002866164"}
::error::出力突合 NG（統一複合判定: 相対誤差 1e-3 未満 または 絶対誤差 1e-5 未満）を検出した。各 JSON Lines レコードの output_match / mismatch_detail を参照。既知の限界は docs/oss-comparison-harness-decision.md「出力突合とその限界」節を参照。
== RAYON_NUM_THREADS=4 run=2 rc=1 ==
== RAYON_NUM_THREADS=4 run=3 taskset=none ==
oss-gemm-compare: commit=unknown hw=linux/aarch64 (20 logical cores) rayon_threads=4
::warning::size=1024 出力不一致（matrixmultiply）: matrixmultiply: index=5119 reference=-0.0021471737 candidate=-0.0021572113 abs_diff=0.000010037562 rel_diff=0.004653027
{"date":"2026-09-07","commit":"unknown","hw":"linux/aarch64 (20 logical cores)","boundary":"device_resident","impl":"self_gemm_blis_parallel","lib_version":"0.1.0","impl_threads":4,"size":1024,"warmup":20,"iters":20,"tflops_median":0.4421,"tflops_q1":0.3892,"tflops_q3":0.4552,"output_match":true,"mismatch_detail":null}
{"date":"2026-09-07","commit":"unknown","hw":"linux/aarch64 (20 logical cores)","boundary":"device_resident","impl":"matrixmultiply","lib_version":"0.3.11","impl_threads":1,"size":1024,"warmup":20,"iters":20,"tflops_median":0.1292,"tflops_q1":0.1291,"tflops_q3":0.1293,"output_match":false,"mismatch_detail":"matrixmultiply: index=5119 reference=-0.0021471737 candidate=-0.0021572113 abs_diff=0.000010037562 rel_diff=0.004653027"}
{"date":"2026-09-07","commit":"unknown","hw":"linux/aarch64 (20 logical cores)","boundary":"device_resident","impl":"gemm","lib_version":"0.19.0","impl_threads":4,"size":1024,"warmup":20,"iters":20,"tflops_median":0.4222,"tflops_q1":0.4045,"tflops_q3":0.4574,"output_match":true,"mismatch_detail":null}
::warning::size=2048 出力不一致（matrixmultiply）: matrixmultiply: index=1988 reference=-0.0072821276 candidate=-0.00727129 abs_diff=0.000010837801 rel_diff=0.001488274
::warning::size=2048 出力不一致（gemm crate）: gemm: index=7264 reference=-0.004956358 candidate=-0.0049700737 abs_diff=0.000013715588 rel_diff=0.0027596347
{"date":"2026-09-07","commit":"unknown","hw":"linux/aarch64 (20 logical cores)","boundary":"device_resident","impl":"self_gemm_blis_parallel","lib_version":"0.1.0","impl_threads":4,"size":2048,"warmup":20,"iters":20,"tflops_median":0.4691,"tflops_q1":0.4671,"tflops_q3":0.4735,"output_match":true,"mismatch_detail":null}
{"date":"2026-09-07","commit":"unknown","hw":"linux/aarch64 (20 logical cores)","boundary":"device_resident","impl":"matrixmultiply","lib_version":"0.3.11","impl_threads":1,"size":2048,"warmup":20,"iters":20,"tflops_median":0.1269,"tflops_q1":0.1269,"tflops_q3":0.1269,"output_match":false,"mismatch_detail":"matrixmultiply: index=1988 reference=-0.0072821276 candidate=-0.00727129 abs_diff=0.000010837801 rel_diff=0.001488274"}
{"date":"2026-09-07","commit":"unknown","hw":"linux/aarch64 (20 logical cores)","boundary":"device_resident","impl":"gemm","lib_version":"0.19.0","impl_threads":4,"size":2048,"warmup":20,"iters":20,"tflops_median":0.4401,"tflops_q1":0.4298,"tflops_q3":0.4700,"output_match":false,"mismatch_detail":"gemm: index=7264 reference=-0.004956358 candidate=-0.0049700737 abs_diff=0.000013715588 rel_diff=0.0027596347"}
::warning::size=4096 出力不一致（matrixmultiply）: matrixmultiply: index=117 reference=0.012689356 candidate=0.012704611 abs_diff=0.000015255064 rel_diff=0.0012007502
::warning::size=4096 出力不一致（gemm crate）: gemm: index=117 reference=0.012689356 candidate=0.01272583 abs_diff=0.000036474317 rel_diff=0.002866164
{"date":"2026-09-07","commit":"unknown","hw":"linux/aarch64 (20 logical cores)","boundary":"device_resident","impl":"self_gemm_blis_parallel","lib_version":"0.1.0","impl_threads":4,"size":4096,"warmup":20,"iters":20,"tflops_median":0.4800,"tflops_q1":0.4796,"tflops_q3":0.4808,"output_match":true,"mismatch_detail":null}
{"date":"2026-09-07","commit":"unknown","hw":"linux/aarch64 (20 logical cores)","boundary":"device_resident","impl":"matrixmultiply","lib_version":"0.3.11","impl_threads":1,"size":4096,"warmup":20,"iters":20,"tflops_median":0.1262,"tflops_q1":0.1262,"tflops_q3":0.1262,"output_match":false,"mismatch_detail":"matrixmultiply: index=117 reference=0.012689356 candidate=0.012704611 abs_diff=0.000015255064 rel_diff=0.0012007502"}
{"date":"2026-09-07","commit":"unknown","hw":"linux/aarch64 (20 logical cores)","boundary":"device_resident","impl":"gemm","lib_version":"0.19.0","impl_threads":4,"size":4096,"warmup":20,"iters":20,"tflops_median":0.4721,"tflops_q1":0.4712,"tflops_q3":0.4755,"output_match":false,"mismatch_detail":"gemm: index=117 reference=0.012689356 candidate=0.01272583 abs_diff=0.000036474317 rel_diff=0.002866164"}
::error::出力突合 NG（統一複合判定: 相対誤差 1e-3 未満 または 絶対誤差 1e-5 未満）を検出した。各 JSON Lines レコードの output_match / mismatch_detail を参照。既知の限界は docs/oss-comparison-harness-decision.md「出力突合とその限界」節を参照。
== RAYON_NUM_THREADS=4 run=3 rc=1 ==
== RAYON_NUM_THREADS=4 run=4 taskset=none ==
oss-gemm-compare: commit=unknown hw=linux/aarch64 (20 logical cores) rayon_threads=4
::warning::size=1024 出力不一致（matrixmultiply）: matrixmultiply: index=5119 reference=-0.0021471737 candidate=-0.0021572113 abs_diff=0.000010037562 rel_diff=0.004653027
{"date":"2026-09-07","commit":"unknown","hw":"linux/aarch64 (20 logical cores)","boundary":"device_resident","impl":"self_gemm_blis_parallel","lib_version":"0.1.0","impl_threads":4,"size":1024,"warmup":20,"iters":20,"tflops_median":0.4045,"tflops_q1":0.3770,"tflops_q3":0.4192,"output_match":true,"mismatch_detail":null}
{"date":"2026-09-07","commit":"unknown","hw":"linux/aarch64 (20 logical cores)","boundary":"device_resident","impl":"matrixmultiply","lib_version":"0.3.11","impl_threads":1,"size":1024,"warmup":20,"iters":20,"tflops_median":0.1286,"tflops_q1":0.1285,"tflops_q3":0.1287,"output_match":false,"mismatch_detail":"matrixmultiply: index=5119 reference=-0.0021471737 candidate=-0.0021572113 abs_diff=0.000010037562 rel_diff=0.004653027"}
{"date":"2026-09-07","commit":"unknown","hw":"linux/aarch64 (20 logical cores)","boundary":"device_resident","impl":"gemm","lib_version":"0.19.0","impl_threads":4,"size":1024,"warmup":20,"iters":20,"tflops_median":0.4437,"tflops_q1":0.4119,"tflops_q3":0.4586,"output_match":true,"mismatch_detail":null}
::warning::size=2048 出力不一致（matrixmultiply）: matrixmultiply: index=1988 reference=-0.0072821276 candidate=-0.00727129 abs_diff=0.000010837801 rel_diff=0.001488274
::warning::size=2048 出力不一致（gemm crate）: gemm: index=7264 reference=-0.004956358 candidate=-0.0049700737 abs_diff=0.000013715588 rel_diff=0.0027596347
{"date":"2026-09-07","commit":"unknown","hw":"linux/aarch64 (20 logical cores)","boundary":"device_resident","impl":"self_gemm_blis_parallel","lib_version":"0.1.0","impl_threads":4,"size":2048,"warmup":20,"iters":20,"tflops_median":0.4674,"tflops_q1":0.4639,"tflops_q3":0.4728,"output_match":true,"mismatch_detail":null}
{"date":"2026-09-07","commit":"unknown","hw":"linux/aarch64 (20 logical cores)","boundary":"device_resident","impl":"matrixmultiply","lib_version":"0.3.11","impl_threads":1,"size":2048,"warmup":20,"iters":20,"tflops_median":0.1258,"tflops_q1":0.1257,"tflops_q3":0.1258,"output_match":false,"mismatch_detail":"matrixmultiply: index=1988 reference=-0.0072821276 candidate=-0.00727129 abs_diff=0.000010837801 rel_diff=0.001488274"}
{"date":"2026-09-07","commit":"unknown","hw":"linux/aarch64 (20 logical cores)","boundary":"device_resident","impl":"gemm","lib_version":"0.19.0","impl_threads":4,"size":2048,"warmup":20,"iters":20,"tflops_median":0.4423,"tflops_q1":0.4308,"tflops_q3":0.4561,"output_match":false,"mismatch_detail":"gemm: index=7264 reference=-0.004956358 candidate=-0.0049700737 abs_diff=0.000013715588 rel_diff=0.0027596347"}
::warning::size=4096 出力不一致（matrixmultiply）: matrixmultiply: index=117 reference=0.012689356 candidate=0.012704611 abs_diff=0.000015255064 rel_diff=0.0012007502
::warning::size=4096 出力不一致（gemm crate）: gemm: index=117 reference=0.012689356 candidate=0.01272583 abs_diff=0.000036474317 rel_diff=0.002866164
{"date":"2026-09-07","commit":"unknown","hw":"linux/aarch64 (20 logical cores)","boundary":"device_resident","impl":"self_gemm_blis_parallel","lib_version":"0.1.0","impl_threads":4,"size":4096,"warmup":20,"iters":20,"tflops_median":0.4801,"tflops_q1":0.4786,"tflops_q3":0.4811,"output_match":true,"mismatch_detail":null}
{"date":"2026-09-07","commit":"unknown","hw":"linux/aarch64 (20 logical cores)","boundary":"device_resident","impl":"matrixmultiply","lib_version":"0.3.11","impl_threads":1,"size":4096,"warmup":20,"iters":20,"tflops_median":0.1251,"tflops_q1":0.1251,"tflops_q3":0.1252,"output_match":false,"mismatch_detail":"matrixmultiply: index=117 reference=0.012689356 candidate=0.012704611 abs_diff=0.000015255064 rel_diff=0.0012007502"}
{"date":"2026-09-07","commit":"unknown","hw":"linux/aarch64 (20 logical cores)","boundary":"device_resident","impl":"gemm","lib_version":"0.19.0","impl_threads":4,"size":4096,"warmup":20,"iters":20,"tflops_median":0.4694,"tflops_q1":0.4670,"tflops_q3":0.4718,"output_match":false,"mismatch_detail":"gemm: index=117 reference=0.012689356 candidate=0.01272583 abs_diff=0.000036474317 rel_diff=0.002866164"}
::error::出力突合 NG（統一複合判定: 相対誤差 1e-3 未満 または 絶対誤差 1e-5 未満）を検出した。各 JSON Lines レコードの output_match / mismatch_detail を参照。既知の限界は docs/oss-comparison-harness-decision.md「出力突合とその限界」節を参照。
== RAYON_NUM_THREADS=4 run=4 rc=1 ==
== RAYON_NUM_THREADS=4 run=5 taskset=none ==
oss-gemm-compare: commit=unknown hw=linux/aarch64 (20 logical cores) rayon_threads=4
::warning::size=1024 出力不一致（matrixmultiply）: matrixmultiply: index=5119 reference=-0.0021471737 candidate=-0.0021572113 abs_diff=0.000010037562 rel_diff=0.004653027
{"date":"2026-09-07","commit":"unknown","hw":"linux/aarch64 (20 logical cores)","boundary":"device_resident","impl":"self_gemm_blis_parallel","lib_version":"0.1.0","impl_threads":4,"size":1024,"warmup":20,"iters":20,"tflops_median":0.4136,"tflops_q1":0.3768,"tflops_q3":0.4313,"output_match":true,"mismatch_detail":null}
{"date":"2026-09-07","commit":"unknown","hw":"linux/aarch64 (20 logical cores)","boundary":"device_resident","impl":"matrixmultiply","lib_version":"0.3.11","impl_threads":1,"size":1024,"warmup":20,"iters":20,"tflops_median":0.1289,"tflops_q1":0.1288,"tflops_q3":0.1291,"output_match":false,"mismatch_detail":"matrixmultiply: index=5119 reference=-0.0021471737 candidate=-0.0021572113 abs_diff=0.000010037562 rel_diff=0.004653027"}
{"date":"2026-09-07","commit":"unknown","hw":"linux/aarch64 (20 logical cores)","boundary":"device_resident","impl":"gemm","lib_version":"0.19.0","impl_threads":4,"size":1024,"warmup":20,"iters":20,"tflops_median":0.4065,"tflops_q1":0.3779,"tflops_q3":0.4393,"output_match":true,"mismatch_detail":null}
::warning::size=2048 出力不一致（matrixmultiply）: matrixmultiply: index=1988 reference=-0.0072821276 candidate=-0.00727129 abs_diff=0.000010837801 rel_diff=0.001488274
::warning::size=2048 出力不一致（gemm crate）: gemm: index=7264 reference=-0.004956358 candidate=-0.0049700737 abs_diff=0.000013715588 rel_diff=0.0027596347
{"date":"2026-09-07","commit":"unknown","hw":"linux/aarch64 (20 logical cores)","boundary":"device_resident","impl":"self_gemm_blis_parallel","lib_version":"0.1.0","impl_threads":4,"size":2048,"warmup":20,"iters":20,"tflops_median":0.4658,"tflops_q1":0.4618,"tflops_q3":0.4690,"output_match":true,"mismatch_detail":null}
{"date":"2026-09-07","commit":"unknown","hw":"linux/aarch64 (20 logical cores)","boundary":"device_resident","impl":"matrixmultiply","lib_version":"0.3.11","impl_threads":1,"size":2048,"warmup":20,"iters":20,"tflops_median":0.1261,"tflops_q1":0.1261,"tflops_q3":0.1261,"output_match":false,"mismatch_detail":"matrixmultiply: index=1988 reference=-0.0072821276 candidate=-0.00727129 abs_diff=0.000010837801 rel_diff=0.001488274"}
{"date":"2026-09-07","commit":"unknown","hw":"linux/aarch64 (20 logical cores)","boundary":"device_resident","impl":"gemm","lib_version":"0.19.0","impl_threads":4,"size":2048,"warmup":20,"iters":20,"tflops_median":0.4312,"tflops_q1":0.4204,"tflops_q3":0.4613,"output_match":false,"mismatch_detail":"gemm: index=7264 reference=-0.004956358 candidate=-0.0049700737 abs_diff=0.000013715588 rel_diff=0.0027596347"}
::warning::size=4096 出力不一致（matrixmultiply）: matrixmultiply: index=117 reference=0.012689356 candidate=0.012704611 abs_diff=0.000015255064 rel_diff=0.0012007502
::warning::size=4096 出力不一致（gemm crate）: gemm: index=117 reference=0.012689356 candidate=0.01272583 abs_diff=0.000036474317 rel_diff=0.002866164
{"date":"2026-09-07","commit":"unknown","hw":"linux/aarch64 (20 logical cores)","boundary":"device_resident","impl":"self_gemm_blis_parallel","lib_version":"0.1.0","impl_threads":4,"size":4096,"warmup":20,"iters":20,"tflops_median":0.4774,"tflops_q1":0.4767,"tflops_q3":0.4790,"output_match":true,"mismatch_detail":null}
{"date":"2026-09-07","commit":"unknown","hw":"linux/aarch64 (20 logical cores)","boundary":"device_resident","impl":"matrixmultiply","lib_version":"0.3.11","impl_threads":1,"size":4096,"warmup":20,"iters":20,"tflops_median":0.1254,"tflops_q1":0.1254,"tflops_q3":0.1255,"output_match":false,"mismatch_detail":"matrixmultiply: index=117 reference=0.012689356 candidate=0.012704611 abs_diff=0.000015255064 rel_diff=0.0012007502"}
{"date":"2026-09-07","commit":"unknown","hw":"linux/aarch64 (20 logical cores)","boundary":"device_resident","impl":"gemm","lib_version":"0.19.0","impl_threads":4,"size":4096,"warmup":20,"iters":20,"tflops_median":0.4640,"tflops_q1":0.4610,"tflops_q3":0.4674,"output_match":false,"mismatch_detail":"gemm: index=117 reference=0.012689356 candidate=0.01272583 abs_diff=0.000036474317 rel_diff=0.002866164"}
::error::出力突合 NG（統一複合判定: 相対誤差 1e-3 未満 または 絶対誤差 1e-5 未満）を検出した。各 JSON Lines レコードの output_match / mismatch_detail を参照。既知の限界は docs/oss-comparison-harness-decision.md「出力突合とその限界」節を参照。
== RAYON_NUM_THREADS=4 run=5 rc=1 ==
== RAYON_NUM_THREADS=12 run=1 taskset=none ==
oss-gemm-compare: commit=unknown hw=linux/aarch64 (20 logical cores) rayon_threads=12
::warning::size=1024 出力不一致（matrixmultiply）: matrixmultiply: index=5119 reference=-0.0021471737 candidate=-0.0021572113 abs_diff=0.000010037562 rel_diff=0.004653027
{"date":"2026-09-07","commit":"unknown","hw":"linux/aarch64 (20 logical cores)","boundary":"device_resident","impl":"self_gemm_blis_parallel","lib_version":"0.1.0","impl_threads":12,"size":1024,"warmup":20,"iters":20,"tflops_median":0.3584,"tflops_q1":0.3523,"tflops_q3":0.3782,"output_match":true,"mismatch_detail":null}
{"date":"2026-09-07","commit":"unknown","hw":"linux/aarch64 (20 logical cores)","boundary":"device_resident","impl":"matrixmultiply","lib_version":"0.3.11","impl_threads":1,"size":1024,"warmup":20,"iters":20,"tflops_median":0.1282,"tflops_q1":0.1281,"tflops_q3":0.1283,"output_match":false,"mismatch_detail":"matrixmultiply: index=5119 reference=-0.0021471737 candidate=-0.0021572113 abs_diff=0.000010037562 rel_diff=0.004653027"}
{"date":"2026-09-07","commit":"unknown","hw":"linux/aarch64 (20 logical cores)","boundary":"device_resident","impl":"gemm","lib_version":"0.19.0","impl_threads":12,"size":1024,"warmup":20,"iters":20,"tflops_median":0.3749,"tflops_q1":0.3671,"tflops_q3":0.3924,"output_match":true,"mismatch_detail":null}
::warning::size=2048 出力不一致（matrixmultiply）: matrixmultiply: index=1988 reference=-0.0072821276 candidate=-0.00727129 abs_diff=0.000010837801 rel_diff=0.001488274
::warning::size=2048 出力不一致（gemm crate）: gemm: index=7264 reference=-0.004956358 candidate=-0.0049700737 abs_diff=0.000013715588 rel_diff=0.0027596347
{"date":"2026-09-07","commit":"unknown","hw":"linux/aarch64 (20 logical cores)","boundary":"device_resident","impl":"self_gemm_blis_parallel","lib_version":"0.1.0","impl_threads":12,"size":2048,"warmup":20,"iters":20,"tflops_median":0.7070,"tflops_q1":0.6974,"tflops_q3":0.7125,"output_match":true,"mismatch_detail":null}
{"date":"2026-09-07","commit":"unknown","hw":"linux/aarch64 (20 logical cores)","boundary":"device_resident","impl":"matrixmultiply","lib_version":"0.3.11","impl_threads":1,"size":2048,"warmup":20,"iters":20,"tflops_median":0.1304,"tflops_q1":0.1303,"tflops_q3":0.1304,"output_match":false,"mismatch_detail":"matrixmultiply: index=1988 reference=-0.0072821276 candidate=-0.00727129 abs_diff=0.000010837801 rel_diff=0.001488274"}
{"date":"2026-09-07","commit":"unknown","hw":"linux/aarch64 (20 logical cores)","boundary":"device_resident","impl":"gemm","lib_version":"0.19.0","impl_threads":12,"size":2048,"warmup":20,"iters":20,"tflops_median":0.4151,"tflops_q1":0.4061,"tflops_q3":0.4439,"output_match":false,"mismatch_detail":"gemm: index=7264 reference=-0.004956358 candidate=-0.0049700737 abs_diff=0.000013715588 rel_diff=0.0027596347"}
::warning::size=4096 出力不一致（matrixmultiply）: matrixmultiply: index=117 reference=0.012689356 candidate=0.012704611 abs_diff=0.000015255064 rel_diff=0.0012007502
::warning::size=4096 出力不一致（gemm crate）: gemm: index=117 reference=0.012689356 candidate=0.01272583 abs_diff=0.000036474317 rel_diff=0.002866164
{"date":"2026-09-07","commit":"unknown","hw":"linux/aarch64 (20 logical cores)","boundary":"device_resident","impl":"self_gemm_blis_parallel","lib_version":"0.1.0","impl_threads":12,"size":4096,"warmup":20,"iters":20,"tflops_median":0.8129,"tflops_q1":0.7927,"tflops_q3":0.8158,"output_match":true,"mismatch_detail":null}
{"date":"2026-09-07","commit":"unknown","hw":"linux/aarch64 (20 logical cores)","boundary":"device_resident","impl":"matrixmultiply","lib_version":"0.3.11","impl_threads":1,"size":4096,"warmup":20,"iters":20,"tflops_median":0.1294,"tflops_q1":0.1294,"tflops_q3":0.1295,"output_match":false,"mismatch_detail":"matrixmultiply: index=117 reference=0.012689356 candidate=0.012704611 abs_diff=0.000015255064 rel_diff=0.0012007502"}
{"date":"2026-09-07","commit":"unknown","hw":"linux/aarch64 (20 logical cores)","boundary":"device_resident","impl":"gemm","lib_version":"0.19.0","impl_threads":12,"size":4096,"warmup":20,"iters":20,"tflops_median":0.4941,"tflops_q1":0.4779,"tflops_q3":0.5259,"output_match":false,"mismatch_detail":"gemm: index=117 reference=0.012689356 candidate=0.01272583 abs_diff=0.000036474317 rel_diff=0.002866164"}
::error::出力突合 NG（統一複合判定: 相対誤差 1e-3 未満 または 絶対誤差 1e-5 未満）を検出した。各 JSON Lines レコードの output_match / mismatch_detail を参照。既知の限界は docs/oss-comparison-harness-decision.md「出力突合とその限界」節を参照。
== RAYON_NUM_THREADS=12 run=1 rc=1 ==
== RAYON_NUM_THREADS=12 run=2 taskset=none ==
oss-gemm-compare: commit=unknown hw=linux/aarch64 (20 logical cores) rayon_threads=12
::warning::size=1024 出力不一致（matrixmultiply）: matrixmultiply: index=5119 reference=-0.0021471737 candidate=-0.0021572113 abs_diff=0.000010037562 rel_diff=0.004653027
{"date":"2026-09-07","commit":"unknown","hw":"linux/aarch64 (20 logical cores)","boundary":"device_resident","impl":"self_gemm_blis_parallel","lib_version":"0.1.0","impl_threads":12,"size":1024,"warmup":20,"iters":20,"tflops_median":0.3674,"tflops_q1":0.3582,"tflops_q3":0.3800,"output_match":true,"mismatch_detail":null}
{"date":"2026-09-07","commit":"unknown","hw":"linux/aarch64 (20 logical cores)","boundary":"device_resident","impl":"matrixmultiply","lib_version":"0.3.11","impl_threads":1,"size":1024,"warmup":20,"iters":20,"tflops_median":0.1284,"tflops_q1":0.1280,"tflops_q3":0.1286,"output_match":false,"mismatch_detail":"matrixmultiply: index=5119 reference=-0.0021471737 candidate=-0.0021572113 abs_diff=0.000010037562 rel_diff=0.004653027"}
{"date":"2026-09-07","commit":"unknown","hw":"linux/aarch64 (20 logical cores)","boundary":"device_resident","impl":"gemm","lib_version":"0.19.0","impl_threads":12,"size":1024,"warmup":20,"iters":20,"tflops_median":0.3978,"tflops_q1":0.3649,"tflops_q3":0.4259,"output_match":true,"mismatch_detail":null}
::warning::size=2048 出力不一致（matrixmultiply）: matrixmultiply: index=1988 reference=-0.0072821276 candidate=-0.00727129 abs_diff=0.000010837801 rel_diff=0.001488274
::warning::size=2048 出力不一致（gemm crate）: gemm: index=7264 reference=-0.004956358 candidate=-0.0049700737 abs_diff=0.000013715588 rel_diff=0.0027596347
{"date":"2026-09-07","commit":"unknown","hw":"linux/aarch64 (20 logical cores)","boundary":"device_resident","impl":"self_gemm_blis_parallel","lib_version":"0.1.0","impl_threads":12,"size":2048,"warmup":20,"iters":20,"tflops_median":0.7090,"tflops_q1":0.7009,"tflops_q3":0.7171,"output_match":true,"mismatch_detail":null}
{"date":"2026-09-07","commit":"unknown","hw":"linux/aarch64 (20 logical cores)","boundary":"device_resident","impl":"matrixmultiply","lib_version":"0.3.11","impl_threads":1,"size":2048,"warmup":20,"iters":20,"tflops_median":0.1300,"tflops_q1":0.1299,"tflops_q3":0.1301,"output_match":false,"mismatch_detail":"matrixmultiply: index=1988 reference=-0.0072821276 candidate=-0.00727129 abs_diff=0.000010837801 rel_diff=0.001488274"}
{"date":"2026-09-07","commit":"unknown","hw":"linux/aarch64 (20 logical cores)","boundary":"device_resident","impl":"gemm","lib_version":"0.19.0","impl_threads":12,"size":2048,"warmup":20,"iters":20,"tflops_median":0.4119,"tflops_q1":0.4047,"tflops_q3":0.4269,"output_match":false,"mismatch_detail":"gemm: index=7264 reference=-0.004956358 candidate=-0.0049700737 abs_diff=0.000013715588 rel_diff=0.0027596347"}
::warning::size=4096 出力不一致（matrixmultiply）: matrixmultiply: index=117 reference=0.012689356 candidate=0.012704611 abs_diff=0.000015255064 rel_diff=0.0012007502
::warning::size=4096 出力不一致（gemm crate）: gemm: index=117 reference=0.012689356 candidate=0.01272583 abs_diff=0.000036474317 rel_diff=0.002866164
{"date":"2026-09-07","commit":"unknown","hw":"linux/aarch64 (20 logical cores)","boundary":"device_resident","impl":"self_gemm_blis_parallel","lib_version":"0.1.0","impl_threads":12,"size":4096,"warmup":20,"iters":20,"tflops_median":0.8132,"tflops_q1":0.8105,"tflops_q3":0.8155,"output_match":true,"mismatch_detail":null}
{"date":"2026-09-07","commit":"unknown","hw":"linux/aarch64 (20 logical cores)","boundary":"device_resident","impl":"matrixmultiply","lib_version":"0.3.11","impl_threads":1,"size":4096,"warmup":20,"iters":20,"tflops_median":0.1259,"tflops_q1":0.1259,"tflops_q3":0.1260,"output_match":false,"mismatch_detail":"matrixmultiply: index=117 reference=0.012689356 candidate=0.012704611 abs_diff=0.000015255064 rel_diff=0.0012007502"}
{"date":"2026-09-07","commit":"unknown","hw":"linux/aarch64 (20 logical cores)","boundary":"device_resident","impl":"gemm","lib_version":"0.19.0","impl_threads":12,"size":4096,"warmup":20,"iters":20,"tflops_median":0.5253,"tflops_q1":0.4930,"tflops_q3":0.5631,"output_match":false,"mismatch_detail":"gemm: index=117 reference=0.012689356 candidate=0.01272583 abs_diff=0.000036474317 rel_diff=0.002866164"}
::error::出力突合 NG（統一複合判定: 相対誤差 1e-3 未満 または 絶対誤差 1e-5 未満）を検出した。各 JSON Lines レコードの output_match / mismatch_detail を参照。既知の限界は docs/oss-comparison-harness-decision.md「出力突合とその限界」節を参照。
== RAYON_NUM_THREADS=12 run=2 rc=1 ==
== RAYON_NUM_THREADS=12 run=3 taskset=none ==
oss-gemm-compare: commit=unknown hw=linux/aarch64 (20 logical cores) rayon_threads=12
::warning::size=1024 出力不一致（matrixmultiply）: matrixmultiply: index=5119 reference=-0.0021471737 candidate=-0.0021572113 abs_diff=0.000010037562 rel_diff=0.004653027
{"date":"2026-09-07","commit":"unknown","hw":"linux/aarch64 (20 logical cores)","boundary":"device_resident","impl":"self_gemm_blis_parallel","lib_version":"0.1.0","impl_threads":12,"size":1024,"warmup":20,"iters":20,"tflops_median":0.3505,"tflops_q1":0.3466,"tflops_q3":0.3665,"output_match":true,"mismatch_detail":null}
{"date":"2026-09-07","commit":"unknown","hw":"linux/aarch64 (20 logical cores)","boundary":"device_resident","impl":"matrixmultiply","lib_version":"0.3.11","impl_threads":1,"size":1024,"warmup":20,"iters":20,"tflops_median":0.1321,"tflops_q1":0.1320,"tflops_q3":0.1321,"output_match":false,"mismatch_detail":"matrixmultiply: index=5119 reference=-0.0021471737 candidate=-0.0021572113 abs_diff=0.000010037562 rel_diff=0.004653027"}
{"date":"2026-09-07","commit":"unknown","hw":"linux/aarch64 (20 logical cores)","boundary":"device_resident","impl":"gemm","lib_version":"0.19.0","impl_threads":12,"size":1024,"warmup":20,"iters":20,"tflops_median":0.4188,"tflops_q1":0.3993,"tflops_q3":0.4283,"output_match":true,"mismatch_detail":null}
::warning::size=2048 出力不一致（matrixmultiply）: matrixmultiply: index=1988 reference=-0.0072821276 candidate=-0.00727129 abs_diff=0.000010837801 rel_diff=0.001488274
::warning::size=2048 出力不一致（gemm crate）: gemm: index=7264 reference=-0.004956358 candidate=-0.0049700737 abs_diff=0.000013715588 rel_diff=0.0027596347
{"date":"2026-09-07","commit":"unknown","hw":"linux/aarch64 (20 logical cores)","boundary":"device_resident","impl":"self_gemm_blis_parallel","lib_version":"0.1.0","impl_threads":12,"size":2048,"warmup":20,"iters":20,"tflops_median":0.7071,"tflops_q1":0.7015,"tflops_q3":0.7150,"output_match":true,"mismatch_detail":null}
{"date":"2026-09-07","commit":"unknown","hw":"linux/aarch64 (20 logical cores)","boundary":"device_resident","impl":"matrixmultiply","lib_version":"0.3.11","impl_threads":1,"size":2048,"warmup":20,"iters":20,"tflops_median":0.1301,"tflops_q1":0.1300,"tflops_q3":0.1301,"output_match":false,"mismatch_detail":"matrixmultiply: index=1988 reference=-0.0072821276 candidate=-0.00727129 abs_diff=0.000010837801 rel_diff=0.001488274"}
{"date":"2026-09-07","commit":"unknown","hw":"linux/aarch64 (20 logical cores)","boundary":"device_resident","impl":"gemm","lib_version":"0.19.0","impl_threads":12,"size":2048,"warmup":20,"iters":20,"tflops_median":0.4228,"tflops_q1":0.4128,"tflops_q3":0.4363,"output_match":false,"mismatch_detail":"gemm: index=7264 reference=-0.004956358 candidate=-0.0049700737 abs_diff=0.000013715588 rel_diff=0.0027596347"}
::warning::size=4096 出力不一致（matrixmultiply）: matrixmultiply: index=117 reference=0.012689356 candidate=0.012704611 abs_diff=0.000015255064 rel_diff=0.0012007502
::warning::size=4096 出力不一致（gemm crate）: gemm: index=117 reference=0.012689356 candidate=0.01272583 abs_diff=0.000036474317 rel_diff=0.002866164
{"date":"2026-09-07","commit":"unknown","hw":"linux/aarch64 (20 logical cores)","boundary":"device_resident","impl":"self_gemm_blis_parallel","lib_version":"0.1.0","impl_threads":12,"size":4096,"warmup":20,"iters":20,"tflops_median":0.8122,"tflops_q1":0.7896,"tflops_q3":0.8167,"output_match":true,"mismatch_detail":null}
{"date":"2026-09-07","commit":"unknown","hw":"linux/aarch64 (20 logical cores)","boundary":"device_resident","impl":"matrixmultiply","lib_version":"0.3.11","impl_threads":1,"size":4096,"warmup":20,"iters":20,"tflops_median":0.1258,"tflops_q1":0.1258,"tflops_q3":0.1259,"output_match":false,"mismatch_detail":"matrixmultiply: index=117 reference=0.012689356 candidate=0.012704611 abs_diff=0.000015255064 rel_diff=0.0012007502"}
{"date":"2026-09-07","commit":"unknown","hw":"linux/aarch64 (20 logical cores)","boundary":"device_resident","impl":"gemm","lib_version":"0.19.0","impl_threads":12,"size":4096,"warmup":20,"iters":20,"tflops_median":0.5108,"tflops_q1":0.4950,"tflops_q3":0.5818,"output_match":false,"mismatch_detail":"gemm: index=117 reference=0.012689356 candidate=0.01272583 abs_diff=0.000036474317 rel_diff=0.002866164"}
::error::出力突合 NG（統一複合判定: 相対誤差 1e-3 未満 または 絶対誤差 1e-5 未満）を検出した。各 JSON Lines レコードの output_match / mismatch_detail を参照。既知の限界は docs/oss-comparison-harness-decision.md「出力突合とその限界」節を参照。
== RAYON_NUM_THREADS=12 run=3 rc=1 ==
== RAYON_NUM_THREADS=12 run=4 taskset=none ==
oss-gemm-compare: commit=unknown hw=linux/aarch64 (20 logical cores) rayon_threads=12
::warning::size=1024 出力不一致（matrixmultiply）: matrixmultiply: index=5119 reference=-0.0021471737 candidate=-0.0021572113 abs_diff=0.000010037562 rel_diff=0.004653027
{"date":"2026-09-07","commit":"unknown","hw":"linux/aarch64 (20 logical cores)","boundary":"device_resident","impl":"self_gemm_blis_parallel","lib_version":"0.1.0","impl_threads":12,"size":1024,"warmup":20,"iters":20,"tflops_median":0.3647,"tflops_q1":0.3626,"tflops_q3":0.3771,"output_match":true,"mismatch_detail":null}
{"date":"2026-09-07","commit":"unknown","hw":"linux/aarch64 (20 logical cores)","boundary":"device_resident","impl":"matrixmultiply","lib_version":"0.3.11","impl_threads":1,"size":1024,"warmup":20,"iters":20,"tflops_median":0.1320,"tflops_q1":0.1320,"tflops_q3":0.1320,"output_match":false,"mismatch_detail":"matrixmultiply: index=5119 reference=-0.0021471737 candidate=-0.0021572113 abs_diff=0.000010037562 rel_diff=0.004653027"}
{"date":"2026-09-07","commit":"unknown","hw":"linux/aarch64 (20 logical cores)","boundary":"device_resident","impl":"gemm","lib_version":"0.19.0","impl_threads":12,"size":1024,"warmup":20,"iters":20,"tflops_median":0.3736,"tflops_q1":0.3626,"tflops_q3":0.3853,"output_match":true,"mismatch_detail":null}
::warning::size=2048 出力不一致（matrixmultiply）: matrixmultiply: index=1988 reference=-0.0072821276 candidate=-0.00727129 abs_diff=0.000010837801 rel_diff=0.001488274
::warning::size=2048 出力不一致（gemm crate）: gemm: index=7264 reference=-0.004956358 candidate=-0.0049700737 abs_diff=0.000013715588 rel_diff=0.0027596347
{"date":"2026-09-07","commit":"unknown","hw":"linux/aarch64 (20 logical cores)","boundary":"device_resident","impl":"self_gemm_blis_parallel","lib_version":"0.1.0","impl_threads":12,"size":2048,"warmup":20,"iters":20,"tflops_median":0.7115,"tflops_q1":0.6969,"tflops_q3":0.7272,"output_match":true,"mismatch_detail":null}
{"date":"2026-09-07","commit":"unknown","hw":"linux/aarch64 (20 logical cores)","boundary":"device_resident","impl":"matrixmultiply","lib_version":"0.3.11","impl_threads":1,"size":2048,"warmup":20,"iters":20,"tflops_median":0.1318,"tflops_q1":0.1318,"tflops_q3":0.1318,"output_match":false,"mismatch_detail":"matrixmultiply: index=1988 reference=-0.0072821276 candidate=-0.00727129 abs_diff=0.000010837801 rel_diff=0.001488274"}
{"date":"2026-09-07","commit":"unknown","hw":"linux/aarch64 (20 logical cores)","boundary":"device_resident","impl":"gemm","lib_version":"0.19.0","impl_threads":12,"size":2048,"warmup":20,"iters":20,"tflops_median":0.4321,"tflops_q1":0.4091,"tflops_q3":0.4391,"output_match":false,"mismatch_detail":"gemm: index=7264 reference=-0.004956358 candidate=-0.0049700737 abs_diff=0.000013715588 rel_diff=0.0027596347"}
::warning::size=4096 出力不一致（matrixmultiply）: matrixmultiply: index=117 reference=0.012689356 candidate=0.012704611 abs_diff=0.000015255064 rel_diff=0.0012007502
::warning::size=4096 出力不一致（gemm crate）: gemm: index=117 reference=0.012689356 candidate=0.01272583 abs_diff=0.000036474317 rel_diff=0.002866164
{"date":"2026-09-07","commit":"unknown","hw":"linux/aarch64 (20 logical cores)","boundary":"device_resident","impl":"self_gemm_blis_parallel","lib_version":"0.1.0","impl_threads":12,"size":4096,"warmup":20,"iters":20,"tflops_median":0.8133,"tflops_q1":0.8085,"tflops_q3":0.8148,"output_match":true,"mismatch_detail":null}
{"date":"2026-09-07","commit":"unknown","hw":"linux/aarch64 (20 logical cores)","boundary":"device_resident","impl":"matrixmultiply","lib_version":"0.3.11","impl_threads":1,"size":4096,"warmup":20,"iters":20,"tflops_median":0.1288,"tflops_q1":0.1288,"tflops_q3":0.1289,"output_match":false,"mismatch_detail":"matrixmultiply: index=117 reference=0.012689356 candidate=0.012704611 abs_diff=0.000015255064 rel_diff=0.0012007502"}
{"date":"2026-09-07","commit":"unknown","hw":"linux/aarch64 (20 logical cores)","boundary":"device_resident","impl":"gemm","lib_version":"0.19.0","impl_threads":12,"size":4096,"warmup":20,"iters":20,"tflops_median":0.5624,"tflops_q1":0.5104,"tflops_q3":0.6036,"output_match":false,"mismatch_detail":"gemm: index=117 reference=0.012689356 candidate=0.01272583 abs_diff=0.000036474317 rel_diff=0.002866164"}
::error::出力突合 NG（統一複合判定: 相対誤差 1e-3 未満 または 絶対誤差 1e-5 未満）を検出した。各 JSON Lines レコードの output_match / mismatch_detail を参照。既知の限界は docs/oss-comparison-harness-decision.md「出力突合とその限界」節を参照。
== RAYON_NUM_THREADS=12 run=4 rc=1 ==
== RAYON_NUM_THREADS=12 run=5 taskset=none ==
oss-gemm-compare: commit=unknown hw=linux/aarch64 (20 logical cores) rayon_threads=12
::warning::size=1024 出力不一致（matrixmultiply）: matrixmultiply: index=5119 reference=-0.0021471737 candidate=-0.0021572113 abs_diff=0.000010037562 rel_diff=0.004653027
{"date":"2026-09-07","commit":"unknown","hw":"linux/aarch64 (20 logical cores)","boundary":"device_resident","impl":"self_gemm_blis_parallel","lib_version":"0.1.0","impl_threads":12,"size":1024,"warmup":20,"iters":20,"tflops_median":0.3610,"tflops_q1":0.3433,"tflops_q3":0.3867,"output_match":true,"mismatch_detail":null}
{"date":"2026-09-07","commit":"unknown","hw":"linux/aarch64 (20 logical cores)","boundary":"device_resident","impl":"matrixmultiply","lib_version":"0.3.11","impl_threads":1,"size":1024,"warmup":20,"iters":20,"tflops_median":0.1324,"tflops_q1":0.1322,"tflops_q3":0.1324,"output_match":false,"mismatch_detail":"matrixmultiply: index=5119 reference=-0.0021471737 candidate=-0.0021572113 abs_diff=0.000010037562 rel_diff=0.004653027"}
{"date":"2026-09-07","commit":"unknown","hw":"linux/aarch64 (20 logical cores)","boundary":"device_resident","impl":"gemm","lib_version":"0.19.0","impl_threads":12,"size":1024,"warmup":20,"iters":20,"tflops_median":0.3960,"tflops_q1":0.3672,"tflops_q3":0.4060,"output_match":true,"mismatch_detail":null}
::warning::size=2048 出力不一致（matrixmultiply）: matrixmultiply: index=1988 reference=-0.0072821276 candidate=-0.00727129 abs_diff=0.000010837801 rel_diff=0.001488274
::warning::size=2048 出力不一致（gemm crate）: gemm: index=7264 reference=-0.004956358 candidate=-0.0049700737 abs_diff=0.000013715588 rel_diff=0.0027596347
{"date":"2026-09-07","commit":"unknown","hw":"linux/aarch64 (20 logical cores)","boundary":"device_resident","impl":"self_gemm_blis_parallel","lib_version":"0.1.0","impl_threads":12,"size":2048,"warmup":20,"iters":20,"tflops_median":0.7048,"tflops_q1":0.6880,"tflops_q3":0.7209,"output_match":true,"mismatch_detail":null}
{"date":"2026-09-07","commit":"unknown","hw":"linux/aarch64 (20 logical cores)","boundary":"device_resident","impl":"matrixmultiply","lib_version":"0.3.11","impl_threads":1,"size":2048,"warmup":20,"iters":20,"tflops_median":0.1303,"tflops_q1":0.1303,"tflops_q3":0.1303,"output_match":false,"mismatch_detail":"matrixmultiply: index=1988 reference=-0.0072821276 candidate=-0.00727129 abs_diff=0.000010837801 rel_diff=0.001488274"}
{"date":"2026-09-07","commit":"unknown","hw":"linux/aarch64 (20 logical cores)","boundary":"device_resident","impl":"gemm","lib_version":"0.19.0","impl_threads":12,"size":2048,"warmup":20,"iters":20,"tflops_median":0.4254,"tflops_q1":0.4035,"tflops_q3":0.4327,"output_match":false,"mismatch_detail":"gemm: index=7264 reference=-0.004956358 candidate=-0.0049700737 abs_diff=0.000013715588 rel_diff=0.0027596347"}
::warning::size=4096 出力不一致（matrixmultiply）: matrixmultiply: index=117 reference=0.012689356 candidate=0.012704611 abs_diff=0.000015255064 rel_diff=0.0012007502
::warning::size=4096 出力不一致（gemm crate）: gemm: index=117 reference=0.012689356 candidate=0.01272583 abs_diff=0.000036474317 rel_diff=0.002866164
{"date":"2026-09-07","commit":"unknown","hw":"linux/aarch64 (20 logical cores)","boundary":"device_resident","impl":"self_gemm_blis_parallel","lib_version":"0.1.0","impl_threads":12,"size":4096,"warmup":20,"iters":20,"tflops_median":0.8147,"tflops_q1":0.8085,"tflops_q3":0.8173,"output_match":true,"mismatch_detail":null}
{"date":"2026-09-07","commit":"unknown","hw":"linux/aarch64 (20 logical cores)","boundary":"device_resident","impl":"matrixmultiply","lib_version":"0.3.11","impl_threads":1,"size":4096,"warmup":20,"iters":20,"tflops_median":0.1294,"tflops_q1":0.1293,"tflops_q3":0.1294,"output_match":false,"mismatch_detail":"matrixmultiply: index=117 reference=0.012689356 candidate=0.012704611 abs_diff=0.000015255064 rel_diff=0.0012007502"}
{"date":"2026-09-07","commit":"unknown","hw":"linux/aarch64 (20 logical cores)","boundary":"device_resident","impl":"gemm","lib_version":"0.19.0","impl_threads":12,"size":4096,"warmup":20,"iters":20,"tflops_median":0.4784,"tflops_q1":0.4712,"tflops_q3":0.5076,"output_match":false,"mismatch_detail":"gemm: index=117 reference=0.012689356 candidate=0.01272583 abs_diff=0.000036474317 rel_diff=0.002866164"}
::error::出力突合 NG（統一複合判定: 相対誤差 1e-3 未満 または 絶対誤差 1e-5 未満）を検出した。各 JSON Lines レコードの output_match / mismatch_detail を参照。既知の限界は docs/oss-comparison-harness-decision.md「出力突合とその限界」節を参照。
== RAYON_NUM_THREADS=12 run=5 rc=1 ==
== RAYON_NUM_THREADS=16 run=1 taskset=none ==
oss-gemm-compare: commit=unknown hw=linux/aarch64 (20 logical cores) rayon_threads=16
::warning::size=1024 出力不一致（matrixmultiply）: matrixmultiply: index=5119 reference=-0.0021471737 candidate=-0.0021572113 abs_diff=0.000010037562 rel_diff=0.004653027
{"date":"2026-09-07","commit":"unknown","hw":"linux/aarch64 (20 logical cores)","boundary":"device_resident","impl":"self_gemm_blis_parallel","lib_version":"0.1.0","impl_threads":16,"size":1024,"warmup":20,"iters":20,"tflops_median":0.4768,"tflops_q1":0.4640,"tflops_q3":0.4969,"output_match":true,"mismatch_detail":null}
{"date":"2026-09-07","commit":"unknown","hw":"linux/aarch64 (20 logical cores)","boundary":"device_resident","impl":"matrixmultiply","lib_version":"0.3.11","impl_threads":1,"size":1024,"warmup":20,"iters":20,"tflops_median":0.1275,"tflops_q1":0.1275,"tflops_q3":0.1276,"output_match":false,"mismatch_detail":"matrixmultiply: index=5119 reference=-0.0021471737 candidate=-0.0021572113 abs_diff=0.000010037562 rel_diff=0.004653027"}
{"date":"2026-09-07","commit":"unknown","hw":"linux/aarch64 (20 logical cores)","boundary":"device_resident","impl":"gemm","lib_version":"0.19.0","impl_threads":16,"size":1024,"warmup":20,"iters":20,"tflops_median":0.5159,"tflops_q1":0.4683,"tflops_q3":0.5427,"output_match":true,"mismatch_detail":null}
::warning::size=2048 出力不一致（matrixmultiply）: matrixmultiply: index=1988 reference=-0.0072821276 candidate=-0.00727129 abs_diff=0.000010837801 rel_diff=0.001488274
::warning::size=2048 出力不一致（gemm crate）: gemm: index=7264 reference=-0.004956358 candidate=-0.0049700737 abs_diff=0.000013715588 rel_diff=0.0027596347
{"date":"2026-09-07","commit":"unknown","hw":"linux/aarch64 (20 logical cores)","boundary":"device_resident","impl":"self_gemm_blis_parallel","lib_version":"0.1.0","impl_threads":16,"size":2048,"warmup":20,"iters":20,"tflops_median":0.5770,"tflops_q1":0.5640,"tflops_q3":0.5916,"output_match":true,"mismatch_detail":null}
{"date":"2026-09-07","commit":"unknown","hw":"linux/aarch64 (20 logical cores)","boundary":"device_resident","impl":"matrixmultiply","lib_version":"0.3.11","impl_threads":1,"size":2048,"warmup":20,"iters":20,"tflops_median":0.1268,"tflops_q1":0.1268,"tflops_q3":0.1268,"output_match":false,"mismatch_detail":"matrixmultiply: index=1988 reference=-0.0072821276 candidate=-0.00727129 abs_diff=0.000010837801 rel_diff=0.001488274"}
{"date":"2026-09-07","commit":"unknown","hw":"linux/aarch64 (20 logical cores)","boundary":"device_resident","impl":"gemm","lib_version":"0.19.0","impl_threads":16,"size":2048,"warmup":20,"iters":20,"tflops_median":0.5631,"tflops_q1":0.5556,"tflops_q3":0.5771,"output_match":false,"mismatch_detail":"gemm: index=7264 reference=-0.004956358 candidate=-0.0049700737 abs_diff=0.000013715588 rel_diff=0.0027596347"}
::warning::size=4096 出力不一致（matrixmultiply）: matrixmultiply: index=117 reference=0.012689356 candidate=0.012704611 abs_diff=0.000015255064 rel_diff=0.0012007502
::warning::size=4096 出力不一致（gemm crate）: gemm: index=117 reference=0.012689356 candidate=0.01272583 abs_diff=0.000036474317 rel_diff=0.002866164
{"date":"2026-09-07","commit":"unknown","hw":"linux/aarch64 (20 logical cores)","boundary":"device_resident","impl":"self_gemm_blis_parallel","lib_version":"0.1.0","impl_threads":16,"size":4096,"warmup":20,"iters":20,"tflops_median":0.9626,"tflops_q1":0.9565,"tflops_q3":0.9644,"output_match":true,"mismatch_detail":null}
{"date":"2026-09-07","commit":"unknown","hw":"linux/aarch64 (20 logical cores)","boundary":"device_resident","impl":"matrixmultiply","lib_version":"0.3.11","impl_threads":1,"size":4096,"warmup":20,"iters":20,"tflops_median":0.1290,"tflops_q1":0.1289,"tflops_q3":0.1290,"output_match":false,"mismatch_detail":"matrixmultiply: index=117 reference=0.012689356 candidate=0.012704611 abs_diff=0.000015255064 rel_diff=0.0012007502"}
{"date":"2026-09-07","commit":"unknown","hw":"linux/aarch64 (20 logical cores)","boundary":"device_resident","impl":"gemm","lib_version":"0.19.0","impl_threads":16,"size":4096,"warmup":20,"iters":20,"tflops_median":0.6139,"tflops_q1":0.6079,"tflops_q3":0.6198,"output_match":false,"mismatch_detail":"gemm: index=117 reference=0.012689356 candidate=0.01272583 abs_diff=0.000036474317 rel_diff=0.002866164"}
::error::出力突合 NG（統一複合判定: 相対誤差 1e-3 未満 または 絶対誤差 1e-5 未満）を検出した。各 JSON Lines レコードの output_match / mismatch_detail を参照。既知の限界は docs/oss-comparison-harness-decision.md「出力突合とその限界」節を参照。
== RAYON_NUM_THREADS=16 run=1 rc=1 ==
== RAYON_NUM_THREADS=16 run=2 taskset=none ==
oss-gemm-compare: commit=unknown hw=linux/aarch64 (20 logical cores) rayon_threads=16
::warning::size=1024 出力不一致（matrixmultiply）: matrixmultiply: index=5119 reference=-0.0021471737 candidate=-0.0021572113 abs_diff=0.000010037562 rel_diff=0.004653027
{"date":"2026-09-07","commit":"unknown","hw":"linux/aarch64 (20 logical cores)","boundary":"device_resident","impl":"self_gemm_blis_parallel","lib_version":"0.1.0","impl_threads":16,"size":1024,"warmup":20,"iters":20,"tflops_median":0.4912,"tflops_q1":0.4391,"tflops_q3":0.5322,"output_match":true,"mismatch_detail":null}
{"date":"2026-09-07","commit":"unknown","hw":"linux/aarch64 (20 logical cores)","boundary":"device_resident","impl":"matrixmultiply","lib_version":"0.3.11","impl_threads":1,"size":1024,"warmup":20,"iters":20,"tflops_median":0.1322,"tflops_q1":0.1320,"tflops_q3":0.1323,"output_match":false,"mismatch_detail":"matrixmultiply: index=5119 reference=-0.0021471737 candidate=-0.0021572113 abs_diff=0.000010037562 rel_diff=0.004653027"}
{"date":"2026-09-07","commit":"unknown","hw":"linux/aarch64 (20 logical cores)","boundary":"device_resident","impl":"gemm","lib_version":"0.19.0","impl_threads":16,"size":1024,"warmup":20,"iters":20,"tflops_median":0.5357,"tflops_q1":0.5175,"tflops_q3":0.5777,"output_match":true,"mismatch_detail":null}
::warning::size=2048 出力不一致（matrixmultiply）: matrixmultiply: index=1988 reference=-0.0072821276 candidate=-0.00727129 abs_diff=0.000010837801 rel_diff=0.001488274
::warning::size=2048 出力不一致（gemm crate）: gemm: index=7264 reference=-0.004956358 candidate=-0.0049700737 abs_diff=0.000013715588 rel_diff=0.0027596347
{"date":"2026-09-07","commit":"unknown","hw":"linux/aarch64 (20 logical cores)","boundary":"device_resident","impl":"self_gemm_blis_parallel","lib_version":"0.1.0","impl_threads":16,"size":2048,"warmup":20,"iters":20,"tflops_median":0.5686,"tflops_q1":0.5625,"tflops_q3":0.5773,"output_match":true,"mismatch_detail":null}
{"date":"2026-09-07","commit":"unknown","hw":"linux/aarch64 (20 logical cores)","boundary":"device_resident","impl":"matrixmultiply","lib_version":"0.3.11","impl_threads":1,"size":2048,"warmup":20,"iters":20,"tflops_median":0.1273,"tflops_q1":0.1272,"tflops_q3":0.1273,"output_match":false,"mismatch_detail":"matrixmultiply: index=1988 reference=-0.0072821276 candidate=-0.00727129 abs_diff=0.000010837801 rel_diff=0.001488274"}
{"date":"2026-09-07","commit":"unknown","hw":"linux/aarch64 (20 logical cores)","boundary":"device_resident","impl":"gemm","lib_version":"0.19.0","impl_threads":16,"size":2048,"warmup":20,"iters":20,"tflops_median":0.5713,"tflops_q1":0.5633,"tflops_q3":0.5843,"output_match":false,"mismatch_detail":"gemm: index=7264 reference=-0.004956358 candidate=-0.0049700737 abs_diff=0.000013715588 rel_diff=0.0027596347"}
::warning::size=4096 出力不一致（matrixmultiply）: matrixmultiply: index=117 reference=0.012689356 candidate=0.012704611 abs_diff=0.000015255064 rel_diff=0.0012007502
::warning::size=4096 出力不一致（gemm crate）: gemm: index=117 reference=0.012689356 candidate=0.01272583 abs_diff=0.000036474317 rel_diff=0.002866164
{"date":"2026-09-07","commit":"unknown","hw":"linux/aarch64 (20 logical cores)","boundary":"device_resident","impl":"self_gemm_blis_parallel","lib_version":"0.1.0","impl_threads":16,"size":4096,"warmup":20,"iters":20,"tflops_median":0.9619,"tflops_q1":0.9579,"tflops_q3":0.9640,"output_match":true,"mismatch_detail":null}
{"date":"2026-09-07","commit":"unknown","hw":"linux/aarch64 (20 logical cores)","boundary":"device_resident","impl":"matrixmultiply","lib_version":"0.3.11","impl_threads":1,"size":4096,"warmup":20,"iters":20,"tflops_median":0.1293,"tflops_q1":0.1293,"tflops_q3":0.1294,"output_match":false,"mismatch_detail":"matrixmultiply: index=117 reference=0.012689356 candidate=0.012704611 abs_diff=0.000015255064 rel_diff=0.0012007502"}
{"date":"2026-09-07","commit":"unknown","hw":"linux/aarch64 (20 logical cores)","boundary":"device_resident","impl":"gemm","lib_version":"0.19.0","impl_threads":16,"size":4096,"warmup":20,"iters":20,"tflops_median":0.6152,"tflops_q1":0.6133,"tflops_q3":0.6196,"output_match":false,"mismatch_detail":"gemm: index=117 reference=0.012689356 candidate=0.01272583 abs_diff=0.000036474317 rel_diff=0.002866164"}
::error::出力突合 NG（統一複合判定: 相対誤差 1e-3 未満 または 絶対誤差 1e-5 未満）を検出した。各 JSON Lines レコードの output_match / mismatch_detail を参照。既知の限界は docs/oss-comparison-harness-decision.md「出力突合とその限界」節を参照。
== RAYON_NUM_THREADS=16 run=2 rc=1 ==
== RAYON_NUM_THREADS=16 run=3 taskset=none ==
oss-gemm-compare: commit=unknown hw=linux/aarch64 (20 logical cores) rayon_threads=16
::warning::size=1024 出力不一致（matrixmultiply）: matrixmultiply: index=5119 reference=-0.0021471737 candidate=-0.0021572113 abs_diff=0.000010037562 rel_diff=0.004653027
{"date":"2026-09-07","commit":"unknown","hw":"linux/aarch64 (20 logical cores)","boundary":"device_resident","impl":"self_gemm_blis_parallel","lib_version":"0.1.0","impl_threads":16,"size":1024,"warmup":20,"iters":20,"tflops_median":0.4813,"tflops_q1":0.4521,"tflops_q3":0.5113,"output_match":true,"mismatch_detail":null}
{"date":"2026-09-07","commit":"unknown","hw":"linux/aarch64 (20 logical cores)","boundary":"device_resident","impl":"matrixmultiply","lib_version":"0.3.11","impl_threads":1,"size":1024,"warmup":20,"iters":20,"tflops_median":0.1323,"tflops_q1":0.1323,"tflops_q3":0.1324,"output_match":false,"mismatch_detail":"matrixmultiply: index=5119 reference=-0.0021471737 candidate=-0.0021572113 abs_diff=0.000010037562 rel_diff=0.004653027"}
{"date":"2026-09-07","commit":"unknown","hw":"linux/aarch64 (20 logical cores)","boundary":"device_resident","impl":"gemm","lib_version":"0.19.0","impl_threads":16,"size":1024,"warmup":20,"iters":20,"tflops_median":0.5304,"tflops_q1":0.5217,"tflops_q3":0.5477,"output_match":true,"mismatch_detail":null}
::warning::size=2048 出力不一致（matrixmultiply）: matrixmultiply: index=1988 reference=-0.0072821276 candidate=-0.00727129 abs_diff=0.000010837801 rel_diff=0.001488274
::warning::size=2048 出力不一致（gemm crate）: gemm: index=7264 reference=-0.004956358 candidate=-0.0049700737 abs_diff=0.000013715588 rel_diff=0.0027596347
{"date":"2026-09-07","commit":"unknown","hw":"linux/aarch64 (20 logical cores)","boundary":"device_resident","impl":"self_gemm_blis_parallel","lib_version":"0.1.0","impl_threads":16,"size":2048,"warmup":20,"iters":20,"tflops_median":0.5767,"tflops_q1":0.5720,"tflops_q3":0.5851,"output_match":true,"mismatch_detail":null}
{"date":"2026-09-07","commit":"unknown","hw":"linux/aarch64 (20 logical cores)","boundary":"device_resident","impl":"matrixmultiply","lib_version":"0.3.11","impl_threads":1,"size":2048,"warmup":20,"iters":20,"tflops_median":0.1260,"tflops_q1":0.1260,"tflops_q3":0.1261,"output_match":false,"mismatch_detail":"matrixmultiply: index=1988 reference=-0.0072821276 candidate=-0.00727129 abs_diff=0.000010837801 rel_diff=0.001488274"}
{"date":"2026-09-07","commit":"unknown","hw":"linux/aarch64 (20 logical cores)","boundary":"device_resident","impl":"gemm","lib_version":"0.19.0","impl_threads":16,"size":2048,"warmup":20,"iters":20,"tflops_median":0.5681,"tflops_q1":0.5601,"tflops_q3":0.5868,"output_match":false,"mismatch_detail":"gemm: index=7264 reference=-0.004956358 candidate=-0.0049700737 abs_diff=0.000013715588 rel_diff=0.0027596347"}
::warning::size=4096 出力不一致（matrixmultiply）: matrixmultiply: index=117 reference=0.012689356 candidate=0.012704611 abs_diff=0.000015255064 rel_diff=0.0012007502
::warning::size=4096 出力不一致（gemm crate）: gemm: index=117 reference=0.012689356 candidate=0.01272583 abs_diff=0.000036474317 rel_diff=0.002866164
{"date":"2026-09-07","commit":"unknown","hw":"linux/aarch64 (20 logical cores)","boundary":"device_resident","impl":"self_gemm_blis_parallel","lib_version":"0.1.0","impl_threads":16,"size":4096,"warmup":20,"iters":20,"tflops_median":0.9645,"tflops_q1":0.9607,"tflops_q3":0.9674,"output_match":true,"mismatch_detail":null}
{"date":"2026-09-07","commit":"unknown","hw":"linux/aarch64 (20 logical cores)","boundary":"device_resident","impl":"matrixmultiply","lib_version":"0.3.11","impl_threads":1,"size":4096,"warmup":20,"iters":20,"tflops_median":0.1260,"tflops_q1":0.1259,"tflops_q3":0.1260,"output_match":false,"mismatch_detail":"matrixmultiply: index=117 reference=0.012689356 candidate=0.012704611 abs_diff=0.000015255064 rel_diff=0.0012007502"}
{"date":"2026-09-07","commit":"unknown","hw":"linux/aarch64 (20 logical cores)","boundary":"device_resident","impl":"gemm","lib_version":"0.19.0","impl_threads":16,"size":4096,"warmup":20,"iters":20,"tflops_median":0.6146,"tflops_q1":0.6075,"tflops_q3":0.6167,"output_match":false,"mismatch_detail":"gemm: index=117 reference=0.012689356 candidate=0.01272583 abs_diff=0.000036474317 rel_diff=0.002866164"}
::error::出力突合 NG（統一複合判定: 相対誤差 1e-3 未満 または 絶対誤差 1e-5 未満）を検出した。各 JSON Lines レコードの output_match / mismatch_detail を参照。既知の限界は docs/oss-comparison-harness-decision.md「出力突合とその限界」節を参照。
== RAYON_NUM_THREADS=16 run=3 rc=1 ==
== RAYON_NUM_THREADS=16 run=4 taskset=none ==
oss-gemm-compare: commit=unknown hw=linux/aarch64 (20 logical cores) rayon_threads=16
::warning::size=1024 出力不一致（matrixmultiply）: matrixmultiply: index=5119 reference=-0.0021471737 candidate=-0.0021572113 abs_diff=0.000010037562 rel_diff=0.004653027
{"date":"2026-09-07","commit":"unknown","hw":"linux/aarch64 (20 logical cores)","boundary":"device_resident","impl":"self_gemm_blis_parallel","lib_version":"0.1.0","impl_threads":16,"size":1024,"warmup":20,"iters":20,"tflops_median":0.4975,"tflops_q1":0.4696,"tflops_q3":0.5244,"output_match":true,"mismatch_detail":null}
{"date":"2026-09-07","commit":"unknown","hw":"linux/aarch64 (20 logical cores)","boundary":"device_resident","impl":"matrixmultiply","lib_version":"0.3.11","impl_threads":1,"size":1024,"warmup":20,"iters":20,"tflops_median":0.1285,"tflops_q1":0.1283,"tflops_q3":0.1286,"output_match":false,"mismatch_detail":"matrixmultiply: index=5119 reference=-0.0021471737 candidate=-0.0021572113 abs_diff=0.000010037562 rel_diff=0.004653027"}
{"date":"2026-09-07","commit":"unknown","hw":"linux/aarch64 (20 logical cores)","boundary":"device_resident","impl":"gemm","lib_version":"0.19.0","impl_threads":16,"size":1024,"warmup":20,"iters":20,"tflops_median":0.4901,"tflops_q1":0.4758,"tflops_q3":0.5351,"output_match":true,"mismatch_detail":null}
::warning::size=2048 出力不一致（matrixmultiply）: matrixmultiply: index=1988 reference=-0.0072821276 candidate=-0.00727129 abs_diff=0.000010837801 rel_diff=0.001488274
::warning::size=2048 出力不一致（gemm crate）: gemm: index=7264 reference=-0.004956358 candidate=-0.0049700737 abs_diff=0.000013715588 rel_diff=0.0027596347
{"date":"2026-09-07","commit":"unknown","hw":"linux/aarch64 (20 logical cores)","boundary":"device_resident","impl":"self_gemm_blis_parallel","lib_version":"0.1.0","impl_threads":16,"size":2048,"warmup":20,"iters":20,"tflops_median":0.5694,"tflops_q1":0.5619,"tflops_q3":0.5866,"output_match":true,"mismatch_detail":null}
{"date":"2026-09-07","commit":"unknown","hw":"linux/aarch64 (20 logical cores)","boundary":"device_resident","impl":"matrixmultiply","lib_version":"0.3.11","impl_threads":1,"size":2048,"warmup":20,"iters":20,"tflops_median":0.1267,"tflops_q1":0.1266,"tflops_q3":0.1267,"output_match":false,"mismatch_detail":"matrixmultiply: index=1988 reference=-0.0072821276 candidate=-0.00727129 abs_diff=0.000010837801 rel_diff=0.001488274"}
{"date":"2026-09-07","commit":"unknown","hw":"linux/aarch64 (20 logical cores)","boundary":"device_resident","impl":"gemm","lib_version":"0.19.0","impl_threads":16,"size":2048,"warmup":20,"iters":20,"tflops_median":0.5650,"tflops_q1":0.5613,"tflops_q3":0.5754,"output_match":false,"mismatch_detail":"gemm: index=7264 reference=-0.004956358 candidate=-0.0049700737 abs_diff=0.000013715588 rel_diff=0.0027596347"}
::warning::size=4096 出力不一致（matrixmultiply）: matrixmultiply: index=117 reference=0.012689356 candidate=0.012704611 abs_diff=0.000015255064 rel_diff=0.0012007502
::warning::size=4096 出力不一致（gemm crate）: gemm: index=117 reference=0.012689356 candidate=0.01272583 abs_diff=0.000036474317 rel_diff=0.002866164
{"date":"2026-09-07","commit":"unknown","hw":"linux/aarch64 (20 logical cores)","boundary":"device_resident","impl":"self_gemm_blis_parallel","lib_version":"0.1.0","impl_threads":16,"size":4096,"warmup":20,"iters":20,"tflops_median":0.9586,"tflops_q1":0.9411,"tflops_q3":0.9654,"output_match":true,"mismatch_detail":null}
{"date":"2026-09-07","commit":"unknown","hw":"linux/aarch64 (20 logical cores)","boundary":"device_resident","impl":"matrixmultiply","lib_version":"0.3.11","impl_threads":1,"size":4096,"warmup":20,"iters":20,"tflops_median":0.1258,"tflops_q1":0.1257,"tflops_q3":0.1258,"output_match":false,"mismatch_detail":"matrixmultiply: index=117 reference=0.012689356 candidate=0.012704611 abs_diff=0.000015255064 rel_diff=0.0012007502"}
{"date":"2026-09-07","commit":"unknown","hw":"linux/aarch64 (20 logical cores)","boundary":"device_resident","impl":"gemm","lib_version":"0.19.0","impl_threads":16,"size":4096,"warmup":20,"iters":20,"tflops_median":0.6163,"tflops_q1":0.6078,"tflops_q3":0.6200,"output_match":false,"mismatch_detail":"gemm: index=117 reference=0.012689356 candidate=0.01272583 abs_diff=0.000036474317 rel_diff=0.002866164"}
::error::出力突合 NG（統一複合判定: 相対誤差 1e-3 未満 または 絶対誤差 1e-5 未満）を検出した。各 JSON Lines レコードの output_match / mismatch_detail を参照。既知の限界は docs/oss-comparison-harness-decision.md「出力突合とその限界」節を参照。
== RAYON_NUM_THREADS=16 run=4 rc=1 ==
== RAYON_NUM_THREADS=16 run=5 taskset=none ==
oss-gemm-compare: commit=unknown hw=linux/aarch64 (20 logical cores) rayon_threads=16
::warning::size=1024 出力不一致（matrixmultiply）: matrixmultiply: index=5119 reference=-0.0021471737 candidate=-0.0021572113 abs_diff=0.000010037562 rel_diff=0.004653027
{"date":"2026-09-07","commit":"unknown","hw":"linux/aarch64 (20 logical cores)","boundary":"device_resident","impl":"self_gemm_blis_parallel","lib_version":"0.1.0","impl_threads":16,"size":1024,"warmup":20,"iters":20,"tflops_median":0.4978,"tflops_q1":0.4871,"tflops_q3":0.5092,"output_match":true,"mismatch_detail":null}
{"date":"2026-09-07","commit":"unknown","hw":"linux/aarch64 (20 logical cores)","boundary":"device_resident","impl":"matrixmultiply","lib_version":"0.3.11","impl_threads":1,"size":1024,"warmup":20,"iters":20,"tflops_median":0.1287,"tflops_q1":0.1287,"tflops_q3":0.1288,"output_match":false,"mismatch_detail":"matrixmultiply: index=5119 reference=-0.0021471737 candidate=-0.0021572113 abs_diff=0.000010037562 rel_diff=0.004653027"}
{"date":"2026-09-07","commit":"unknown","hw":"linux/aarch64 (20 logical cores)","boundary":"device_resident","impl":"gemm","lib_version":"0.19.0","impl_threads":16,"size":1024,"warmup":20,"iters":20,"tflops_median":0.5276,"tflops_q1":0.5057,"tflops_q3":0.5481,"output_match":true,"mismatch_detail":null}
::warning::size=2048 出力不一致（matrixmultiply）: matrixmultiply: index=1988 reference=-0.0072821276 candidate=-0.00727129 abs_diff=0.000010837801 rel_diff=0.001488274
::warning::size=2048 出力不一致（gemm crate）: gemm: index=7264 reference=-0.004956358 candidate=-0.0049700737 abs_diff=0.000013715588 rel_diff=0.0027596347
{"date":"2026-09-07","commit":"unknown","hw":"linux/aarch64 (20 logical cores)","boundary":"device_resident","impl":"self_gemm_blis_parallel","lib_version":"0.1.0","impl_threads":16,"size":2048,"warmup":20,"iters":20,"tflops_median":0.5808,"tflops_q1":0.5722,"tflops_q3":0.5875,"output_match":true,"mismatch_detail":null}
{"date":"2026-09-07","commit":"unknown","hw":"linux/aarch64 (20 logical cores)","boundary":"device_resident","impl":"matrixmultiply","lib_version":"0.3.11","impl_threads":1,"size":2048,"warmup":20,"iters":20,"tflops_median":0.1270,"tflops_q1":0.1270,"tflops_q3":0.1271,"output_match":false,"mismatch_detail":"matrixmultiply: index=1988 reference=-0.0072821276 candidate=-0.00727129 abs_diff=0.000010837801 rel_diff=0.001488274"}
{"date":"2026-09-07","commit":"unknown","hw":"linux/aarch64 (20 logical cores)","boundary":"device_resident","impl":"gemm","lib_version":"0.19.0","impl_threads":16,"size":2048,"warmup":20,"iters":20,"tflops_median":0.5690,"tflops_q1":0.5622,"tflops_q3":0.5822,"output_match":false,"mismatch_detail":"gemm: index=7264 reference=-0.004956358 candidate=-0.0049700737 abs_diff=0.000013715588 rel_diff=0.0027596347"}
::warning::size=4096 出力不一致（matrixmultiply）: matrixmultiply: index=117 reference=0.012689356 candidate=0.012704611 abs_diff=0.000015255064 rel_diff=0.0012007502
::warning::size=4096 出力不一致（gemm crate）: gemm: index=117 reference=0.012689356 candidate=0.01272583 abs_diff=0.000036474317 rel_diff=0.002866164
{"date":"2026-09-07","commit":"unknown","hw":"linux/aarch64 (20 logical cores)","boundary":"device_resident","impl":"self_gemm_blis_parallel","lib_version":"0.1.0","impl_threads":16,"size":4096,"warmup":20,"iters":20,"tflops_median":0.9635,"tflops_q1":0.9598,"tflops_q3":0.9661,"output_match":true,"mismatch_detail":null}
{"date":"2026-09-07","commit":"unknown","hw":"linux/aarch64 (20 logical cores)","boundary":"device_resident","impl":"matrixmultiply","lib_version":"0.3.11","impl_threads":1,"size":4096,"warmup":20,"iters":20,"tflops_median":0.1289,"tflops_q1":0.1289,"tflops_q3":0.1290,"output_match":false,"mismatch_detail":"matrixmultiply: index=117 reference=0.012689356 candidate=0.012704611 abs_diff=0.000015255064 rel_diff=0.0012007502"}
{"date":"2026-09-07","commit":"unknown","hw":"linux/aarch64 (20 logical cores)","boundary":"device_resident","impl":"gemm","lib_version":"0.19.0","impl_threads":16,"size":4096,"warmup":20,"iters":20,"tflops_median":0.6155,"tflops_q1":0.6088,"tflops_q3":0.6175,"output_match":false,"mismatch_detail":"gemm: index=117 reference=0.012689356 candidate=0.01272583 abs_diff=0.000036474317 rel_diff=0.002866164"}
::error::出力突合 NG（統一複合判定: 相対誤差 1e-3 未満 または 絶対誤差 1e-5 未満）を検出した。各 JSON Lines レコードの output_match / mismatch_detail を参照。既知の限界は docs/oss-comparison-harness-decision.md「出力突合とその限界」節を参照。
== RAYON_NUM_THREADS=16 run=5 rc=1 ==
done.
