== full_ignored_metal ==
   Compiling fandhe-ai-backend-metal v0.8.0 (/Users/<user>/fandhe/library/rust-ai-library/crates/backend-metal)
warning: unused import: `CudaSlice`
  --> crates/backend-cuda/src/gemm_mma.rs:17:19
   |
17 |     CudaFunction, CudaSlice, CudaStream, CudaView, CudaViewMut, LaunchConfig, PushKernelArg,
   |                   ^^^^^^^^^
   |
   = note: `#[warn(unused_imports)]` (part of `#[warn(unused)]`) on by default

warning: unused import: `CudaSlice`
  --> crates/backend-cuda/src/gemm_mma_tf32x3.rs:30:36
   |
30 | use cudarc::driver::{CudaFunction, CudaSlice, CudaStream};
   |                                    ^^^^^^^^^

warning: field `tiled_pipeline_128x64_error` is never read
   --> crates/backend-cuda/src/gemm.rs:399:5
    |
238 | pub struct CudaGemm {
    |            -------- field in this struct
...
399 |     tiled_pipeline_128x64_error: Option<String>,
    |     ^^^^^^^^^^^^^^^^^^^^^^^^^^^
    |
    = note: `#[warn(dead_code)]` (part of `#[warn(unused)]`) on by default

warning: field `1` is never read
   --> crates/backend-cuda/src/gemm.rs:977:48
    |
977 | pub struct TiledPipelineFunction(CudaFunction, usize, TiledPipelineTile);
    |            ---------------------               ^^^^^
    |            |
    |            field in this struct
    |
help: consider changing the field to be of unit type to suppress this warning while preserving the field numbering, or remove the field
    |
977 - pub struct TiledPipelineFunction(CudaFunction, usize, TiledPipelineTile);
977 + pub struct TiledPipelineFunction(CudaFunction, (), TiledPipelineTile);
    |

warning: method `context_ptr` is never used
   --> crates/backend-cuda/src/gemm.rs:990:8
    |
979 | impl TiledPipelineFunction {
    | -------------------------- method in this implementation
...
990 |     fn context_ptr(&self) -> usize {
    |        ^^^^^^^^^^^

warning: function `persistent_grid_blocks` is never used
    --> crates/backend-cuda/src/gemm.rs:1153:15
     |
1153 | pub(crate) fn persistent_grid_blocks(num_tiles: u32, num_sms: u32, blocks_per_sm: u32) -> u32 {
     |               ^^^^^^^^^^^^^^^^^^^^^^

warning: function `persistent_tile_count` is never used
    --> crates/backend-cuda/src/gemm.rs:1173:15
     |
1173 | pub(crate) fn persistent_tile_count(
     |               ^^^^^^^^^^^^^^^^^^^^^

warning: struct `PersistentTiledPipelineFunction` is never constructed
    --> crates/backend-cuda/src/gemm.rs:1240:12
     |
1240 | pub struct PersistentTiledPipelineFunction {
     |            ^^^^^^^^^^^^^^^^^^^^^^^^^^^^^^^

warning: function `persistent_block_threads` is never used
    --> crates/backend-cuda/src/gemm.rs:1483:4
     |
1483 | fn persistent_block_threads(tile: TiledPipelineTile) -> u32 {
     |    ^^^^^^^^^^^^^^^^^^^^^^^^

warning: struct `StreamKPlan` is never constructed
    --> crates/backend-cuda/src/gemm.rs:1516:12
     |
1516 | pub struct StreamKPlan {
     |            ^^^^^^^^^^^

warning: method `is_active` is never used
    --> crates/backend-cuda/src/gemm.rs:1547:12
     |
1542 | impl StreamKPlan {
     | ---------------- method in this implementation
...
1547 |     pub fn is_active(&self) -> bool {
     |            ^^^^^^^^^

warning: function `streamk_plan` is never used
    --> crates/backend-cuda/src/gemm.rs:1577:15
     |
1577 | pub(crate) fn streamk_plan(
     |               ^^^^^^^^^^^^

warning: function `u32_from_u64_bounded` is never used
    --> crates/backend-cuda/src/gemm.rs:1680:4
     |
1680 | fn u32_from_u64_bounded(value: u64, context: &str) -> Result<u32, CudaError> {
     |    ^^^^^^^^^^^^^^^^^^^^

warning: struct `StreamKTiledPipelineFunction` is never constructed
    --> crates/backend-cuda/src/gemm.rs:1715:12
     |
1715 | pub struct StreamKTiledPipelineFunction {
     |            ^^^^^^^^^^^^^^^^^^^^^^^^^^^^

warning: enum `GemmVariantKind` is never used
  --> crates/backend-cuda/src/gemm_variant.rs:89:10
   |
89 | pub enum GemmVariantKind {
   |          ^^^^^^^^^^^^^^^

warning: constant `SPLITK_MIN_K` is never used
   --> crates/backend-cuda/src/gemm_variant.rs:113:11
    |
113 | pub const SPLITK_MIN_K: u32 = 1024;
    |           ^^^^^^^^^^^^

warning: constant `SPLITK_MIN_K_PER_SPLIT` is never used
   --> crates/backend-cuda/src/gemm_variant.rs:118:11
    |
118 | pub const SPLITK_MIN_K_PER_SPLIT: u32 = 32;
    |           ^^^^^^^^^^^^^^^^^^^^^^

warning: constant `SPLITK_MAX_SPLITS` is never used
   --> crates/backend-cuda/src/gemm_variant.rs:124:11
    |
124 | pub const SPLITK_MAX_SPLITS: u32 = 32;
    |           ^^^^^^^^^^^^^^^^^

warning: constant `SPLITK_PARTIAL_MAX_BYTES` is never used
   --> crates/backend-cuda/src/gemm_variant.rs:130:11
    |
130 | pub const SPLITK_PARTIAL_MAX_BYTES: u64 = 256 * 1024 * 1024;
    |           ^^^^^^^^^^^^^^^^^^^^^^^^

warning: constant `DOUBLE_BUFFER_MIN_K` is never used
   --> crates/backend-cuda/src/gemm_variant.rs:134:11
    |
134 | pub const DOUBLE_BUFFER_MIN_K: u32 = 2 * 32;
    |           ^^^^^^^^^^^^^^^^^^^

warning: constant `VARIANT_TILE` is never used
   --> crates/backend-cuda/src/gemm_variant.rs:141:7
    |
141 | const VARIANT_TILE: u32 = 32;
    |       ^^^^^^^^^^^^

warning: function `num_blocks` is never used
   --> crates/backend-cuda/src/gemm_variant.rs:147:4
    |
147 | fn num_blocks(m: u32, n: u32) -> u64 {
    |    ^^^^^^^^^^

warning: function `derive_split_count` is never used
   --> crates/backend-cuda/src/gemm_variant.rs:159:4
    |
159 | fn derive_split_count(num_blocks: u64, num_sms: u32, k: u32) -> u32 {
    |    ^^^^^^^^^^^^^^^^^^

warning: function `recommend_split_count` is never used
   --> crates/backend-cuda/src/gemm_variant.rs:206:15
    |
206 | pub(crate) fn recommend_split_count(m: u32, n: u32, k: u32, num_sms: u32) -> Option<u32> {
    |               ^^^^^^^^^^^^^^^^^^^^^

warning: function `split_k_partial_bytes` is never used
   --> crates/backend-cuda/src/gemm_variant.rs:221:4
    |
221 | fn split_k_partial_bytes(num_splits: u32, m: u32, n: u32) -> Option<u64> {
    |    ^^^^^^^^^^^^^^^^^^^^^

warning: function `select_f32_gemm_variant` is never used
   --> crates/backend-cuda/src/gemm_variant.rs:264:8
    |
264 | pub fn select_f32_gemm_variant(
    |        ^^^^^^^^^^^^^^^^^^^^^^^

warning: function `validate_split_k_launch` is never used
   --> crates/backend-cuda/src/gemm_variant.rs:301:8
    |
301 | pub fn validate_split_k_launch(m: u32, n: u32, num_splits: u32) -> Result<(), CudaError> {
    |        ^^^^^^^^^^^^^^^^^^^^^^^

warning: constant `TILED_DB_TILE` is never used
  --> crates/backend-cuda/src/kernels_gemm_variants.rs:26:11
   |
26 | pub const TILED_DB_TILE: u32 = 32;
   |           ^^^^^^^^^^^^^

warning: constant `TILED_DB_F32` is never used
  --> crates/backend-cuda/src/kernels_gemm_variants.rs:55:11
   |
55 | pub const TILED_DB_F32: &str = r#"
   |           ^^^^^^^^^^^^

warning: constant `SPLITK_PARTIAL_F32` is never used
   --> crates/backend-cuda/src/kernels_gemm_variants.rs:144:11
    |
144 | pub const SPLITK_PARTIAL_F32: &str = r#"
    |           ^^^^^^^^^^^^^^^^^^

warning: constant `SPLITK_REDUCE_BLOCK_DIM` is never used
   --> crates/backend-cuda/src/kernels_gemm_variants.rs:212:11
    |
212 | pub const SPLITK_REDUCE_BLOCK_DIM: u32 = 256;
    |           ^^^^^^^^^^^^^^^^^^^^^^^

warning: constant `SPLITK_REDUCE_F32` is never used
   --> crates/backend-cuda/src/kernels_gemm_variants.rs:228:11
    |
228 | pub const SPLITK_REDUCE_F32: &str = r#"
    |           ^^^^^^^^^^^^^^^^^

warning: function `tiled_f32_source_with_swizzle` is never used
   --> crates/backend-cuda/src/kernels.rs:731:8
    |
731 | pub fn tiled_f32_source_with_swizzle(group_width: u32) -> Result<String, crate::error::CudaError> {
    |        ^^^^^^^^^^^^^^^^^^^^^^^^^^^^^

warning: function `tiled_pipeline_f32_source_with_stages` is never used
   --> crates/backend-cuda/src/kernels_tiled_pipeline.rs:240:8
    |
240 | pub fn tiled_pipeline_f32_source_with_stages(stages: u32) -> Result<String, CudaError> {
    |        ^^^^^^^^^^^^^^^^^^^^^^^^^^^^^^^^^^^^^

warning: function `render_persistent_source` is never used
   --> crates/backend-cuda/src/kernels_tiled_pipeline.rs:302:4
    |
302 | fn render_persistent_source(stages: u32) -> String {
    |    ^^^^^^^^^^^^^^^^^^^^^^^^

warning: function `tiled_pipeline_persistent_f32_source` is never used
   --> crates/backend-cuda/src/kernels_tiled_pipeline.rs:320:8
    |
320 | pub fn tiled_pipeline_persistent_f32_source() -> &'static str {
    |        ^^^^^^^^^^^^^^^^^^^^^^^^^^^^^^^^^^^^

warning: static `TILED_PIPELINE_PERSISTENT_F32_SOURCE` is never used
   --> crates/backend-cuda/src/kernels_tiled_pipeline.rs:324:8
    |
324 | static TILED_PIPELINE_PERSISTENT_F32_SOURCE: LazyLock<String> =
    |        ^^^^^^^^^^^^^^^^^^^^^^^^^^^^^^^^^^^^

warning: function `tiled_pipeline_persistent_f32_source_with_stages` is never used
   --> crates/backend-cuda/src/kernels_tiled_pipeline.rs:331:8
    |
331 | pub fn tiled_pipeline_persistent_f32_source_with_stages(stages: u32) -> Result<String, CudaError> {
    |        ^^^^^^^^^^^^^^^^^^^^^^^^^^^^^^^^^^^^^^^^^^^^^^^^

warning: constant `TP_KERNEL_PERSISTENT_PREFIX` is never used
   --> crates/backend-cuda/src/kernels_tiled_pipeline.rs:596:7
    |
596 | const TP_KERNEL_PERSISTENT_PREFIX: &str = r#"extern "C" __global__ void gemm_tiled_pipeline_persistent_f32(
    |       ^^^^^^^^^^^^^^^^^^^^^^^^^^^

warning: constant `TP_KERNEL_PERSISTENT_SUFFIX` is never used
   --> crates/backend-cuda/src/kernels_tiled_pipeline.rs:661:7
    |
661 | const TP_KERNEL_PERSISTENT_SUFFIX: &str = "    }\n}\n";
    |       ^^^^^^^^^^^^^^^^^^^^^^^^^^^

warning: constant `TP_SK_KERNEL_PREFIX` is never used
   --> crates/backend-cuda/src/kernels_tiled_pipeline.rs:711:7
    |
711 | const TP_SK_KERNEL_PREFIX: &str = r#"extern "C" __global__ void gemm_tiled_pipeline_streamk_f32(
    |       ^^^^^^^^^^^^^^^^^^^

warning: constant `TP_SK_TILE_CORE` is never used
   --> crates/backend-cuda/src/kernels_tiled_pipeline.rs:827:7
    |
827 | const TP_SK_TILE_CORE: &str = r#"            int tid = threadIdx.x;
    |       ^^^^^^^^^^^^^^^

warning: constant `TP_SK_KERNEL_SUFFIX` is never used
   --> crates/backend-cuda/src/kernels_tiled_pipeline.rs:965:7
    |
965 | const TP_SK_KERNEL_SUFFIX: &str = "        }\n    }\n}\n";
    |       ^^^^^^^^^^^^^^^^^^^

warning: constant `TP_SK_FIXUP_BLOCK_THREADS` is never used
   --> crates/backend-cuda/src/kernels_tiled_pipeline.rs:979:11
    |
979 | pub const TP_SK_FIXUP_BLOCK_THREADS: u32 = 256;
    |           ^^^^^^^^^^^^^^^^^^^^^^^^^

warning: constant `TP_SK_FIXUP_KERNEL` is never used
    --> crates/backend-cuda/src/kernels_tiled_pipeline.rs:1036:7
     |
1036 | const TP_SK_FIXUP_KERNEL: &str = r#"
     |       ^^^^^^^^^^^^^^^^^^

warning: function `render_streamk_source` is never used
    --> crates/backend-cuda/src/kernels_tiled_pipeline.rs:1105:4
     |
1105 | fn render_streamk_source(stages: u32) -> String {
     |    ^^^^^^^^^^^^^^^^^^^^^

warning: function `tiled_pipeline_streamk_f32_source` is never used
    --> crates/backend-cuda/src/kernels_tiled_pipeline.rs:1120:8
     |
1120 | pub fn tiled_pipeline_streamk_f32_source() -> &'static str {
     |        ^^^^^^^^^^^^^^^^^^^^^^^^^^^^^^^^^

warning: static `TILED_PIPELINE_STREAMK_F32_SOURCE` is never used
    --> crates/backend-cuda/src/kernels_tiled_pipeline.rs:1124:8
     |
1124 | static TILED_PIPELINE_STREAMK_F32_SOURCE: LazyLock<String> =
     |        ^^^^^^^^^^^^^^^^^^^^^^^^^^^^^^^^^

warning: function `tiled_pipeline_streamk_f32_source_with_stages` is never used
    --> crates/backend-cuda/src/kernels_tiled_pipeline.rs:1130:8
     |
1130 | pub fn tiled_pipeline_streamk_f32_source_with_stages(stages: u32) -> Result<String, CudaError> {
     |        ^^^^^^^^^^^^^^^^^^^^^^^^^^^^^^^^^^^^^^^^^^^^^

warning: function `tiled_pipeline_128x64_f32_source_with_stages` is never used
   --> crates/backend-cuda/src/kernels_tiled_pipeline_128x64.rs:320:8
    |
320 | pub fn tiled_pipeline_128x64_f32_source_with_stages(stages: u32) -> Result<String, CudaError> {
    |        ^^^^^^^^^^^^^^^^^^^^^^^^^^^^^^^^^^^^^^^^^^^^

warning: function `render_persistent_source` is never used
   --> crates/backend-cuda/src/kernels_tiled_pipeline_128x64.rs:380:4
    |
380 | fn render_persistent_source(stages: u32) -> String {
    |    ^^^^^^^^^^^^^^^^^^^^^^^^

warning: function `tiled_pipeline_128x64_persistent_f32_source` is never used
   --> crates/backend-cuda/src/kernels_tiled_pipeline_128x64.rs:399:8
    |
399 | pub fn tiled_pipeline_128x64_persistent_f32_source() -> &'static str {
    |        ^^^^^^^^^^^^^^^^^^^^^^^^^^^^^^^^^^^^^^^^^^^

warning: static `TILED_PIPELINE_128X64_PERSISTENT_F32_SOURCE` is never used
   --> crates/backend-cuda/src/kernels_tiled_pipeline_128x64.rs:403:8
    |
403 | static TILED_PIPELINE_128X64_PERSISTENT_F32_SOURCE: LazyLock<String> =
    |        ^^^^^^^^^^^^^^^^^^^^^^^^^^^^^^^^^^^^^^^^^^^

warning: function `tiled_pipeline_128x64_persistent_f32_source_with_stages` is never used
   --> crates/backend-cuda/src/kernels_tiled_pipeline_128x64.rs:411:8
    |
411 | pub fn tiled_pipeline_128x64_persistent_f32_source_with_stages(
    |        ^^^^^^^^^^^^^^^^^^^^^^^^^^^^^^^^^^^^^^^^^^^^^^^^^^^^^^^

warning: constant `TP128_KERNEL_PERSISTENT_PREFIX` is never used
   --> crates/backend-cuda/src/kernels_tiled_pipeline_128x64.rs:695:7
    |
695 | const TP128_KERNEL_PERSISTENT_PREFIX: &str = r#"extern "C" __global__ void gemm_tiled_pipeline_128x64_persistent_f32(
    |       ^^^^^^^^^^^^^^^^^^^^^^^^^^^^^^

warning: constant `TP128_KERNEL_PERSISTENT_SUFFIX` is never used
   --> crates/backend-cuda/src/kernels_tiled_pipeline_128x64.rs:763:7
    |
763 | const TP128_KERNEL_PERSISTENT_SUFFIX: &str = "    }\n}\n";
    |       ^^^^^^^^^^^^^^^^^^^^^^^^^^^^^^

warning: variant `Pageable` is never constructed
   --> crates/backend-cuda/src/host_staging.rs:118:5
    |
100 | pub enum HostStagingKind {
    |          --------------- variant in this enum
...
118 |     Pageable,
    |     ^^^^^^^^
    |
    = note: `HostStagingKind` has derived impls for the traits `Clone` and `Debug`, but these are intentionally ignored during dead code analysis

warning: method `stats` is never used
   --> crates/backend-cuda/src/host_staging.rs:278:19
    |
251 | impl HostStagingCache {
    | --------------------- method in this implementation
...
278 |     pub(crate) fn stats(&self) -> HostStagingStats {
    |                   ^^^^^

warning: method `stats` is never used
   --> crates/backend-cuda/src/host_staging.rs:501:19
    |
481 | impl H2dStagingCache {
    | -------------------- method in this implementation
...
501 |     pub(crate) fn stats(&self) -> HostStagingStats {
    |                   ^^^^^

warning: variant `Fresh` is never constructed
   --> crates/backend-cuda/src/memory.rs:618:5
    |
614 | pub(crate) enum ReadbackDest {
    |                 ------------ variant in this enum
...
618 |     Fresh,
    |     ^^^^^
    |
    = note: `ReadbackDest` has derived impls for the traits `Clone` and `Debug`, but these are intentionally ignored during dead code analysis

warning: method `context` is never used
   --> crates/backend-cuda/src/pool.rs:319:19
    |
299 | impl<T: PoolDtype> PooledCudaHandle<T> {
    | -------------------------------------- method in this implementation
...
319 |     pub(crate) fn context(&self) -> &Arc<CudaContext> {
    |                   ^^^^^^^

warning: methods `alloc_uninit_f16` and `upload_f16` are never used
   --> crates/backend-cuda/src/pool.rs:715:19
    |
517 | impl CudaAllocator {
    | ------------------ methods in this implementation
...
715 |     pub(crate) fn alloc_uninit_f16(
    |                   ^^^^^^^^^^^^^^^^
...
730 |     pub(crate) fn upload_f16(&self, src: &[f16]) -> Result<PooledCudaHandle<f16>, CudaError> {
    |                   ^^^^^^^^^^

warning: `fandhe-ai-backend-cuda` (lib) generated 62 warnings (run `cargo fix --lib -p fandhe-ai-backend-cuda` to apply 2 suggestions)
   Compiling bench-harness v0.8.0 (/Users/<user>/fandhe/library/rust-ai-library/crates/bench-harness)
    Finished `release` profile [optimized] target(s) in 12.98s
     Running unittests src/lib.rs (/Users/<user>/work/target-fandhe-ai/release/deps/fandhe_ai_backend_metal-ce3d1bd93ffa5c02)

running 93 tests
probe_soc_brand_string() = Some("Apple M4 Max")
test device::tests::probe_soc_brand_string_returns_apple_prefixed_value_on_apple_silicon ... ok
probe_gpu_core_count() = Some(40)
test device::tests::probe_gpu_core_count_returns_positive_value_on_apple_silicon ... ok
MetalOccupancyInfo = MetalOccupancyInfo { gpu_core_count: Some(40), max_threadgroup_memory_bytes: 32768 }
test device::tests::metal_occupancy_info_reports_smem_upper_bound_at_least_32kib ... ok
test context_cache::tests::cached_context_returns_same_instance_across_calls ... ok
test context_cache::tests::cached_scalar_unary_pipeline_second_call_reuses_cache_for_clamp_regardless_of_payload ... ok
test context_cache::tests::cached_scalar_unary_pipeline_second_call_reuses_cache_for_transcendental_kind ... ok
test context_cache::tests::cached_gemm_returns_same_instance_across_calls ... ok
test gemm::tests::coop_load_default_matches_production_constants ... ok
test gemm::tests::run_tiled_bias_act_f32_k_zero_does_not_increment_fused_launch_counter ... ok
test gemm::tests::mma_frag_load_accessor_reflects_constructor_argument ... ok
test gemm::tests::diag_encode_tiled_hfrag_nn_matches_cpu_reference_small_shape ... ok
test gemm::tests::dispatch_hfrag_tiled_unverified_nn_matches_cpu_reference_small_shape ... ok
test gemm::tests::run_tiled_bias_act_f32_increments_fused_launch_counter ... ok
test gemm::tests::tile_class_default_matches_production_constants ... ok
test gemm::tests::coop_load_f16_path_is_noop ... ok
test gemm::tests::source_specialized_route_populates_only_spec_cache ... ok
test gemm::tests::te_layout_probe_matches_model ... ok
test gemm::tests::unroll_acc_effective_matches_candidate_acc_product_threshold ... ok
test gemm::tests::frag_load_transposed_bit_match ... ok
test gemm::tests::all_staged_candidates_match_hfrag_cpu_reference_512_nn ... ok
test gemm::tests::all_staged_candidates_match_te_cpu_reference_512_nn ... ok
N=512 pair=production_select production_select_resolved=TileConfig { bm: 64, bn: 32, bk: 32, wm: 2, wn: 2, staged: true }
test gemm::tests::tile_class_split_bit_match_dispatch_auto ... ok
test gemm::tests::source_specialized_on_off_bit_match_dispatch_auto ... ok
N=512 pair=production_select production_select_resolved=TileConfig { bm: 64, bn: 32, bk: 32, wm: 2, wn: 2, staged: true }
test gemm::tests::frag_load_on_off_bit_match_dispatch_auto ... ok
test gemm::tests::unroll_acc_on_off_bit_match_dispatch_auto ... ok
N=512 pair=production_select mode=base resolved_tile=TileConfig { bm: 64, bn: 32, bk: 32, wm: 2, wn: 2, staged: true } kernel_gpu_median_ms=0.1437 q1=0.1026 q3=1.9504
N=512 pair=production_select mode=head resolved_tile=TileConfig { bm: 128, bn: 64, bk: 16, wm: 2, wn: 2, staged: true } kernel_gpu_median_ms=2.3877 q1=0.7410 q3=3.1062
N=512 pair=production_select head_over_base_kernel_gpu=16.615213
N=1024 pair=production_select production_select_resolved=TileConfig { bm: 64, bn: 32, bk: 8, wm: 4, wn: 1, staged: true }
test gemm::tests::coop_load_bit_match_dispatch_auto ... ok
N=512 pair=best_vs_production_select production_select_resolved=TileConfig { bm: 64, bn: 32, bk: 32, wm: 2, wn: 2, staged: true } hfrag_best_resolved=TileConfig { bm: 64, bn: 32, bk: 32, wm: 2, wn: 2, staged: true }
N=1024 pair=cand10_vs_cand0 mode=base resolved_tile=TileConfig { bm: 64, bn: 64, bk: 16, wm: 2, wn: 2, staged: true } kernel_gpu_median_ms=2.8661 q1=2.6097 q3=3.0159
N=1024 pair=cand10_vs_cand0 mode=head resolved_tile=TileConfig { bm: 128, bn: 64, bk: 16, wm: 2, wn: 2, staged: true } kernel_gpu_median_ms=4.7260 q1=3.8806 q3=6.3956
N=1024 pair=cand10_vs_cand0 head_over_base_kernel_gpu=1.648931
N=1024 pair=cand9_vs_cand0 mode=base resolved_tile=TileConfig { bm: 64, bn: 64, bk: 16, wm: 2, wn: 2, staged: true } kernel_gpu_median_ms=2.7941 q1=2.5602 q3=3.1017
N=1024 pair=cand9_vs_cand0 mode=head resolved_tile=TileConfig { bm: 64, bn: 64, bk: 32, wm: 2, wn: 2, staged: true } kernel_gpu_median_ms=3.5936 q1=3.0606 q3=5.4197
N=1024 pair=cand9_vs_cand0 head_over_base_kernel_gpu=1.286155
test gemm::tests::tile_class_split_bit_match_edge_shapes ... ok
N=512 pair=same_tile production_select_resolved=TileConfig { bm: 64, bn: 32, bk: 32, wm: 2, wn: 2, staged: true }
test gemm::tests::frag_load_tgp_vs_device_same_shape_bit_match ... ok
test gemm::tests::tile_class_split_bit_match_all_candidates ... ok
test gemm::tests::source_specialized_on_off_bit_match_all_candidates ... ok
N=1024 pair=mpp_vs_production_select production_select_resolved=TileConfig { bm: 64, bn: 32, bk: 8, wm: 4, wn: 1, staged: true }
test gemm::tests::coop_load_transposed_bit_match ... ok
mpp_parity N=8 pass=true mean_abs_diff=0.000000e0
mpp_parity N=64 pass=true mean_abs_diff=0.000000e0
mpp_parity N=100 pass=true mean_abs_diff=0.000000e0
test gemm_mpp_diag_tests::mpp_matches_cpu_reference ... ok
N=1024 pair=production_select mode=base resolved_tile=TileConfig { bm: 64, bn: 32, bk: 8, wm: 4, wn: 1, staged: true } kernel_gpu_median_ms=0.6015 q1=0.4795 q3=3.5611
N=1024 pair=production_select mode=head resolved_tile=TileConfig { bm: 128, bn: 64, bk: 16, wm: 2, wn: 2, staged: true } kernel_gpu_median_ms=8.3270 q1=3.9516 q3=9.9636
N=1024 pair=production_select head_over_base_kernel_gpu=13.843728
N=2048 pair=production_select production_select_resolved=TileConfig { bm: 64, bn: 32, bk: 16, wm: 2, wn: 2, staged: true }
mpp_probe device_architecture=applegpu_g16s supports_metal4=true
mpp_probe compile_result=ok
test gemm_mpp_diag_tests::mpp_metal4_compile_probe ... ok
N=512 pair=hfrag_same_tile mode=base resolved_tile=TileConfig { bm: 64, bn: 32, bk: 32, wm: 2, wn: 2, staged: true } kernel_gpu_median_ms=0.0942 q1=0.0712 q3=0.1172
N=512 pair=hfrag_same_tile mode=head resolved_tile=TileConfig { bm: 64, bn: 32, bk: 32, wm: 2, wn: 2, staged: true } kernel_gpu_median_ms=0.1151 q1=0.0705 q3=0.1274
N=512 pair=hfrag_same_tile head_over_base_kernel_gpu=1.222562
N=1024 pair=same_tile production_select_resolved=TileConfig { bm: 64, bn: 32, bk: 8, wm: 4, wn: 1, staged: true }
N=1024 pair=cand10_vs_cand3 mode=base resolved_tile=TileConfig { bm: 32, bn: 32, bk: 16, wm: 2, wn: 2, staged: true } kernel_gpu_median_ms=0.4989 q1=0.4045 q3=3.4994
N=1024 pair=cand10_vs_cand3 mode=head resolved_tile=TileConfig { bm: 128, bn: 64, bk: 16, wm: 2, wn: 2, staged: true } kernel_gpu_median_ms=6.1951 q1=3.9574 q3=7.9351
N=1024 pair=cand10_vs_cand3 head_over_base_kernel_gpu=12.418190
N=512 pair=hfrag_smoke mode=base resolved_tile=TileConfig { bm: 64, bn: 32, bk: 32, wm: 2, wn: 2, staged: true } kernel_gpu_median_ms=0.1159 q1=0.0934 q3=0.1759
N=512 pair=hfrag_smoke mode=head resolved_tile=TileConfig { bm: 64, bn: 32, bk: 32, wm: 2, wn: 2, staged: true } kernel_gpu_median_ms=0.1074 q1=0.0953 q3=0.1784
N=512 pair=hfrag_smoke head_over_base_kernel_gpu=0.926644
test gemm_hfrag_diag_tests::hfrag_smoke_rounded_inputs_pass_composite_vs_f32 ... ok
  trial 0: commit_wait=32.8560ms kernel_gpu=0.5227ms (commit_wait-kernel_gpu=32.3333ms)
  trial 1: commit_wait=215.7903ms kernel_gpu=1.0267ms (commit_wait-kernel_gpu=214.7636ms)
N=2048 pair=cand9_vs_cand0 mode=base resolved_tile=TileConfig { bm: 64, bn: 64, bk: 16, wm: 2, wn: 2, staged: true } kernel_gpu_median_ms=25.2082 q1=23.6420 q3=26.0331
N=2048 pair=cand9_vs_cand0 mode=head resolved_tile=TileConfig { bm: 64, bn: 64, bk: 32, wm: 2, wn: 2, staged: true } kernel_gpu_median_ms=26.4235 q1=24.5754 q3=29.1340
N=2048 pair=cand9_vs_cand0 head_over_base_kernel_gpu=1.048210
  trial 2: commit_wait=477.3748ms kernel_gpu=4.9968ms (commit_wait-kernel_gpu=472.3780ms)
N=1024 pair=hfrag_same_tile mode=base resolved_tile=TileConfig { bm: 64, bn: 32, bk: 8, wm: 4, wn: 1, staged: true } kernel_gpu_median_ms=24.8708 q1=21.5611 q3=53.3959
N=1024 pair=hfrag_same_tile mode=head resolved_tile=TileConfig { bm: 64, bn: 32, bk: 8, wm: 4, wn: 1, staged: true } kernel_gpu_median_ms=48.5810 q1=0.7468 q3=54.8027
N=1024 pair=hfrag_same_tile head_over_base_kernel_gpu=1.953332
  trial 3: commit_wait=791.7440ms kernel_gpu=0.2996ms (commit_wait-kernel_gpu=791.4444ms)
N=2048 pair=same_tile production_select_resolved=TileConfig { bm: 64, bn: 32, bk: 16, wm: 2, wn: 2, staged: true }
N=1024 pair=mpp_vs_production_select mode=base resolved_tile=TileConfig { bm: 64, bn: 32, bk: 8, wm: 4, wn: 1, staged: true } kernel_gpu_median_ms=2.0049 q1=0.9595 q3=51.2510
N=1024 pair=mpp_vs_production_select mode=head kernel_gpu_median_ms=46.3534 q1=0.5788 q3=55.2165
N=1024 pair=mpp_vs_production_select head_over_base_kernel_gpu=23.1203
N=2048 pair=mpp_vs_production_select production_select_resolved=TileConfig { bm: 64, bn: 32, bk: 16, wm: 2, wn: 2, staged: true }
  trial 4: commit_wait=807.8936ms kernel_gpu=0.5553ms (commit_wait-kernel_gpu=807.3383ms)
test gemm_reuse_phase_diag_tests::gpu_timestamps_within_commit_wait_window ... ok
pattern requested_thread_count max_total_threads_per_threadgroup thread_execution_width static_threadgroup_memory_length shared_mem_bytes_for resolved_tile
Nn 128 1024 32 0 14592 TileConfig { bm: 128, bn: 64, bk: 16, wm: 2, wn: 2, staged: true }
Nt 128 1024 32 0 15360 TileConfig { bm: 128, bn: 64, bk: 16, wm: 2, wn: 2, staged: true }
Tn 128 1024 32 0 12800 TileConfig { bm: 128, bn: 64, bk: 16, wm: 2, wn: 2, staged: true }
Tt 128 1024 32 0 13568 TileConfig { bm: 128, bn: 64, bk: 16, wm: 2, wn: 2, staged: true }
test gemm_spec_source_diag_tests::candidate_10_reflection_shows_no_fallback_for_every_transpose_pattern ... ok
pattern requested_thread_count max_total_threads_per_threadgroup thread_execution_width static_threadgroup_memory_length shared_mem_bytes_for resolved_tile
Nn 128 1024 32 0 17920 TileConfig { bm: 64, bn: 64, bk: 32, wm: 2, wn: 2, staged: true }
Nt 128 1024 32 0 18432 TileConfig { bm: 64, bn: 64, bk: 32, wm: 2, wn: 2, staged: true }
Tn 128 1024 32 0 17408 TileConfig { bm: 64, bn: 64, bk: 32, wm: 2, wn: 2, staged: true }
Tt 128 1024 32 0 17920 TileConfig { bm: 64, bn: 64, bk: 32, wm: 2, wn: 2, staged: true }
test gemm_spec_source_diag_tests::candidate_9_reflection_shows_no_fallback_for_every_transpose_pattern ... ok
N=2048 pair=cand10_vs_cand0 mode=base resolved_tile=TileConfig { bm: 64, bn: 64, bk: 16, wm: 2, wn: 2, staged: true } kernel_gpu_median_ms=23.4017 q1=20.3193 q3=25.0015
N=2048 pair=cand10_vs_cand0 mode=head resolved_tile=TileConfig { bm: 128, bn: 64, bk: 16, wm: 2, wn: 2, staged: true } kernel_gpu_median_ms=54.4294 q1=53.0575 q3=57.6045
N=2048 pair=cand10_vs_cand0 head_over_base_kernel_gpu=2.325868
N=2048 pair=production_select mode=base resolved_tile=TileConfig { bm: 64, bn: 32, bk: 16, wm: 2, wn: 2, staged: true } kernel_gpu_median_ms=3.7967 q1=2.0321 q3=5.4407
N=2048 pair=production_select mode=head resolved_tile=TileConfig { bm: 128, bn: 64, bk: 16, wm: 2, wn: 2, staged: true } kernel_gpu_median_ms=53.3985 q1=50.7499 q3=56.5080
N=2048 pair=production_select head_over_base_kernel_gpu=14.064266
N=4096 pair=production_select production_select_resolved=TileConfig { bm: 32, bn: 64, bk: 16, wm: 2, wn: 2, staged: true }
N=512 pair=hfrag_best_vs_production mode=base resolved_tile=TileConfig { bm: 64, bn: 32, bk: 32, wm: 2, wn: 2, staged: true } kernel_gpu_median_ms=0.2825 q1=0.1437 q3=0.3244
N=512 pair=hfrag_best_vs_production mode=head resolved_tile=TileConfig { bm: 64, bn: 32, bk: 32, wm: 2, wn: 2, staged: true } kernel_gpu_median_ms=0.2010 q1=0.1480 q3=0.4337
N=512 pair=hfrag_best_vs_production head_over_base_kernel_gpu=0.711506
N=1024 pair=best_vs_production_select production_select_resolved=TileConfig { bm: 64, bn: 32, bk: 8, wm: 4, wn: 1, staged: true } hfrag_best_resolved=TileConfig { bm: 64, bn: 32, bk: 8, wm: 4, wn: 1, staged: true }
test gemm::tests::unroll_acc_on_off_bit_match_all_candidates ... ok
candidate_index side requested_thread_count max_total_threads_per_threadgroup thread_execution_width static_threadgroup_memory_length resolved_tile
0 base 128 1024 32 0 TileConfig { bm: 64, bn: 64, bk: 16, wm: 2, wn: 2, staged: true }
0 head 128 1024 32 0 TileConfig { bm: 64, bn: 64, bk: 16, wm: 2, wn: 2, staged: true }
1 base 128 1024 32 0 TileConfig { bm: 64, bn: 32, bk: 16, wm: 2, wn: 2, staged: true }
1 head 128 1024 32 0 TileConfig { bm: 64, bn: 32, bk: 16, wm: 2, wn: 2, staged: true }
2 base 128 1024 32 0 TileConfig { bm: 32, bn: 64, bk: 16, wm: 2, wn: 2, staged: true }
2 head 128 1024 32 0 TileConfig { bm: 32, bn: 64, bk: 16, wm: 2, wn: 2, staged: true }
3 base 128 1024 32 0 TileConfig { bm: 32, bn: 32, bk: 16, wm: 2, wn: 2, staged: true }
3 head 128 1024 32 0 TileConfig { bm: 32, bn: 32, bk: 16, wm: 2, wn: 2, staged: true }
4 base 64 1024 32 0 TileConfig { bm: 64, bn: 64, bk: 16, wm: 1, wn: 2, staged: true }
4 head 64 1024 32 0 TileConfig { bm: 64, bn: 64, bk: 16, wm: 1, wn: 2, staged: true }
5 base 128 1024 32 0 TileConfig { bm: 64, bn: 32, bk: 32, wm: 2, wn: 2, staged: true }
5 head 128 1024 32 0 TileConfig { bm: 64, bn: 32, bk: 32, wm: 2, wn: 2, staged: true }
6 base 128 1024 32 0 TileConfig { bm: 64, bn: 32, bk: 8, wm: 4, wn: 1, staged: true }
6 head 128 1024 32 0 TileConfig { bm: 64, bn: 32, bk: 8, wm: 4, wn: 1, staged: true }
7 base 32 1024 32 0 TileConfig { bm: 8, bn: 8, bk: 8, wm: 1, wn: 1, staged: false }
7 head 32 1024 32 0 TileConfig { bm: 8, bn: 8, bk: 8, wm: 1, wn: 1, staged: false }
8 base 64 1024 32 0 TileConfig { bm: 32, bn: 64, bk: 16, wm: 1, wn: 2, staged: true }
8 head 64 1024 32 0 TileConfig { bm: 32, bn: 64, bk: 16, wm: 1, wn: 2, staged: true }
9 base 128 1024 32 0 TileConfig { bm: 64, bn: 64, bk: 32, wm: 2, wn: 2, staged: true }
9 head 128 1024 32 0 TileConfig { bm: 64, bn: 64, bk: 32, wm: 2, wn: 2, staged: true }
10 base 128 1024 32 0 TileConfig { bm: 128, bn: 64, bk: 16, wm: 2, wn: 2, staged: true }
10 head 128 1024 32 0 TileConfig { bm: 128, bn: 64, bk: 16, wm: 2, wn: 2, staged: true }
test gemm_spec_source_diag_tests::spec_source_reflection_dump_all_candidates ... ok
N=512 pair=te_vs_production_select production_select_resolved=TileConfig { bm: 64, bn: 32, bk: 32, wm: 2, wn: 2, staged: true }
N=1024 series=sweep cand=0 resolved_tile=TileConfig { bm: 64, bn: 64, bk: 16, wm: 2, wn: 2, staged: true } kernel_gpu_median_ms=0.4508 q1=0.4264 q3=0.5328
N=1024 requested_tile=TileConfig { bm: 64, bn: 32, bk: 8, wm: 4, wn: 1, staged: true } base_resolved_tile=TileConfig { bm: 64, bn: 32, bk: 8, wm: 4, wn: 1, staged: true } head_resolved_tile=TileConfig { bm: 64, bn: 32, bk: 8, wm: 4, wn: 1, staged: true }
  side=base kernel_gpu_median_ms=1.1564 q1=0.9316 q3=1.7912
  side=head kernel_gpu_median_ms=1.1410 q1=1.1053 q3=1.7871
N=1024 head_over_base_kernel_gpu=0.986668 base_spec_cache_len=0 base_fc_cache_len=1 head_spec_cache_len=1 head_fc_cache_len=0
N=2048 pair=hfrag_same_tile mode=base resolved_tile=TileConfig { bm: 64, bn: 32, bk: 16, wm: 2, wn: 2, staged: true } kernel_gpu_median_ms=3.7735 q1=2.4678 q3=45.4970
N=2048 pair=hfrag_same_tile mode=head resolved_tile=TileConfig { bm: 64, bn: 32, bk: 16, wm: 2, wn: 2, staged: true } kernel_gpu_median_ms=4.1112 q1=2.8132 q3=5.1401
N=2048 pair=hfrag_same_tile head_over_base_kernel_gpu=1.089506
N=4096 pair=same_tile production_select_resolved=TileConfig { bm: 32, bn: 64, bk: 16, wm: 2, wn: 2, staged: true }
N=2048 pair=mpp_vs_production_select mode=base resolved_tile=TileConfig { bm: 64, bn: 32, bk: 16, wm: 2, wn: 2, staged: true } kernel_gpu_median_ms=89.8955 q1=18.6929 q3=291.0137
N=2048 pair=mpp_vs_production_select mode=head kernel_gpu_median_ms=9.7925 q1=5.0468 q3=287.9856
N=2048 pair=mpp_vs_production_select head_over_base_kernel_gpu=0.1089
N=4096 pair=mpp_vs_production_select production_select_resolved=TileConfig { bm: 32, bn: 64, bk: 16, wm: 2, wn: 2, staged: true }
N=2048 pair=cand10_vs_cand3 mode=base resolved_tile=TileConfig { bm: 32, bn: 32, bk: 16, wm: 2, wn: 2, staged: true } kernel_gpu_median_ms=8.8095 q1=5.9095 q3=10.6341
N=2048 pair=cand10_vs_cand3 mode=head resolved_tile=TileConfig { bm: 128, bn: 64, bk: 16, wm: 2, wn: 2, staged: true } kernel_gpu_median_ms=118.6564 q1=91.4986 q3=128.0039
N=2048 pair=cand10_vs_cand3 head_over_base_kernel_gpu=13.469207
test gemm::tests::coop_load_bit_match_all_candidates has been running for over 60 seconds
test gemm::tests::coop_load_bit_match_boundary_shape has been running for over 60 seconds
test gemm::tests::frag_load_on_off_bit_match_all_candidates has been running for over 60 seconds
test gemm_bk32_diag_tests::bk32_kernel_gpu_ab_vs_candidate0 has been running for over 60 seconds
test gemm_bk32_diag_tests::bk32_kernel_gpu_ab_vs_production_select has been running for over 60 seconds
test gemm_bm128_diag_tests::bm128_kernel_gpu_ab_vs_candidate0 has been running for over 60 seconds
test gemm_bm128_diag_tests::bm128_kernel_gpu_ab_vs_production_select has been running for over 60 seconds
test gemm_coop_load_diag_tests::coop_load_kernel_gpu_ab_production_sizes has been running for over 60 seconds
test gemm_frag_load_diag_tests::frag_load_kernel_gpu_ab_production_sizes has been running for over 60 seconds
test gemm_hfrag_diag_tests::hfrag_kernel_gpu_ab_best_vs_production_select has been running for over 60 seconds
test gemm_hfrag_diag_tests::hfrag_kernel_gpu_ab_same_tile_vs_f32 has been running for over 60 seconds
test gemm_hfrag_diag_tests::hfrag_kernel_gpu_sweep_all_staged_candidates has been running for over 60 seconds
N=4096 pair=production_select mode=base resolved_tile=TileConfig { bm: 32, bn: 64, bk: 16, wm: 2, wn: 2, staged: true } kernel_gpu_median_ms=43.4835 q1=36.6656 q3=48.4909
N=4096 pair=production_select mode=head resolved_tile=TileConfig { bm: 128, bn: 64, bk: 16, wm: 2, wn: 2, staged: true } kernel_gpu_median_ms=666.8312 q1=385.3843 q3=746.1250
N=4096 pair=production_select head_over_base_kernel_gpu=15.335270
test gemm_bm128_diag_tests::bm128_kernel_gpu_ab_vs_production_select ... ok
N=2048 requested_tile=TileConfig { bm: 64, bn: 32, bk: 16, wm: 2, wn: 2, staged: true } base_resolved_tile=TileConfig { bm: 64, bn: 32, bk: 16, wm: 2, wn: 2, staged: true } head_resolved_tile=TileConfig { bm: 64, bn: 32, bk: 16, wm: 2, wn: 2, staged: true }
  side=base kernel_gpu_median_ms=11.4768 q1=6.4326 q3=170.1507
  side=head kernel_gpu_median_ms=27.7552 q1=9.6769 q3=173.7044
N=2048 head_over_base_kernel_gpu=2.418368 base_spec_cache_len=0 base_fc_cache_len=2 head_spec_cache_len=2 head_fc_cache_len=0
test gemm_mpp_diag_tests::mpp_kernel_gpu_ab_vs_production_select has been running for over 60 seconds
test gemm_reuse_phase_diag_tests::gemm_reuse_phase_diag_production_batch has been running for over 60 seconds
N=4096 pair=hfrag_same_tile mode=base resolved_tile=TileConfig { bm: 32, bn: 64, bk: 16, wm: 2, wn: 2, staged: true } kernel_gpu_median_ms=32.9783 q1=28.1598 q3=36.1377
N=4096 pair=hfrag_same_tile mode=head resolved_tile=TileConfig { bm: 32, bn: 64, bk: 16, wm: 2, wn: 2, staged: true } kernel_gpu_median_ms=38.3989 q1=32.4480 q3=45.3326
N=4096 pair=hfrag_same_tile head_over_base_kernel_gpu=1.164367
test gemm_hfrag_diag_tests::hfrag_kernel_gpu_ab_same_tile_vs_f32 ... ok
test gemm_spec_source_diag_tests::spec_source_kernel_gpu_ab_production_sizes has been running for over 60 seconds
N=4096 pair=cand9_vs_cand0 mode=base resolved_tile=TileConfig { bm: 64, bn: 64, bk: 16, wm: 2, wn: 2, staged: true } kernel_gpu_median_ms=222.8803 q1=194.2958 q3=283.5703
N=4096 pair=cand9_vs_cand0 mode=head resolved_tile=TileConfig { bm: 64, bn: 64, bk: 32, wm: 2, wn: 2, staged: true } kernel_gpu_median_ms=267.6487 q1=216.4205 q3=308.7760
N=4096 pair=cand9_vs_cand0 head_over_base_kernel_gpu=1.200863
test gemm_bk32_diag_tests::bk32_kernel_gpu_ab_vs_candidate0 ... ok
test memory::tests::pooled_alloc_zeroed_records_logical_bytes_via_shared_context ... ok
N=512 pair=production_select mode=base resolved_tile=TileConfig { bm: 64, bn: 32, bk: 32, wm: 2, wn: 2, staged: true } kernel_gpu_median_ms=0.2055 q1=0.1809 q3=0.2159
N=512 pair=production_select mode=head resolved_tile=TileConfig { bm: 64, bn: 64, bk: 32, wm: 2, wn: 2, staged: true } kernel_gpu_median_ms=0.4150 q1=0.3066 q3=0.5472
N=512 pair=production_select head_over_base_kernel_gpu=2.018849
N=1024 pair=production_select production_select_resolved=TileConfig { bm: 64, bn: 32, bk: 8, wm: 4, wn: 1, staged: true }
test gemm_te_diag_tests::te_kernel_gpu_ab_vs_production_select has been running for over 60 seconds
N=4096 pair=cand10_vs_cand0 mode=base resolved_tile=TileConfig { bm: 64, bn: 64, bk: 16, wm: 2, wn: 2, staged: true } kernel_gpu_median_ms=200.3122 q1=191.3845 q3=215.7781
N=4096 pair=cand10_vs_cand0 mode=head resolved_tile=TileConfig { bm: 128, bn: 64, bk: 16, wm: 2, wn: 2, staged: true } kernel_gpu_median_ms=439.8336 q1=404.7979 q3=483.0645
N=4096 pair=cand10_vs_cand0 head_over_base_kernel_gpu=2.195740
test ops::tests::gemm_nt_transposed_b_does_not_increment_repack_counter ... ok
  [legacy] N=512 requested_tile=TileConfig { bm: 64, bn: 32, bk: 32, wm: 2, wn: 2, staged: true } resolved_tile=TileConfig { bm: 64, bn: 32, bk: 32, wm: 2, wn: 2, staged: true } (median over 20 trials, 20 warmup):
    upload_a: median=0.1125 ms  q1=0.1036 ms  q3=0.1239 ms
    upload_b: median=0.0900 ms  q1=0.0826 ms  q3=0.1002 ms
    alloc_c: median=0.0097 ms  q1=0.0088 ms  q3=0.0109 ms
    encode: median=0.0211 ms  q1=0.0163 ms  q3=0.0220 ms
    commit_wait: median=200.0507 ms  q1=35.3226 ms  q3=405.6923 ms
    commit_wait.kernel_gpu: median=0.1719 ms  q1=0.1204 ms  q3=0.2493 ms
    commit_wait.commit_wait_minus_kernel_gpu: median=199.3958 ms
    readback: median=0.0770 ms  q1=0.0688 ms  q3=0.0974 ms
    host_copy: median=0.0198 ms  q1=0.0165 ms  q3=0.0243 ms
    sum of medians: 200.3807 ms
test gemm::tests::coop_load_bit_match_boundary_shape ... ok
N=1024 cand0 tile_class_edge_dispatch_increment=0 tile_class_interior_dispatch_increment=40
N=1024 cand0 mode=legacy resolved_tile=TileConfig { bm: 64, bn: 64, bk: 16, wm: 2, wn: 2, staged: true } kernel_gpu_median_ms=6.3221 q1=4.4367 q3=9.2872
N=1024 cand0 mode=split resolved_tile=TileConfig { bm: 64, bn: 64, bk: 16, wm: 2, wn: 2, staged: true } kernel_gpu_median_ms=4.7269 q1=3.1956 q3=11.2061
N=1024 cand0 split_over_legacy_kernel_gpu=0.747672
  [split] N=512 requested_tile=TileConfig { bm: 64, bn: 32, bk: 32, wm: 2, wn: 2, staged: true } resolved_tile=TileConfig { bm: 64, bn: 32, bk: 32, wm: 2, wn: 2, staged: true } (median over 20 trials, 20 warmup):
    upload_a: median=0.0952 ms  q1=0.0866 ms  q3=0.1065 ms
    upload_b: median=0.0761 ms  q1=0.0712 ms  q3=0.0807 ms
    alloc_c: median=0.0085 ms  q1=0.0074 ms  q3=0.0089 ms
    encode: median=0.0213 ms  q1=0.0165 ms  q3=0.0256 ms
    commit_wait: median=44.5417 ms  q1=31.0210 ms  q3=56.6593 ms
    commit_wait.kernel_gpu: median=0.5356 ms  q1=0.3982 ms  q3=0.5859 ms
    commit_wait.commit_wait_minus_kernel_gpu: median=44.3008 ms
    readback: median=0.0679 ms  q1=0.0645 ms  q3=0.0717 ms
    host_copy: median=0.0165 ms  q1=0.0145 ms  q3=0.0170 ms
    sum of medians: 44.8271 ms
N=4096 pair=mpp_vs_production_select mode=base resolved_tile=TileConfig { bm: 32, bn: 64, bk: 16, wm: 2, wn: 2, staged: true } kernel_gpu_median_ms=28.1069 q1=25.9657 q3=32.8099
N=4096 pair=mpp_vs_production_select mode=head kernel_gpu_median_ms=43.1925 q1=39.1770 q3=54.8772
N=4096 pair=mpp_vs_production_select head_over_base_kernel_gpu=1.5367
test gemm_mpp_diag_tests::mpp_kernel_gpu_ab_vs_production_select ... ok
N=4096 requested_tile=TileConfig { bm: 32, bn: 64, bk: 16, wm: 2, wn: 2, staged: true } base_resolved_tile=TileConfig { bm: 32, bn: 64, bk: 16, wm: 2, wn: 2, staged: true } head_resolved_tile=TileConfig { bm: 32, bn: 64, bk: 16, wm: 2, wn: 2, staged: true }
  side=base kernel_gpu_median_ms=33.2180 q1=28.4847 q3=39.0233
  side=head kernel_gpu_median_ms=33.8083 q1=28.3813 q3=306.6015
N=4096 head_over_base_kernel_gpu=1.017770 base_spec_cache_len=0 base_fc_cache_len=3 head_spec_cache_len=3 head_fc_cache_len=0
test gemm_spec_source_diag_tests::spec_source_kernel_gpu_ab_production_sizes ... ok
test ops::tests::gemm_resident_lhs_transposed_b_does_not_increment_repack_counter ... ok
test ops::tests::gemm_tt_both_transposed_increments_repack_counter_twice ... ok
N=1024 cand=L0-P4 coop_load=CoopLoadConfig { layout: RowLinear, pad: Four } resolved_tile=TileConfig { bm: 64, bn: 32, bk: 8, wm: 4, wn: 1, staged: true } kernel_gpu_median_ms=5.8545 q1=0.8921 q3=144.4127
N=1024 cand=L0-P0 coop_load=CoopLoadConfig { layout: RowLinear, pad: Zero } resolved_tile=TileConfig { bm: 64, bn: 32, bk: 8, wm: 4, wn: 1, staged: true } kernel_gpu_median_ms=2.4590 q1=0.5506 q3=15.0038
N=1024 cand=L0-P8 coop_load=CoopLoadConfig { layout: RowLinear, pad: Eight } resolved_tile=TileConfig { bm: 64, bn: 32, bk: 8, wm: 4, wn: 1, staged: true } kernel_gpu_median_ms=3.4199 q1=1.1953 q3=25.3417
N=1024 cand=L1-P0 coop_load=CoopLoadConfig { layout: RowStrided, pad: Zero } resolved_tile=TileConfig { bm: 64, bn: 32, bk: 8, wm: 4, wn: 1, staged: true } kernel_gpu_median_ms=7.1874 q1=0.8653 q3=176.5945
N=1024 cand=L1-P4 coop_load=CoopLoadConfig { layout: RowStrided, pad: Four } resolved_tile=TileConfig { bm: 64, bn: 32, bk: 8, wm: 4, wn: 1, staged: true } kernel_gpu_median_ms=1.5824 q1=0.5193 q3=8.1276
N=1024 cand=L1-P8 coop_load=CoopLoadConfig { layout: RowStrided, pad: Eight } resolved_tile=TileConfig { bm: 64, bn: 32, bk: 8, wm: 4, wn: 1, staged: true } kernel_gpu_median_ms=4.4049 q1=0.8008 q3=185.2404
N=1024 cand=L0-P4 head_over_base_kernel_gpu=1.000000
N=1024 cand=L0-P0 head_over_base_kernel_gpu=0.420019
N=1024 cand=L0-P8 head_over_base_kernel_gpu=0.584152
N=1024 cand=L1-P0 head_over_base_kernel_gpu=1.227667
N=1024 cand=L1-P4 head_over_base_kernel_gpu=0.270291
N=1024 cand=L1-P8 head_over_base_kernel_gpu=0.752391
test ops::tests::gemm_tn_transposed_a_does_not_increment_repack_counter ... ok
  [legacy] N=1024 requested_tile=TileConfig { bm: 64, bn: 32, bk: 8, wm: 4, wn: 1, staged: true } resolved_tile=TileConfig { bm: 64, bn: 32, bk: 8, wm: 4, wn: 1, staged: true } (median over 20 trials, 20 warmup):
    upload_a: median=0.3393 ms  q1=0.2881 ms  q3=0.3907 ms
    upload_b: median=0.2979 ms  q1=0.2523 ms  q3=0.3556 ms
    alloc_c: median=0.0106 ms  q1=0.0098 ms  q3=0.0142 ms
    encode: median=0.0172 ms  q1=0.0135 ms  q3=0.0207 ms
    commit_wait: median=35.9688 ms  q1=7.9352 ms  q3=75.3806 ms
    commit_wait.kernel_gpu: median=3.2547 ms  q1=1.0723 ms  q3=5.1845 ms
    commit_wait.commit_wait_minus_kernel_gpu: median=29.4520 ms
    readback: median=0.4344 ms  q1=0.3720 ms  q3=0.5730 ms
    host_copy: median=0.2470 ms  q1=0.0831 ms  q3=0.3026 ms
    sum of medians: 37.3152 ms
N=1024 cand=tgp-k1 requested_tile=TileConfig { bm: 64, bn: 32, bk: 8, wm: 4, wn: 1, staged: true } resolved_tile=TileConfig { bm: 64, bn: 32, bk: 8, wm: 4, wn: 1, staged: true } kernel_gpu_median_ms=1.2603 q1=0.5905 q3=2.0552
N=1024 cand=tgp-k2 requested_tile=TileConfig { bm: 64, bn: 32, bk: 8, wm: 4, wn: 1, staged: true } resolved_tile=TileConfig { bm: 64, bn: 32, bk: 8, wm: 4, wn: 1, staged: true } kernel_gpu_median_ms=1.7339 q1=0.6708 q3=2.8231
N=1024 cand=device-legacy requested_tile=TileConfig { bm: 64, bn: 32, bk: 8, wm: 4, wn: 1, staged: false } resolved_tile=TileConfig { bm: 64, bn: 32, bk: 8, wm: 4, wn: 1, staged: false } kernel_gpu_median_ms=1.4502 q1=0.9332 q3=2.1528
N=1024 cand=device-hoisted-k1 requested_tile=TileConfig { bm: 64, bn: 32, bk: 8, wm: 4, wn: 1, staged: false } resolved_tile=TileConfig { bm: 64, bn: 32, bk: 8, wm: 4, wn: 1, staged: false } kernel_gpu_median_ms=0.9300 q1=0.7891 q3=1.6190
N=1024 cand=device-hoisted-k2 requested_tile=TileConfig { bm: 64, bn: 32, bk: 8, wm: 4, wn: 1, staged: false } resolved_tile=TileConfig { bm: 64, bn: 32, bk: 8, wm: 4, wn: 1, staged: false } kernel_gpu_median_ms=1.6770 q1=1.0757 q3=2.3077
N=1024 cand=tgp-k1 head_over_base_kernel_gpu=1.000000
N=1024 cand=tgp-k2 head_over_base_kernel_gpu=1.375773
N=1024 cand=device-legacy head_over_base_kernel_gpu=1.150726
N=1024 cand=device-hoisted-k1 head_over_base_kernel_gpu=0.737924
N=1024 cand=device-hoisted-k2 head_over_base_kernel_gpu=1.330611
N=1024 cand=device-hoisted-k1 head_over_device_legacy_kernel_gpu=0.641269
N=1024 cand=device-hoisted-k2 head_over_device_legacy_kernel_gpu=1.156323
  [split] N=1024 requested_tile=TileConfig { bm: 64, bn: 32, bk: 8, wm: 4, wn: 1, staged: true } resolved_tile=TileConfig { bm: 64, bn: 32, bk: 8, wm: 4, wn: 1, staged: true } (median over 20 trials, 20 warmup):
    upload_a: median=0.3257 ms  q1=0.2806 ms  q3=0.3564 ms
    upload_b: median=0.3197 ms  q1=0.2720 ms  q3=0.3339 ms
    alloc_c: median=0.0107 ms  q1=0.0095 ms  q3=0.0121 ms
    encode: median=0.0145 ms  q1=0.0108 ms  q3=0.0192 ms
    commit_wait: median=40.6015 ms  q1=15.9811 ms  q3=626.6065 ms
    commit_wait.kernel_gpu: median=4.5279 ms  q1=1.9667 ms  q3=6.7037 ms
    commit_wait.commit_wait_minus_kernel_gpu: median=33.5642 ms
    readback: median=0.3566 ms  q1=0.3383 ms  q3=0.4660 ms
    host_copy: median=0.2518 ms  q1=0.0864 ms  q3=0.2815 ms
    sum of medians: 41.8805 ms
N=1024 cand4 tile_class_edge_dispatch_increment=0 tile_class_interior_dispatch_increment=40
N=1024 cand4 mode=legacy resolved_tile=TileConfig { bm: 64, bn: 64, bk: 16, wm: 1, wn: 2, staged: true } kernel_gpu_median_ms=6.6784 q1=5.7290 q3=7.3097
N=1024 cand4 mode=split resolved_tile=TileConfig { bm: 64, bn: 64, bk: 16, wm: 1, wn: 2, staged: true } kernel_gpu_median_ms=4.4859 q1=4.1993 q3=4.9680
N=1024 cand4 split_over_legacy_kernel_gpu=0.671708
test gemm_tile_class_diag_tests::tile_class_kernel_gpu_ab_production_sizes has been running for over 60 seconds
N=1024 pair=hfrag_best_vs_production mode=base resolved_tile=TileConfig { bm: 64, bn: 32, bk: 8, wm: 4, wn: 1, staged: true } kernel_gpu_median_ms=1.5720 q1=0.8730 q3=2.6655
N=1024 pair=hfrag_best_vs_production mode=head resolved_tile=TileConfig { bm: 64, bn: 32, bk: 8, wm: 4, wn: 1, staged: true } kernel_gpu_median_ms=1.6070 q1=0.9332 q3=3.0261
N=1024 pair=hfrag_best_vs_production head_over_base_kernel_gpu=1.022238
N=2048 pair=best_vs_production_select production_select_resolved=TileConfig { bm: 64, bn: 32, bk: 16, wm: 2, wn: 2, staged: true } hfrag_best_resolved=TileConfig { bm: 64, bn: 64, bk: 16, wm: 2, wn: 2, staged: true }
  [legacy] N=2048 requested_tile=TileConfig { bm: 64, bn: 32, bk: 16, wm: 2, wn: 2, staged: true } resolved_tile=TileConfig { bm: 64, bn: 32, bk: 16, wm: 2, wn: 2, staged: true } (median over 20 trials, 20 warmup):
    upload_a: median=1.2095 ms  q1=1.0099 ms  q3=1.3256 ms
    upload_b: median=1.2204 ms  q1=1.1302 ms  q3=1.2876 ms
    alloc_c: median=0.0163 ms  q1=0.0135 ms  q3=0.0236 ms
    encode: median=0.0230 ms  q1=0.0187 ms  q3=0.0250 ms
    commit_wait: median=86.5531 ms  q1=18.1681 ms  q3=847.4549 ms
    commit_wait.kernel_gpu: median=6.4294 ms  q1=4.9570 ms  q3=6.8998 ms
    commit_wait.commit_wait_minus_kernel_gpu: median=31.5872 ms
    readback: median=1.5128 ms  q1=1.4133 ms  q3=1.6178 ms
    host_copy: median=1.0442 ms  q1=0.5991 ms  q3=1.1834 ms
    sum of medians: 91.5792 ms
N=4096 pair=cand10_vs_cand3 mode=base resolved_tile=TileConfig { bm: 32, bn: 32, bk: 16, wm: 2, wn: 2, staged: true } kernel_gpu_median_ms=36.5817 q1=34.5864 q3=38.2188
N=4096 pair=cand10_vs_cand3 mode=head resolved_tile=TileConfig { bm: 128, bn: 64, bk: 16, wm: 2, wn: 2, staged: true } kernel_gpu_median_ms=875.2139 q1=847.9598 q3=980.6062
N=4096 pair=cand10_vs_cand3 head_over_base_kernel_gpu=23.924905
test gemm_bm128_diag_tests::bm128_kernel_gpu_ab_vs_candidate0 ... ok
test gemm_tile_class_diag_tests::tile_class_production_select_kernel_gpu_ab has been running for over 60 seconds
N=1024 cand5 tile_class_edge_dispatch_increment=0 tile_class_interior_dispatch_increment=40
N=1024 cand5 mode=legacy resolved_tile=TileConfig { bm: 64, bn: 32, bk: 32, wm: 2, wn: 2, staged: true } kernel_gpu_median_ms=2.0603 q1=1.7097 q3=2.6708
N=1024 cand5 mode=split resolved_tile=TileConfig { bm: 64, bn: 32, bk: 32, wm: 2, wn: 2, staged: true } kernel_gpu_median_ms=4.4142 q1=3.1497 q3=8.0768
N=1024 cand5 split_over_legacy_kernel_gpu=2.142579
N=1024 series=sweep cand=1 resolved_tile=TileConfig { bm: 64, bn: 32, bk: 16, wm: 2, wn: 2, staged: true } kernel_gpu_median_ms=0.8736 q1=0.8451 q3=0.9017
  [split] N=2048 requested_tile=TileConfig { bm: 64, bn: 32, bk: 16, wm: 2, wn: 2, staged: true } resolved_tile=TileConfig { bm: 64, bn: 32, bk: 16, wm: 2, wn: 2, staged: true } (median over 20 trials, 20 warmup):
    upload_a: median=1.1048 ms  q1=1.0758 ms  q3=1.1449 ms
    upload_b: median=1.1518 ms  q1=1.0414 ms  q3=1.1646 ms
    alloc_c: median=0.0125 ms  q1=0.0106 ms  q3=0.0211 ms
    encode: median=0.0152 ms  q1=0.0144 ms  q3=0.0201 ms
    commit_wait: median=22.3963 ms  q1=20.8611 ms  q3=30.9714 ms
    commit_wait.kernel_gpu: median=16.9934 ms  q1=15.6760 ms  q3=17.7364 ms
    commit_wait.commit_wait_minus_kernel_gpu: median=5.1851 ms
    readback: median=1.2980 ms  q1=1.2354 ms  q3=1.3991 ms
    host_copy: median=1.0873 ms  q1=1.0566 ms  q3=1.1601 ms
    sum of medians: 27.0660 ms
N=1024 cand8 tile_class_edge_dispatch_increment=0 tile_class_interior_dispatch_increment=40
N=1024 cand8 mode=legacy resolved_tile=TileConfig { bm: 32, bn: 64, bk: 16, wm: 1, wn: 2, staged: true } kernel_gpu_median_ms=6.6089 q1=5.6173 q3=8.0217
N=1024 cand8 mode=split resolved_tile=TileConfig { bm: 32, bn: 64, bk: 16, wm: 1, wn: 2, staged: true } kernel_gpu_median_ms=5.3345 q1=3.9571 q3=7.2520
N=1024 cand8 split_over_legacy_kernel_gpu=0.807172
  [legacy] N=4096 requested_tile=TileConfig { bm: 32, bn: 64, bk: 16, wm: 2, wn: 2, staged: true } resolved_tile=TileConfig { bm: 32, bn: 64, bk: 16, wm: 2, wn: 2, staged: true } (median over 20 trials, 20 warmup):
    upload_a: median=5.0732 ms  q1=4.6740 ms  q3=5.1859 ms
    upload_b: median=5.3198 ms  q1=4.8525 ms  q3=5.4297 ms
    alloc_c: median=0.0399 ms  q1=0.0353 ms  q3=0.0546 ms
    encode: median=0.0256 ms  q1=0.0238 ms  q3=0.0309 ms
    commit_wait: median=107.7913 ms  q1=80.0130 ms  q3=121.7280 ms
    commit_wait.kernel_gpu: median=79.6085 ms  q1=54.7955 ms  q3=93.6800 ms
    commit_wait.commit_wait_minus_kernel_gpu: median=22.7320 ms
    readback: median=5.6542 ms  q1=5.3033 ms  q3=5.8531 ms
    host_copy: median=5.0030 ms  q1=4.5740 ms  q3=5.3399 ms
    sum of medians: 128.9071 ms
N=2048 cand0 tile_class_edge_dispatch_increment=0 tile_class_interior_dispatch_increment=40
N=2048 cand0 mode=legacy resolved_tile=TileConfig { bm: 64, bn: 64, bk: 16, wm: 2, wn: 2, staged: true } kernel_gpu_median_ms=49.9419 q1=46.3327 q3=57.0044
N=2048 cand0 mode=split resolved_tile=TileConfig { bm: 64, bn: 64, bk: 16, wm: 2, wn: 2, staged: true } kernel_gpu_median_ms=27.5340 q1=23.1380 q3=31.1099
N=2048 cand0 split_over_legacy_kernel_gpu=0.551320
  [split] N=4096 requested_tile=TileConfig { bm: 32, bn: 64, bk: 16, wm: 2, wn: 2, staged: true } resolved_tile=TileConfig { bm: 32, bn: 64, bk: 16, wm: 2, wn: 2, staged: true } (median over 20 trials, 20 warmup):
    upload_a: median=4.1857 ms  q1=3.8381 ms  q3=4.2417 ms
    upload_b: median=4.0940 ms  q1=3.8097 ms  q3=4.2580 ms
    alloc_c: median=0.0232 ms  q1=0.0200 ms  q3=0.0289 ms
    encode: median=0.0256 ms  q1=0.0247 ms  q3=0.0279 ms
    commit_wait: median=192.5160 ms  q1=149.6570 ms  q3=221.0430 ms
    commit_wait.kernel_gpu: median=94.3396 ms  q1=90.1029 ms  q3=104.0184 ms
    commit_wait.commit_wait_minus_kernel_gpu: median=101.6876 ms
    readback: median=4.7298 ms  q1=4.6645 ms  q3=4.8383 ms
    host_copy: median=3.7766 ms  q1=3.5880 ms  q3=4.0117 ms
    sum of medians: 209.3508 ms
test gemm_tile_class_diag_tests::tile_class_production_select_kernel_gpu_ab ... ok
N=2048 pair=hfrag_best_vs_production mode=base resolved_tile=TileConfig { bm: 64, bn: 32, bk: 16, wm: 2, wn: 2, staged: true } kernel_gpu_median_ms=9.0731 q1=7.8223 q3=10.8635
N=2048 pair=hfrag_best_vs_production mode=head resolved_tile=TileConfig { bm: 64, bn: 64, bk: 16, wm: 2, wn: 2, staged: true } kernel_gpu_median_ms=12.5728 q1=9.6329 q3=15.1219
N=2048 pair=hfrag_best_vs_production head_over_base_kernel_gpu=1.385724
N=4096 pair=best_vs_production_select production_select_resolved=TileConfig { bm: 32, bn: 64, bk: 16, wm: 2, wn: 2, staged: true } hfrag_best_resolved=TileConfig { bm: 64, bn: 64, bk: 32, wm: 2, wn: 2, staged: true }
N=2048 cand=L0-P4 coop_load=CoopLoadConfig { layout: RowLinear, pad: Four } resolved_tile=TileConfig { bm: 64, bn: 32, bk: 16, wm: 2, wn: 2, staged: true } kernel_gpu_median_ms=44.6395 q1=21.1797 q3=97.4508
N=2048 cand=L0-P0 coop_load=CoopLoadConfig { layout: RowLinear, pad: Zero } resolved_tile=TileConfig { bm: 64, bn: 32, bk: 16, wm: 2, wn: 2, staged: true } kernel_gpu_median_ms=41.4903 q1=30.7333 q3=68.7167
N=2048 cand=L0-P8 coop_load=CoopLoadConfig { layout: RowLinear, pad: Eight } resolved_tile=TileConfig { bm: 64, bn: 32, bk: 16, wm: 2, wn: 2, staged: true } kernel_gpu_median_ms=60.3036 q1=14.3078 q3=109.9735
N=2048 cand=L1-P0 coop_load=CoopLoadConfig { layout: RowStrided, pad: Zero } resolved_tile=TileConfig { bm: 64, bn: 32, bk: 16, wm: 2, wn: 2, staged: true } kernel_gpu_median_ms=41.8855 q1=24.0142 q3=96.6704
N=2048 cand=L1-P4 coop_load=CoopLoadConfig { layout: RowStrided, pad: Four } resolved_tile=TileConfig { bm: 64, bn: 32, bk: 16, wm: 2, wn: 2, staged: true } kernel_gpu_median_ms=48.6657 q1=31.2701 q3=70.0026
N=2048 cand=L1-P8 coop_load=CoopLoadConfig { layout: RowStrided, pad: Eight } resolved_tile=TileConfig { bm: 64, bn: 32, bk: 16, wm: 2, wn: 2, staged: true } kernel_gpu_median_ms=33.1669 q1=12.5211 q3=53.0602
N=2048 cand=L0-P4 head_over_base_kernel_gpu=1.000000
N=2048 cand=L0-P0 head_over_base_kernel_gpu=0.929453
N=2048 cand=L0-P8 head_over_base_kernel_gpu=1.350904
N=2048 cand=L1-P0 head_over_base_kernel_gpu=0.938306
N=2048 cand=L1-P4 head_over_base_kernel_gpu=1.090194
N=2048 cand=L1-P8 head_over_base_kernel_gpu=0.742995
N=512 pair=te_vs_production_select mode=base kernel_gpu_median_ms=0.5196 q1=0.2213 q3=2.3137
N=512 pair=te_vs_production_select mode=head kernel_gpu_median_ms=0.5111 q1=0.2138 q3=2.9991
N=512 head_over_base_kernel_gpu=0.9835610594979599 base_checksum=7.377213296522816e3 head_checksum=7.377213296522816e3 bit_identical=true
N=1024 pair=te_vs_production_select production_select_resolved=TileConfig { bm: 64, bn: 32, bk: 8, wm: 4, wn: 1, staged: true }
  [production] N=1024 requested_tile=TileConfig { bm: 64, bn: 32, bk: 8, wm: 4, wn: 1, staged: true } resolved_tile=TileConfig { bm: 64, bn: 32, bk: 8, wm: 4, wn: 1, staged: true } (median over 20 trials, 20 warmup):
    upload_a: median=0.4107 ms  q1=0.3528 ms  q3=0.5010 ms
    upload_b: median=0.3772 ms  q1=0.3282 ms  q3=0.6061 ms
    alloc_c: median=0.0012 ms  q1=0.0010 ms  q3=0.0014 ms
    encode: median=0.0354 ms  q1=0.0184 ms  q3=913.1066 ms
    commit_wait: median=1526.0190 ms  q1=894.0854 ms  q3=2271.9888 ms
    commit_wait.kernel_gpu: median=0.9193 ms  q1=0.5740 ms  q3=3.2913 ms
    commit_wait.commit_wait_minus_kernel_gpu: median=1525.4450 ms
    readback: median=0.4257 ms  q1=0.3028 ms  q3=0.7371 ms
    host_copy: median=0.2748 ms  q1=0.1445 ms  q3=0.4138 ms
    sum of medians: 1527.5439 ms
N=1024 series=sweep cand=2 resolved_tile=TileConfig { bm: 32, bn: 64, bk: 16, wm: 2, wn: 2, staged: true } kernel_gpu_median_ms=0.9979 q1=0.7576 q3=1.1004
N=2048 cand=tgp-k1 requested_tile=TileConfig { bm: 64, bn: 32, bk: 16, wm: 2, wn: 2, staged: true } resolved_tile=TileConfig { bm: 64, bn: 32, bk: 16, wm: 2, wn: 2, staged: true } kernel_gpu_median_ms=10.9748 q1=8.8675 q3=30.3502
N=2048 cand=tgp-k2 requested_tile=TileConfig { bm: 64, bn: 32, bk: 16, wm: 2, wn: 2, staged: true } resolved_tile=TileConfig { bm: 64, bn: 32, bk: 16, wm: 2, wn: 2, staged: true } kernel_gpu_median_ms=13.8413 q1=8.9232 q3=27.0193
N=2048 cand=device-legacy requested_tile=TileConfig { bm: 64, bn: 32, bk: 16, wm: 2, wn: 2, staged: false } resolved_tile=TileConfig { bm: 64, bn: 32, bk: 16, wm: 2, wn: 2, staged: false } kernel_gpu_median_ms=31.8671 q1=17.0221 q3=43.9301
N=2048 cand=device-hoisted-k1 requested_tile=TileConfig { bm: 64, bn: 32, bk: 16, wm: 2, wn: 2, staged: false } resolved_tile=TileConfig { bm: 64, bn: 32, bk: 16, wm: 2, wn: 2, staged: false } kernel_gpu_median_ms=14.7626 q1=9.9537 q3=24.9966
N=2048 cand=device-hoisted-k2 requested_tile=TileConfig { bm: 64, bn: 32, bk: 16, wm: 2, wn: 2, staged: false } resolved_tile=TileConfig { bm: 64, bn: 32, bk: 16, wm: 2, wn: 2, staged: false } kernel_gpu_median_ms=19.9698 q1=16.4405 q3=26.0412
N=2048 cand=tgp-k1 head_over_base_kernel_gpu=1.000000
N=2048 cand=tgp-k2 head_over_base_kernel_gpu=1.261188
N=2048 cand=device-legacy head_over_base_kernel_gpu=2.903655
N=2048 cand=device-hoisted-k1 head_over_base_kernel_gpu=1.345134
N=2048 cand=device-hoisted-k2 head_over_base_kernel_gpu=1.819595
N=2048 cand=device-hoisted-k1 head_over_device_legacy_kernel_gpu=0.463256
N=2048 cand=device-hoisted-k2 head_over_device_legacy_kernel_gpu=0.626657
N=2048 cand4 tile_class_edge_dispatch_increment=0 tile_class_interior_dispatch_increment=40
N=2048 cand4 mode=legacy resolved_tile=TileConfig { bm: 64, bn: 64, bk: 16, wm: 1, wn: 2, staged: true } kernel_gpu_median_ms=99.6553 q1=88.4740 q3=114.4666
N=2048 cand4 mode=split resolved_tile=TileConfig { bm: 64, bn: 64, bk: 16, wm: 1, wn: 2, staged: true } kernel_gpu_median_ms=41.6202 q1=31.8646 q3=43.6876
N=2048 cand4 split_over_legacy_kernel_gpu=0.417642
test readout_regression_diag_tests_1695::readout_regression_diag_all_arms has been running for over 60 seconds
N=1024 pair=production_select mode=base resolved_tile=TileConfig { bm: 64, bn: 32, bk: 8, wm: 4, wn: 1, staged: true } kernel_gpu_median_ms=1.0539 q1=0.8581 q3=1.1370
N=1024 pair=production_select mode=head resolved_tile=TileConfig { bm: 64, bn: 64, bk: 32, wm: 2, wn: 2, staged: true } kernel_gpu_median_ms=5.6299 q1=4.7121 q3=6.7519
N=1024 pair=production_select head_over_base_kernel_gpu=5.342069
N=2048 pair=production_select production_select_resolved=TileConfig { bm: 64, bn: 32, bk: 16, wm: 2, wn: 2, staged: true }
test readout_regression_diag_tests_1695::readout_regression_diag_n1024 has been running for over 60 seconds
test readout_regression_diag_tests_1695::readout_regression_diag_n1024_borrowed_keep_alive has been running for over 60 seconds
test readout_regression_diag_tests_1695::readout_regression_diag_n1024_borrowed_with_dummy_alloc_free has been running for over 60 seconds
test gemm::tests::frag_load_on_off_bit_match_all_candidates ... ok
N=1024 series=sweep cand=3 resolved_tile=TileConfig { bm: 32, bn: 32, bk: 16, wm: 2, wn: 2, staged: true } kernel_gpu_median_ms=1.0206 q1=0.6749 q3=3.3321
N=4096 pair=hfrag_best_vs_production mode=base resolved_tile=TileConfig { bm: 32, bn: 64, bk: 16, wm: 2, wn: 2, staged: true } kernel_gpu_median_ms=37.5747 q1=30.1666 q3=57.8460
N=4096 pair=hfrag_best_vs_production mode=head resolved_tile=TileConfig { bm: 64, bn: 64, bk: 32, wm: 2, wn: 2, staged: true } kernel_gpu_median_ms=36.6221 q1=31.1162 q3=54.4540
N=4096 pair=hfrag_best_vs_production head_over_base_kernel_gpu=0.974649
test gemm_hfrag_diag_tests::hfrag_kernel_gpu_ab_best_vs_production_select ... ok
N=1024 pair=te_vs_production_select mode=base kernel_gpu_median_ms=3.4082 q1=0.7082 q3=6.9179
N=1024 pair=te_vs_production_select mode=head kernel_gpu_median_ms=11.8151 q1=1.7166 q3=20.9625
N=1024 head_over_base_kernel_gpu=3.4666252047195028 base_checksum=2.637922064881095e2 head_checksum=2.637922064881095e2 bit_identical=true
N=2048 pair=te_vs_production_select production_select_resolved=TileConfig { bm: 64, bn: 32, bk: 16, wm: 2, wn: 2, staged: true }
N=1024 series=sweep cand=4 resolved_tile=TileConfig { bm: 64, bn: 64, bk: 16, wm: 1, wn: 2, staged: true } kernel_gpu_median_ms=9.0098 q1=7.1973 q3=14.0850
N=2048 cand5 tile_class_edge_dispatch_increment=0 tile_class_interior_dispatch_increment=40
N=2048 cand5 mode=legacy resolved_tile=TileConfig { bm: 64, bn: 32, bk: 32, wm: 2, wn: 2, staged: true } kernel_gpu_median_ms=7.2395 q1=5.7330 q3=9.4794
N=2048 cand5 mode=split resolved_tile=TileConfig { bm: 64, bn: 32, bk: 32, wm: 2, wn: 2, staged: true } kernel_gpu_median_ms=25.4630 q1=14.4931 q3=36.4709
N=2048 cand5 split_over_legacy_kernel_gpu=3.517252
N=2048 pair=production_select mode=base resolved_tile=TileConfig { bm: 64, bn: 32, bk: 16, wm: 2, wn: 2, staged: true } kernel_gpu_median_ms=6.3435 q1=4.5198 q3=7.2828
N=2048 pair=production_select mode=head resolved_tile=TileConfig { bm: 64, bn: 64, bk: 32, wm: 2, wn: 2, staged: true } kernel_gpu_median_ms=37.8640 q1=35.1826 q3=41.0897
N=2048 pair=production_select head_over_base_kernel_gpu=5.968905
N=4096 pair=production_select production_select_resolved=TileConfig { bm: 32, bn: 64, bk: 16, wm: 2, wn: 2, staged: true }
N=1024 series=sweep cand=5 resolved_tile=TileConfig { bm: 64, bn: 32, bk: 32, wm: 2, wn: 2, staged: true } kernel_gpu_median_ms=2.9576 q1=1.1535 q3=4.4786
N=2048 pair=te_vs_production_select mode=base kernel_gpu_median_ms=6.9034 q1=4.4167 q3=7.4013
N=2048 pair=te_vs_production_select mode=head kernel_gpu_median_ms=9.0704 q1=5.9179 q3=16.8157
N=2048 head_over_base_kernel_gpu=1.3139044248909857 base_checksum=-1.7044454626729384e4 head_checksum=-1.7044454626729384e4 bit_identical=true
N=4096 pair=te_vs_production_select production_select_resolved=TileConfig { bm: 32, bn: 64, bk: 16, wm: 2, wn: 2, staged: true }
test readout_regression_diag_tests_1695::readout_regression_diag_n1024_legacy_to_vec has been running for over 60 seconds
N=2048 cand8 tile_class_edge_dispatch_increment=0 tile_class_interior_dispatch_increment=40
N=2048 cand8 mode=legacy resolved_tile=TileConfig { bm: 32, bn: 64, bk: 16, wm: 1, wn: 2, staged: true } kernel_gpu_median_ms=40.0617 q1=34.8609 q3=48.2190
N=2048 cand8 mode=split resolved_tile=TileConfig { bm: 32, bn: 64, bk: 16, wm: 1, wn: 2, staged: true } kernel_gpu_median_ms=27.2395 q1=17.3830 q3=37.0933
N=2048 cand8 split_over_legacy_kernel_gpu=0.679939
N=1024 series=sweep cand=6 resolved_tile=TileConfig { bm: 64, bn: 32, bk: 8, wm: 4, wn: 1, staged: true } kernel_gpu_median_ms=2.6447 q1=0.7021 q3=4.7590
  N=1024 arm=LegacyToVec requested_tile=TileConfig { bm: 64, bn: 32, bk: 8, wm: 4, wn: 1, staged: true } (median over 20 trials, 20 warmup) checksum=4627.380087:
    readback: median=0.1804 ms  q1=0.1083 ms  q3=0.6688 ms  (q3-q1)=0.5605 ms
    host_read: median=1.2119 ms  q1=1.0711 ms  q3=1.4027 ms  (q3-q1)=0.3316 ms
    sum of medians: 1.3922 ms
test readout_regression_diag_tests_1695::readout_regression_diag_n1024_pretouched_reused_dest has been running for over 60 seconds
  N=1024 arm=LegacyToVec requested_tile=TileConfig { bm: 64, bn: 32, bk: 8, wm: 4, wn: 1, staged: true } (median over 20 trials, 20 warmup) checksum=4627.380087:
    readback: median=0.3845 ms  q1=0.1019 ms  q3=0.5162 ms  (q3-q1)=0.4143 ms
    host_read: median=1.2106 ms  q1=1.0790 ms  q3=1.3837 ms  (q3-q1)=0.3047 ms
    sum of medians: 1.5950 ms
test readout_regression_diag_tests_1695::readout_regression_diag_n2048 has been running for over 60 seconds
test gemm::tests::coop_load_bit_match_all_candidates ... ok
test readout_regression_diag_tests_1695::readout_regression_diag_n2048_borrowed_keep_alive has been running for over 60 seconds
  N=1024 arm=BorrowedWithDummyAllocFree requested_tile=TileConfig { bm: 64, bn: 32, bk: 8, wm: 4, wn: 1, staged: true } (median over 20 trials, 20 warmup) checksum=4627.380087:
    readback: median=0.4562 ms  q1=0.1345 ms  q3=0.6694 ms  (q3-q1)=0.5349 ms
    host_read: median=2.1378 ms  q1=1.9396 ms  q3=2.3678 ms  (q3-q1)=0.4282 ms
    sum of medians: 2.5940 ms
test readout_regression_diag_tests_1695::readout_regression_diag_n1024_borrowed_with_dummy_alloc_free ... ok
N=1024 series=sweep cand=8 resolved_tile=TileConfig { bm: 32, bn: 64, bk: 16, wm: 1, wn: 2, staged: true } kernel_gpu_median_ms=1.6230 q1=0.6024 q3=6.9874
N=4096 cand0 tile_class_edge_dispatch_increment=0 tile_class_interior_dispatch_increment=40
N=4096 cand0 mode=legacy resolved_tile=TileConfig { bm: 64, bn: 64, bk: 16, wm: 2, wn: 2, staged: true } kernel_gpu_median_ms=342.1799 q1=308.7696 q3=368.4328
N=4096 cand0 mode=split resolved_tile=TileConfig { bm: 64, bn: 64, bk: 16, wm: 2, wn: 2, staged: true } kernel_gpu_median_ms=188.7265 q1=161.6431 q3=212.4646
N=4096 cand0 split_over_legacy_kernel_gpu=0.551542
  N=1024 arm=BorrowedKeepAlive requested_tile=TileConfig { bm: 64, bn: 32, bk: 8, wm: 4, wn: 1, staged: true } (median over 20 trials, 20 warmup) checksum=4627.380087:
    readback: median=0.5765 ms  q1=0.4248 ms  q3=0.8844 ms  (q3-q1)=0.4596 ms
    host_read: median=0.8187 ms  q1=0.7433 ms  q3=1.0108 ms  (q3-q1)=0.2674 ms
    sum of medians: 1.3952 ms
test readout_regression_diag_tests_1695::readout_regression_diag_n1024_borrowed_keep_alive ... ok
  N=1024 arm=LegacyToVec requested_tile=TileConfig { bm: 64, bn: 32, bk: 8, wm: 4, wn: 1, staged: true } (median over 20 trials, 20 warmup) checksum=4627.380087:
    readback: median=0.5723 ms  q1=0.2890 ms  q3=1.6357 ms  (q3-q1)=1.3467 ms
    host_read: median=1.2166 ms  q1=1.0671 ms  q3=2.8170 ms  (q3-q1)=1.7500 ms
    sum of medians: 1.7889 ms
test readout_regression_diag_tests_1695::readout_regression_diag_n1024_legacy_to_vec ... ok
  N=2048 arm=BorrowedKeepAlive requested_tile=TileConfig { bm: 64, bn: 32, bk: 16, wm: 2, wn: 2, staged: true } (median over 20 trials, 20 warmup) checksum=-59111.364509:
    readback: median=28.8104 ms  q1=3.5645 ms  q3=78.5271 ms  (q3-q1)=74.9626 ms
    host_read: median=8.1844 ms  q1=6.3878 ms  q3=9.7071 ms  (q3-q1)=3.3193 ms
    sum of medians: 36.9948 ms
test readout_regression_diag_tests_1695::readout_regression_diag_n2048_borrowed_keep_alive ... ok
  N=2048 arm=LegacyToVec requested_tile=TileConfig { bm: 64, bn: 32, bk: 16, wm: 2, wn: 2, staged: true } (median over 20 trials, 20 warmup) checksum=-59111.364509:
    readback: median=6.7531 ms  q1=2.6537 ms  q3=78.5683 ms  (q3-q1)=75.9146 ms
    host_read: median=24.5916 ms  q1=8.3687 ms  q3=50.7481 ms  (q3-q1)=42.3794 ms
    sum of medians: 31.3447 ms
N=4096 cand=tgp-k1 requested_tile=TileConfig { bm: 32, bn: 64, bk: 16, wm: 2, wn: 2, staged: true } resolved_tile=TileConfig { bm: 32, bn: 64, bk: 16, wm: 2, wn: 2, staged: true } kernel_gpu_median_ms=67.9424 q1=42.5151 q3=72.5722
N=4096 cand=tgp-k2 requested_tile=TileConfig { bm: 32, bn: 64, bk: 16, wm: 2, wn: 2, staged: true } resolved_tile=TileConfig { bm: 32, bn: 64, bk: 16, wm: 2, wn: 2, staged: true } kernel_gpu_median_ms=92.9701 q1=74.5717 q3=109.4716
N=4096 cand=device-legacy requested_tile=TileConfig { bm: 32, bn: 64, bk: 16, wm: 2, wn: 2, staged: false } resolved_tile=TileConfig { bm: 32, bn: 64, bk: 16, wm: 2, wn: 2, staged: false } kernel_gpu_median_ms=113.2381 q1=99.3518 q3=157.3683
N=4096 cand=device-hoisted-k1 requested_tile=TileConfig { bm: 32, bn: 64, bk: 16, wm: 2, wn: 2, staged: false } resolved_tile=TileConfig { bm: 32, bn: 64, bk: 16, wm: 2, wn: 2, staged: false } kernel_gpu_median_ms=78.0321 q1=68.3241 q3=100.7795
N=4096 cand=device-hoisted-k2 requested_tile=TileConfig { bm: 32, bn: 64, bk: 16, wm: 2, wn: 2, staged: false } resolved_tile=TileConfig { bm: 32, bn: 64, bk: 16, wm: 2, wn: 2, staged: false } kernel_gpu_median_ms=119.2316 q1=99.7458 q3=149.4255
N=4096 cand=tgp-k1 head_over_base_kernel_gpu=1.000000
N=4096 cand=tgp-k2 head_over_base_kernel_gpu=1.368366
N=4096 cand=device-legacy head_over_base_kernel_gpu=1.666677
N=4096 cand=device-hoisted-k1 head_over_base_kernel_gpu=1.148504
N=4096 cand=device-hoisted-k2 head_over_base_kernel_gpu=1.754892
N=4096 cand=device-hoisted-k1 head_over_device_legacy_kernel_gpu=0.689098
N=4096 cand=device-hoisted-k2 head_over_device_legacy_kernel_gpu=1.052929
test gemm_frag_load_diag_tests::frag_load_kernel_gpu_ab_production_sizes ... ok
  N=1024 arm=PretouchedReusedDest requested_tile=TileConfig { bm: 64, bn: 32, bk: 8, wm: 4, wn: 1, staged: true } (median over 20 trials, 20 warmup) checksum=4627.380087:
    readback: median=0.6137 ms  q1=0.2437 ms  q3=1.6462 ms  (q3-q1)=1.4026 ms
    host_read: median=5.4449 ms  q1=1.6873 ms  q3=62.6690 ms  (q3-q1)=60.9817 ms
    sum of medians: 6.0586 ms
test readout_regression_diag_tests_1695::readout_regression_diag_n1024_pretouched_reused_dest ... ok
N=1024 series=sweep cand=9 resolved_tile=TileConfig { bm: 64, bn: 64, bk: 32, wm: 2, wn: 2, staged: true } kernel_gpu_median_ms=1.1944 q1=0.5598 q3=1.5035
N=4096 pair=te_vs_production_select mode=base kernel_gpu_median_ms=51.4970 q1=30.3465 q3=79.7726
N=4096 pair=te_vs_production_select mode=head kernel_gpu_median_ms=60.1335 q1=48.4631 q3=78.9003
N=4096 head_over_base_kernel_gpu=1.1677088034959002 base_checksum=3.3037462937772216e4 head_checksum=3.3037462937772216e4 bit_identical=true
test gemm_te_diag_tests::te_kernel_gpu_ab_vs_production_select ... ok
N=4096 pair=production_select mode=base resolved_tile=TileConfig { bm: 32, bn: 64, bk: 16, wm: 2, wn: 2, staged: true } kernel_gpu_median_ms=56.0129 q1=30.8644 q3=221.5922
N=4096 pair=production_select mode=head resolved_tile=TileConfig { bm: 64, bn: 64, bk: 32, wm: 2, wn: 2, staged: true } kernel_gpu_median_ms=388.4138 q1=315.1869 q3=612.6789
N=4096 pair=production_select head_over_base_kernel_gpu=6.934367
test gemm_bk32_diag_tests::bk32_kernel_gpu_ab_vs_production_select ... ok
test tile::tests::all_tile_candidates_match_cpu_reference_f16_tiled_medium_shape ... ok
test tile::tests::all_tile_candidates_match_cpu_reference_f16_tiled_non_multiple_boundary_shape ... ok
N=4096 cand=L0-P4 coop_load=CoopLoadConfig { layout: RowLinear, pad: Four } resolved_tile=TileConfig { bm: 32, bn: 64, bk: 16, wm: 2, wn: 2, staged: true } kernel_gpu_median_ms=108.2856 q1=46.7072 q3=335.1058
N=4096 cand=L0-P0 coop_load=CoopLoadConfig { layout: RowLinear, pad: Zero } resolved_tile=TileConfig { bm: 32, bn: 64, bk: 16, wm: 2, wn: 2, staged: true } kernel_gpu_median_ms=149.7060 q1=47.7313 q3=204.8816
N=4096 cand=L0-P8 coop_load=CoopLoadConfig { layout: RowLinear, pad: Eight } resolved_tile=TileConfig { bm: 32, bn: 64, bk: 16, wm: 2, wn: 2, staged: true } kernel_gpu_median_ms=65.7048 q1=44.4319 q3=219.3835
N=4096 cand=L1-P0 coop_load=CoopLoadConfig { layout: RowStrided, pad: Zero } resolved_tile=TileConfig { bm: 32, bn: 64, bk: 16, wm: 2, wn: 2, staged: true } kernel_gpu_median_ms=151.6527 q1=78.1883 q3=246.1700
N=4096 cand=L1-P4 coop_load=CoopLoadConfig { layout: RowStrided, pad: Four } resolved_tile=TileConfig { bm: 32, bn: 64, bk: 16, wm: 2, wn: 2, staged: true } kernel_gpu_median_ms=207.4541 q1=62.2132 q3=334.7325
N=4096 cand=L1-P8 coop_load=CoopLoadConfig { layout: RowStrided, pad: Eight } resolved_tile=TileConfig { bm: 32, bn: 64, bk: 16, wm: 2, wn: 2, staged: true } kernel_gpu_median_ms=109.9638 q1=50.6925 q3=201.1087
N=4096 cand=L0-P4 head_over_base_kernel_gpu=1.000000
N=4096 cand=L0-P0 head_over_base_kernel_gpu=1.382511
N=4096 cand=L0-P8 head_over_base_kernel_gpu=0.606774
N=4096 cand=L1-P0 head_over_base_kernel_gpu=1.400488
N=4096 cand=L1-P4 head_over_base_kernel_gpu=1.915806
N=4096 cand=L1-P8 head_over_base_kernel_gpu=1.015498
test gemm_coop_load_diag_tests::coop_load_kernel_gpu_ab_production_sizes ... ok
test tile::tests::all_tile_candidates_match_cpu_reference_medium_shape ... ok
test tile::tests::all_tile_candidates_resolve_without_fallback_for_every_transpose_pattern ... ok
test tile::tests::all_tile_candidates_validate_under_actual_device_shared_memory_limit ... ok
test tile::tests::direct_load_path_config_resolves_without_fallback ... ok
test tile::tests::dispatch_f16_auto_tile_select_shapes_resolve_without_fallback ... ok
test tile::tests::all_tile_candidates_match_cpu_reference_non_multiple_boundary_shape ... ok
bf16_probe label=p0_device_attributes device_architecture=applegpu_g16s supports_apple7=true supports_apple8=true supports_apple9=true supports_metal3=true
test typed_bf16_probe_diag_tests::p0_device_attributes ... ok
bf16_probe label=p1_bfloat_scalar lang=default compile_result=ok
bf16_probe label=p1_bfloat_scalar lang=3.1 compile_result=ok
test typed_bf16_probe_diag_tests::p1_bfloat_scalar_compile_probe ... ok
bf16_probe label=p2_simdgroup_bfloat_mma lang=default compile_result=ok
bf16_probe label=p2_simdgroup_bfloat_mma lang=3.1 compile_result=ok
test typed_bf16_probe_diag_tests::p2_simdgroup_bfloat_mma_compile_probe ... ok
bf16_probe label=p3_simdgroup_store_bfloat lang=default compile_result=error message=LibraryCompilation { message: "program_source:19:5: error: no matching function for call to 'simdgroup_store'\n    simdgroup_store(sc, c_ptr, 8);\n    ^~~~~~~~~~~~~~~\n/System/Library/PrivateFrameworks/GPUCompiler.framework/Versions/32023/Libraries/lib/clang/32023.886/include/metal/metal_simdgroup_matrix:174:17: note: candidate template ignored: deduced conflicting types for parameter 'T' ('float' vs. 'bfloat')\nMETAL_FUNC void simdgroup_store(simdgroup_matrix<T, Cols, Rows> a, threadgroup T *dst, ulong elements_per_row = Cols, ulong2 matrix_origin = ulong2(0, 0), bool transpose_matrix = false)\n                ^\n/System/Library/PrivateFrameworks/GPUCompiler.framework/Versions/32023/Libraries/lib/clang/32023.886/include/metal/metal_simdgroup_matrix:179:17: note: candidate template ignored: deduced conflicting types for parameter 'T' ('float' vs. 'bfloat')\nMETAL_FUNC void simdgroup_store(simdgroup_matrix<T, Cols, Rows> a, device T *dst, ulong elements_per_row = Cols, ulong2 matrix_origin = ulong2(0, 0), bool transpose_matrix = false)\n                ^\n" }
bf16_probe label=p3_simdgroup_store_bfloat lang=3.1 compile_result=error message=LibraryCompilation { message: "program_source:19:5: error: no matching function for call to 'simdgroup_store'\n    simdgroup_store(sc, c_ptr, 8);\n    ^~~~~~~~~~~~~~~\n/System/Library/PrivateFrameworks/GPUCompiler.framework/Versions/32023/Libraries/lib/clang/32023.886/include/metal/metal_simdgroup_matrix:174:17: note: candidate template ignored: deduced conflicting types for parameter 'T' ('float' vs. 'bfloat')\nMETAL_FUNC void simdgroup_store(simdgroup_matrix<T, Cols, Rows> a, threadgroup T *dst, ulong elements_per_row = Cols, ulong2 matrix_origin = ulong2(0, 0), bool transpose_matrix = false)\n                ^\n/System/Library/PrivateFrameworks/GPUCompiler.framework/Versions/32023/Libraries/lib/clang/32023.886/include/metal/metal_simdgroup_matrix:179:17: note: candidate template ignored: deduced conflicting types for parameter 'T' ('float' vs. 'bfloat')\nMETAL_FUNC void simdgroup_store(simdgroup_matrix<T, Cols, Rows> a, device T *dst, ulong elements_per_row = Cols, ulong2 matrix_origin = ulong2(0, 0), bool transpose_matrix = false)\n                ^\n" }
test typed_bf16_probe_diag_tests::p3_simdgroup_store_bfloat_compile_probe ... ok
bf16_probe label=p4_bfloat_roundtrip total=256 mismatches=0 matches=256
test typed_bf16_probe_diag_tests::p4_bfloat_roundtrip_numeric_smoke ... ok
N=1024 series=sweep cand=10 resolved_tile=TileConfig { bm: 128, bn: 64, bk: 16, wm: 2, wn: 2, staged: true } kernel_gpu_median_ms=4.1907 q1=3.9943 q3=4.7125
test typed_f16::tests::sum_matches_f32_backend_ops_rounded_bit_exact ... ok
test typed_bf16::tests::sum_matches_f32_backend_ops_rounded_bit_exact ... ok
  N=1024 arm=BorrowedKeepAlive requested_tile=TileConfig { bm: 64, bn: 32, bk: 8, wm: 4, wn: 1, staged: true } (median over 20 trials, 20 warmup) checksum=4627.380087:
    readback: median=0.6544 ms  q1=0.3840 ms  q3=1.2885 ms  (q3-q1)=0.9045 ms
    host_read: median=1.3898 ms  q1=1.2828 ms  q3=1.5344 ms  (q3-q1)=0.2515 ms
    sum of medians: 2.0442 ms
N=2048 series=sweep cand=0 resolved_tile=TileConfig { bm: 64, bn: 64, bk: 16, wm: 2, wn: 2, staged: true } kernel_gpu_median_ms=11.3639 q1=3.5449 q3=20.1814
  [production] N=2048 requested_tile=TileConfig { bm: 64, bn: 32, bk: 16, wm: 2, wn: 2, staged: true } resolved_tile=TileConfig { bm: 64, bn: 32, bk: 16, wm: 2, wn: 2, staged: true } (median over 20 trials, 20 warmup):
    upload_a: median=7.7053 ms  q1=2.3184 ms  q3=14.0829 ms
    upload_b: median=10.8445 ms  q1=3.8412 ms  q3=19.7384 ms
    alloc_c: median=0.0023 ms  q1=0.0020 ms  q3=0.0026 ms
    encode: median=715.6091 ms  q1=11.6126 ms  q3=1054.8600 ms
    commit_wait: median=11.7366 ms  q1=8.0251 ms  q3=22.7659 ms
    commit_wait.kernel_gpu: median=3.1928 ms  q1=2.9096 ms  q3=4.2497 ms
    commit_wait.commit_wait_minus_kernel_gpu: median=7.8115 ms
    readback: median=4.4261 ms  q1=2.7033 ms  q3=7.2706 ms
    host_copy: median=6.2536 ms  q1=2.6582 ms  q3=20.7941 ms
    sum of medians: 756.5776 ms
test readout_regression_diag_tests_1695::readout_regression_diag_n2048_borrowed_with_dummy_alloc_free has been running for over 60 seconds
test readout_regression_diag_tests_1695::readout_regression_diag_n2048_legacy_to_vec has been running for over 60 seconds
test readout_regression_diag_tests_1695::readout_regression_diag_n2048_pretouched_reused_dest has been running for over 60 seconds
  N=1024 arm=BorrowedKeepAlive requested_tile=TileConfig { bm: 64, bn: 32, bk: 8, wm: 4, wn: 1, staged: true } (median over 20 trials, 20 warmup) checksum=4627.380087:
    readback: median=0.2150 ms  q1=0.1229 ms  q3=0.5866 ms  (q3-q1)=0.4638 ms
    host_read: median=1.3071 ms  q1=1.0077 ms  q3=1.5589 ms  (q3-q1)=0.5512 ms
    sum of medians: 1.5221 ms
N=2048 series=sweep cand=1 resolved_tile=TileConfig { bm: 64, bn: 32, bk: 16, wm: 2, wn: 2, staged: true } kernel_gpu_median_ms=12.2889 q1=4.0607 q3=25.6691
test readout_regression_diag_tests_1695::readout_regression_diag_n4096 has been running for over 60 seconds
test readout_regression_diag_tests_1695::readout_regression_diag_n4096_borrowed_keep_alive has been running for over 60 seconds
  N=2048 arm=PretouchedReusedDest requested_tile=TileConfig { bm: 64, bn: 32, bk: 16, wm: 2, wn: 2, staged: true } (median over 20 trials, 20 warmup) checksum=-59111.364509:
    readback: median=1.1133 ms  q1=0.5259 ms  q3=2.6174 ms  (q3-q1)=2.0915 ms
    host_read: median=7.4595 ms  q1=5.9055 ms  q3=7.7970 ms  (q3-q1)=1.8915 ms
    sum of medians: 8.5729 ms
test readout_regression_diag_tests_1695::readout_regression_diag_n2048_pretouched_reused_dest ... ok
  N=2048 arm=LegacyToVec requested_tile=TileConfig { bm: 64, bn: 32, bk: 16, wm: 2, wn: 2, staged: true } (median over 20 trials, 20 warmup) checksum=-59111.364509:
    readback: median=2.6019 ms  q1=0.8638 ms  q3=4.2496 ms  (q3-q1)=3.3857 ms
    host_read: median=8.0317 ms  q1=5.7484 ms  q3=11.4877 ms  (q3-q1)=5.7393 ms
    sum of medians: 10.6336 ms
test readout_regression_diag_tests_1695::readout_regression_diag_n2048_legacy_to_vec ... ok
test readout_regression_diag_tests_1695::readout_regression_diag_n4096_borrowed_with_dummy_alloc_free has been running for over 60 seconds
  N=2048 arm=BorrowedWithDummyAllocFree requested_tile=TileConfig { bm: 64, bn: 32, bk: 16, wm: 2, wn: 2, staged: true } (median over 20 trials, 20 warmup) checksum=-59111.364509:
    readback: median=2.7333 ms  q1=1.0250 ms  q3=4.5749 ms  (q3-q1)=3.5499 ms
    host_read: median=11.5712 ms  q1=9.2911 ms  q3=18.3916 ms  (q3-q1)=9.1005 ms
    sum of medians: 14.3046 ms
test readout_regression_diag_tests_1695::readout_regression_diag_n2048_borrowed_with_dummy_alloc_free ... ok
N=2048 series=sweep cand=2 resolved_tile=TileConfig { bm: 32, bn: 64, bk: 16, wm: 2, wn: 2, staged: true } kernel_gpu_median_ms=4.5219 q1=3.5672 q3=21.3798
test readout_regression_diag_tests_1695::readout_regression_diag_n4096_legacy_to_vec has been running for over 60 seconds
test readout_regression_diag_tests_1695::readout_regression_diag_n4096_pretouched_reused_dest has been running for over 60 seconds
N=4096 cand4 tile_class_edge_dispatch_increment=0 tile_class_interior_dispatch_increment=40
N=4096 cand4 mode=legacy resolved_tile=TileConfig { bm: 64, bn: 64, bk: 16, wm: 1, wn: 2, staged: true } kernel_gpu_median_ms=926.8208 q1=840.8187 q3=940.6149
N=4096 cand4 mode=split resolved_tile=TileConfig { bm: 64, bn: 64, bk: 16, wm: 1, wn: 2, staged: true } kernel_gpu_median_ms=789.4035 q1=724.5742 q3=852.1290
N=4096 cand4 split_over_legacy_kernel_gpu=0.851733
N=2048 series=sweep cand=3 resolved_tile=TileConfig { bm: 32, bn: 32, bk: 16, wm: 2, wn: 2, staged: true } kernel_gpu_median_ms=30.8776 q1=23.6910 q3=37.6346
N=2048 series=sweep cand=4 resolved_tile=TileConfig { bm: 64, bn: 64, bk: 16, wm: 1, wn: 2, staged: true } kernel_gpu_median_ms=60.3062 q1=56.7657 q3=64.3246
  N=2048 arm=BorrowedKeepAlive requested_tile=TileConfig { bm: 64, bn: 32, bk: 16, wm: 2, wn: 2, staged: true } (median over 20 trials, 20 warmup) checksum=-59111.364509:
    readback: median=0.8562 ms  q1=0.7819 ms  q3=1.7430 ms  (q3-q1)=0.9611 ms
    host_read: median=5.0913 ms  q1=4.3881 ms  q3=6.2557 ms  (q3-q1)=1.8676 ms
    sum of medians: 5.9475 ms
N=2048 series=sweep cand=5 resolved_tile=TileConfig { bm: 64, bn: 32, bk: 32, wm: 2, wn: 2, staged: true } kernel_gpu_median_ms=20.3045 q1=5.4419 q3=25.1894
  N=4096 arm=BorrowedKeepAlive requested_tile=TileConfig { bm: 32, bn: 64, bk: 16, wm: 2, wn: 2, staged: true } (median over 20 trials, 20 warmup) checksum=66291.493131:
    readback: median=7.8968 ms  q1=2.7482 ms  q3=15.6177 ms  (q3-q1)=12.8695 ms
    host_read: median=20.8385 ms  q1=19.8590 ms  q3=25.3500 ms  (q3-q1)=5.4910 ms
    sum of medians: 28.7353 ms
test readout_regression_diag_tests_1695::readout_regression_diag_n4096_borrowed_keep_alive ... ok
  N=1024 arm=BorrowedWithDummyAllocFree requested_tile=TileConfig { bm: 64, bn: 32, bk: 8, wm: 4, wn: 1, staged: true } (median over 20 trials, 20 warmup) checksum=4627.380087:
    readback: median=0.4385 ms  q1=0.2584 ms  q3=0.5271 ms  (q3-q1)=0.2687 ms
    host_read: median=3.6375 ms  q1=3.0103 ms  q3=4.3388 ms  (q3-q1)=1.3286 ms
    sum of medians: 4.0760 ms
  N=4096 arm=PretouchedReusedDest requested_tile=TileConfig { bm: 32, bn: 64, bk: 16, wm: 2, wn: 2, staged: true } (median over 20 trials, 20 warmup) checksum=66291.493131:
    readback: median=3.1656 ms  q1=2.0054 ms  q3=3.2677 ms  (q3-q1)=1.2624 ms
    host_read: median=21.8385 ms  q1=20.1561 ms  q3=24.1036 ms  (q3-q1)=3.9475 ms
    sum of medians: 25.0041 ms
test readout_regression_diag_tests_1695::readout_regression_diag_n4096_pretouched_reused_dest ... ok
  N=4096 arm=LegacyToVec requested_tile=TileConfig { bm: 32, bn: 64, bk: 16, wm: 2, wn: 2, staged: true } (median over 20 trials, 20 warmup) checksum=66291.493131:
    readback: median=7.0281 ms  q1=2.1811 ms  q3=10.4969 ms  (q3-q1)=8.3157 ms
    host_read: median=31.3984 ms  q1=26.3879 ms  q3=33.9235 ms  (q3-q1)=7.5357 ms
    sum of medians: 38.4265 ms
  N=1024 arm=BorrowedWithDummyAllocFree requested_tile=TileConfig { bm: 64, bn: 32, bk: 8, wm: 4, wn: 1, staged: true } (median over 20 trials, 20 warmup) checksum=4627.380087:
    readback: median=0.3947 ms  q1=0.2787 ms  q3=0.5460 ms  (q3-q1)=0.2673 ms
    host_read: median=3.2597 ms  q1=2.9567 ms  q3=4.6668 ms  (q3-q1)=1.7101 ms
    sum of medians: 3.6544 ms
N=2048 series=sweep cand=6 resolved_tile=TileConfig { bm: 64, bn: 32, bk: 8, wm: 4, wn: 1, staged: true } kernel_gpu_median_ms=6.2660 q1=5.6365 q3=22.2476
  N=4096 arm=BorrowedWithDummyAllocFree requested_tile=TileConfig { bm: 32, bn: 64, bk: 16, wm: 2, wn: 2, staged: true } (median over 20 trials, 20 warmup) checksum=66291.493131:
    readback: median=3.9476 ms  q1=2.9561 ms  q3=10.8590 ms  (q3-q1)=7.9029 ms
    host_read: median=53.9389 ms  q1=44.6778 ms  q3=76.0964 ms  (q3-q1)=31.4187 ms
    sum of medians: 57.8865 ms
  N=4096 arm=LegacyToVec requested_tile=TileConfig { bm: 32, bn: 64, bk: 16, wm: 2, wn: 2, staged: true } (median over 20 trials, 20 warmup) checksum=66291.493131:
    readback: median=6.8170 ms  q1=3.2743 ms  q3=8.1053 ms  (q3-q1)=4.8310 ms
    host_read: median=27.3313 ms  q1=23.8865 ms  q3=31.0983 ms  (q3-q1)=7.2118 ms
    sum of medians: 34.1484 ms
test readout_regression_diag_tests_1695::readout_regression_diag_n4096_borrowed_with_dummy_alloc_free ... ok
test readout_regression_diag_tests_1695::readout_regression_diag_n4096_legacy_to_vec ... ok
N=4096 cand5 tile_class_edge_dispatch_increment=0 tile_class_interior_dispatch_increment=40
N=4096 cand5 mode=legacy resolved_tile=TileConfig { bm: 64, bn: 32, bk: 32, wm: 2, wn: 2, staged: true } kernel_gpu_median_ms=47.6771 q1=46.2530 q3=49.0612
N=4096 cand5 mode=split resolved_tile=TileConfig { bm: 64, bn: 32, bk: 32, wm: 2, wn: 2, staged: true } kernel_gpu_median_ms=123.4085 q1=119.2979 q3=129.1382
N=4096 cand5 split_over_legacy_kernel_gpu=2.588425
N=2048 series=sweep cand=8 resolved_tile=TileConfig { bm: 32, bn: 64, bk: 16, wm: 1, wn: 2, staged: true } kernel_gpu_median_ms=16.8357 q1=8.5818 q3=25.2753
  N=1024 arm=PretouchedReusedDest requested_tile=TileConfig { bm: 64, bn: 32, bk: 8, wm: 4, wn: 1, staged: true } (median over 20 trials, 20 warmup) checksum=4627.380087:
    readback: median=0.1372 ms  q1=0.1152 ms  q3=0.1930 ms  (q3-q1)=0.0778 ms
    host_read: median=1.7649 ms  q1=1.4744 ms  q3=2.4211 ms  (q3-q1)=0.9467 ms
    sum of medians: 1.9021 ms
test readout_regression_diag_tests_1695::readout_regression_diag_n1024 ... ok
  N=1024 arm=PretouchedReusedDest requested_tile=TileConfig { bm: 64, bn: 32, bk: 8, wm: 4, wn: 1, staged: true } (median over 20 trials, 20 warmup) checksum=4627.380087:
    readback: median=0.2078 ms  q1=0.1558 ms  q3=0.2312 ms  (q3-q1)=0.0754 ms
    host_read: median=1.8721 ms  q1=1.7023 ms  q3=2.0838 ms  (q3-q1)=0.3815 ms
    sum of medians: 2.0799 ms
  N=2048 arm=BorrowedWithDummyAllocFree requested_tile=TileConfig { bm: 64, bn: 32, bk: 16, wm: 2, wn: 2, staged: true } (median over 20 trials, 20 warmup) checksum=-59111.364509:
    readback: median=0.8925 ms  q1=0.4724 ms  q3=3.3546 ms  (q3-q1)=2.8822 ms
    host_read: median=11.9198 ms  q1=10.7306 ms  q3=17.0361 ms  (q3-q1)=6.3055 ms
    sum of medians: 12.8122 ms
N=2048 series=sweep cand=9 resolved_tile=TileConfig { bm: 64, bn: 64, bk: 32, wm: 2, wn: 2, staged: true } kernel_gpu_median_ms=4.4120 q1=3.5595 q3=5.1889
  [production] N=4096 requested_tile=TileConfig { bm: 32, bn: 64, bk: 16, wm: 2, wn: 2, staged: true } resolved_tile=TileConfig { bm: 32, bn: 64, bk: 16, wm: 2, wn: 2, staged: true } (median over 20 trials, 20 warmup):
    upload_a: median=12.2835 ms  q1=8.7817 ms  q3=14.6645 ms
    upload_b: median=9.2551 ms  q1=7.5117 ms  q3=12.9075 ms
    alloc_c: median=0.0025 ms  q1=0.0018 ms  q3=0.0587 ms
    encode: median=97.6090 ms  q1=30.0153 ms  q3=169.1310 ms
    commit_wait: median=44.2965 ms  q1=40.9293 ms  q3=52.2791 ms
    commit_wait.kernel_gpu: median=38.3830 ms  q1=30.5151 ms  q3=41.5252 ms
    commit_wait.commit_wait_minus_kernel_gpu: median=7.1632 ms
    readback: median=4.1075 ms  q1=1.9268 ms  q3=7.9132 ms
    host_copy: median=2.8992 ms  q1=1.9351 ms  q3=4.6769 ms
    sum of medians: 170.4532 ms
test gemm_reuse_phase_diag_tests::gemm_reuse_phase_diag_production_batch ... ok
  N=4096 arm=BorrowedKeepAlive requested_tile=TileConfig { bm: 32, bn: 64, bk: 16, wm: 2, wn: 2, staged: true } (median over 20 trials, 20 warmup) checksum=66291.493131:
    readback: median=3.4380 ms  q1=3.0597 ms  q3=4.9017 ms  (q3-q1)=1.8420 ms
    host_read: median=22.7705 ms  q1=20.1364 ms  q3=30.0320 ms  (q3-q1)=9.8956 ms
    sum of medians: 26.2085 ms
N=2048 series=sweep cand=10 resolved_tile=TileConfig { bm: 128, bn: 64, bk: 16, wm: 2, wn: 2, staged: true } kernel_gpu_median_ms=230.6664 q1=50.4400 q3=316.7608
  N=2048 arm=LegacyToVec requested_tile=TileConfig { bm: 64, bn: 32, bk: 16, wm: 2, wn: 2, staged: true } (median over 20 trials, 20 warmup) checksum=-59111.364509:
    readback: median=1.3925 ms  q1=0.7427 ms  q3=1.7800 ms  (q3-q1)=1.0373 ms
    host_read: median=7.1694 ms  q1=5.8643 ms  q3=10.2229 ms  (q3-q1)=4.3586 ms
    sum of medians: 8.5619 ms
  N=2048 arm=PretouchedReusedDest requested_tile=TileConfig { bm: 64, bn: 32, bk: 16, wm: 2, wn: 2, staged: true } (median over 20 trials, 20 warmup) checksum=-59111.364509:
    readback: median=0.7437 ms  q1=0.5076 ms  q3=0.9174 ms  (q3-q1)=0.4098 ms
    host_read: median=5.8575 ms  q1=5.4813 ms  q3=7.3557 ms  (q3-q1)=1.8744 ms
    sum of medians: 6.6012 ms
test readout_regression_diag_tests_1695::readout_regression_diag_n2048 ... ok
  N=2048 arm=BorrowedKeepAlive requested_tile=TileConfig { bm: 64, bn: 32, bk: 16, wm: 2, wn: 2, staged: true } (median over 20 trials, 20 warmup) checksum=-59111.364509:
    readback: median=0.8329 ms  q1=0.7143 ms  q3=1.0848 ms  (q3-q1)=0.3705 ms
    host_read: median=5.0901 ms  q1=4.6420 ms  q3=5.3375 ms  (q3-q1)=0.6955 ms
    sum of medians: 5.9230 ms
  N=4096 arm=BorrowedWithDummyAllocFree requested_tile=TileConfig { bm: 32, bn: 64, bk: 16, wm: 2, wn: 2, staged: true } (median over 20 trials, 20 warmup) checksum=66291.493131:
    readback: median=3.6621 ms  q1=1.8789 ms  q3=8.6076 ms  (q3-q1)=6.7287 ms
    host_read: median=51.1483 ms  q1=45.9202 ms  q3=82.4305 ms  (q3-q1)=36.5103 ms
    sum of medians: 54.8104 ms
N=4096 cand8 tile_class_edge_dispatch_increment=0 tile_class_interior_dispatch_increment=40
N=4096 cand8 mode=legacy resolved_tile=TileConfig { bm: 32, bn: 64, bk: 16, wm: 1, wn: 2, staged: true } kernel_gpu_median_ms=342.3610 q1=330.8081 q3=352.2145
N=4096 cand8 mode=split resolved_tile=TileConfig { bm: 32, bn: 64, bk: 16, wm: 1, wn: 2, staged: true } kernel_gpu_median_ms=191.5865 q1=186.4235 q3=206.7463
N=4096 cand8 split_over_legacy_kernel_gpu=0.559604
test gemm_tile_class_diag_tests::tile_class_kernel_gpu_ab_production_sizes ... ok
  N=2048 arm=BorrowedWithDummyAllocFree requested_tile=TileConfig { bm: 64, bn: 32, bk: 16, wm: 2, wn: 2, staged: true } (median over 20 trials, 20 warmup) checksum=-59111.364509:
    readback: median=0.8359 ms  q1=0.6661 ms  q3=0.9278 ms  (q3-q1)=0.2617 ms
    host_read: median=13.8189 ms  q1=12.4532 ms  q3=17.8055 ms  (q3-q1)=5.3523 ms
    sum of medians: 14.6547 ms
N=4096 series=sweep cand=0 resolved_tile=TileConfig { bm: 64, bn: 64, bk: 16, wm: 2, wn: 2, staged: true } kernel_gpu_median_ms=31.6972 q1=29.8782 q3=55.3486
  N=2048 arm=PretouchedReusedDest requested_tile=TileConfig { bm: 64, bn: 32, bk: 16, wm: 2, wn: 2, staged: true } (median over 20 trials, 20 warmup) checksum=-59111.364509:
    readback: median=0.4925 ms  q1=0.4693 ms  q3=0.5772 ms  (q3-q1)=0.1080 ms
    host_read: median=6.8939 ms  q1=6.8339 ms  q3=7.0537 ms  (q3-q1)=0.2198 ms
    sum of medians: 7.3864 ms
  N=4096 arm=PretouchedReusedDest requested_tile=TileConfig { bm: 32, bn: 64, bk: 16, wm: 2, wn: 2, staged: true } (median over 20 trials, 20 warmup) checksum=66291.493131:
    readback: median=1.8288 ms  q1=1.5784 ms  q3=1.8498 ms  (q3-q1)=0.2714 ms
    host_read: median=22.4972 ms  q1=19.3241 ms  q3=22.7287 ms  (q3-q1)=3.4046 ms
    sum of medians: 24.3260 ms
test readout_regression_diag_tests_1695::readout_regression_diag_n4096 ... ok
N=4096 series=sweep cand=1 resolved_tile=TileConfig { bm: 64, bn: 32, bk: 16, wm: 2, wn: 2, staged: true } kernel_gpu_median_ms=45.9292 q1=44.4103 q3=83.2376
  N=4096 arm=LegacyToVec requested_tile=TileConfig { bm: 32, bn: 64, bk: 16, wm: 2, wn: 2, staged: true } (median over 20 trials, 20 warmup) checksum=66291.493131:
    readback: median=1.1573 ms  q1=1.1125 ms  q3=1.2928 ms  (q3-q1)=0.1803 ms
    host_read: median=11.4704 ms  q1=11.0196 ms  q3=11.6176 ms  (q3-q1)=0.5980 ms
    sum of medians: 12.6277 ms
N=4096 series=sweep cand=2 resolved_tile=TileConfig { bm: 32, bn: 64, bk: 16, wm: 2, wn: 2, staged: true } kernel_gpu_median_ms=49.3120 q1=44.1140 q3=59.7662
  N=4096 arm=BorrowedKeepAlive requested_tile=TileConfig { bm: 32, bn: 64, bk: 16, wm: 2, wn: 2, staged: true } (median over 20 trials, 20 warmup) checksum=66291.493131:
    readback: median=1.7027 ms  q1=1.4151 ms  q3=1.8925 ms  (q3-q1)=0.4774 ms
    host_read: median=17.9262 ms  q1=14.3195 ms  q3=20.5549 ms  (q3-q1)=6.2353 ms
    sum of medians: 19.6289 ms
N=4096 series=sweep cand=3 resolved_tile=TileConfig { bm: 32, bn: 32, bk: 16, wm: 2, wn: 2, staged: true } kernel_gpu_median_ms=46.8766 q1=45.7214 q3=49.1086
  N=4096 arm=BorrowedWithDummyAllocFree requested_tile=TileConfig { bm: 32, bn: 64, bk: 16, wm: 2, wn: 2, staged: true } (median over 20 trials, 20 warmup) checksum=66291.493131:
    readback: median=1.0547 ms  q1=1.0327 ms  q3=1.1809 ms  (q3-q1)=0.1482 ms
    host_read: median=20.1079 ms  q1=19.7401 ms  q3=20.9216 ms  (q3-q1)=1.1815 ms
    sum of medians: 21.1626 ms
N=4096 series=sweep cand=4 resolved_tile=TileConfig { bm: 64, bn: 64, bk: 16, wm: 1, wn: 2, staged: true } kernel_gpu_median_ms=374.9504 q1=363.3267 q3=388.8671
  N=4096 arm=PretouchedReusedDest requested_tile=TileConfig { bm: 32, bn: 64, bk: 16, wm: 2, wn: 2, staged: true } (median over 20 trials, 20 warmup) checksum=66291.493131:
    readback: median=1.0880 ms  q1=1.0290 ms  q3=1.1896 ms  (q3-q1)=0.1605 ms
    host_read: median=10.9704 ms  q1=10.7789 ms  q3=11.2886 ms  (q3-q1)=0.5097 ms
    sum of medians: 12.0584 ms
test readout_regression_diag_tests_1695::readout_regression_diag_all_arms ... ok
N=4096 series=sweep cand=5 resolved_tile=TileConfig { bm: 64, bn: 32, bk: 32, wm: 2, wn: 2, staged: true } kernel_gpu_median_ms=36.5930 q1=32.5420 q3=37.6518
N=4096 series=sweep cand=6 resolved_tile=TileConfig { bm: 64, bn: 32, bk: 8, wm: 4, wn: 1, staged: true } kernel_gpu_median_ms=31.2276 q1=30.6687 q3=31.9726
N=4096 series=sweep cand=8 resolved_tile=TileConfig { bm: 32, bn: 64, bk: 16, wm: 1, wn: 2, staged: true } kernel_gpu_median_ms=26.7762 q1=26.2789 q3=27.1503
N=4096 series=sweep cand=9 resolved_tile=TileConfig { bm: 64, bn: 64, bk: 32, wm: 2, wn: 2, staged: true } kernel_gpu_median_ms=21.3455 q1=20.7986 q3=21.6855
N=4096 series=sweep cand=10 resolved_tile=TileConfig { bm: 128, bn: 64, bk: 16, wm: 2, wn: 2, staged: true } kernel_gpu_median_ms=293.1083 q1=286.5906 q3=303.2734
test gemm_hfrag_diag_tests::hfrag_kernel_gpu_sweep_all_staged_candidates ... ok

test result: ok. 93 passed; 0 failed; 0 ignored; 0 measured; 567 filtered out; finished in 425.27s

     Running tests/backend_ops_real_device.rs (/Users/<user>/work/target-fandhe-ai/release/deps/backend_ops_real_device-90f3d4f452bc8d5e)

running 7 tests
test backend_ops_gemm_matches_cpu_mid_square_shape ... ok
test ops_for_selects_metal_backend_and_matches_cpu ... ok
test backend_ops_gemm_matches_cpu_non_power_of_two_shape ... ok
test backend_ops_gemm_matches_cpu_tall_and_wide_shapes ... ok
test backend_ops_gemm_matches_cpu_near_small_tile_threshold ... ok
test backend_ops_elementwise_matches_cpu ... ok
test backend_ops_sum_matches_cpu_bit_exact ... ok

test result: ok. 7 passed; 0 failed; 0 ignored; 0 measured; 1 filtered out; finished in 0.06s

     Running tests/batch_norm_parity.rs (/Users/<user>/work/target-fandhe-ai/release/deps/batch_norm_parity-f63906007e7bca1e)

running 9 tests
test batch_norm_train_and_infer_empty_axis_return_without_touching_device ... ok
test batch_norm_train_rejects_weight_length_mismatch ... ok
test batch_norm_train_extreme_values_stay_finite ... ok
test batch_norm_train_nan_propagates_only_to_owning_channel ... ok
test batch_norm_train_accepts_non_contiguous_input_via_backend_ops ... ok
test batch_norm_infer_matches_f64_reference ... ok
test metal_backend_ops_batch_norm_train_matches_cpu_backend_ops_req2 ... ok
test batch_norm_train_is_deterministic_across_runs ... ok
test batch_norm_train_matches_f64_reference_across_shapes_and_affine_combinations ... ok

test result: ok. 9 passed; 0 failed; 0 ignored; 0 measured; 0 filtered out; finished in 0.05s

     Running tests/batch_norm_source_evidence.rs (/Users/<user>/work/target-fandhe-ai/release/deps/batch_norm_source_evidence-55ebb74b3e3b96cf)

running 0 tests

test result: ok. 0 passed; 0 failed; 0 ignored; 0 measured; 12 filtered out; finished in 0.00s

     Running tests/bce_parity.rs (/Users/<user>/work/target-fandhe-ai/release/deps/bce_parity-ec77ef31f4795110)

running 1 test
test bce_matches_cpu_across_shapes ... ok

test result: ok. 1 passed; 0 failed; 0 ignored; 0 measured; 0 filtered out; finished in 0.09s

     Running tests/bce_source_evidence.rs (/Users/<user>/work/target-fandhe-ai/release/deps/bce_source_evidence-9ba93b67725d518e)

running 0 tests

test result: ok. 0 passed; 0 failed; 0 ignored; 0 measured; 6 filtered out; finished in 0.00s

     Running tests/cast_parity.rs (/Users/<user>/work/target-fandhe-ai/release/deps/cast_parity-b97517f108c6d587)

running 1 test
test cast_parity_all_directions ... ok

test result: ok. 1 passed; 0 failed; 0 ignored; 0 measured; 0 filtered out; finished in 0.06s

     Running tests/cast_source_evidence.rs (/Users/<user>/work/target-fandhe-ai/release/deps/cast_source_evidence-555e77e0f54e704e)

running 0 tests

test result: ok. 0 passed; 0 failed; 0 ignored; 0 measured; 9 filtered out; finished in 0.00s

     Running tests/command_batching.rs (/Users/<user>/work/target-fandhe-ai/release/deps/command_batching-d4e4ec1d6cd5b8fe)

running 5 tests
test dispatch_sync_callers_unchanged_regression_is_covered_elsewhere ... ok
test dependent_dispatches_in_one_batch_execute_in_order ... ok

thread 'pool_reuse_zero_fill_does_not_synchronize_open_batch' (250669496) panicked at crates/backend-metal/tests/command_batching.rs:330:5:
assertion `left == right` failed: alloc_zeroed 自体は encode() を呼ばない
  left: 8
 right: 7
note: run with `RUST_BACKTRACE=1` environment variable to display a backtrace
test pool_reuse_zero_fill_does_not_synchronize_open_batch ... FAILED
test synchronize_after_auto_flush_at_limit ... ok
test sgd_batched_multi_param_matches_cpu_across_many_steps ... ok

failures:

failures:
    pool_reuse_zero_fill_does_not_synchronize_open_batch

test result: FAILED. 4 passed; 1 failed; 0 ignored; 0 measured; 0 filtered out; finished in 0.06s

error: test failed, to rerun pass `-p fandhe-ai-backend-metal --test command_batching`
     Running tests/command_batching_bench.rs (/Users/<user>/work/target-fandhe-ai/release/deps/command_batching_bench-fb94417ef6dc692a)

running 2 tests
[command_batching_micro_bench] steps=100 numel=1024 untracked_median_s=0.016787 (q1=0.016273, q3=0.017121) tracked_median_s=0.000804 (q1=0.000760, q3=0.000840) speedup_x=20.872 tracked_faster=true — record only, non-gating（本ファイル冒頭コメント参照）
test command_batching_micro_bench_untracked_vs_tracked ... ok
[pool_reuse_interleaved_with_tracked_steps_preserves_batching] steps=50 encode_delta=50 command_buffer_delta=1
test pool_reuse_interleaved_with_tracked_steps_preserves_batching ... ok

test result: ok. 2 passed; 0 failed; 0 ignored; 0 measured; 0 filtered out; finished in 0.14s

     Running tests/constant_pad_parity.rs (/Users/<user>/work/target-fandhe-ai/release/deps/constant_pad_parity-01bcc13f63d10b5e)

running 5 tests
test backend_ops_pad_rejects_rank_mismatch ... ok
test pad_empty_input_matches_cpu ... ok
test pad_rank_zero_matches_cpu ... ok
test pad_backward_matches_cpu_tape ... ok
test pad_matches_cpu_across_shapes ... ok

test result: ok. 5 passed; 0 failed; 0 ignored; 0 measured; 0 filtered out; finished in 0.05s

     Running tests/constant_pad_source_evidence.rs (/Users/<user>/work/target-fandhe-ai/release/deps/constant_pad_source_evidence-00d4967a13a66b83)

running 0 tests

test result: ok. 0 passed; 0 failed; 0 ignored; 0 measured; 5 filtered out; finished in 0.00s

     Running tests/context_cache_bench.rs (/Users/<user>/work/target-fandhe-ai/release/deps/context_cache_bench-09c94219e99d8a27)

running 2 tests
test gemm_repeated_calls_are_deterministic_via_cache ... ok
[context_cache_bench] cold_s=0.054914 warm_median_s=0.000176 (q1=0.000170, q3=0.000177) speedup_x=311.86 warm_faster=true — record only, non-gating（本ファイル冒頭コメント参照）
test gemm_second_call_avoids_reconstruction_cost ... ok

test result: ok. 2 passed; 0 failed; 0 ignored; 0 measured; 0 filtered out; finished in 0.06s

     Running tests/cpu_metal_f16_parity.rs (/Users/<user>/work/target-fandhe-ai/release/deps/cpu_metal_f16_parity-24ad75453eb9e889)

running 6 tests
test f16_dispatch_prepared_rejects_undersized_and_misaligned_inputs ... ok
test f16_parity_baseline_8x8x8 ... ok
test f16_dispatch_is_bit_deterministic_across_runs ... ok
test f16_parity_boundary_shapes_non_multiple_of_eight ... ok
test f16_parity_baseline_shape_512 ... ok
test f16_k4096_stress ... ok

test result: ok. 6 passed; 0 failed; 0 ignored; 0 measured; 0 filtered out; finished in 0.08s

     Running tests/cpu_metal_f16_tiled_parity.rs (/Users/<user>/work/target-fandhe-ai/release/deps/cpu_metal_f16_tiled_parity-1d67669564d43302)

running 5 tests
test f16_tiled_parity_boundary_shape_non_multiple_of_tile ... ok
test f16_tiled_parity_direct_load_single_simdgroup_8x8 ... ok
test f16_tiled_parity_matches_existing_8x8_kernel ... ok
test f16_tiled_parity_staged_baseline_shape_512 ... ok
test f16_tiled_k4096_stress ... ok

test result: ok. 5 passed; 0 failed; 0 ignored; 0 measured; 0 filtered out; finished in 0.08s

     Running tests/cpu_metal_parity.rs (/Users/<user>/work/target-fandhe-ai/release/deps/cpu_metal_parity-e29fd4409d5f9adf)

running 5 tests
test falsification_injected_perturbation_is_detected ... ok
test dispatch_is_bit_deterministic_across_runs ... ok
test boundary_shapes_non_multiple_of_threadgroup ... ok
test baseline_shape_512_matches_cpu_reference ... ok
test k4096_stress_poc_v2_5 ... ok

test result: ok. 5 passed; 0 failed; 0 ignored; 0 measured; 0 filtered out; finished in 0.15s

     Running tests/device.rs (/Users/<user>/work/target-fandhe-ai/release/deps/device-e77bcfe814623442)

running 1 test
test select_metal_device_on_real_hardware ... ok

test result: ok. 1 passed; 0 failed; 0 ignored; 0 measured; 2 filtered out; finished in 0.01s

     Running tests/device_smoke.rs (/Users/<user>/work/target-fandhe-ai/release/deps/device_smoke-1b5e79c62673fec9)

running 3 tests
test allocation_size_overflow_is_rejected ... ok
test zero_length_allocation_is_rejected ... ok
test device_and_buffer_roundtrip ... ok

test result: ok. 3 passed; 0 failed; 0 ignored; 0 measured; 0 filtered out; finished in 0.05s

     Running tests/dispatch_boundary.rs (/Users/<user>/work/target-fandhe-ai/release/deps/dispatch_boundary-79a6afc81e0ca830)

running 2 tests
dispatch_boundary_route_record dim=256 min_dim_threshold=512 expected_kernel=Tiled route_verified=false result=parity_pass
dispatch_boundary_route_record dim=384 min_dim_threshold=512 expected_kernel=Tiled route_verified=false result=parity_pass
dispatch_boundary_route_record dim=448 min_dim_threshold=512 expected_kernel=Tiled route_verified=false result=parity_pass
dispatch_boundary_record dim=256 path=tiled tflops=0.098 report={"schema_version":"1","name":"gemm_tiled_dim256","backend":"metal","warmup":20,"iters":20,"median_secs":0.000342541,"q1_secs":0.0003355,"q3_secs":0.000369625,"samples_secs":[0.000369625,0.000379416,0.000337667,0.000331834,0.000322292,0.000337916,0.000355958,0.000566042,0.000320125,0.001067042,0.000767958,0.000372375,0.000357708,0.0003355,0.000343375,0.000336375,0.0003405,0.000329625,0.000329417,0.000342541]}
dispatch_boundary_route_record dim=512 min_dim_threshold=512 expected_kernel=MatrixUnit route_verified=false result=parity_pass
dispatch_boundary_record dim=256 path=simdgroup_auto tflops=0.112 report={"schema_version":"1","name":"gemm_dispatch_auto_dim256","backend":"metal","warmup":20,"iters":20,"median_secs":0.000299333,"q1_secs":0.000285334,"q3_secs":0.000353083,"samples_secs":[0.000808041,0.000372292,0.000408792,0.000353083,0.000335208,0.000292208,0.000288292,0.00031675,0.0008735,0.000290917,0.000285334,0.000278834,0.000270959,0.000262666,0.000262292,0.000269208,0.000311,0.000404875,0.000299333,0.000293833]}
dispatch_boundary_record dim=256 simdgroup_auto_over_tiled=1.144
dispatch_boundary_route_record dim=576 min_dim_threshold=512 expected_kernel=MatrixUnit route_verified=false result=parity_pass
dispatch_boundary_record dim=384 path=tiled tflops=0.196 report={"schema_version":"1","name":"gemm_tiled_dim384","backend":"metal","warmup":20,"iters":20,"median_secs":0.00057825,"q1_secs":0.000432375,"q3_secs":0.000583958,"samples_secs":[0.000589625,0.000580917,0.00057825,0.000579958,0.00051675,0.000426166,0.000432375,0.000422792,0.000426166,0.000418333,0.000425958,0.000478458,0.000572958,0.000583958,0.000590417,0.000592875,0.000591125,0.002038625,0.000582625,0.000468792]}
dispatch_boundary_route_record dim=640 min_dim_threshold=512 expected_kernel=MatrixUnit route_verified=false result=parity_pass
dispatch_boundary_record dim=384 path=simdgroup_auto tflops=0.332 report={"schema_version":"1","name":"gemm_dispatch_auto_dim384","backend":"metal","warmup":20,"iters":20,"median_secs":0.000341125,"q1_secs":0.000301292,"q3_secs":0.000371334,"samples_secs":[0.000292291,0.000307417,0.000295625,0.000297834,0.000301292,0.0002965,0.000304417,0.000296208,0.00030275,0.000432042,0.00034475,0.000341125,0.000342291,0.000338209,0.000360459,0.000371334,0.000863792,0.000912875,0.000491459,0.000418167]}
dispatch_boundary_record dim=384 simdgroup_auto_over_tiled=1.695
dispatch_boundary_record dim=448 path=tiled tflops=0.300 report={"schema_version":"1","name":"gemm_tiled_dim448","backend":"metal","warmup":20,"iters":20,"median_secs":0.000598625,"q1_secs":0.000572333,"q3_secs":0.000659459,"samples_secs":[0.001804875,0.000690667,0.000597375,0.000600875,0.0005625,0.000659459,0.000748959,0.000649,0.000731667,0.000629917,0.000583209,0.000559917,0.000561208,0.000569625,0.000700625,0.000598625,0.000578334,0.000567084,0.000572333,0.000577041]}
dispatch_boundary_route_record dim=768 min_dim_threshold=512 expected_kernel=MatrixUnit route_verified=false result=parity_pass
dispatch_boundary_record dim=448 path=simdgroup_auto tflops=0.483 report={"schema_version":"1","name":"gemm_dispatch_auto_dim448","backend":"metal","warmup":20,"iters":20,"median_secs":0.000372208,"q1_secs":0.0003645,"q3_secs":0.000379,"samples_secs":[0.000398833,0.000382292,0.000402041,0.000433875,0.000362625,0.0003645,0.00037625,0.000397042,0.000369458,0.000359042,0.000379,0.000369,0.000373625,0.000372875,0.000350917,0.000363916,0.000372208,0.000367584,0.000372042,0.000359083]}
dispatch_boundary_record dim=448 simdgroup_auto_over_tiled=1.608
dispatch_boundary_record dim=512 path=tiled tflops=0.381 report={"schema_version":"1","name":"gemm_tiled_dim512","backend":"metal","warmup":20,"iters":20,"median_secs":0.000705417,"q1_secs":0.000628333,"q3_secs":0.000725583,"samples_secs":[0.000613209,0.000825875,0.000730541,0.000725583,0.002323041,0.000705417,0.000669042,0.00067225,0.000628333,0.000633083,0.000779292,0.000719084,0.000713083,0.00073375,0.000718167,0.000698791,0.000619167,0.000617584,0.000616042,0.000626166]}
dispatch_boundary_record dim=512 path=simdgroup_auto tflops=0.595 report={"schema_version":"1","name":"gemm_dispatch_auto_dim512","backend":"metal","warmup":20,"iters":20,"median_secs":0.000450875,"q1_secs":0.000443334,"q3_secs":0.000471292,"samples_secs":[0.000434375,0.000641125,0.000480042,0.000541208,0.000500791,0.00044925,0.000453292,0.000450875,0.000438625,0.000446958,0.000441375,0.000450375,0.000439375,0.000451375,0.0004535,0.000448166,0.000443334,0.000471292,0.000438958,0.000527166]}
dispatch_boundary_record dim=512 simdgroup_auto_over_tiled=1.565
dispatch_boundary_route_record dim=1024 min_dim_threshold=512 expected_kernel=MatrixUnit route_verified=false result=parity_pass
test dispatch_backend_auto_matches_reference_at_boundary_shapes ... ok
dispatch_boundary_record dim=576 path=tiled tflops=0.451 report={"schema_version":"1","name":"gemm_tiled_dim576","backend":"metal","warmup":20,"iters":20,"median_secs":0.000846958,"q1_secs":0.000832625,"q3_secs":0.000889709,"samples_secs":[0.000924959,0.000908709,0.001033416,0.000805,0.000889709,0.000853084,0.000843125,0.000832625,0.000846958,0.000820875,0.000836792,0.000837625,0.000859959,0.000832292,0.000839125,0.000811958,0.0008215,0.001669375,0.000853,0.000916083]}
dispatch_boundary_record dim=576 path=simdgroup_auto tflops=0.759 report={"schema_version":"1","name":"gemm_dispatch_auto_dim576","backend":"metal","warmup":20,"iters":20,"median_secs":0.00050325,"q1_secs":0.000493417,"q3_secs":0.00052675,"samples_secs":[0.000486041,0.00050325,0.000493791,0.000493417,0.000480333,0.000473208,0.000738417,0.000741542,0.000500792,0.000612959,0.000830084,0.000512875,0.000516792,0.00052675,0.000506125,0.000586916,0.000490667,0.000495917,0.000484458,0.00050075]}
dispatch_boundary_record dim=576 simdgroup_auto_over_tiled=1.683
dispatch_boundary_record dim=640 path=tiled tflops=0.487 report={"schema_version":"1","name":"gemm_tiled_dim640","backend":"metal","warmup":20,"iters":20,"median_secs":0.00107625,"q1_secs":0.001016458,"q3_secs":0.001125209,"samples_secs":[0.001424,0.001018083,0.001970875,0.001050083,0.001057,0.001218791,0.001109208,0.001125209,0.000988834,0.001012375,0.00107625,0.00105025,0.00098125,0.0009725,0.001015333,0.001118416,0.001016458,0.001934125,0.001171625,0.001082583]}
dispatch_boundary_record dim=640 path=simdgroup_auto tflops=0.876 report={"schema_version":"1","name":"gemm_dispatch_auto_dim640","backend":"metal","warmup":20,"iters":20,"median_secs":0.0005985,"q1_secs":0.000565667,"q3_secs":0.000623125,"samples_secs":[0.000588375,0.000738125,0.001082667,0.000581875,0.000633292,0.000819875,0.000607333,0.000550292,0.00056325,0.00069675,0.000623125,0.00061075,0.000609458,0.000561458,0.000549875,0.000578333,0.0005985,0.000588584,0.000537959,0.000565667]}
dispatch_boundary_record dim=640 simdgroup_auto_over_tiled=1.798
dispatch_boundary_record dim=768 path=tiled tflops=0.613 report={"schema_version":"1","name":"gemm_tiled_dim768","backend":"metal","warmup":20,"iters":20,"median_secs":0.001478875,"q1_secs":0.001416291,"q3_secs":0.001514208,"samples_secs":[0.001412041,0.002445625,0.001599584,0.001799167,0.001478875,0.001409917,0.001551458,0.001514208,0.001418,0.001436208,0.001369958,0.001929416,0.001484792,0.001380542,0.001416291,0.001415125,0.001495125,0.001492416,0.001434042,0.001438167]}
dispatch_boundary_record dim=768 path=simdgroup_auto tflops=1.199 report={"schema_version":"1","name":"gemm_dispatch_auto_dim768","backend":"metal","warmup":20,"iters":20,"median_secs":0.000755834,"q1_secs":0.000735875,"q3_secs":0.000773334,"samples_secs":[0.000756708,0.000721416,0.000718708,0.000731375,0.000752084,0.000776625,0.001265959,0.0007665,0.000804792,0.000924666,0.000688708,0.000774,0.000736916,0.000757417,0.000773334,0.000755834,0.000754208,0.000718708,0.000753416,0.000735875]}
dispatch_boundary_record dim=768 simdgroup_auto_over_tiled=1.957
dispatch_boundary_record dim=1024 path=tiled tflops=1.009 report={"schema_version":"1","name":"gemm_tiled_dim1024","backend":"metal","warmup":20,"iters":20,"median_secs":0.002127417,"q1_secs":0.002101,"q3_secs":0.002196459,"samples_secs":[0.002101,0.002081209,0.002042459,0.002710917,0.0023685,0.002127417,0.002139584,0.002123166,0.002079167,0.002098834,0.002196459,0.002646666,0.002360792,0.002111459,0.00219125,0.00216225,0.002101916,0.002124959,0.002879166,0.002091125]}
dispatch_boundary_record dim=1024 path=simdgroup_auto tflops=1.827 report={"schema_version":"1","name":"gemm_dispatch_auto_dim1024","backend":"metal","warmup":20,"iters":20,"median_secs":0.001175458,"q1_secs":0.001161542,"q3_secs":0.001200042,"samples_secs":[0.001148833,0.001240209,0.001196416,0.001167583,0.001381125,0.001176958,0.001201375,0.001161542,0.001200042,0.001119541,0.001144417,0.001174333,0.001139291,0.001165542,0.001197291,0.001127333,0.00116575,0.001175458,0.001277959,0.001246291]}
dispatch_boundary_record dim=1024 simdgroup_auto_over_tiled=1.810
test boundary_shapes_tflops_record ... ok

test result: ok. 2 passed; 0 failed; 0 ignored; 0 measured; 0 filtered out; finished in 0.59s

     Running tests/elementwise_device_parity.rs (/Users/<user>/work/target-fandhe-ai/release/deps/elementwise_device_parity-5846c65cb1ce7968)

running 5 tests
test binary_elementwise_device_handles_empty_numel ... ok
test binary_elementwise_device_rejects_device_mismatch ... ok
test binary_elementwise_device_rejects_shape_mismatch ... ok
test elementwise_device_chain_matches_per_op_host_composition ... ok
test binary_and_unary_elementwise_device_match_host_bit_exact ... ok

test result: ok. 5 passed; 0 failed; 0 ignored; 0 measured; 0 filtered out; finished in 0.08s

     Running tests/elementwise_gemm_bias_act_source_evidence.rs (/Users/<user>/work/target-fandhe-ai/release/deps/elementwise_gemm_bias_act_source_evidence-d93f07ee8791b130)

running 0 tests

test result: ok. 0 passed; 0 failed; 0 ignored; 0 measured; 6 filtered out; finished in 0.00s

     Running tests/gather_scatter_parity.rs (/Users/<user>/work/target-fandhe-ai/release/deps/gather_scatter_parity-77e14c2edcad3101)

running 20 tests
test one_hot_error_path_reaches_native_kernel ... ok
test gather_scatter_error_paths_reach_native_kernel ... ok
test gather_scatter_direct_call_rejects_rank_mismatch_and_bad_dim ... ok
test gather_scatter_direct_call_empty_index_scatter_passes_through_input ... ok
test gather_scatter_direct_call_rejects_slice_length_mismatch ... ok
test gather_direct_call_rejects_non_dim_axis_mismatch ... ok
test one_hot_parity_1d ... ok
test one_hot_direct_call_matches_host_model ... ok
test gather_parity_3d ... ok
test scatter_add_parity_cancelling_sequence ... ok
test one_hot_parity_3d ... ok
test gather_parity_index_select_like ... ok
test one_hot_parity_2d ... ok
test gather_parity_1d ... ok
test scatter_parity_3d_add ... ok
test scatter_add_parity_2d ... ok
test gather_parity_2d_each_dim ... ok
test scatter_parity_reduced_index_axis ... ok
test scatter_overwrite_parity_2d ... ok
test gather_backward_matches_cpu_tape ... ok

test result: ok. 20 passed; 0 failed; 0 ignored; 0 measured; 0 filtered out; finished in 0.06s

     Running tests/gather_scatter_source_evidence.rs (/Users/<user>/work/target-fandhe-ai/release/deps/gather_scatter_source_evidence-f6195ec9f12e1825)

running 0 tests

test result: ok. 0 passed; 0 failed; 0 ignored; 0 measured; 7 filtered out; finished in 0.00s

     Running tests/gemm_auto_parity.rs (/Users/<user>/work/target-fandhe-ai/release/deps/gemm_auto_parity-daa3eecfc0f2316b)

running 3 tests
test below_threshold_shape_matches_cpu_reference ... ok
test threshold_boundary_511_and_512_both_match_cpu_reference ... ok
test at_or_above_threshold_shape_matches_cpu_reference ... ok

test result: ok. 3 passed; 0 failed; 0 ignored; 0 measured; 0 filtered out; finished in 0.14s

     Running tests/gemm_batched_parity.rs (/Users/<user>/work/target-fandhe-ai/release/deps/gemm_batched_parity-67d868896d1359e2)

running 13 tests
test gemm_batched_batch_broadcast_incompatible_is_shape_mismatch ... ok
test gemm_batched_inner_dim_mismatch_is_shape_mismatch ... ok
test gemm_batched_zero_batch_returns_empty_output ... ok
test gemm_batched_zero_k_returns_zero_filled_output ... ok
test gemm_batched_zero_m_or_n_returns_empty_output ... ok
test gemm_batched_rank2_delegates_to_gemm_bit_exact ... ok
test gemm_batched_fp32_strict_matches_gemm_batched_bit_exact ... ok
test gemm_batched_handles_transposed_view_input ... ok
test gemm_batched_is_deterministic_across_runs ... ok
test gemm_batched_output_unaffected_by_split_k_runtime_toggle ... ok
test gemm_batched_broadcasts_middle_batch_axis ... ok
test gemm_batched_broadcasts_lhs_batch_dim_one ... ok
test gemm_batched_matches_reference_and_per_batch_gemm ... ok

test result: ok. 13 passed; 0 failed; 0 ignored; 0 measured; 0 filtered out; finished in 0.06s

     Running tests/gemm_bias_act_parity.rs (/Users/<user>/work/target-fandhe-ai/release/deps/gemm_bias_act_parity-5407bef11c8f2331)

running 7 tests
test gemm_bias_act_rejects_incompatible_bias_shape_like_cpu ... ok
test gemm_bias_act_k_zero_matches_cpu ... ok
test gemm_bias_act_without_bias_matches_cpu ... ok
test elementwise_matches_cpu_across_ops ... ok
test gemm_bias_act_broadcast_fallback_zero_dim_matches_cpu ... ok
test gemm_bias_act_broadcast_fallback_matches_cpu ... ok
gemm_bias_act fused vs composed metal parity m=64 n=64 k=4096 act=Relu: fail_count=2/4096 max_abs_diff=1.4114e-4 mean_abs_diff=8.5148e-6 max_rel_err=1.4969e-3（baseline 非後退方式）
test gemm_bias_act_matches_cpu_across_shapes_and_activations ... ok

test result: ok. 7 passed; 0 failed; 0 ignored; 0 measured; 0 filtered out; finished in 0.06s

     Running tests/gemm_bias_grad_reduce_bit_match.rs (/Users/<user>/work/target-fandhe-ai/release/deps/gemm_bias_grad_reduce_bit_match-a0075b1d17dce968)

running 2 tests
test bias_grad_reduce_kernel_single_row_copies_bits ... ok
test bias_grad_reduce_kernel_matches_host_f64_bit_exactly ... ok

test result: ok. 2 passed; 0 failed; 0 ignored; 0 measured; 0 filtered out; finished in 0.05s

     Running tests/gemm_dynamic_tile_parity.rs (/Users/<user>/work/target-fandhe-ai/release/deps/gemm_dynamic_tile_parity-0ae6d5568f63cc9e)

running 15 tests
test dispatch_tiled_prepared_rejects_undersized_and_misaligned_inputs ... ok
test direct_load_path_matches_cpu_reference_non_multiple_of_tile ... ok
test bk32_64x64_candidate_matches_cpu_reference_non_multiple_of_tile ... ok
test bm128_candidate_matches_cpu_reference_non_multiple_of_tile ... ok
test wm1_wn2_candidate_matches_cpu_reference_non_multiple_of_tile ... ok
test tiled_matches_cpu_reference_k_stress ... ok
test bk32_candidate_matches_cpu_reference_non_multiple_of_tile ... ok
test direct_load_path_matches_cpu_reference ... ok
test wm4_bk8_candidate_matches_cpu_reference_non_multiple_of_tile ... ok
test dispatch_tiled_prepared_matches_dispatch_variant ... ok
test bk32_candidate_matches_cpu_reference_k_stress ... ok
test bk32_64x64_candidate_matches_cpu_reference_k_stress ... ok
test tiled_matches_cpu_reference_non_multiple_of_tile ... ok
test bm128_candidate_matches_cpu_reference_k_stress ... ok
test dispatch_auto_matches_cpu_reference_across_shape_bands ... ok

test result: ok. 15 passed; 0 failed; 0 ignored; 0 measured; 0 filtered out; finished in 0.14s

     Running tests/gemm_f16_auto_parity.rs (/Users/<user>/work/target-fandhe-ai/release/deps/gemm_f16_auto_parity-8033e7066919e44e)

running 8 tests
test dispatch_f16_auto_matches_cpu_reference_tiny_shape ... ok
test dispatch_f16_auto_matches_existing_non_tiled_8x8_kernel ... ok
test dispatch_f16_auto_matches_cpu_reference_non_multiple_of_8_boundary_shape ... ok
test dispatch_f16_auto_matches_explicit_tile_select_dispatch ... ok
test dispatch_f16_auto_matches_cpu_reference_square_cube_512 ... ok
test dispatch_f16_auto_matches_cpu_reference_wide_shape ... ok
test dispatch_f16_auto_matches_cpu_reference_tall_shape ... ok
test dispatch_f16_auto_matches_cpu_reference_large_near_square_rectangle ... ok

test result: ok. 8 passed; 0 failed; 0 ignored; 0 measured; 0 filtered out; finished in 0.11s

     Running tests/gemm_fine_barrier_bit_match.rs (/Users/<user>/work/target-fandhe-ai/release/deps/gemm_fine_barrier_bit_match-55e46c955dbd8732)

running 2 tests
test fine_barrier_on_off_bit_match_dispatch_tiled_prepared ... ok
test fine_barrier_on_off_bit_match_dispatch_auto ... ok

test result: ok. 2 passed; 0 failed; 0 ignored; 0 measured; 0 filtered out; finished in 0.25s

     Running tests/gemm_fp32_strict_into_parity.rs (/Users/<user>/work/target-fandhe-ai/release/deps/gemm_fp32_strict_into_parity-e4e8e5ad98334983)

running 10 tests
test gemm_fp32_strict_into_rejects_device_mismatch ... ok
test gemm_fp32_strict_into_rejects_out_of_range_offset ... ok
test gemm_fp32_strict_into_with_bias_reduce_tracked_rejects_out_of_range_bias_offset ... ok
test gemm_fp32_strict_into_with_bias_reduce_tracked_none_bias_matches_weight_only_entry ... ok
test gemm_fp32_strict_into_falls_back_for_in_features_one_transpose ... ok
test gemm_fp32_strict_into_falls_back_to_host_path_for_nn_shape ... ok
test gemm_fp32_strict_into_bit_matches_with_negative_zero_operands ... ok
test gemm_fp32_strict_into_with_bias_reduce_tracked_matches_reference_for_nn_fallback ... ok
test gemm_fp32_strict_into_with_bias_reduce_tracked_matches_reference_for_nt_tn ... ok
test gemm_fp32_strict_into_matches_gemm_fp32_strict_with_offset ... ok

test result: ok. 10 passed; 0 failed; 0 ignored; 0 measured; 0 filtered out; finished in 0.06s

     Running tests/gemm_hfrag_parity.rs (/Users/<user>/work/target-fandhe-ai/release/deps/gemm_hfrag_parity-a72fa0adc9d4a8a7)

running 4 tests
test non_staged_candidate_is_rejected ... ok
hfrag_parity label=ragged pattern=Nn m=60 n=68 k=36 cfg=TileConfig { bm: 32, bn: 32, bk: 16, wm: 2, wn: 2, staged: true } strict_exact=false total=4080 fail_count=682 mean_abs_diff=4.140295e-4 max_abs_diff=2.109051e-3 max_rel_err=4.770764e-1
hfrag_parity label=square pattern=Nn m=64 n=64 k=64 cfg=TileConfig { bm: 32, bn: 32, bk: 16, wm: 2, wn: 2, staged: true } strict_exact=false total=4096 fail_count=643 mean_abs_diff=5.518026e-4 max_abs_diff=3.674388e-3 max_rel_err=1.744117e-1
hfrag_parity label=ragged pattern=Nt m=60 n=68 k=36 cfg=TileConfig { bm: 32, bn: 32, bk: 16, wm: 2, wn: 2, staged: true } strict_exact=false total=4080 fail_count=641 mean_abs_diff=4.196694e-4 max_abs_diff=2.058268e-3 max_rel_err=6.888951e-1
hfrag_parity label=square pattern=Nt m=64 n=64 k=64 cfg=TileConfig { bm: 32, bn: 32, bk: 16, wm: 2, wn: 2, staged: true } strict_exact=false total=4096 fail_count=674 mean_abs_diff=5.486692e-4 max_abs_diff=2.733231e-3 max_rel_err=8.583524e-1
hfrag_parity label=ragged pattern=Tn m=60 n=68 k=36 cfg=TileConfig { bm: 32, bn: 32, bk: 16, wm: 2, wn: 2, staged: true } strict_exact=false total=4080 fail_count=641 mean_abs_diff=4.185899e-4 max_abs_diff=2.433419e-3 max_rel_err=2.152185e-1
hfrag_parity label=square pattern=Tn m=64 n=64 k=64 cfg=TileConfig { bm: 32, bn: 32, bk: 16, wm: 2, wn: 2, staged: true } strict_exact=false total=4096 fail_count=676 mean_abs_diff=5.432472e-4 max_abs_diff=2.701819e-3 max_rel_err=3.726380e-1
hfrag_parity label=ragged pattern=Tt m=60 n=68 k=36 cfg=TileConfig { bm: 32, bn: 32, bk: 16, wm: 2, wn: 2, staged: true } strict_exact=false total=4080 fail_count=625 mean_abs_diff=3.993644e-4 max_abs_diff=2.110511e-3 max_rel_err=1.473658e0
hfrag_parity label=square pattern=Tt m=64 n=64 k=64 cfg=TileConfig { bm: 32, bn: 32, bk: 16, wm: 2, wn: 2, staged: true } strict_exact=false total=4096 fail_count=671 mean_abs_diff=5.642394e-4 max_abs_diff=2.861261e-3 max_rel_err=3.100549e-1
hfrag_parity label=ragged pattern=Nn m=68 n=60 k=20 cfg=TileConfig { bm: 32, bn: 32, bk: 16, wm: 2, wn: 2, staged: true } strict_exact=false total=4080 fail_count=612 mean_abs_diff=2.956720e-4 max_abs_diff=1.491591e-3 max_rel_err=2.019795e-1
hfrag_parity label=ragged pattern=Nt m=68 n=60 k=20 cfg=TileConfig { bm: 32, bn: 32, bk: 16, wm: 2, wn: 2, staged: true } strict_exact=false total=4080 fail_count=677 mean_abs_diff=3.164436e-4 max_abs_diff=1.450062e-3 max_rel_err=5.120149e-1
hfrag_parity label=ragged pattern=Tn m=68 n=60 k=20 cfg=TileConfig { bm: 32, bn: 32, bk: 16, wm: 2, wn: 2, staged: true } strict_exact=false total=4080 fail_count=629 mean_abs_diff=3.199026e-4 max_abs_diff=1.522332e-3 max_rel_err=3.120308e-1
hfrag_parity label=square pattern=Nn m=128 n=128 k=128 cfg=TileConfig { bm: 32, bn: 32, bk: 16, wm: 2, wn: 2, staged: true } strict_exact=false total=16384 fail_count=2730 mean_abs_diff=7.877467e-4 max_abs_diff=4.050732e-3 max_rel_err=1.822222e0
hfrag_parity label=ragged pattern=Tt m=68 n=60 k=20 cfg=TileConfig { bm: 32, bn: 32, bk: 16, wm: 2, wn: 2, staged: true } strict_exact=false total=4080 fail_count=636 mean_abs_diff=2.995712e-4 max_abs_diff=1.455784e-3 max_rel_err=2.051996e-1
hfrag_parity label=ragged pattern=Nn m=63 n=65 k=33 cfg=TileConfig { bm: 32, bn: 32, bk: 16, wm: 2, wn: 2, staged: true } strict_exact=false total=4095 fail_count=628 mean_abs_diff=3.966867e-4 max_abs_diff=2.128810e-3 max_rel_err=4.369783e-1
hfrag_parity label=ragged pattern=Nt m=63 n=65 k=33 cfg=TileConfig { bm: 32, bn: 32, bk: 16, wm: 2, wn: 2, staged: true } strict_exact=false total=4095 fail_count=597 mean_abs_diff=4.033531e-4 max_abs_diff=1.809359e-3 max_rel_err=1.390172e0
hfrag_parity label=square pattern=Nt m=128 n=128 k=128 cfg=TileConfig { bm: 32, bn: 32, bk: 16, wm: 2, wn: 2, staged: true } strict_exact=false total=16384 fail_count=2662 mean_abs_diff=7.869297e-4 max_abs_diff=3.625631e-3 max_rel_err=1.503761e0
hfrag_parity label=ragged pattern=Tn m=63 n=65 k=33 cfg=TileConfig { bm: 32, bn: 32, bk: 16, wm: 2, wn: 2, staged: true } strict_exact=false total=4095 fail_count=635 mean_abs_diff=4.005488e-4 max_abs_diff=1.944780e-3 max_rel_err=7.503864e-1
hfrag_parity label=ragged pattern=Tt m=63 n=65 k=33 cfg=TileConfig { bm: 32, bn: 32, bk: 16, wm: 2, wn: 2, staged: true } strict_exact=false total=4095 fail_count=667 mean_abs_diff=3.973965e-4 max_abs_diff=1.938701e-3 max_rel_err=9.853749e-1
test ragged_shapes_all_patterns ... ok
hfrag_parity label=square pattern=Tn m=128 n=128 k=128 cfg=TileConfig { bm: 32, bn: 32, bk: 16, wm: 2, wn: 2, staged: true } strict_exact=false total=16384 fail_count=2758 mean_abs_diff=7.811670e-4 max_abs_diff=4.540734e-3 max_rel_err=1.579681e0
hfrag_parity label=square pattern=Tt m=128 n=128 k=128 cfg=TileConfig { bm: 32, bn: 32, bk: 16, wm: 2, wn: 2, staged: true } strict_exact=false total=16384 fail_count=2630 mean_abs_diff=7.785900e-4 max_abs_diff=4.072666e-3 max_rel_err=1.228155e0
hfrag_parity label=square pattern=Nn m=512 n=512 k=512 cfg=TileConfig { bm: 32, bn: 32, bk: 16, wm: 2, wn: 2, staged: true } strict_exact=false total=262144 fail_count=42566 mean_abs_diff=1.567423e-3 max_abs_diff=9.197235e-3 max_rel_err=1.867124e0
hfrag_parity label=tall pattern=Nn m=2048 n=256 k=512 cfg=TileConfig { bm: 64, bn: 32, bk: 16, wm: 2, wn: 2, staged: true } strict_exact=false total=524288 fail_count=85433 mean_abs_diff=1.570881e-3 max_abs_diff=9.788811e-3 max_rel_err=1.998761e0
hfrag_parity label=square pattern=Nt m=512 n=512 k=512 cfg=TileConfig { bm: 32, bn: 32, bk: 16, wm: 2, wn: 2, staged: true } strict_exact=false total=262144 fail_count=42642 mean_abs_diff=1.571223e-3 max_abs_diff=9.088516e-3 max_rel_err=1.951591e0
hfrag_parity label=square pattern=Tn m=512 n=512 k=512 cfg=TileConfig { bm: 32, bn: 32, bk: 16, wm: 2, wn: 2, staged: true } strict_exact=false total=262144 fail_count=42542 mean_abs_diff=1.572956e-3 max_abs_diff=1.034355e-2 max_rel_err=1.992948e0
hfrag_parity label=tall pattern=Nt m=2048 n=256 k=512 cfg=TileConfig { bm: 64, bn: 32, bk: 16, wm: 2, wn: 2, staged: true } strict_exact=false total=524288 fail_count=84937 mean_abs_diff=1.572868e-3 max_abs_diff=9.717941e-3 max_rel_err=1.961185e0
hfrag_parity label=square pattern=Tt m=512 n=512 k=512 cfg=TileConfig { bm: 32, bn: 32, bk: 16, wm: 2, wn: 2, staged: true } strict_exact=false total=262144 fail_count=42627 mean_abs_diff=1.569611e-3 max_abs_diff=1.071882e-2 max_rel_err=1.962381e0
hfrag_parity label=tall pattern=Tn m=2048 n=256 k=512 cfg=TileConfig { bm: 64, bn: 32, bk: 16, wm: 2, wn: 2, staged: true } strict_exact=false total=524288 fail_count=85211 mean_abs_diff=1.576229e-3 max_abs_diff=9.461403e-3 max_rel_err=1.897152e0
hfrag_parity label=tall pattern=Tt m=2048 n=256 k=512 cfg=TileConfig { bm: 64, bn: 32, bk: 16, wm: 2, wn: 2, staged: true } strict_exact=false total=524288 fail_count=85230 mean_abs_diff=1.570549e-3 max_abs_diff=1.046944e-2 max_rel_err=1.991715e0
hfrag_parity label=wide pattern=Nn m=256 n=2048 k=512 cfg=TileConfig { bm: 32, bn: 64, bk: 16, wm: 2, wn: 2, staged: true } strict_exact=false total=524288 fail_count=85179 mean_abs_diff=1.571652e-3 max_abs_diff=9.963036e-3 max_rel_err=1.972835e0
hfrag_parity label=square pattern=Nn m=1024 n=1024 k=1024 cfg=TileConfig { bm: 32, bn: 32, bk: 16, wm: 2, wn: 2, staged: true } strict_exact=false total=1048576 fail_count=170251 mean_abs_diff=2.220228e-3 max_abs_diff=1.352739e-2 max_rel_err=1.948264e0
hfrag_parity label=wide pattern=Nt m=256 n=2048 k=512 cfg=TileConfig { bm: 32, bn: 64, bk: 16, wm: 2, wn: 2, staged: true } strict_exact=false total=524288 fail_count=85237 mean_abs_diff=1.568062e-3 max_abs_diff=8.921564e-3 max_rel_err=1.899752e0
hfrag_parity label=wide pattern=Tn m=256 n=2048 k=512 cfg=TileConfig { bm: 32, bn: 64, bk: 16, wm: 2, wn: 2, staged: true } strict_exact=false total=524288 fail_count=84838 mean_abs_diff=1.566866e-3 max_abs_diff=9.548187e-3 max_rel_err=1.919544e0
hfrag_parity label=wide pattern=Tt m=256 n=2048 k=512 cfg=TileConfig { bm: 32, bn: 64, bk: 16, wm: 2, wn: 2, staged: true } strict_exact=false total=524288 fail_count=85111 mean_abs_diff=1.571379e-3 max_abs_diff=9.421587e-3 max_rel_err=1.979561e0
hfrag_parity label=k_tail pattern=Nn m=96 n=96 k=40 cfg=TileConfig { bm: 32, bn: 32, bk: 16, wm: 2, wn: 2, staged: true } strict_exact=false total=9216 fail_count=1515 mean_abs_diff=4.437853e-4 max_abs_diff=2.696753e-3 max_rel_err=4.639648e-1
hfrag_parity label=k_tail pattern=Nt m=96 n=96 k=40 cfg=TileConfig { bm: 32, bn: 32, bk: 16, wm: 2, wn: 2, staged: true } strict_exact=false total=9216 fail_count=1485 mean_abs_diff=4.446815e-4 max_abs_diff=2.407074e-3 max_rel_err=1.558554e0
hfrag_parity label=k_tail pattern=Tn m=96 n=96 k=40 cfg=TileConfig { bm: 32, bn: 32, bk: 16, wm: 2, wn: 2, staged: true } strict_exact=false total=9216 fail_count=1521 mean_abs_diff=4.357457e-4 max_abs_diff=2.150297e-3 max_rel_err=7.156166e-1
hfrag_parity label=k_tail pattern=Tt m=96 n=96 k=40 cfg=TileConfig { bm: 32, bn: 32, bk: 16, wm: 2, wn: 2, staged: true } strict_exact=false total=9216 fail_count=1468 mean_abs_diff=4.407509e-4 max_abs_diff=2.724171e-3 max_rel_err=4.780610e-1
test tall_wide_and_k_tail_shapes_all_patterns ... ok
hfrag_parity label=square pattern=Nt m=1024 n=1024 k=1024 cfg=TileConfig { bm: 32, bn: 32, bk: 16, wm: 2, wn: 2, staged: true } strict_exact=false total=1048576 fail_count=170387 mean_abs_diff=2.217654e-3 max_abs_diff=1.505470e-2 max_rel_err=1.987683e0
hfrag_parity label=square pattern=Tn m=1024 n=1024 k=1024 cfg=TileConfig { bm: 32, bn: 32, bk: 16, wm: 2, wn: 2, staged: true } strict_exact=false total=1048576 fail_count=169657 mean_abs_diff=2.223340e-3 max_abs_diff=1.515245e-2 max_rel_err=1.992911e0
hfrag_parity label=square pattern=Tt m=1024 n=1024 k=1024 cfg=TileConfig { bm: 32, bn: 32, bk: 16, wm: 2, wn: 2, staged: true } strict_exact=false total=1048576 fail_count=170225 mean_abs_diff=2.220986e-3 max_abs_diff=1.453614e-2 max_rel_err=1.939973e0
test square_shapes_all_patterns ... ok

test result: ok. 4 passed; 0 failed; 0 ignored; 0 measured; 0 filtered out; finished in 0.85s

     Running tests/gemm_naive_parity.rs (/Users/<user>/work/target-fandhe-ai/release/deps/gemm_naive_parity-0f25774b09c5cf17)

running 6 tests
test dispatch_rejects_invalid_shapes ... ok
test naive_matches_cpu_reference_medium_shape ... ok
test dispatch_and_dispatch_variant_naive_agree ... ok
test naive_matches_cpu_reference_non_multiple_of_threadgroup ... ok
test naive_matches_cpu_reference_k_stress ... ok
test naive_matches_cpu_reference_degenerate_shapes ... ok

test result: ok. 6 passed; 0 failed; 0 ignored; 0 measured; 0 filtered out; finished in 0.06s

     Running tests/gemm_resident_parity.rs (/Users/<user>/work/target-fandhe-ai/release/deps/gemm_resident_parity-cede9123602a5af8)

running 2 tests
test gemm_resident_lhs_matches_cpu_reference ... ok
test gemm_resident_rhs_matches_cpu_reference ... ok

test result: ok. 2 passed; 0 failed; 0 ignored; 0 measured; 0 filtered out; finished in 0.06s

     Running tests/gemm_simdgroup_parity.rs (/Users/<user>/work/target-fandhe-ai/release/deps/gemm_simdgroup_parity-56fe3056868a5d1d)

running 9 tests
test dispatch_variant_rejects_invalid_shapes ... ok
test simdgroup_matches_cpu_reference_medium_shape ... ok
test simdgroup_matches_cpu_reference_k_stress ... ok
test tiled_matches_cpu_reference_medium_shape ... ok
test tiled_matches_cpu_reference_k_stress ... ok
test tiled_matches_cpu_reference_non_multiple_of_tile ... ok
test simdgroup_matches_cpu_reference_non_multiple_of_eight ... ok
test tiled_matches_cpu_reference_degenerate_shapes ... ok
test simdgroup_matches_cpu_reference_degenerate_shapes ... ok

test result: ok. 9 passed; 0 failed; 0 ignored; 0 measured; 0 filtered out; finished in 0.07s

     Running tests/gemm_splitk_auto_entry_parity.rs (/Users/<user>/work/target-fandhe-ai/release/deps/gemm_splitk_auto_entry_parity-f948f444a223da8d)

running 3 tests
[auto-entry] precondition-violation m=64 n=64 k=63 result=Err(StridedTiledIneligible { detail: "m/n/k must all be multiples of 8 (m=64, n=64, k=63)" })
test auto_entry_rejects_precondition_violating_shapes_with_typed_err ... ok
[auto-entry] m=32 n=32 k=2048 trans_a=false trans_b=false fail_count=0/1024 max_abs_diff=0.0000839233 mean_abs_diff=0.0000090437 max_rel_err=0.00020233
[auto-entry] m=32 n=32 k=2048 trans_a=false trans_b=true fail_count=0/1024 max_abs_diff=0.0000839233 mean_abs_diff=0.0000090437 max_rel_err=0.00020233
[auto-entry] m=32 n=32 k=2048 trans_a=true trans_b=false fail_count=0/1024 max_abs_diff=0.0000839233 mean_abs_diff=0.0000090437 max_rel_err=0.00020233
[auto-entry] m=32 n=32 k=2048 trans_a=true trans_b=true fail_count=0/1024 max_abs_diff=0.0000839233 mean_abs_diff=0.0000090437 max_rel_err=0.00020233
[auto-entry] m=32 n=32 k=4096 trans_a=false trans_b=false fail_count=0/1024 max_abs_diff=0.0002021790 mean_abs_diff=0.0000168306 max_rel_err=0.00016970
[auto-entry] m=32 n=32 k=4096 trans_a=false trans_b=true fail_count=0/1024 max_abs_diff=0.0002021790 mean_abs_diff=0.0000168306 max_rel_err=0.00016970
test auto_entry_falls_back_to_classic_not_eligible_for_non_split_k_shapes ... ok
[auto-entry] m=32 n=32 k=4096 trans_a=true trans_b=false fail_count=0/1024 max_abs_diff=0.0002021790 mean_abs_diff=0.0000168306 max_rel_err=0.00016970
[auto-entry] m=32 n=32 k=4096 trans_a=true trans_b=true fail_count=0/1024 max_abs_diff=0.0002021790 mean_abs_diff=0.0000168306 max_rel_err=0.00016970
[auto-entry] m=32 n=32 k=8192 trans_a=false trans_b=false fail_count=1/1024 max_abs_diff=0.0003356934 mean_abs_diff=0.0000352785 max_rel_err=0.00107330
[auto-entry] m=32 n=32 k=8192 trans_a=false trans_b=true fail_count=1/1024 max_abs_diff=0.0003356934 mean_abs_diff=0.0000352785 max_rel_err=0.00107330
[auto-entry] m=32 n=32 k=8192 trans_a=true trans_b=false fail_count=1/1024 max_abs_diff=0.0003356934 mean_abs_diff=0.0000352785 max_rel_err=0.00107330
[auto-entry] m=32 n=32 k=8192 trans_a=true trans_b=true fail_count=1/1024 max_abs_diff=0.0003356934 mean_abs_diff=0.0000352785 max_rel_err=0.00107330
[auto-entry] m=64 n=64 k=2048 trans_a=false trans_b=false fail_count=2/4096 max_abs_diff=0.0000953674 mean_abs_diff=0.0000087577 max_rel_err=0.00387679
[auto-entry] m=64 n=64 k=2048 trans_a=false trans_b=true fail_count=2/4096 max_abs_diff=0.0000953674 mean_abs_diff=0.0000087577 max_rel_err=0.00387679
[auto-entry] m=64 n=64 k=2048 trans_a=true trans_b=false fail_count=2/4096 max_abs_diff=0.0000953674 mean_abs_diff=0.0000087577 max_rel_err=0.00387679
[auto-entry] m=64 n=64 k=2048 trans_a=true trans_b=true fail_count=2/4096 max_abs_diff=0.0000953674 mean_abs_diff=0.0000087577 max_rel_err=0.00387679
[auto-entry] m=64 n=64 k=4096 trans_a=false trans_b=false fail_count=0/4096 max_abs_diff=0.0002059937 mean_abs_diff=0.0000174993 max_rel_err=0.00075234
[auto-entry] m=64 n=64 k=4096 trans_a=false trans_b=true fail_count=0/4096 max_abs_diff=0.0002059937 mean_abs_diff=0.0000174993 max_rel_err=0.00075234
[auto-entry] m=64 n=64 k=4096 trans_a=true trans_b=false fail_count=0/4096 max_abs_diff=0.0002059937 mean_abs_diff=0.0000174993 max_rel_err=0.00075234
[auto-entry] m=64 n=64 k=4096 trans_a=true trans_b=true fail_count=0/4096 max_abs_diff=0.0002059937 mean_abs_diff=0.0000174993 max_rel_err=0.00075234
[auto-entry] m=64 n=64 k=8192 trans_a=false trans_b=false fail_count=2/4096 max_abs_diff=0.0003051758 mean_abs_diff=0.0000353377 max_rel_err=0.00222783
[auto-entry] m=64 n=64 k=8192 trans_a=false trans_b=true fail_count=2/4096 max_abs_diff=0.0003051758 mean_abs_diff=0.0000353377 max_rel_err=0.00222783
[auto-entry] m=64 n=64 k=8192 trans_a=true trans_b=false fail_count=2/4096 max_abs_diff=0.0003051758 mean_abs_diff=0.0000353377 max_rel_err=0.00222783
[auto-entry] m=64 n=64 k=8192 trans_a=true trans_b=true fail_count=2/4096 max_abs_diff=0.0003051758 mean_abs_diff=0.0000353377 max_rel_err=0.00222783
[auto-entry] m=128 n=128 k=2048 trans_a=false trans_b=false fail_count=2/16384 max_abs_diff=0.0001182556 mean_abs_diff=0.0000089418 max_rel_err=0.00335317
[auto-entry] m=128 n=128 k=2048 trans_a=false trans_b=true fail_count=2/16384 max_abs_diff=0.0001182556 mean_abs_diff=0.0000089418 max_rel_err=0.00335317
[auto-entry] m=128 n=128 k=2048 trans_a=true trans_b=false fail_count=2/16384 max_abs_diff=0.0001182556 mean_abs_diff=0.0000089418 max_rel_err=0.00335317
[auto-entry] m=128 n=128 k=2048 trans_a=true trans_b=true fail_count=2/16384 max_abs_diff=0.0001182556 mean_abs_diff=0.0000089418 max_rel_err=0.00335317
[auto-entry] m=128 n=128 k=4096 trans_a=false trans_b=false fail_count=8/16384 max_abs_diff=0.0001640320 mean_abs_diff=0.0000178357 max_rel_err=0.00852951
[auto-entry] m=128 n=128 k=4096 trans_a=false trans_b=true fail_count=8/16384 max_abs_diff=0.0001640320 mean_abs_diff=0.0000178357 max_rel_err=0.00852951
[auto-entry] m=128 n=128 k=4096 trans_a=true trans_b=false fail_count=8/16384 max_abs_diff=0.0001640320 mean_abs_diff=0.0000178357 max_rel_err=0.00852951
[auto-entry] m=128 n=128 k=4096 trans_a=true trans_b=true fail_count=8/16384 max_abs_diff=0.0001640320 mean_abs_diff=0.0000178357 max_rel_err=0.00852951
[auto-entry] m=128 n=128 k=8192 trans_a=false trans_b=false fail_count=2/16384 max_abs_diff=0.0003814697 mean_abs_diff=0.0000353030 max_rel_err=0.00161311
[auto-entry] m=128 n=128 k=8192 trans_a=false trans_b=true fail_count=2/16384 max_abs_diff=0.0003814697 mean_abs_diff=0.0000353030 max_rel_err=0.00161311
[auto-entry] m=128 n=128 k=8192 trans_a=true trans_b=false fail_count=2/16384 max_abs_diff=0.0003814697 mean_abs_diff=0.0000353030 max_rel_err=0.00161311
[auto-entry] m=128 n=128 k=8192 trans_a=true trans_b=true fail_count=2/16384 max_abs_diff=0.0003814697 mean_abs_diff=0.0000353030 max_rel_err=0.00161311
[auto-entry] m=64 n=64 k=2056 trans_a=false trans_b=false fail_count=1/4096 max_abs_diff=0.0001258850 mean_abs_diff=0.0000090550 max_rel_err=0.00127214
[auto-entry] m=64 n=64 k=2056 trans_a=false trans_b=true fail_count=1/4096 max_abs_diff=0.0001258850 mean_abs_diff=0.0000090550 max_rel_err=0.00127214
[auto-entry] m=64 n=64 k=2056 trans_a=true trans_b=false fail_count=1/4096 max_abs_diff=0.0001258850 mean_abs_diff=0.0000090550 max_rel_err=0.00127214
[auto-entry] m=64 n=64 k=2056 trans_a=true trans_b=true fail_count=1/4096 max_abs_diff=0.0001258850 mean_abs_diff=0.0000090550 max_rel_err=0.00127214
[auto-entry] m=128 n=128 k=2064 trans_a=false trans_b=false fail_count=2/16384 max_abs_diff=0.0001220703 mean_abs_diff=0.0000091281 max_rel_err=0.13093159
[auto-entry] m=128 n=128 k=2064 trans_a=false trans_b=true fail_count=2/16384 max_abs_diff=0.0001220703 mean_abs_diff=0.0000091281 max_rel_err=0.13093159
[auto-entry] m=128 n=128 k=2064 trans_a=true trans_b=false fail_count=2/16384 max_abs_diff=0.0001220703 mean_abs_diff=0.0000091281 max_rel_err=0.13093159
[auto-entry] m=128 n=128 k=2064 trans_a=true trans_b=true fail_count=2/16384 max_abs_diff=0.0001220703 mean_abs_diff=0.0000091281 max_rel_err=0.13093159
test auto_entry_dispatches_split_k_for_eligible_shapes_and_matches_baseline ... ok

test result: ok. 3 passed; 0 failed; 0 ignored; 0 measured; 0 filtered out; finished in 0.16s

     Running tests/gemm_splitk_auto_wiring.rs (/Users/<user>/work/target-fandhe-ai/release/deps/gemm_splitk_auto_wiring-82c6a6134889c06a)

running 4 tests
test wiring_on_keeps_classic_bit_identical_for_non_eligible ... ok
test wiring_default_is_bit_identical_to_explicit_on ... ok
[auto-wiring] m=32 n=32 k=2048 fail_count=0/1024 max_abs_diff=0.0000839233 mean_abs_diff=0.0000090437 max_rel_err=0.00020233
[auto-wiring] m=32 n=32 k=4096 fail_count=0/1024 max_abs_diff=0.0002021790 mean_abs_diff=0.0000168306 max_rel_err=0.00016970
[auto-wiring] m=32 n=32 k=8192 fail_count=1/1024 max_abs_diff=0.0003356934 mean_abs_diff=0.0000352785 max_rel_err=0.00107330
[auto-wiring] m=64 n=64 k=2048 fail_count=2/4096 max_abs_diff=0.0000953674 mean_abs_diff=0.0000087577 max_rel_err=0.00387679
[auto-wiring] m=64 n=64 k=4096 fail_count=0/4096 max_abs_diff=0.0002059937 mean_abs_diff=0.0000174993 max_rel_err=0.00075234
[auto-wiring] m=64 n=64 k=8192 fail_count=2/4096 max_abs_diff=0.0003051758 mean_abs_diff=0.0000353377 max_rel_err=0.00222783
[auto-wiring] m=128 n=128 k=2048 fail_count=2/16384 max_abs_diff=0.0001182556 mean_abs_diff=0.0000089418 max_rel_err=0.00335317
[auto-wiring] m=128 n=128 k=4096 fail_count=8/16384 max_abs_diff=0.0001640320 mean_abs_diff=0.0000178357 max_rel_err=0.00852951
[auto-wiring] m=128 n=128 k=8192 fail_count=2/16384 max_abs_diff=0.0003814697 mean_abs_diff=0.0000353030 max_rel_err=0.00161311
[auto-wiring] m=64 n=64 k=2056 fail_count=1/4096 max_abs_diff=0.0001258850 mean_abs_diff=0.0000090550 max_rel_err=0.00127214
[auto-wiring] m=128 n=128 k=2064 fail_count=2/16384 max_abs_diff=0.0001220703 mean_abs_diff=0.0000091281 max_rel_err=0.13093159
test wiring_on_routes_split_k_for_targets_and_matches_baseline ... ok
test wiring_explicit_off_forces_classic_route_for_targets ... ok

test result: ok. 4 passed; 0 failed; 0 ignored; 0 measured; 0 filtered out; finished in 0.49s

     Running tests/gemm_splitk_bit_match.rs (/Users/<user>/work/target-fandhe-ai/release/deps/gemm_splitk_bit_match-974fa254a127ac72)

running 2 tests
test classic_dispatch_auto_remains_run_to_run_bit_exact_after_split_k_addition ... ok
test split_k_run_to_run_bit_match_for_target_shapes_and_partition_counts ... ok

test result: ok. 2 passed; 0 failed; 0 ignored; 0 measured; 0 filtered out; finished in 0.11s

     Running tests/gemm_splitk_f64_truth.rs (/Users/<user>/work/target-fandhe-ai/release/deps/gemm_splitk_f64_truth-75ad85eda1d5c2aa)

running 1 test
| m | n | k | route | max_abs | mean_abs | max_rel |
|---|---|---|-------|---------|----------|---------|
| 32 | 32 | 2048 | split_k | 8.8279008708e-6 | 1.7636333815e-6 | 1.2555909295e-4 |
| 32 | 32 | 2048 | classic | 8.1630067996e-5 | 8.8185123303e-6 | 2.3078407246e-4 |
| 32 | 32 | 2048 | cpu_f32 | 8.1630067996e-5 | 8.8185123303e-6 | 2.3078407246e-4 |
| 32 | 32 | 4096 | split_k | 1.6941246059e-5 | 3.5593857532e-6 | 8.3513665195e-5 |
| 32 | 32 | 4096 | classic | 1.9942149009e-4 | 1.6399941070e-5 | 1.8023278501e-4 |
| 32 | 32 | 4096 | cpu_f32 | 1.9942149009e-4 | 1.6399941070e-5 | 1.8023278501e-4 |
| 32 | 32 | 8192 | split_k | 3.2211228486e-5 | 6.7130147743e-6 | 1.6212616405e-4 |
| 32 | 32 | 8192 | classic | 3.4245093747e-4 | 3.4137445036e-5 | 9.9169591591e-4 |
| 32 | 32 | 8192 | cpu_f32 | 3.4245093747e-4 | 3.4137445036e-5 | 9.9169591591e-4 |
| 64 | 64 | 2048 | split_k | 8.4214700138e-6 | 1.7418342511e-6 | 1.5718227561e-3 |
| 64 | 64 | 2048 | classic | 9.3996977384e-5 | 8.5732995160e-6 | 3.9098382407e-3 |
| 64 | 64 | 2048 | cpu_f32 | 9.3996977384e-5 | 8.5732995160e-6 | 3.9098382407e-3 |
| 64 | 64 | 4096 | split_k | 1.5760041137e-5 | 3.5232744735e-6 | 9.7952118142e-5 |
| 64 | 64 | 4096 | classic | 2.0033651511e-4 | 1.6974821647e-5 | 8.4868498624e-4 |
| 64 | 64 | 4096 | cpu_f32 | 2.0033651511e-4 | 1.6974821647e-5 | 8.4868498624e-4 |
| 64 | 64 | 8192 | split_k | 3.7671708242e-5 | 6.9035408296e-6 | 1.2266085684e-3 |
| 64 | 64 | 8192 | classic | 3.0952430320e-4 | 3.4516822997e-5 | 3.4517055705e-3 |
| 64 | 64 | 8192 | cpu_f32 | 3.0952430320e-4 | 3.4516822997e-5 | 3.4517055705e-3 |
| 128 | 128 | 2048 | split_k | 2.2176054273e-5 | 3.4114887911e-6 | 2.4540148835e-3 |
| 128 | 128 | 2048 | classic | 1.2039732289e-4 | 8.4983176606e-6 | 1.4612180883e-3 |
| 128 | 128 | 2048 | cpu_f32 | 1.2039732289e-4 | 8.4983176606e-6 | 1.4612180883e-3 |
| 128 | 128 | 4096 | split_k | 2.7179620005e-5 | 4.8681089732e-6 | 1.4949627184e-3 |
| 128 | 128 | 4096 | classic | 1.5987782444e-4 | 1.7205961615e-5 | 7.0472944421e-3 |
| 128 | 128 | 4096 | cpu_f32 | 1.5987782444e-4 | 1.7205961615e-5 | 7.0472944421e-3 |
| 128 | 128 | 8192 | split_k | 3.6175522553e-5 | 6.8370959737e-6 | 1.2258185091e-3 |
| 128 | 128 | 8192 | classic | 4.0485548175e-4 | 3.4482836523e-5 | 1.5771180105e-3 |
| 128 | 128 | 8192 | cpu_f32 | 4.0485548175e-4 | 3.4482836523e-5 | 1.5771180105e-3 |
| 64 | 64 | 2056 | split_k | 8.4880601179e-6 | 1.7511014706e-6 | 4.3040887174e-4 |
| 64 | 64 | 2056 | classic | 1.2723484838e-4 | 8.8683549017e-6 | 9.9239843466e-4 |
| 64 | 64 | 2056 | cpu_f32 | 1.2723484838e-4 | 8.8683549017e-6 | 9.9239843466e-4 |
| 128 | 128 | 2064 | split_k | 2.0713349343e-5 | 3.4655187989e-6 | 1.3032191297e-1 |
| 128 | 128 | 2064 | classic | 1.1940125553e-4 | 8.6633565686e-6 | 1.9462941386e-1 |
| 128 | 128 | 2064 | cpu_f32 | 1.1940125553e-4 | 8.6633565686e-6 | 1.9462941386e-1 |

split_farther_than_classic_by_max_abs=0/11
split_farther_than_classic_by_mean_abs=0/11
test split_k_classic_cpu_f32_error_vs_f64_truth_for_target_shapes ... ok

test result: ok. 1 passed; 0 failed; 0 ignored; 0 measured; 0 filtered out; finished in 0.15s

     Running tests/gemm_splitk_parity.rs (/Users/<user>/work/target-fandhe-ai/release/deps/gemm_splitk_parity-93f1f2591efce7a4)

running 1 test
m=32 n=32 k=2048 trans_a=false trans_b=false fail_count=0/1024 max_abs_diff=0.0000839233 mean_abs_diff=0.0000090437 max_rel_err=0.00020233
m=32 n=32 k=2048 trans_a=false trans_b=true fail_count=0/1024 max_abs_diff=0.0000839233 mean_abs_diff=0.0000090437 max_rel_err=0.00020233
m=32 n=32 k=2048 trans_a=true trans_b=false fail_count=0/1024 max_abs_diff=0.0000839233 mean_abs_diff=0.0000090437 max_rel_err=0.00020233
m=32 n=32 k=2048 trans_a=true trans_b=true fail_count=0/1024 max_abs_diff=0.0000839233 mean_abs_diff=0.0000090437 max_rel_err=0.00020233
m=32 n=32 k=4096 trans_a=false trans_b=false fail_count=0/1024 max_abs_diff=0.0002021790 mean_abs_diff=0.0000168306 max_rel_err=0.00016970
m=32 n=32 k=4096 trans_a=false trans_b=true fail_count=0/1024 max_abs_diff=0.0002021790 mean_abs_diff=0.0000168306 max_rel_err=0.00016970
m=32 n=32 k=4096 trans_a=true trans_b=false fail_count=0/1024 max_abs_diff=0.0002021790 mean_abs_diff=0.0000168306 max_rel_err=0.00016970
m=32 n=32 k=4096 trans_a=true trans_b=true fail_count=0/1024 max_abs_diff=0.0002021790 mean_abs_diff=0.0000168306 max_rel_err=0.00016970
m=32 n=32 k=8192 trans_a=false trans_b=false fail_count=1/1024 max_abs_diff=0.0003356934 mean_abs_diff=0.0000352785 max_rel_err=0.00107330
m=32 n=32 k=8192 trans_a=false trans_b=true fail_count=1/1024 max_abs_diff=0.0003356934 mean_abs_diff=0.0000352785 max_rel_err=0.00107330
m=32 n=32 k=8192 trans_a=true trans_b=false fail_count=1/1024 max_abs_diff=0.0003356934 mean_abs_diff=0.0000352785 max_rel_err=0.00107330
m=32 n=32 k=8192 trans_a=true trans_b=true fail_count=1/1024 max_abs_diff=0.0003356934 mean_abs_diff=0.0000352785 max_rel_err=0.00107330
m=64 n=64 k=2048 trans_a=false trans_b=false fail_count=2/4096 max_abs_diff=0.0000953674 mean_abs_diff=0.0000087577 max_rel_err=0.00387679
m=64 n=64 k=2048 trans_a=false trans_b=true fail_count=2/4096 max_abs_diff=0.0000953674 mean_abs_diff=0.0000087577 max_rel_err=0.00387679
m=64 n=64 k=2048 trans_a=true trans_b=false fail_count=2/4096 max_abs_diff=0.0000953674 mean_abs_diff=0.0000087577 max_rel_err=0.00387679
m=64 n=64 k=2048 trans_a=true trans_b=true fail_count=2/4096 max_abs_diff=0.0000953674 mean_abs_diff=0.0000087577 max_rel_err=0.00387679
m=64 n=64 k=4096 trans_a=false trans_b=false fail_count=0/4096 max_abs_diff=0.0002059937 mean_abs_diff=0.0000174993 max_rel_err=0.00075234
m=64 n=64 k=4096 trans_a=false trans_b=true fail_count=0/4096 max_abs_diff=0.0002059937 mean_abs_diff=0.0000174993 max_rel_err=0.00075234
m=64 n=64 k=4096 trans_a=true trans_b=false fail_count=0/4096 max_abs_diff=0.0002059937 mean_abs_diff=0.0000174993 max_rel_err=0.00075234
m=64 n=64 k=4096 trans_a=true trans_b=true fail_count=0/4096 max_abs_diff=0.0002059937 mean_abs_diff=0.0000174993 max_rel_err=0.00075234
m=64 n=64 k=8192 trans_a=false trans_b=false fail_count=2/4096 max_abs_diff=0.0003051758 mean_abs_diff=0.0000353377 max_rel_err=0.00222783
m=64 n=64 k=8192 trans_a=false trans_b=true fail_count=2/4096 max_abs_diff=0.0003051758 mean_abs_diff=0.0000353377 max_rel_err=0.00222783
m=64 n=64 k=8192 trans_a=true trans_b=false fail_count=2/4096 max_abs_diff=0.0003051758 mean_abs_diff=0.0000353377 max_rel_err=0.00222783
m=64 n=64 k=8192 trans_a=true trans_b=true fail_count=2/4096 max_abs_diff=0.0003051758 mean_abs_diff=0.0000353377 max_rel_err=0.00222783
m=128 n=128 k=2048 trans_a=false trans_b=false fail_count=2/16384 max_abs_diff=0.0001182556 mean_abs_diff=0.0000089418 max_rel_err=0.00335317
m=128 n=128 k=2048 trans_a=false trans_b=true fail_count=2/16384 max_abs_diff=0.0001182556 mean_abs_diff=0.0000089418 max_rel_err=0.00335317
m=128 n=128 k=2048 trans_a=true trans_b=false fail_count=2/16384 max_abs_diff=0.0001182556 mean_abs_diff=0.0000089418 max_rel_err=0.00335317
m=128 n=128 k=2048 trans_a=true trans_b=true fail_count=2/16384 max_abs_diff=0.0001182556 mean_abs_diff=0.0000089418 max_rel_err=0.00335317
m=128 n=128 k=4096 trans_a=false trans_b=false fail_count=8/16384 max_abs_diff=0.0001640320 mean_abs_diff=0.0000178357 max_rel_err=0.00852951
m=128 n=128 k=4096 trans_a=false trans_b=true fail_count=8/16384 max_abs_diff=0.0001640320 mean_abs_diff=0.0000178357 max_rel_err=0.00852951
m=128 n=128 k=4096 trans_a=true trans_b=false fail_count=8/16384 max_abs_diff=0.0001640320 mean_abs_diff=0.0000178357 max_rel_err=0.00852951
m=128 n=128 k=4096 trans_a=true trans_b=true fail_count=8/16384 max_abs_diff=0.0001640320 mean_abs_diff=0.0000178357 max_rel_err=0.00852951
m=128 n=128 k=8192 trans_a=false trans_b=false fail_count=2/16384 max_abs_diff=0.0003814697 mean_abs_diff=0.0000353030 max_rel_err=0.00161311
m=128 n=128 k=8192 trans_a=false trans_b=true fail_count=2/16384 max_abs_diff=0.0003814697 mean_abs_diff=0.0000353030 max_rel_err=0.00161311
m=128 n=128 k=8192 trans_a=true trans_b=false fail_count=2/16384 max_abs_diff=0.0003814697 mean_abs_diff=0.0000353030 max_rel_err=0.00161311
m=128 n=128 k=8192 trans_a=true trans_b=true fail_count=2/16384 max_abs_diff=0.0003814697 mean_abs_diff=0.0000353030 max_rel_err=0.00161311
m=64 n=64 k=2056 trans_a=false trans_b=false fail_count=1/4096 max_abs_diff=0.0001258850 mean_abs_diff=0.0000090550 max_rel_err=0.00127214
m=64 n=64 k=2056 trans_a=false trans_b=true fail_count=1/4096 max_abs_diff=0.0001258850 mean_abs_diff=0.0000090550 max_rel_err=0.00127214
m=64 n=64 k=2056 trans_a=true trans_b=false fail_count=1/4096 max_abs_diff=0.0001258850 mean_abs_diff=0.0000090550 max_rel_err=0.00127214
m=64 n=64 k=2056 trans_a=true trans_b=true fail_count=1/4096 max_abs_diff=0.0001258850 mean_abs_diff=0.0000090550 max_rel_err=0.00127214
m=128 n=128 k=2064 trans_a=false trans_b=false fail_count=2/16384 max_abs_diff=0.0001220703 mean_abs_diff=0.0000091281 max_rel_err=0.13093159
m=128 n=128 k=2064 trans_a=false trans_b=true fail_count=2/16384 max_abs_diff=0.0001220703 mean_abs_diff=0.0000091281 max_rel_err=0.13093159
m=128 n=128 k=2064 trans_a=true trans_b=false fail_count=2/16384 max_abs_diff=0.0001220703 mean_abs_diff=0.0000091281 max_rel_err=0.13093159
m=128 n=128 k=2064 trans_a=true trans_b=true fail_count=2/16384 max_abs_diff=0.0001220703 mean_abs_diff=0.0000091281 max_rel_err=0.13093159
test split_k_matches_classic_and_cpu_reference_for_target_shapes_and_transpose_patterns ... ok

test result: ok. 1 passed; 0 failed; 0 ignored; 0 measured; 0 filtered out; finished in 0.17s

     Running tests/gemm_splitk_runtime_toggle.rs (/Users/<user>/work/target-fandhe-ai/release/deps/gemm_splitk_runtime_toggle-d8cb5ff1040dea89)

running 3 tests
test runtime_off_forces_classic_route_and_matches_instance_off ... ok
test runtime_on_routes_split_k_and_matches_instance_on ... ok
test runtime_toggle_round_trip_restores_default_behavior ... ok

test result: ok. 3 passed; 0 failed; 0 ignored; 0 measured; 0 filtered out; finished in 0.12s

     Running tests/gemm_strided_parity.rs (/Users/<user>/work/target-fandhe-ai/release/deps/gemm_strided_parity-76d00fc364d7ba8e)

running 15 tests
test gemm_collapsed_lhs_matches_per_batch_cpu_reference ... ok
test dispatch_strided_tiled_prepared_rejects_non_eight_divisible_shape_while_classic_succeeds ... ok
[production_select] m=512, n=512, k=512 -> cfg=TileConfig { bm: 64, bn: 32, bk: 32, wm: 2, wn: 2, staged: true }
test dispatch_bias_act_prepared_nn_is_bit_identical_to_strided_nn ... ok
test dispatch_strided_tiled_prepared_nn_is_bit_identical_to_dispatch_tiled_prepared ... ok
test dispatch_strided_tiled_prepared_handles_padded_leading_dimension_for_non_transposed_side ... ok
test dispatch_strided_bias_act_prepared_matches_cpu_reference_for_all_transpose_patterns ... ok
test dispatch_strided_tiled_prepared_matches_cpu_reference_for_all_transpose_patterns ... ok
[production_select] m=1024, n=1024, k=1024 -> cfg=TileConfig { bm: 64, bn: 32, bk: 8, wm: 4, wn: 1, staged: true }
[production_select] m=2048, n=2048, k=2048 -> cfg=TileConfig { bm: 64, bn: 32, bk: 16, wm: 2, wn: 2, staged: true }
[production_select] m=2048, n=2048, k=64 -> cfg=TileConfig { bm: 64, bn: 64, bk: 16, wm: 2, wn: 2, staged: true }
[production_select] m=2048, n=2048, k=512 -> cfg=TileConfig { bm: 64, bn: 64, bk: 16, wm: 2, wn: 2, staged: true }
[production_select] m=1536, n=1024, k=1024 -> cfg=TileConfig { bm: 64, bn: 32, bk: 16, wm: 2, wn: 2, staged: true }
[production_select] m=1024, n=1536, k=1536 -> cfg=TileConfig { bm: 64, bn: 64, bk: 16, wm: 2, wn: 2, staged: true }
test bm128_candidate_agrees_with_bm64_counterpart_within_composite_tolerance ... ok
test bk32_64x64_candidate_agrees_with_bk16_counterpart_within_composite_tolerance ... ok
[production_select] m=4096, n=1024, k=1024 -> cfg=TileConfig { bm: 64, bn: 32, bk: 16, wm: 2, wn: 2, staged: true }
[production_select] m=1024, n=4096, k=1024 -> cfg=TileConfig { bm: 32, bn: 64, bk: 16, wm: 2, wn: 2, staged: true }
[production_select] m=72, n=88, k=104 -> cfg=TileConfig { bm: 32, bn: 32, bk: 16, wm: 2, wn: 2, staged: true }
test production_select_matches_cpu_reference_for_all_shapes_and_transpose_patterns ... ok
[production_select] m=4096, n=4096, k=4096 -> cfg=TileConfig { bm: 32, bn: 64, bk: 16, wm: 2, wn: 2, staged: true }
test bk32_64x64_candidate_matches_cpu_reference_for_all_shapes_and_transpose_patterns ... ok
test bm128_candidate_matches_cpu_reference_for_all_shapes_and_transpose_patterns ... ok
test production_select_matches_cpu_reference_for_n4096_cubic_shape ... ok
test bm128_candidate_matches_cpu_reference_for_n4096_cubic_shape ... ok
test bk32_64x64_candidate_matches_cpu_reference_for_n4096_cubic_shape ... ok

test result: ok. 15 passed; 0 failed; 0 ignored; 0 measured; 0 filtered out; finished in 11.87s

     Running tests/gemm_swizzle_bit_match.rs (/Users/<user>/work/target-fandhe-ai/release/deps/gemm_swizzle_bit_match-a56a0d14f1cbac25)

running 2 tests
test swizzle_on_off_bit_match_dispatch_tiled_prepared ... ok
test swizzle_on_off_bit_match_dispatch_auto ... ok

test result: ok. 2 passed; 0 failed; 0 ignored; 0 measured; 0 filtered out; finished in 0.25s

     Running tests/gemm_te_parity.rs (/Users/<user>/work/target-fandhe-ai/release/deps/gemm_te_parity-4a2ebc1c3790ea90)

running 5 tests
test te_rejects_non_staged_candidate ... ok
test te_ragged_shapes_nn ... ok
test te_bit_match_with_production_dispatch_auto ... ok
test te_tall_wide_and_k_tail_shapes_all_patterns ... ok
test te_square_shapes_all_patterns ... ok

test result: ok. 5 passed; 0 failed; 0 ignored; 0 measured; 0 filtered out; finished in 0.94s

     Running tests/gemm_transposed_parity.rs (/Users/<user>/work/target-fandhe-ai/release/deps/gemm_transposed_parity-2ae9a21bb0497197)

running 5 tests
test gemm_narrow_then_transpose_uses_strided_entry_with_padded_ld_and_is_correct_on_real_device ... ok
test gemm_nt_via_trait_object_matches_concrete_call_on_real_device ... ok
test gemm_tt_both_transposed_falls_back_but_still_correct_on_real_device ... ok
test gemm_tn_transposed_view_matches_contiguous_and_cpu_reference_on_real_device ... ok
test gemm_nt_transposed_view_matches_contiguous_and_cpu_reference_on_real_device ... ok

test result: ok. 5 passed; 0 failed; 0 ignored; 0 measured; 0 filtered out; finished in 0.07s

     Running tests/gemm_transposed_perf.rs (/Users/<user>/work/target-fandhe-ai/release/deps/gemm_transposed_perf-d387d35aa5478546)

running 2 tests
TN m=64 k=784 n=256 before_median_s=0.000550 after_median_s=0.000352 speedup=1.563x
NT m=64 k=784 n=256 before_median_s=0.000904 after_median_s=0.000565 speedup=1.599x
TN m=64 k=256 n=10 before_median_s=0.000358 after_median_s=0.000343 speedup=1.046x
NT m=64 k=256 n=10 before_median_s=0.000340 after_median_s=0.000215 speedup=1.583x
TN m=1024 k=1024 n=1024 before_median_s=0.003252 after_median_s=0.002392 speedup=1.360x
NT m=1024 k=1024 n=1024 before_median_s=0.004200 after_median_s=0.002655 speedup=1.582x
TN m=2048 k=2048 n=2048 before_median_s=0.021138 after_median_s=0.024860 speedup=0.850x
test tn_transposed_entry_vs_contiguous_across_shapes ... ok
NT m=2048 k=2048 n=2048 before_median_s=0.023541 after_median_s=0.024802 speedup=0.949x
test nt_transposed_entry_vs_contiguous_across_shapes ... ok

test result: ok. 2 passed; 0 failed; 0 ignored; 0 measured; 0 filtered out; finished in 0.47s

     Running tests/huber_parity.rs (/Users/<user>/work/target-fandhe-ai/release/deps/huber_parity-94b7301f0c9b496d)

running 1 test
test huber_matches_cpu_across_shapes ... ok

test result: ok. 1 passed; 0 failed; 0 ignored; 0 measured; 0 filtered out; finished in 0.10s

     Running tests/huber_source_evidence.rs (/Users/<user>/work/target-fandhe-ai/release/deps/huber_source_evidence-f8f6856464019e0c)

running 0 tests

test result: ok. 0 passed; 0 failed; 0 ignored; 0 measured; 7 filtered out; finished in 0.00s

     Running tests/im2col_col2im_parity.rs (/Users/<user>/work/target-fandhe-ai/release/deps/im2col_col2im_parity-626294759af56c8a)

running 6 tests
test im2col_col2im_zero_batch_1d ... ok
test im2col_col2im_zero_batch ... ok
im2col_col2im_parity[im2col(narrowed non-contiguous input)].fold_bits=0x35d25c6f17cb9687
test im2col_matches_cpu_for_non_contiguous_input ... ok
im2col_col2im_parity[im2col(boundary W=257)].fold_bits=0x9a85933a3f85761d
im2col_col2im_parity[im2col(special values)].fold_bits=0xc50dcec53c7d0825
im2col_col2im_parity[im2col(basic no pad)].fold_bits=0x32eb2fc6b0fda049
im2col_col2im_parity[col2im(boundary W=257)].fold_bits=0x5c12e240f8cb2329
im2col_col2im_parity[col2im(basic no pad)].fold_bits=0x3c61b8ce600da061
im2col_col2im_parity[im2col(boundary W=300)].fold_bits=0x9d008c237a1d0b37
im2col_col2im_parity[col2im(special values)].fold_bits=0x46628fb384d029bf
test im2col_col2im_special_values_pass_through ... ok
im2col_col2im_parity[im2col(overlapping windows (stride < kernel extent))].fold_bits=0x73a096ef30d450af
im2col_col2im_parity[col2im(boundary W=300)].fold_bits=0x2ffe044ff99fe7e7
im2col_col2im_parity[col2im(overlapping windows (stride < kernel extent))].fold_bits=0x50071a6677f09611
im2col_col2im_parity[im2col(boundary W=513)].fold_bits=0xd98432423d2f78eb
im2col_col2im_parity[im2col(dilation)].fold_bits=0x6bd01ea6b28389fd
im2col_col2im_parity[col2im(boundary W=513)].fold_bits=0x2ff946b3b1d22f2b
test im2col_col2im_crosses_256_threadgroup_boundary ... ok
im2col_col2im_parity[col2im(dilation)].fold_bits=0x92988e7ebf3d3d72
im2col_col2im_parity[im2col(groups depthwise)].fold_bits=0xb2a0651133ec6aa3
im2col_col2im_parity[col2im(groups depthwise)].fold_bits=0x36e31384110ac4fc
im2col_col2im_parity[im2col(groups (non-depthwise, 2 groups, batch>1))].fold_bits=0x1994cca58f1713e7
im2col_col2im_parity[col2im(groups (non-depthwise, 2 groups, batch>1))].fold_bits=0xdac9060cd3e31140
im2col_col2im_parity[im2col(padding-only window (window fully out of range))].fold_bits=0x1e3a859889c5bbf3
im2col_col2im_parity[col2im(padding-only window (window fully out of range))].fold_bits=0xa9b7ae48ccf0a050
im2col_col2im_parity[im2col(coordinate underflow (large padding, kernel=1))].fold_bits=0x4a5a8dc65992f2e1
im2col_col2im_parity[col2im(coordinate underflow (large padding, kernel=1))].fold_bits=0xdb301212762e51b1
im2col_col2im_parity[im2col(stride > kernel extent (gaps between windows))].fold_bits=0xaafeb4d9725446c1
im2col_col2im_parity[col2im(stride > kernel extent (gaps between windows))].fold_bits=0x1bb971911d2b675d
im2col_col2im_parity[im2col(asymmetric H/W padding+dilation+groups combined)].fold_bits=0x095e2f0b3839ef99
im2col_col2im_parity[col2im(asymmetric H/W padding+dilation+groups combined)].fold_bits=0x85e9b0288ebaa472
im2col_col2im_parity[im2col(1d basic no pad)].fold_bits=0x79ac0b21b1414247
im2col_col2im_parity[col2im(1d basic no pad)].fold_bits=0xd800e562979cb38e
im2col_col2im_parity[im2col(1d overlapping windows (pad))].fold_bits=0xb3e1ebe45d637431
im2col_col2im_parity[col2im(1d overlapping windows (pad))].fold_bits=0xa81018ce13590916
im2col_col2im_parity[im2col(1d dilation)].fold_bits=0x521ed16e106946ff
im2col_col2im_parity[col2im(1d dilation)].fold_bits=0xf03964f78889bbcf
im2col_col2im_parity[im2col(1d groups depthwise)].fold_bits=0x03f7e94538894d45
im2col_col2im_parity[col2im(1d groups depthwise)].fold_bits=0x902e51791374a408
im2col_col2im_parity[im2col(1d groups (2 groups, batch>1))].fold_bits=0xef9cdcf64ee396bf
im2col_col2im_parity[col2im(1d groups (2 groups, batch>1))].fold_bits=0x0abe6f54b5d1e83d
im2col_col2im_parity[im2col(1d stride > kernel extent)].fold_bits=0x24da00d773c8139b
im2col_col2im_parity[col2im(1d stride > kernel extent)].fold_bits=0xe502c24f177663ef
test im2col_col2im_matches_cpu_across_shapes ... ok

test result: ok. 6 passed; 0 failed; 0 ignored; 0 measured; 0 filtered out; finished in 0.07s

     Running tests/im2col_source_evidence.rs (/Users/<user>/work/target-fandhe-ai/release/deps/im2col_source_evidence-ca74e9e4d2ea456f)

running 0 tests

test result: ok. 0 passed; 0 failed; 0 ignored; 0 measured; 9 filtered out; finished in 0.00s

     Running tests/interpolate_parity.rs (/Users/<user>/work/target-fandhe-ai/release/deps/interpolate_parity-f5558cf84a303f35)

running 6 tests
test backend_ops_interpolate_rejects_zero_spatial_axis ... ok
test backend_ops_interpolate_bilinear_rejects_size_len_other_than_two ... ok
test interpolate_bilinear_backward_matches_cpu_tape ... ok
test interpolate_backward_matches_cpu_tape ... ok
test interpolate_bilinear_matches_cpu_across_shapes ... ok
test interpolate_matches_cpu_across_shapes ... ok

test result: ok. 6 passed; 0 failed; 0 ignored; 0 measured; 0 filtered out; finished in 0.05s

     Running tests/interpolate_source_evidence.rs (/Users/<user>/work/target-fandhe-ai/release/deps/interpolate_source_evidence-eff7373627943806)

running 0 tests

test result: ok. 0 passed; 0 failed; 0 ignored; 0 measured; 11 filtered out; finished in 0.00s

     Running tests/kl_div_parity.rs (/Users/<user>/work/target-fandhe-ai/release/deps/kl_div_parity-f3d9ad44cecb0af9)

running 1 test
test kl_div_matches_cpu_across_shapes ... ok

test result: ok. 1 passed; 0 failed; 0 ignored; 0 measured; 0 filtered out; finished in 0.08s

     Running tests/kl_div_source_evidence.rs (/Users/<user>/work/target-fandhe-ai/release/deps/kl_div_source_evidence-9c40a323c5fd050e)

running 0 tests

test result: ok. 0 passed; 0 failed; 0 ignored; 0 measured; 6 filtered out; finished in 0.00s

     Running tests/layer_norm_parity.rs (/Users/<user>/work/target-fandhe-ai/release/deps/layer_norm_parity-3bda3edaffb0d5cd)

running 18 tests
test layer_norm_rejects_hidden_exceeding_exact_f32_range ... ok
test layer_norm_constant_large_row_does_not_overflow ... ok
test layer_norm_tiny_x_huge_eps_stays_finite_and_nonzero ... ok
test layer_norm_extreme_eps_does_not_overflow ... ok
test layer_norm_positive_eps_degenerate_row_stays_finite_near_zero ... ok
test layer_norm_preserves_mean_precision_near_f32_epsilon_boundary ... ok
test layer_norm_affine_overflow_boundary_matches_hardware_fma_not_double_rounding ... ok
test layer_norm_nonfinite_weight_propagates_nan_in_degenerate_row ... ok
test layer_norm_large_opposite_sign_pair_stays_finite ... ok
test layer_norm_propagates_nan_for_row_with_nan_element ... ok
test layer_norm_extreme_values_no_nan_inf ... ok
test layer_norm_deviation_overflow_case_stays_finite ... ok
test backend_ops_layer_norm_is_bit_identical_to_metal_layer_norm ... ok
test layer_norm_uniform_row_non_power_of_two_hidden_matches_zero_deviation ... ok
test layer_norm_zero_eps_degenerate_row_propagates_nan ... ok
test layer_norm_weight_bias_cancellation_precision ... ok
test backend_ops_layer_norm_matches_cpu_reference_across_shapes ... ok
test layer_norm_matches_f64_reference_across_shapes_and_affine_combinations ... ok

test result: ok. 18 passed; 0 failed; 0 ignored; 0 measured; 0 filtered out; finished in 0.09s

     Running tests/layer_norm_source_evidence.rs (/Users/<user>/work/target-fandhe-ai/release/deps/layer_norm_source_evidence-3979f22366aae7c7)

running 0 tests

test result: ok. 0 passed; 0 failed; 0 ignored; 0 measured; 12 filtered out; finished in 0.00s

     Running tests/linear_forward_device_parity.rs (/Users/<user>/work/target-fandhe-ai/release/deps/linear_forward_device_parity-a02220ae31f12524)

running 6 tests
test linear_forward_device_rejects_shape_mismatches_and_handles_empty_input ... ok
test linear_forward_device_two_layer_chain_matches_cpu_reference ... ok
test linear_forward_device_tracked_matches_linear_forward_device_and_leaves_token_unset ... ok
test linear_forward_device_matches_cpu_reference ... ok
test linear_forward_device_matches_gemm_resident_rhs_act_bit_exact ... ok
[linear_forward_device_bench:metal] before_median_s=0.000558 after_median_s=0.000242 speedup_x=2.302
test linear_forward_device_bench_metal ... ok

test result: ok. 6 passed; 0 failed; 0 ignored; 0 measured; 0 filtered out; finished in 0.19s

     Running tests/memory_roundtrip.rs (/Users/<user>/work/target-fandhe-ai/release/deps/memory_roundtrip-7bc550bb750935cf)

running 8 tests
test alloc_zeroed_returns_all_zero ... ok
test upload_download_roundtrip_is_bit_exact ... ok
test peak_allocated_bytes_matches_known_allocation_size ... ok
test zero_numel_tensor_roundtrips_without_touching_ffi ... ok
test pooled_memory_reuses_buffer_and_zero_fills ... ok
test with_host_view_matches_download_bit_exact_on_uploaded_buffer ... ok
test repeated_alloc_drop_cycles_do_not_leak_device_memory ... ok
test with_host_view_matches_download_on_gpu_written_buffer ... ok

test result: ok. 8 passed; 0 failed; 0 ignored; 0 measured; 0 filtered out; finished in 0.05s

     Running tests/mse_parity.rs (/Users/<user>/work/target-fandhe-ai/release/deps/mse_parity-bd6e3db584ba55b9)

running 1 test
test mse_matches_cpu_across_shapes ... ok

test result: ok. 1 passed; 0 failed; 0 ignored; 0 measured; 0 filtered out; finished in 0.05s

     Running tests/mse_source_evidence.rs (/Users/<user>/work/target-fandhe-ai/release/deps/mse_source_evidence-42285785a57d4181)

running 0 tests

test result: ok. 0 passed; 0 failed; 0 ignored; 0 measured; 5 filtered out; finished in 0.00s

     Running tests/nll_parity.rs (/Users/<user>/work/target-fandhe-ai/release/deps/nll_parity-4468b8cc753dff9c)

running 1 test
test nll_matches_cpu_across_shapes ... ok

test result: ok. 1 passed; 0 failed; 0 ignored; 0 measured; 0 filtered out; finished in 0.08s

     Running tests/nll_source_evidence.rs (/Users/<user>/work/target-fandhe-ai/release/deps/nll_source_evidence-5758e788d6b20000)

running 0 tests

test result: ok. 0 passed; 0 failed; 0 ignored; 0 measured; 7 filtered out; finished in 0.00s

     Running tests/pool_real_device.rs (/Users/<user>/work/target-fandhe-ai/release/deps/pool_real_device-2ad467a6e7807c40)

running 4 tests
test dropping_pooled_alloc_zeroed_returns_bytes_to_free_list ... ok
test second_alloc_of_same_class_reuses_freed_handle ... ok
test release_cached_device_memory_empties_free_list ... ok
test gemm_via_pooled_output_buffer_matches_expected ... ok

test result: ok. 4 passed; 0 failed; 0 ignored; 0 measured; 0 filtered out; finished in 0.06s

     Running tests/pooling_parity.rs (/Users/<user>/work/target-fandhe-ai/release/deps/pooling_parity-b13675800038557b)

running 6 tests
test zero_batch_returns_empty_without_device_dispatch ... ok
test oversized_shape_returns_size_limit_exceeded_error ... ok
test max_pool2d_special_values_bit_exact ... ok
test adaptive_avg_pool2d_bit_exact_against_host_model ... ok
test avg_pool2d_bit_exact_against_host_model ... ok
test max_pool2d_bit_exact_against_host_model ... ok

test result: ok. 6 passed; 0 failed; 0 ignored; 0 measured; 0 filtered out; finished in 0.05s

     Running tests/pooling_source_evidence.rs (/Users/<user>/work/target-fandhe-ai/release/deps/pooling_source_evidence-1000f190ce2c83a6)

running 0 tests

test result: ok. 0 passed; 0 failed; 0 ignored; 0 measured; 7 filtered out; finished in 0.00s

     Running tests/reduce_parity.rs (/Users/<user>/work/target-fandhe-ai/release/deps/reduce_parity-630913be865643ba)

running 3 tests
test metal_sum_axis_empty_cases_match_cpu ... ok
test metal_sum_axis_matches_cpu_bit_exact ... ok
test metal_sum_all_matches_cpu_bit_exact ... ok

test result: ok. 3 passed; 0 failed; 0 ignored; 0 measured; 0 filtered out; finished in 0.09s

     Running tests/reduce_source_evidence.rs (/Users/<user>/work/target-fandhe-ai/release/deps/reduce_source_evidence-e09f5dcf3c7bf84b)

running 0 tests

test result: ok. 0 passed; 0 failed; 0 ignored; 0 measured; 7 filtered out; finished in 0.00s

     Running tests/resident_lhs_dinput_phase_bench.rs (/Users/<user>/work/target-fandhe-ai/release/deps/resident_lhs_dinput_phase_bench-0dd7baac9847165d)

running 2 tests
[resident_lhs_dinput_phase_bench::l2_256x10x64] p=256 q=10 r=64 (n=5) variant_a: encode=0.005916ms sync=0.129459ms readback=0.001458ms transpose=0.000292ms total(encode+sync+readback)=0.138668ms | variant_b: encode_only=0.007333ms | recoverable_upper_bound(A_total - B_encode)=0.131335ms — record only, non-gating（`docs/backend-metal-command-batching-design.md` §7.3）
[resident_lhs_dinput_phase_bench::l2_256x10x64] kernel_gpu (GPUEndTime-GPUStartTime) median=0.004750ms — sync 区間のうち純粋な GPU カーネル専有時間の内訳 （残りは host 側の waitUntilCompleted 待ち・ドライバオーバーヘッド）
test dinput_phase_l2_256x10x64 ... ok
[resident_lhs_dinput_phase_bench::l1_784x256x64] p=784 q=256 r=64 (n=5) variant_a: encode=0.006625ms sync=0.153375ms readback=0.002958ms transpose=0.000250ms total(encode+sync+readback)=0.168833ms | variant_b: encode_only=0.012542ms | recoverable_upper_bound(A_total - B_encode)=0.156291ms — record only, non-gating（`docs/backend-metal-command-batching-design.md` §7.3）
[resident_lhs_dinput_phase_bench::l1_784x256x64] kernel_gpu (GPUEndTime-GPUStartTime) median=0.036125ms — sync 区間のうち純粋な GPU カーネル専有時間の内訳 （残りは host 側の waitUntilCompleted 待ち・ドライバオーバーヘッド）
test dinput_phase_l1_784x256x64 ... ok

test result: ok. 2 passed; 0 failed; 0 ignored; 0 measured; 0 filtered out; finished in 0.07s

     Running tests/rmsnorm_parity.rs (/Users/<user>/work/target-fandhe-ai/release/deps/rmsnorm_parity-ea3d142abf4c8bc0)

running 9 tests
test rmsnorm_matches_backend_cpu_with_multiple_inf_in_same_row ... ok
test rmsnorm_propagates_nan_matching_backend_cpu ... ok
test rmsnorm_matches_backend_cpu_with_extreme_magnitude_values ... ok
test rmsnorm_matches_backend_cpu_directly ... ok
test rmsnorm_matches_backend_cpu_with_extreme_eps ... ok
test rmsnorm_run_fused_matches_cpu_composed ... ok
test backend_ops_rmsnorm_is_bit_identical_to_metal_rmsnorm ... ok
test backend_ops_rmsnorm_matches_cpu_reference_across_shapes ... ok
test rmsnorm_matches_cpu_across_shapes ... ok

test result: ok. 9 passed; 0 failed; 0 ignored; 0 measured; 0 filtered out; finished in 0.09s

     Running tests/rmsnorm_softmax_source_evidence.rs (/Users/<user>/work/target-fandhe-ai/release/deps/rmsnorm_softmax_source_evidence-8673dc72dc3b2730)

running 0 tests

test result: ok. 0 passed; 0 failed; 0 ignored; 0 measured; 11 filtered out; finished in 0.00s

     Running tests/rnn_cell_parity.rs (/Users/<user>/work/target-fandhe-ai/release/deps/rnn_cell_parity-7813e286698901e2)

running 1 test
test rnn_cell_matches_cpu_across_shapes ... ok

test result: ok. 1 passed; 0 failed; 0 ignored; 0 measured; 0 filtered out; finished in 0.10s

     Running tests/rnn_cell_source_evidence.rs (/Users/<user>/work/target-fandhe-ai/release/deps/rnn_cell_source_evidence-49f0aeb51208a7b6)

running 0 tests

test result: ok. 0 passed; 0 failed; 0 ignored; 0 measured; 5 filtered out; finished in 0.00s

     Running tests/scalar_op_parity.rs (/Users/<user>/work/target-fandhe-ai/release/deps/scalar_op_parity-782d4647b2970746)

running 11 tests
test scalar_binary_incompatible_shape_is_rejected ... ok
test unimplemented_kinds_return_unsupported ... ok
test scalar_op_empty_shape_returns_empty ... ok
test pow_negative_base_noninteger_exponent_is_nan ... ok
test pow_zero_pow_zero_is_one ... ok
test scalar_op_handles_zero_inf_nan ... ok
test scalar_binary_broadcast_matches_cpu ... ok
test silu_hardswish_leaky_relu_elu_edge_cases ... ok
test transcendental_scalar_op_edge_cases ... ok
test comparison_and_clamp_edge_cases ... ok
test scalar_op_matches_cpu_across_shapes ... ok

test result: ok. 11 passed; 0 failed; 0 ignored; 0 measured; 0 filtered out; finished in 0.13s

     Running tests/scan_parity.rs (/Users/<user>/work/target-fandhe-ai/release/deps/scan_parity-63dc54652113c6f5)

running 2 tests
test scan_matches_cpu_across_shapes ... ok
test scan_matches_cpu_for_large_shapes ... ok

test result: ok. 2 passed; 0 failed; 0 ignored; 0 measured; 0 filtered out; finished in 0.14s

     Running tests/scan_source_evidence.rs (/Users/<user>/work/target-fandhe-ai/release/deps/scan_source_evidence-2ee9a393fd4a4224)

running 0 tests

test result: ok. 0 passed; 0 failed; 0 ignored; 0 measured; 4 filtered out; finished in 0.00s

     Running tests/sgd_device_parity.rs (/Users/<user>/work/target-fandhe-ai/release/deps/sgd_device_parity-82db068e1dbb4a8d)

running 7 tests
test empty_tensor_step_is_a_no_op ... ok
test sgd_step_device_rejects_missing_velocity_when_momentum_enabled ... ok
test sgd_step_device_rejects_shape_mismatch ... ok
test momentum_sgd_matches_cpu_reference ... ok
test vanilla_sgd_matches_cpu_reference ... ok
test full_combo_matches_cpu_reference ... ok
test full_combo_matches_cpu_reference_across_100_steps ... ok

test result: ok. 7 passed; 0 failed; 0 ignored; 0 measured; 0 filtered out; finished in 0.06s

     Running tests/shader_source_evidence.rs (/Users/<user>/work/target-fandhe-ai/release/deps/shader_source_evidence-62050d43efb2db79)

running 0 tests

test result: ok. 0 passed; 0 failed; 0 ignored; 0 measured; 54 filtered out; finished in 0.00s

     Running tests/softmax_parity.rs (/Users/<user>/work/target-fandhe-ai/release/deps/softmax_parity-a404b98dca7f214e)

running 7 tests
test softmax_is_numerically_stable_near_f32_max_with_non_multiple_of_32_hidden ... ok
test softmax_run_fused_matches_cpu_reference ... ok
test softmax_is_numerically_stable_at_extreme_values ... ok
test softmax_matches_backend_cpu_directly ... ok
test backend_ops_softmax_is_bit_identical_to_metal_softmax ... ok
test backend_ops_softmax_matches_cpu_reference_across_shapes ... ok
test softmax_matches_cpu_across_shapes ... ok

test result: ok. 7 passed; 0 failed; 0 ignored; 0 measured; 1 filtered out; finished in 0.07s

     Running tests/sort_topk_parity.rs (/Users/<user>/work/target-fandhe-ai/release/deps/sort_topk_parity-550aa7f0b692f5f1)

running 4 tests
test topk_k_zero_returns_empty_on_metal ... ok
test sort_matches_cpu_for_non_contiguous_input ... ok
test topk_matches_cpu_across_k_and_largest ... ok
test sort_matches_cpu_across_shapes ... ok

test result: ok. 4 passed; 0 failed; 0 ignored; 0 measured; 0 filtered out; finished in 0.07s

     Running tests/sort_topk_source_evidence.rs (/Users/<user>/work/target-fandhe-ai/release/deps/sort_topk_source_evidence-fa6893a86e646cf0)

running 0 tests

test result: ok. 0 passed; 0 failed; 0 ignored; 0 measured; 5 filtered out; finished in 0.00s

     Running tests/splitk_gemm_gate_shape_attribution.rs (/Users/<user>/work/target-fandhe-ai/release/deps/splitk_gemm_gate_shape_attribution-5fde508cf856e89a)

running 0 tests

test result: ok. 0 passed; 0 failed; 0 ignored; 0 measured; 3 filtered out; finished in 0.00s

     Running tests/splitk_parity_baseline_contract.rs (/Users/<user>/work/target-fandhe-ai/release/deps/splitk_parity_baseline_contract-0d1396ae8e17f1b0)

running 0 tests

test result: ok. 0 passed; 0 failed; 0 ignored; 0 measured; 11 filtered out; finished in 0.00s

     Running tests/splitk_train_shape_attribution.rs (/Users/<user>/work/target-fandhe-ai/release/deps/splitk_train_shape_attribution-da4df73886b83e5c)

running 0 tests

test result: ok. 0 passed; 0 failed; 0 ignored; 0 measured; 4 filtered out; finished in 0.00s

     Running tests/typed_ops_bf16_parity.rs (/Users/<user>/work/target-fandhe-ai/release/deps/typed_ops_bf16_parity-1bcb74b0ba515234)

running 3 tests
test typed_ops_bf16_gemm_shape_mismatch_returns_typed_error ... ok
test sum_matches_f32_backend_ops_rounded_bit_exact ... ok
test typed_ops_bf16_matches_across_shapes ... ok

test result: ok. 3 passed; 0 failed; 0 ignored; 0 measured; 2 filtered out; finished in 0.05s

     Running tests/typed_ops_f16_parity.rs (/Users/<user>/work/target-fandhe-ai/release/deps/typed_ops_f16_parity-f9f0b469bc87dbc3)

running 5 tests
test gemm_zero_dim_shape_reaches_device_and_fails_without_panic ... ok
test sum_matches_f32_backend_ops_rounded_bit_exact ... ok
test typed_f16_gemm_matches_cpu_reference_rounded ... ok
test typed_f16_gemm_is_bit_identical_to_dispatch_f16_auto_unverified ... ok
test typed_f16_elementwise_matches_cpu_backend_ops_rounded ... ok

test result: ok. 5 passed; 0 failed; 0 ignored; 0 measured; 5 filtered out; finished in 0.05s

     Running tests/typed_ops_source_evidence.rs (/Users/<user>/work/target-fandhe-ai/release/deps/typed_ops_source_evidence-b8b01ecdc46c3b00)

running 0 tests

test result: ok. 0 passed; 0 failed; 0 ignored; 0 measured; 5 filtered out; finished in 0.00s

     Running tests/unique_parity.rs (/Users/<user>/work/target-fandhe-ai/release/deps/unique_parity-3c6d2307cb88b128)

running 1 test
test unique_matches_cpu_across_shapes ... ok

test result: ok. 1 passed; 0 failed; 0 ignored; 0 measured; 0 filtered out; finished in 0.06s

     Running tests/unique_source_evidence.rs (/Users/<user>/work/target-fandhe-ai/release/deps/unique_source_evidence-798d880b9bae9bd9)

running 0 tests

test result: ok. 0 passed; 0 failed; 0 ignored; 0 measured; 4 filtered out; finished in 0.00s

     Running tests/where_masked_fill_parity.rs (/Users/<user>/work/target-fandhe-ai/release/deps/where_masked_fill_parity-ef46bc62ad9dbdbf)

running 3 tests
test where_cond_shape_mismatch_is_rejected ... ok
test where_forward_isolates_nan_and_inf_to_unselected_side ... ok
test where_masked_fill_matches_cpu_across_shapes ... ok

test result: ok. 3 passed; 0 failed; 0 ignored; 0 measured; 0 filtered out; finished in 0.05s

     Running unittests examples/gemm_fine_barrier_ab_bench.rs (/Users/<user>/work/target-fandhe-ai/release/examples/gemm_fine_barrier_ab_bench-6675b755337f04f1)

running 0 tests

test result: ok. 0 passed; 0 failed; 0 ignored; 0 measured; 9 filtered out; finished in 0.00s

     Running unittests examples/gemm_splitk_ab_bench.rs (/Users/<user>/work/target-fandhe-ai/release/examples/gemm_splitk_ab_bench-62745fc9a979710a)

running 0 tests

test result: ok. 0 passed; 0 failed; 0 ignored; 0 measured; 19 filtered out; finished in 0.00s

     Running unittests examples/gemm_splitk_shapes_bench.rs (/Users/<user>/work/target-fandhe-ai/release/examples/gemm_splitk_shapes_bench-d68e104af4fd0544)

running 0 tests

test result: ok. 0 passed; 0 failed; 0 ignored; 0 measured; 4 filtered out; finished in 0.00s

     Running unittests examples/gemm_swizzle_ab_bench.rs (/Users/<user>/work/target-fandhe-ai/release/examples/gemm_swizzle_ab_bench-2aa18498c0fb89fb)

running 0 tests

test result: ok. 0 passed; 0 failed; 0 ignored; 0 measured; 10 filtered out; finished in 0.00s

     Running unittests examples/gemm_transpose_route_ab_bench.rs (/Users/<user>/work/target-fandhe-ai/release/examples/gemm_transpose_route_ab_bench-0adb883e1cc6c6e4)

running 0 tests

test result: ok. 0 passed; 0 failed; 0 ignored; 0 measured; 57 filtered out; finished in 0.00s

     Running unittests examples/gemm_unroll_acc_ab_bench.rs (/Users/<user>/work/target-fandhe-ai/release/examples/gemm_unroll_acc_ab_bench-2e0eb89961cf35ef)

running 0 tests

test result: ok. 0 passed; 0 failed; 0 ignored; 0 measured; 9 filtered out; finished in 0.00s

   Doc-tests fandhe_ai_backend_metal

running 0 tests

test result: ok. 0 passed; 0 failed; 0 ignored; 0 measured; 0 filtered out; finished in 0.00s

error: 1 target failed:
    `-p fandhe-ai-backend-metal --test command_batching`
  -> FAILED (see /Users/<user>/fandhe/library/rust-ai-library/docs/perf/logs/metal-reduce-sum-wiring-1896/metal/ignored/full_ignored_metal.log)
